id,price
264893,93476.46166207036
264899,94614.80776760675
264910,92313.93069532562
264915,93186.11239724449
264919,94614.80776760675
264928,94614.80776760675
264932,104654.5979755141
264935,104654.5979755141
264939,92313.93069532562
264944,104654.5979755141
264954,92313.93069532562
264955,92313.93069532562
264969,147714.80274101498
264978,92313.93069532562
264983,96232.76919175086
264984,92313.93069532562
264985,94614.80776760675
265031,104654.5979755141
265032,104654.5979755141
265058,99140.6306602717
265066,92313.93069532562
265068,104652.01148911055
265069,103687.73146622148
265070,104652.01148911055
265077,92313.93069532562
265090,152865.2138165382
265094,104654.5979755141
265101,94614.80776760675
265102,92313.93069532562
265105,104654.5979755141
265106,92313.93069532562
265108,94614.80776760675
265115,92313.93069532562
265147,94614.80776760675
265152,104654.5979755141
265153,104654.5979755141
265170,92313.93069532562
265176,104654.5979755141
265187,92313.93069532562
265189,92313.93069532562
265198,92313.93069532562
265225,103270.32276335078
265233,103637.86033865505
265237,94614.80776760675
265253,138451.69341365638
265280,143359.74193952745
265287,120273.06151972424
265293,144962.4913056942
265296,143359.74193952745
265307,142126.68570875822
265308,149144.1166179167
265312,119260.17366173977
265313,120273.06151972424
265314,136076.9852336499
265315,148179.6166179167
265320,131645.5673381853
265333,136076.9852336499
265346,131645.5673381853
265351,138902.99842692574
265356,136076.9852336499
265357,122957.06263373123
265358,131645.5673381853
265363,146695.7646627394
265369,117532.44612749174
265372,151824.69236980553
265402,138451.69341365638
265406,119260.17366173977
265420,138451.69341365638
265436,119260.17366173977
265438,147680.82608292415
265442,138451.69341365638
265449,138451.69341365638
265452,147078.0250346722
265455,130459.02857596142
265461,143746.90952071163
265465,138451.69341365638
265481,119260.17366173977
265488,149912.8899749619
265501,119260.17366173977
265514,143359.74193952745
265515,147680.82608292415
265516,153760.77439398874
265517,125449.33962557063
265526,124530.32138141981
265533,138451.69341365638
265539,143359.74193952745
265543,118944.64486576426
265544,117532.44612749174
265556,126159.20791311431
265559,116769.28356667286
265561,115386.18926228058
265584,126882.13794470817
265586,126159.20791311431
265587,126159.20791311431
265588,116558.38834034723
265593,126179.33173379362
265596,125266.0175767459
265607,127994.28123471036
265608,126159.20791311431
265610,127093.03317103378
265613,116769.28356667286
265653,116732.10016523665
265663,127093.03317103378
265669,118502.6769106411
265675,126105.0981675993
265699,125709.93886664152
265701,117532.44612749174
265703,116769.28356667286
265704,116769.28356667286
265743,116769.28356667286
265748,127994.28123471036
265759,126649.11188113817
265795,117128.38671372476
265797,116769.28356667286
265805,126105.0981675993
265806,127994.28123471036
265810,125709.93886664152
265819,126159.20791311431
265820,127093.03317103378
265833,127093.03317103378
265834,125709.93886664152
265843,138820.9453640492
265851,137427.28458170523
265862,136401.87311487747
265864,141120.45838295133
265869,150177.13587113266
265887,137427.28458170523
265907,150177.13587113266
265913,149086.55184573555
265921,150177.13587113266
265923,146381.92522440467
265925,136497.19643450459
265957,137427.28458170523
265958,150177.13587113266
265960,150177.13587113266
265963,150177.13587113266
265969,150177.13587113266
266004,150177.13587113266
266028,124884.44100229596
266029,150177.13587113266
266032,149710.81190630104
266034,150177.13587113266
266055,148874.94370332637
266075,150177.13587113266
266077,150177.13587113266
266080,137427.28458170523
266093,150177.13587113266
266094,154637.8963247106
266100,150177.13587113266
266116,150177.13587113266
266129,126839.57766285028
266144,126634.50284440402
266160,132178.78835151694
266165,116162.20830041202
266196,116691.53708303212
266199,150177.13587113266
266202,150177.13587113266
266210,122600.93642407615
266211,126839.57766285028
266213,150177.13587113266
266218,125208.52079724292
266219,138285.96025926026
266220,126839.57766285028
266234,127377.89507091616
266241,148566.8578725493
266248,117445.90260072799
266251,122577.51764732633
266256,116769.28356667286
266259,126839.57766285028
266274,150177.13587113266
266275,120958.14801572608
266276,121565.22328198692
266279,116162.20830041202
266280,130583.82475361796
266281,136727.92603690777
266299,149664.9407949388
266300,125677.26707887856
266305,116769.28356667286
266314,149434.18649994387
266315,125208.52079724292
266329,126839.57766285028
266332,119713.39716885505
266350,119713.39716885505
266368,119713.39716885505
266375,119713.39716885505
266381,119713.39716885505
266382,119713.39716885505
266393,119713.39716885505
266394,119713.39716885505
266402,119713.39716885505
266406,125688.17168117326
266423,119713.39716885505
266424,119713.39716885505
266438,119713.39716885505
266454,119713.39716885505
266463,119713.39716885505
266465,138516.597236683
266479,119713.39716885505
266480,119713.39716885505
266485,119713.39716885505
266486,119713.39716885505
266496,119713.39716885505
266508,119713.39716885505
266510,119713.39716885505
266511,119713.39716885505
266512,119713.39716885505
266514,119713.39716885505
266517,119713.39716885505
266539,119713.39716885505
266542,119713.39716885505
266545,119713.39716885505
266548,119713.39716885505
266550,119713.39716885505
266556,119713.39716885505
266559,119713.39716885505
266565,119713.39716885505
266568,119713.39716885505
266569,119713.39716885505
266575,119713.39716885505
266580,119713.39716885505
266581,119713.39716885505
266582,119713.39716885505
266583,119713.39716885505
266602,140861.89848861189
266606,138958.3073272464
266618,140268.3030549465
266619,140861.89848861189
266620,138958.3073272464
266624,141702.9681931077
266626,136242.2738008234
266662,136513.6928824728
266667,140861.89848861189
266668,139424.1661081562
266677,144978.1213051074
266681,139424.1661081562
266682,138733.1621563101
266690,140861.89848861189
266694,138733.1621563101
266695,138733.1621563101
266698,144591.5916039305
266699,143317.64665321185
266727,140861.89848861189
266729,144978.1213051074
266731,144263.27709985082
266732,144978.1213051074
266740,126656.22172872722
266744,140268.3030549465
266748,144978.1213051074
266768,138958.3073272464
266770,118897.47315270727
266771,144263.27709985082
266778,125789.39650025274
266779,144978.1213051074
266781,140268.3030549465
266785,139448.00636156666
266809,140268.3030549465
266819,144978.1213051074
266821,142043.80782601354
266824,138958.3073272464
266830,144263.27709985082
266831,140268.3030549465
266845,138958.3073272464
266846,127636.54972357281
266847,129607.003454624
266851,129808.28279083416
266858,125555.1916977189
266859,129607.003454624
266862,127127.55858441416
266863,126658.81230277852
266864,125341.75004882281
266872,127771.93013302796
266875,129607.003454624
266877,127272.25955041512
266882,127636.54972357281
266883,129607.003454624
266886,127982.82535935358
266918,127127.55858441416
266919,126954.65577601384
266920,138957.12037853
266953,129607.003454624
266954,128253.5281623882
266955,126954.65577601384
266957,126954.65577601384
266965,128864.07262496251
266966,127636.54972357281
266969,138957.12037853
266984,138957.12037853
266989,130360.40208261553
266990,139274.72415293127
267015,139274.72415293127
267016,139274.72415293127
267017,139274.72415293127
267018,129607.003454624
267019,139274.72415293127
267020,139274.72415293127
267025,126954.65577601384
267028,126874.13736337997
267041,139274.72415293127
267054,139274.72415293127
267082,127272.25955041512
267084,129607.003454624
267085,139274.72415293127
267103,119713.39716885505
267104,119713.39716885505
267106,119260.17366173977
267113,119260.17366173977
267126,119260.17366173977
267128,119713.39716885505
267131,119713.39716885505
267138,119260.17366173977
267147,119713.39716885505
267153,119260.17366173977
267154,119260.17366173977
267171,119260.17366173977
267173,119260.17366173977
267188,119260.17366173977
267198,119260.17366173977
267199,119260.17366173977
267218,136616.52863415846
267220,136616.52863415846
267221,136319.41922135695
267245,136616.52863415846
267247,136616.52863415846
267248,138451.69341365638
267249,136616.52863415846
267253,134950.306325497
267269,137737.04040678887
267271,138451.69341365638
267274,136616.52863415846
267281,138451.69341365638
267303,136616.52863415846
267305,138451.69341365638
267306,136616.52863415846
267307,136616.52863415846
267309,136319.41922135695
267311,138144.51597259947
267312,136227.00454959256
267315,138451.69341365638
267331,138451.69341365638
267338,137028.55453544387
267342,138451.69341365638
267344,137737.04040678887
267346,138451.69341365638
267366,138451.69341365638
267369,136616.52863415846
267371,136616.52863415846
267375,136616.52863415846
267376,136616.52863415846
267379,126267.14486290749
267381,136616.52863415846
267382,138062.16932909048
267407,138451.69341365638
267422,133566.19646681636
267424,136616.52863415846
267428,136616.52863415846
267431,136616.52863415846
267434,135362.3322267824
267437,136184.4175886536
267438,136319.41922135695
267439,136319.41922135695
267440,136616.52863415846
267441,138144.51597259947
267443,138451.69341365638
267460,148831.18448317508
267463,148566.8578725493
267494,134961.09167268127
267510,134923.50367709532
267515,134305.59271696978
267520,134361.92463920522
267522,148566.8578725493
267523,148566.8578725493
267524,134113.28527656407
267544,134650.55056449928
267546,134366.70534091326
267551,148831.18448317508
267553,148474.10137408608
267563,134923.50367709532
267584,148831.18448317508
267585,134366.70534091326
267587,134923.50367709532
267598,134923.50367709532
267602,134305.59271696978
267614,148566.8578725493
267617,133744.01367907968
267619,148566.8578725493
267620,134923.50367709532
267623,134923.50367709532
267627,134923.50367709532
267633,152625.95356375386
267644,132833.38116985353
267667,114348.30097150615
267738,138516.597236683
267740,136407.34697917834
267743,110470.36199614992
267778,135474.20983059995
267779,138516.597236683
267799,111787.98095227769
267800,138516.597236683
267814,112107.56133926999
267816,135121.9023991819
267833,112107.56133926999
267834,135474.20983059995
267836,135121.9023991819
267847,118734.06329858236
267858,128475.3922435667
267891,138957.12037853
267896,131028.27981061852
267899,135562.42554102888
267900,113049.03460672178
267902,124317.67411225634
267908,131028.27981061852
267924,125235.0844691472
267933,135562.42554102888
267936,124946.87062419181
267939,122839.68093245922
267941,124946.87062419181
267942,124313.614436768
267967,111432.26014333015
267970,126954.65577601384
267980,111934.88598826915
267990,126954.65577601384
267992,112236.77313228337
267994,122897.95312219026
267995,122579.27656667434
267999,123777.1071637876
268003,124946.87062419181
268020,122897.95312219026
268033,135562.42554102888
268041,137557.11969556063
268056,138834.20101108428
268067,127994.28123471036
268070,138516.597236683
268071,127994.28123471036
268121,135562.42554102888
268144,127994.28123471036
268145,138516.597236683
268147,138516.597236683
268149,138516.597236683
268150,138516.597236683
268157,128747.67986270189
268159,136864.40448766906
268161,138957.12037853
268175,138957.12037853
268189,138516.597236683
268208,138834.20101108428
308905,137028.55453544387
312310,152865.2138165382
312331,126882.13794470817
695165,121088.84076396465
695166,121088.84076396465
695170,135562.42554102888
695176,111787.98095227769
695178,128253.5281623882
695181,126954.65577601384
695183,129607.003454624
695185,130583.82475361796
695196,136319.41922135695
695203,117532.44612749174
695205,119198.9077773635
695207,110470.36199614992
695236,116769.28356667286
695238,116769.28356667286
695252,117532.44612749174
695257,116769.28356667286
713635,125088.8797221112
714108,125088.8797221112
714284,125088.8797221112
714645,125088.8797221112
714753,125088.8797221112
714863,125088.8797221112
714924,125088.8797221112
715132,125088.8797221112
715405,125088.8797221112
715433,125088.8797221112
715694,125088.8797221112
715746,125088.8797221112
715898,125088.8797221112
715902,125088.8797221112
715996,125088.8797221112
716065,125088.8797221112
716097,125088.8797221112
716329,125088.8797221112
716360,125088.8797221112
716377,125088.8797221112
716484,125088.8797221112
716541,125088.8797221112
716634,125088.8797221112
716888,125088.8797221112
717017,125088.8797221112
717109,125088.8797221112
717307,125088.8797221112
717459,125088.8797221112
717524,125088.8797221112
717568,125088.8797221112
717688,125088.8797221112
717690,125088.8797221112
717797,125088.8797221112
717829,125088.8797221112
717945,125088.8797221112
717983,125088.8797221112
718276,125088.8797221112
718584,125088.8797221112
718617,125088.8797221112
718717,125088.8797221112
718867,125088.8797221112
718943,125088.8797221112
718997,125088.8797221112
719116,125088.8797221112
719132,125088.8797221112
719287,125088.8797221112
719579,125088.8797221112
719846,125088.8797221112
719893,125088.8797221112
720041,125088.8797221112
720088,125088.8797221112
720180,125088.8797221112
720249,125088.8797221112
720261,125088.8797221112
720293,125088.8797221112
720364,125088.8797221112
720455,125088.8797221112
720564,125088.8797221112
720679,125088.8797221112
720725,125088.8797221112
720817,125088.8797221112
720854,125088.8797221112
720920,125088.8797221112
721130,125088.8797221112
721266,125088.8797221112
721531,125088.8797221112
721844,125088.8797221112
721882,125088.8797221112
722050,125088.8797221112
722151,125088.8797221112
722225,125088.8797221112
722264,125088.8797221112
722516,125088.8797221112
722520,125088.8797221112
722594,125088.8797221112
722649,125088.8797221112
722769,125088.8797221112
724397,125088.8797221112
724457,125088.8797221112
724486,125088.8797221112
724488,125088.8797221112
724574,125088.8797221112
724620,125088.8797221112
724674,125088.8797221112
724767,125088.8797221112
724786,125088.8797221112
724908,125088.8797221112
725124,125088.8797221112
725211,125088.8797221112
725280,125088.8797221112
725364,125088.8797221112
725393,125088.8797221112
725425,125088.8797221112
725455,125088.8797221112
725547,125088.8797221112
725814,125088.8797221112
725829,125088.8797221112
725999,125088.8797221112
726088,125088.8797221112
726214,125088.8797221112
726348,125088.8797221112
726542,125088.8797221112
726620,125088.8797221112
726910,125088.8797221112
727068,125088.8797221112
727229,125088.8797221112
727458,125088.8797221112
727699,125088.8797221112
728077,125088.8797221112
728089,125088.8797221112
728272,125088.8797221112
728553,125088.8797221112
728592,125088.8797221112
728640,125088.8797221112
728663,125088.8797221112
729105,125088.8797221112
729267,125088.8797221112
729622,125088.8797221112
730128,125088.8797221112
730298,125088.8797221112
730619,125088.8797221112
730712,125088.8797221112
731061,125088.8797221112
731131,125088.8797221112
731142,125088.8797221112
731240,125088.8797221112
731527,125088.8797221112
731655,125088.8797221112
731841,125088.8797221112
731925,125088.8797221112
732382,125088.8797221112
732568,125088.8797221112
732810,125088.8797221112
732969,125088.8797221112
733029,125088.8797221112
733077,125088.8797221112
733091,125088.8797221112
733208,125088.8797221112
733226,125088.8797221112
733230,125088.8797221112
733238,125088.8797221112
733347,125088.8797221112
733542,125088.8797221112
734153,125088.8797221112
734154,125088.8797221112
734176,125088.8797221112
734212,125088.8797221112
734217,125088.8797221112
734258,125088.8797221112
734334,125088.8797221112
734397,125088.8797221112
734666,125088.8797221112
734674,125088.8797221112
734675,125088.8797221112
734724,125088.8797221112
734919,125088.8797221112
735058,125088.8797221112
735319,125088.8797221112
735691,125088.8797221112
735730,125088.8797221112
735875,125088.8797221112
736019,125088.8797221112
736274,125088.8797221112
736752,125088.8797221112
736842,125088.8797221112
736845,125088.8797221112
736880,125088.8797221112
737208,125088.8797221112
737501,125088.8797221112
737652,125088.8797221112
737722,125088.8797221112
738039,125088.8797221112
738057,125088.8797221112
738082,125088.8797221112
738665,125088.8797221112
738841,125088.8797221112
739007,125088.8797221112
739075,125088.8797221112
739255,125088.8797221112
739492,125088.8797221112
740378,125088.8797221112
740535,125088.8797221112
741340,125088.8797221112
741408,125088.8797221112
741684,125088.8797221112
742269,125088.8797221112
742430,125088.8797221112
742608,125088.8797221112
742744,125088.8797221112
742791,125088.8797221112
742826,125088.8797221112
742881,125088.8797221112
742899,125088.8797221112
743231,125088.8797221112
743527,125088.8797221112
743534,125088.8797221112
743562,125088.8797221112
743664,125088.8797221112
743926,125088.8797221112
744027,125088.8797221112
744337,125088.8797221112
744508,125088.8797221112
744690,125088.8797221112
745006,125088.8797221112
745047,125088.8797221112
745193,125088.8797221112
745245,125088.8797221112
745515,125088.8797221112
746017,125088.8797221112
746053,125088.8797221112
746265,125088.8797221112
746355,125088.8797221112
746375,125088.8797221112
746382,125088.8797221112
746483,125088.8797221112
746772,125088.8797221112
746949,125088.8797221112
746954,125088.8797221112
746984,125088.8797221112
748310,125088.8797221112
748476,125088.8797221112
748712,125088.8797221112
748736,125088.8797221112
748773,125088.8797221112
748803,125088.8797221112
749336,125088.8797221112
749657,125088.8797221112
749755,125088.8797221112
749845,125088.8797221112
750054,125088.8797221112
750136,125088.8797221112
750580,125088.8797221112
750771,125088.8797221112
751301,125088.8797221112
751365,125088.8797221112
751450,125088.8797221112
751496,125088.8797221112
751560,125088.8797221112
751799,125088.8797221112
751846,125088.8797221112
751847,125088.8797221112
751897,125088.8797221112
751958,125088.8797221112
751960,125088.8797221112
752204,125088.8797221112
752309,125088.8797221112
752365,125088.8797221112
752608,125088.8797221112
752648,125088.8797221112
752691,125088.8797221112
752814,125088.8797221112
752877,125088.8797221112
753069,125088.8797221112
753118,125088.8797221112
753224,125088.8797221112
753227,125088.8797221112
753248,125088.8797221112
753391,125088.8797221112
753482,125088.8797221112
753516,125088.8797221112
753532,125088.8797221112
753563,125088.8797221112
753651,125088.8797221112
753842,125088.8797221112
754089,125088.8797221112
754090,125088.8797221112
754125,125088.8797221112
754506,125088.8797221112
754620,125088.8797221112
754630,125088.8797221112
754802,125088.8797221112
754861,125088.8797221112
754927,125088.8797221112
754936,125088.8797221112
755034,125088.8797221112
755072,125088.8797221112
755075,125088.8797221112
755879,125088.8797221112
756141,125088.8797221112
757137,125088.8797221112
757268,125088.8797221112
757525,125088.8797221112
757552,125088.8797221112
757671,125088.8797221112
757699,125088.8797221112
757723,125088.8797221112
757778,125088.8797221112
757807,125088.8797221112
757810,125088.8797221112
758073,125088.8797221112
758157,125088.8797221112
758385,125088.8797221112
758409,125088.8797221112
758503,125088.8797221112
758531,125088.8797221112
758589,125088.8797221112
758722,125088.8797221112
758785,125088.8797221112
758793,125088.8797221112
758855,125088.8797221112
758943,125088.8797221112
758961,125088.8797221112
759020,125088.8797221112
759066,125088.8797221112
759073,125088.8797221112
759076,125088.8797221112
759330,125088.8797221112
760184,125088.8797221112
760381,125088.8797221112
760382,125088.8797221112
760545,125088.8797221112
760920,125088.8797221112
767749,125088.8797221112
767766,125088.8797221112
767960,125088.8797221112
768051,125088.8797221112
771578,125088.8797221112
771667,125088.8797221112
771785,125088.8797221112
771860,125088.8797221112
772094,125088.8797221112
772238,125088.8797221112
772563,125088.8797221112
772956,125088.8797221112
773061,125088.8797221112
773111,125088.8797221112
773288,125088.8797221112
773498,125088.8797221112
773599,125088.8797221112
773705,125088.8797221112
773905,125088.8797221112
773965,125088.8797221112
773973,125088.8797221112
774075,125088.8797221112
774236,125088.8797221112
774296,125088.8797221112
774423,125088.8797221112
774558,125088.8797221112
774559,125088.8797221112
774858,125088.8797221112
774859,125088.8797221112
774860,125088.8797221112
774861,125088.8797221112
774863,125088.8797221112
774864,125088.8797221112
774865,125088.8797221112
774866,125088.8797221112
774870,125088.8797221112
774874,125088.8797221112
774908,125088.8797221112
774914,125088.8797221112
775168,125088.8797221112
775205,125088.8797221112
775210,125088.8797221112
775320,125088.8797221112
775438,125088.8797221112
775442,125088.8797221112
775443,125088.8797221112
775444,125088.8797221112
775445,125088.8797221112
775447,125088.8797221112
775448,125088.8797221112
775554,125088.8797221112
775555,125088.8797221112
775586,125088.8797221112
775612,125088.8797221112
775729,125088.8797221112
775785,125088.8797221112
775911,125088.8797221112
776126,125088.8797221112
776220,125088.8797221112
776281,125088.8797221112
776537,125088.8797221112
776718,125088.8797221112
776786,125088.8797221112
777092,125088.8797221112
777265,125088.8797221112
777365,125088.8797221112
777442,125088.8797221112
777610,125088.8797221112
777612,125088.8797221112
777763,125088.8797221112
777818,125088.8797221112
778020,125088.8797221112
792324,125088.8797221112
792630,125088.8797221112
792713,125088.8797221112
792725,125088.8797221112
792887,125088.8797221112
792939,125088.8797221112
793005,125088.8797221112
793008,125088.8797221112
793066,125088.8797221112
793127,125088.8797221112
793161,125088.8797221112
793409,125088.8797221112
793475,125088.8797221112
793537,125088.8797221112
793642,125088.8797221112
793661,125088.8797221112
793768,125088.8797221112
793977,125088.8797221112
793978,125088.8797221112
794009,125088.8797221112
794521,125088.8797221112
794522,125088.8797221112
794646,125088.8797221112
794657,125088.8797221112
794681,125088.8797221112
794957,125088.8797221112
795043,125088.8797221112
795214,125088.8797221112
795458,125088.8797221112
795504,125088.8797221112
795614,125088.8797221112
795689,125088.8797221112
795690,125088.8797221112
795749,125088.8797221112
795780,125088.8797221112
796046,125088.8797221112
796093,125088.8797221112
796230,125088.8797221112
796239,125088.8797221112
796407,125088.8797221112
796414,125088.8797221112
796526,125088.8797221112
796611,125088.8797221112
796612,125088.8797221112
796693,125088.8797221112
796941,125088.8797221112
797000,125088.8797221112
797301,125088.8797221112
797320,125088.8797221112
797501,125088.8797221112
797556,125088.8797221112
797602,125088.8797221112
797607,125088.8797221112
797650,125088.8797221112
797759,125088.8797221112
797840,125088.8797221112
797920,125088.8797221112
797955,125088.8797221112
797986,125088.8797221112
798122,125088.8797221112
798154,125088.8797221112
799016,125088.8797221112
799634,125088.8797221112
799788,125088.8797221112
800114,125088.8797221112
800138,125088.8797221112
800424,125088.8797221112
800449,125088.8797221112
800510,125088.8797221112
800532,125088.8797221112
800541,125088.8797221112
800609,125088.8797221112
800668,125088.8797221112
800744,125088.8797221112
800866,125088.8797221112
800903,125088.8797221112
800916,125088.8797221112
801752,125088.8797221112
801804,125088.8797221112
801847,125088.8797221112
801858,125088.8797221112
802128,125088.8797221112
802258,125088.8797221112
802295,125088.8797221112
802341,125088.8797221112
802386,125088.8797221112
802424,125088.8797221112
802445,125088.8797221112
802668,125088.8797221112
802700,125088.8797221112
802704,125088.8797221112
802728,125088.8797221112
802910,125088.8797221112
803292,125088.8797221112
803311,125088.8797221112
803329,125088.8797221112
803374,125088.8797221112
803536,125088.8797221112
803639,125088.8797221112
804024,125088.8797221112
804212,125088.8797221112
804231,125088.8797221112
804291,125088.8797221112
804531,125088.8797221112
804598,125088.8797221112
804627,125088.8797221112
804631,125088.8797221112
804637,125088.8797221112
804655,125088.8797221112
804744,125088.8797221112
804766,125088.8797221112
804807,125088.8797221112
805014,125088.8797221112
805098,125088.8797221112
805194,125088.8797221112
805373,125088.8797221112
805394,125088.8797221112
805486,125088.8797221112
805500,125088.8797221112
805630,125088.8797221112
805757,125088.8797221112
806068,125088.8797221112
806144,125088.8797221112
806361,125088.8797221112
806422,125088.8797221112
806448,125088.8797221112
806622,125088.8797221112
806748,125088.8797221112
806977,125088.8797221112
806994,125088.8797221112
807158,125088.8797221112
807182,125088.8797221112
807185,125088.8797221112
807247,125088.8797221112
807280,125088.8797221112
807366,125088.8797221112
807797,125088.8797221112
808029,125088.8797221112
808116,125088.8797221112
808193,125088.8797221112
808317,125088.8797221112
808398,125088.8797221112
808402,125088.8797221112
808665,125088.8797221112
808694,125088.8797221112
809040,125088.8797221112
809598,125088.8797221112
809658,125088.8797221112
810178,125088.8797221112
810217,125088.8797221112
810247,125088.8797221112
810250,125088.8797221112
810315,125088.8797221112
810593,125088.8797221112
810694,125088.8797221112
810750,125088.8797221112
810752,125088.8797221112
810823,125088.8797221112
811013,125088.8797221112
811014,125088.8797221112
811029,125088.8797221112
811033,125088.8797221112
811079,125088.8797221112
811149,125088.8797221112
811154,125088.8797221112
811318,125088.8797221112
811572,125088.8797221112
811752,125088.8797221112
811825,125088.8797221112
811863,125088.8797221112
811890,125088.8797221112
812013,125088.8797221112
812020,125088.8797221112
812190,125088.8797221112
812277,125088.8797221112
812281,125088.8797221112
812496,125088.8797221112
813366,125088.8797221112
813513,125088.8797221112
813541,125088.8797221112
813723,125088.8797221112
813854,125088.8797221112
813900,125088.8797221112
813905,125088.8797221112
813991,125088.8797221112
814439,125088.8797221112
814562,125088.8797221112
814741,125088.8797221112
814748,125088.8797221112
814792,125088.8797221112
814808,125088.8797221112
814955,125088.8797221112
815240,125088.8797221112
815395,125088.8797221112
815501,125088.8797221112
815512,125088.8797221112
815573,125088.8797221112
815588,125088.8797221112
815670,125088.8797221112
815688,125088.8797221112
815690,125088.8797221112
815696,125088.8797221112
815763,125088.8797221112
815988,125088.8797221112
816064,125088.8797221112
816242,125088.8797221112
816290,125088.8797221112
816334,125088.8797221112
816744,125088.8797221112
816890,125088.8797221112
816995,125088.8797221112
816999,125088.8797221112
817070,125088.8797221112
817184,125088.8797221112
817220,125088.8797221112
817222,125088.8797221112
817335,125088.8797221112
817398,125088.8797221112
817401,125088.8797221112
817469,125088.8797221112
817478,125088.8797221112
817485,125088.8797221112
849254,125088.8797221112
849335,125088.8797221112
849583,125088.8797221112
849628,125088.8797221112
849715,125088.8797221112
849938,125088.8797221112
850070,125088.8797221112
850071,125088.8797221112
850074,125088.8797221112
850143,125088.8797221112
850650,125088.8797221112
850688,125088.8797221112
850706,125088.8797221112
851200,125088.8797221112
851362,125088.8797221112
851404,125088.8797221112
851791,125088.8797221112
851810,125088.8797221112
851844,125088.8797221112
851885,125088.8797221112
851929,125088.8797221112
852009,125088.8797221112
852060,125088.8797221112
852108,125088.8797221112
852166,125088.8797221112
852210,125088.8797221112
852356,125088.8797221112
852727,125088.8797221112
852786,125088.8797221112
852794,125088.8797221112
852798,125088.8797221112
852811,125088.8797221112
852983,125088.8797221112
853152,125088.8797221112
853212,125088.8797221112
853308,125088.8797221112
853360,125088.8797221112
853400,125088.8797221112
853448,125088.8797221112
853547,125088.8797221112
853738,125088.8797221112
853999,125088.8797221112
854058,125088.8797221112
854206,125088.8797221112
854316,125088.8797221112
854372,125088.8797221112
854548,125088.8797221112
854627,125088.8797221112
854717,125088.8797221112
854804,125088.8797221112
854850,125088.8797221112
855254,125088.8797221112
855290,125088.8797221112
855591,125088.8797221112
855835,125088.8797221112
856006,125088.8797221112
856174,125088.8797221112
856192,125088.8797221112
856247,125088.8797221112
856511,125088.8797221112
856637,125088.8797221112
856638,125088.8797221112
856646,125088.8797221112
856699,125088.8797221112
856869,125088.8797221112
856903,125088.8797221112
857014,125088.8797221112
857021,125088.8797221112
857337,125088.8797221112
857466,125088.8797221112
857561,125088.8797221112
857715,125088.8797221112
857930,125088.8797221112
857933,125088.8797221112
857984,125088.8797221112
858020,125088.8797221112
858115,125088.8797221112
858187,125088.8797221112
858284,125088.8797221112
858313,125088.8797221112
858343,125088.8797221112
858367,125088.8797221112
858368,125088.8797221112
858391,125088.8797221112
858467,125088.8797221112
858620,125088.8797221112
858789,125088.8797221112
858910,125088.8797221112
858923,125088.8797221112
858925,125088.8797221112
859089,125088.8797221112
859208,125088.8797221112
859213,125088.8797221112
859448,125088.8797221112
859735,125088.8797221112
859737,125088.8797221112
859952,125088.8797221112
860006,125088.8797221112
860132,125088.8797221112
860301,125088.8797221112
860323,125088.8797221112
860335,125088.8797221112
860364,125088.8797221112
860502,125088.8797221112
860548,125088.8797221112
860582,125088.8797221112
860748,125088.8797221112
860775,125088.8797221112
860948,125088.8797221112
861031,125088.8797221112
861333,125088.8797221112
861384,125088.8797221112
861474,125088.8797221112
861714,125088.8797221112
861731,125088.8797221112
861732,125088.8797221112
861737,125088.8797221112
861820,125088.8797221112
861885,125088.8797221112
862030,125088.8797221112
862188,125088.8797221112
862261,125088.8797221112
862281,125088.8797221112
862618,125088.8797221112
862788,125088.8797221112
862799,125088.8797221112
862968,125088.8797221112
862970,125088.8797221112
862972,125088.8797221112
863013,125088.8797221112
863030,125088.8797221112
863134,125088.8797221112
863308,125088.8797221112
863598,125088.8797221112
863775,125088.8797221112
863870,125088.8797221112
863876,125088.8797221112
863878,125088.8797221112
863962,125088.8797221112
864003,125088.8797221112
864031,125088.8797221112
864076,125088.8797221112
864259,125088.8797221112
864264,125088.8797221112
864392,125088.8797221112
864413,125088.8797221112
864696,125088.8797221112
864957,125088.8797221112
864967,125088.8797221112
865059,125088.8797221112
865088,125088.8797221112
865172,125088.8797221112
865294,125088.8797221112
865295,125088.8797221112
865397,125088.8797221112
865837,125088.8797221112
865915,125088.8797221112
865988,125088.8797221112
866170,125088.8797221112
866219,125088.8797221112
866221,125088.8797221112
866233,125088.8797221112
866670,125088.8797221112
866690,125088.8797221112
866710,125088.8797221112
866832,125088.8797221112
866953,125088.8797221112
867179,125088.8797221112
867437,125088.8797221112
867463,125088.8797221112
867734,125088.8797221112
867910,125088.8797221112
868080,125088.8797221112
868188,125088.8797221112
868288,125088.8797221112
868374,125088.8797221112
868833,125088.8797221112
869107,125088.8797221112
869128,125088.8797221112
869129,125088.8797221112
869138,125088.8797221112
869231,125088.8797221112
869299,125088.8797221112
869366,125088.8797221112
869499,125088.8797221112
869632,125088.8797221112
869658,125088.8797221112
869693,125088.8797221112
870083,125088.8797221112
870420,125088.8797221112
870666,125088.8797221112
870737,125088.8797221112
870738,125088.8797221112
870742,125088.8797221112
870773,125088.8797221112
870921,125088.8797221112
871140,125088.8797221112
871143,125088.8797221112
871239,125088.8797221112
871264,125088.8797221112
871783,125088.8797221112
871887,125088.8797221112
872186,125088.8797221112
872351,125088.8797221112
872453,125088.8797221112
872615,125088.8797221112
873114,125088.8797221112
873126,125088.8797221112
873173,125088.8797221112
873306,125088.8797221112
874035,125088.8797221112
874087,125088.8797221112
874106,125088.8797221112
874111,125088.8797221112
874132,125088.8797221112
874172,125088.8797221112
874299,125088.8797221112
874301,125088.8797221112
874678,125088.8797221112
875005,125088.8797221112
875040,125088.8797221112
875084,125088.8797221112
875343,125088.8797221112
875373,125088.8797221112
875694,125088.8797221112
875715,125088.8797221112
875883,125088.8797221112
875956,125088.8797221112
876188,125088.8797221112
876243,125088.8797221112
876248,125088.8797221112
876298,125088.8797221112
876348,125088.8797221112
876525,125088.8797221112
876573,125088.8797221112
876658,125088.8797221112
876802,125088.8797221112
877045,125088.8797221112
877057,125088.8797221112
877061,125088.8797221112
877082,125088.8797221112
877159,125088.8797221112
877356,125088.8797221112
877405,125088.8797221112
877586,125088.8797221112
877678,125088.8797221112
877695,125088.8797221112
877858,125088.8797221112
877986,125088.8797221112
877992,125088.8797221112
877993,125088.8797221112
877999,125088.8797221112
878136,125088.8797221112
878160,125088.8797221112
878162,125088.8797221112
878163,125088.8797221112
878164,125088.8797221112
878185,125088.8797221112
878259,125088.8797221112
878329,125088.8797221112
878421,125088.8797221112
878447,125088.8797221112
878983,125088.8797221112
879011,125088.8797221112
879025,125088.8797221112
879202,125088.8797221112
879262,125088.8797221112
879410,125088.8797221112
879445,125088.8797221112
879490,125088.8797221112
879704,125088.8797221112
879837,125088.8797221112
879874,125088.8797221112
879899,125088.8797221112
879907,125088.8797221112
880010,125088.8797221112
880022,125088.8797221112
880054,125088.8797221112
880204,125088.8797221112
880277,125088.8797221112
880443,125088.8797221112
880473,125088.8797221112
880481,125088.8797221112
880488,125088.8797221112
880535,125088.8797221112
880552,125088.8797221112
880554,125088.8797221112
880659,125088.8797221112
880698,125088.8797221112
880710,125088.8797221112
880760,125088.8797221112
880910,125088.8797221112
881195,125088.8797221112
881204,125088.8797221112
881269,125088.8797221112
881271,125088.8797221112
881536,125088.8797221112
881648,125088.8797221112
881673,125088.8797221112
881944,125088.8797221112
882063,125088.8797221112
882221,125088.8797221112
882324,125088.8797221112
882337,125088.8797221112
882438,125088.8797221112
882778,125088.8797221112
882904,125088.8797221112
882962,125088.8797221112
883438,125088.8797221112
883576,125088.8797221112
883600,125088.8797221112
883704,125088.8797221112
883831,125088.8797221112
884093,125088.8797221112
884099,125088.8797221112
884231,125088.8797221112
884499,125088.8797221112
884561,125088.8797221112
884563,125088.8797221112
884654,125088.8797221112
917473,125088.8797221112
917675,125088.8797221112
917724,125088.8797221112
918021,125088.8797221112
918033,125088.8797221112
918035,125088.8797221112
918495,125088.8797221112
918508,125088.8797221112
918559,125088.8797221112
918632,125088.8797221112
918906,125088.8797221112
918909,125088.8797221112
918921,125088.8797221112
919282,125088.8797221112
919294,125088.8797221112
919346,125088.8797221112
919348,125088.8797221112
919349,125088.8797221112
919389,125088.8797221112
919475,125088.8797221112
919477,125088.8797221112
919478,125088.8797221112
919577,125088.8797221112
919708,125088.8797221112
919726,125088.8797221112
919736,125088.8797221112
919757,125088.8797221112
919778,125088.8797221112
919891,125088.8797221112
919997,125088.8797221112
920012,125088.8797221112
920013,125088.8797221112
920137,125088.8797221112
920258,125088.8797221112
920314,125088.8797221112
920322,125088.8797221112
922004,125088.8797221112
922014,125088.8797221112
922214,125088.8797221112
922244,125088.8797221112
1024686,125088.8797221112
1024698,125088.8797221112
1024801,125088.8797221112
1025018,125088.8797221112
1025058,125088.8797221112
1025061,125088.8797221112
1025080,125088.8797221112
1025173,125088.8797221112
1025211,125088.8797221112
1025298,125088.8797221112
1025315,125088.8797221112
1025346,125088.8797221112
1025350,125088.8797221112
1026050,125088.8797221112
1026150,125088.8797221112
1026439,125088.8797221112
1026667,125088.8797221112
1026670,125088.8797221112
1026853,125088.8797221112
1026857,125088.8797221112
1027120,125088.8797221112
1027152,125088.8797221112
1027154,125088.8797221112
1027285,125088.8797221112
1027287,125088.8797221112
1027289,125088.8797221112
1027304,125088.8797221112
1027312,125088.8797221112
1027564,125088.8797221112
1027908,125088.8797221112
1028089,125088.8797221112
1028529,125088.8797221112
1028591,125088.8797221112
1028658,125088.8797221112
1028708,125088.8797221112
1028749,125088.8797221112
1028829,125088.8797221112
1028874,125088.8797221112
1029454,125088.8797221112
1029472,125088.8797221112
1029518,125088.8797221112
1029744,125088.8797221112
1029859,125088.8797221112
1030059,125088.8797221112
1030097,125088.8797221112
1030101,125088.8797221112
1030123,125088.8797221112
1030203,125088.8797221112
1030283,125088.8797221112
1030444,125088.8797221112
1030455,125088.8797221112
1030459,125088.8797221112
1030503,125088.8797221112
1030736,125088.8797221112
1030804,125088.8797221112
1030937,125088.8797221112
1031066,125088.8797221112
1031181,125088.8797221112
1031311,125088.8797221112
1031478,125088.8797221112
1031619,125088.8797221112
1031690,125088.8797221112
1031854,125088.8797221112
1031858,125088.8797221112
1031906,125088.8797221112
1031920,125088.8797221112
1031942,125088.8797221112
1032259,125088.8797221112
1032333,125088.8797221112
1032385,125088.8797221112
1032393,125088.8797221112
1032599,125088.8797221112
1032620,125088.8797221112
1032637,125088.8797221112
1032669,125088.8797221112
1032731,125088.8797221112
1032777,125088.8797221112
1032887,125088.8797221112
1032923,125088.8797221112
1032932,125088.8797221112
1033063,125088.8797221112
1033091,125088.8797221112
1033395,125088.8797221112
1033445,125088.8797221112
1033457,125088.8797221112
1033533,125088.8797221112
1033712,125088.8797221112
1033894,125088.8797221112
1033932,125088.8797221112
1033937,125088.8797221112
1033988,125088.8797221112
1033989,125088.8797221112
1034003,125088.8797221112
1034012,125088.8797221112
1034047,125088.8797221112
1034062,125088.8797221112
1034064,125088.8797221112
1034065,125088.8797221112
1034066,125088.8797221112
1034068,125088.8797221112
1034078,125088.8797221112
1034088,125088.8797221112
1034300,125088.8797221112
1034363,125088.8797221112
1034496,125088.8797221112
1034605,125088.8797221112
1034670,125088.8797221112
1034716,125088.8797221112
1034718,125088.8797221112
1034778,125088.8797221112
1034779,125088.8797221112
1034803,125088.8797221112
1034837,125088.8797221112
1034944,125088.8797221112
1035106,125088.8797221112
1035111,125088.8797221112
1035166,125088.8797221112
1035490,125088.8797221112
1035494,125088.8797221112
1035524,125088.8797221112
1035548,125088.8797221112
1035564,125088.8797221112
1035605,125088.8797221112
1035785,125088.8797221112
1035893,125088.8797221112
1036037,125088.8797221112
1036072,125088.8797221112
1036103,125088.8797221112
1036226,125088.8797221112
1037508,125088.8797221112
1037509,125088.8797221112
1037613,125088.8797221112
1037615,125088.8797221112
1037616,125088.8797221112
1037617,125088.8797221112
1037619,125088.8797221112
1037699,125088.8797221112
1037850,125088.8797221112
1037908,125088.8797221112
1038175,125088.8797221112
1038180,125088.8797221112
1038183,125088.8797221112
1038322,125088.8797221112
1038432,125088.8797221112
1038447,125088.8797221112
1038448,125088.8797221112
1038494,125088.8797221112
1038509,125088.8797221112
1038512,125088.8797221112
1038516,125088.8797221112
1038517,125088.8797221112
1038532,125088.8797221112
1038541,125088.8797221112
1038551,125088.8797221112
1038600,125088.8797221112
1038788,125088.8797221112
1038956,125088.8797221112
1038957,125088.8797221112
1039041,125088.8797221112
1039176,125088.8797221112
1039208,125088.8797221112
1039427,125088.8797221112
1039430,125088.8797221112
1039434,125088.8797221112
1039449,125088.8797221112
1039523,125088.8797221112
1039795,125088.8797221112
1039810,125088.8797221112
1039879,125088.8797221112
1040038,125088.8797221112
1040077,125088.8797221112
1040154,125088.8797221112
1040155,125088.8797221112
1040245,125088.8797221112
1040616,125088.8797221112
1040659,125088.8797221112
1040829,125088.8797221112
1040841,125088.8797221112
1041077,125088.8797221112
1041312,125088.8797221112
1041324,125088.8797221112
1041354,125088.8797221112
1041377,125088.8797221112
1041469,125088.8797221112
1041480,125088.8797221112
1041501,125088.8797221112
1041515,125088.8797221112
1041815,125088.8797221112
1041945,125088.8797221112
1041997,125088.8797221112
1042010,125088.8797221112
1042250,125088.8797221112
1042254,125088.8797221112
1042365,125088.8797221112
1042421,125088.8797221112
1042710,125088.8797221112
1043106,125088.8797221112
1043116,125088.8797221112
1043117,125088.8797221112
1043349,125088.8797221112
1043369,125088.8797221112
1043413,125088.8797221112
1043475,125088.8797221112
1043480,125088.8797221112
1043482,125088.8797221112
1043492,125088.8797221112
1043501,125088.8797221112
1043542,125088.8797221112
1043603,125088.8797221112
1043620,125088.8797221112
1043688,125088.8797221112
1043779,125088.8797221112
1043799,125088.8797221112
1043891,125088.8797221112
1043892,125088.8797221112
1043945,125088.8797221112
1044186,125088.8797221112
1044193,125088.8797221112
1044204,125088.8797221112
1044205,125088.8797221112
1044215,125088.8797221112
1044236,125088.8797221112
1044277,125088.8797221112
1044296,125088.8797221112
1044297,125088.8797221112
1044356,125088.8797221112
1044456,125088.8797221112
1044496,125088.8797221112
1044569,125088.8797221112
1044700,125088.8797221112
1044742,125088.8797221112
1044802,125088.8797221112
1044803,125088.8797221112
1044813,125088.8797221112
1044832,125088.8797221112
1044867,125088.8797221112
1045016,125088.8797221112
1045148,125088.8797221112
1045209,125088.8797221112
1045223,125088.8797221112
1045320,125088.8797221112
1045323,125088.8797221112
1045414,125088.8797221112
1045572,125088.8797221112
1045573,125088.8797221112
1045595,125088.8797221112
1045679,125088.8797221112
1045724,125088.8797221112
1045725,125088.8797221112
1045730,125088.8797221112
1045799,125088.8797221112
1045886,125088.8797221112
1045930,125088.8797221112
1045955,125088.8797221112
1045981,125088.8797221112
1046127,125088.8797221112
1046209,125088.8797221112
1046212,125088.8797221112
1046225,125088.8797221112
1046231,125088.8797221112
1046257,125088.8797221112
1046283,125088.8797221112
1046328,125088.8797221112
1046331,125088.8797221112
1046356,125088.8797221112
1046430,125088.8797221112
1046462,125088.8797221112
1046488,125088.8797221112
1046498,125088.8797221112
1046576,125088.8797221112
1046593,125088.8797221112
1046597,125088.8797221112
1046633,125088.8797221112
1046719,125088.8797221112
1046832,125088.8797221112
1046844,125088.8797221112
1046861,125088.8797221112
1046862,125088.8797221112
1046875,125088.8797221112
1046947,125088.8797221112
1046952,125088.8797221112
1046992,125088.8797221112
1047083,125088.8797221112
1047115,125088.8797221112
1047118,125088.8797221112
1047172,125088.8797221112
1047190,125088.8797221112
1047193,125088.8797221112
1047257,125088.8797221112
1047273,125088.8797221112
1047480,125088.8797221112
1047498,125088.8797221112
1047543,125088.8797221112
1047617,125088.8797221112
1047712,125088.8797221112
1047901,125088.8797221112
1047986,125088.8797221112
1048124,125088.8797221112
1048181,125088.8797221112
1048203,125088.8797221112
1048241,125088.8797221112
1048292,125088.8797221112
1048310,125088.8797221112
1048513,125088.8797221112
1048631,125088.8797221112
1049174,125088.8797221112
1049242,125088.8797221112
1049249,125088.8797221112
1049252,125088.8797221112
1049305,125088.8797221112
1049306,125088.8797221112
1049317,125088.8797221112
1049322,125088.8797221112
1049326,125088.8797221112
1049334,125088.8797221112
1049336,125088.8797221112
1049377,125088.8797221112
1049418,125088.8797221112
1049447,125088.8797221112
1049476,125088.8797221112
1049480,125088.8797221112
1049490,125088.8797221112
1049498,125088.8797221112
1049499,125088.8797221112
1049504,125088.8797221112
1049505,125088.8797221112
1049521,125088.8797221112
1049551,125088.8797221112
1049557,125088.8797221112
1049586,125088.8797221112
1049673,125088.8797221112
1049674,125088.8797221112
1049684,125088.8797221112
1049721,125088.8797221112
1049728,125088.8797221112
1049744,125088.8797221112
1049769,125088.8797221112
1049783,125088.8797221112
1049881,125088.8797221112
1049888,125088.8797221112
1049902,125088.8797221112
1049929,125088.8797221112
1050083,125088.8797221112
1050117,125088.8797221112
1050132,125088.8797221112
1050134,125088.8797221112
1050140,125088.8797221112
1050208,125088.8797221112
1050240,125088.8797221112
1050279,125088.8797221112
1050338,125088.8797221112
1050362,125088.8797221112
1050433,125088.8797221112
1050457,125088.8797221112
1050501,125088.8797221112
1050574,125088.8797221112
1050594,125088.8797221112
1050656,125088.8797221112
1050862,125088.8797221112
1050863,125088.8797221112
1050909,125088.8797221112
1050939,125088.8797221112
1050946,125088.8797221112
1050995,125088.8797221112
1051015,125088.8797221112
1051038,125088.8797221112
1051097,125088.8797221112
1051130,125088.8797221112
1051148,125088.8797221112
1051151,125088.8797221112
1051239,125088.8797221112
1051244,125088.8797221112
1051288,125088.8797221112
1051313,125088.8797221112
1051314,125088.8797221112
1051354,125088.8797221112
1051440,125088.8797221112
1051504,125088.8797221112
1051585,125088.8797221112
1051651,125088.8797221112
1051887,125088.8797221112
1051929,125088.8797221112
1052048,125088.8797221112
1052213,125088.8797221112
1052363,125088.8797221112
1052422,125088.8797221112
1052438,125088.8797221112
1052484,125088.8797221112
1052505,125088.8797221112
1052581,125088.8797221112
1052622,125088.8797221112
1052708,125088.8797221112
1052827,125088.8797221112
1052838,125088.8797221112
1052871,125088.8797221112
1052891,125088.8797221112
1053088,125088.8797221112
1053226,125088.8797221112
1053352,125088.8797221112
1053730,125088.8797221112
1053935,125088.8797221112
1054083,125088.8797221112
1054093,125088.8797221112
1054179,125088.8797221112
1054262,125088.8797221112
1054334,125088.8797221112
1054358,125088.8797221112
1054564,125088.8797221112
1054624,125088.8797221112
1054633,125088.8797221112
1054796,125088.8797221112
1054801,125088.8797221112
1054937,125088.8797221112
1054961,125088.8797221112
1055035,125088.8797221112
1055041,125088.8797221112
1055092,125088.8797221112
1055135,125088.8797221112
1055232,125088.8797221112
1055233,125088.8797221112
1055361,125088.8797221112
1055407,125088.8797221112
1055408,125088.8797221112
1055462,125088.8797221112
1055471,125088.8797221112
1055681,125088.8797221112
1055727,125088.8797221112
1055783,125088.8797221112
1055884,125088.8797221112
1055885,125088.8797221112
1055936,125088.8797221112
1055950,125088.8797221112
1055976,125088.8797221112
1056019,125088.8797221112
1056287,125088.8797221112
1056414,125088.8797221112
1056599,125088.8797221112
1056744,125088.8797221112
1056825,125088.8797221112
1056826,125088.8797221112
1056908,125088.8797221112
1056914,125088.8797221112
1056944,125088.8797221112
1057065,125088.8797221112
1057090,125088.8797221112
1057091,125088.8797221112
1057148,125088.8797221112
1057149,125088.8797221112
1057150,125088.8797221112
1057151,125088.8797221112
1057152,125088.8797221112
1057153,125088.8797221112
1057234,125088.8797221112
1057297,125088.8797221112
1057375,125088.8797221112
1057507,125088.8797221112
1057887,125088.8797221112
1057947,125088.8797221112
1057950,125088.8797221112
1057955,125088.8797221112
1057965,125088.8797221112
1058044,125088.8797221112
1058078,125088.8797221112
1058101,125088.8797221112
1058176,125088.8797221112
1058333,125088.8797221112
1058334,125088.8797221112
1058599,125088.8797221112
1058796,125088.8797221112
1058801,125088.8797221112
1058802,125088.8797221112
1058822,125088.8797221112
1058928,125088.8797221112
1058931,125088.8797221112
1059002,125088.8797221112
1059048,125088.8797221112
1059114,125088.8797221112
1059119,125088.8797221112
1059129,125088.8797221112
1059188,125088.8797221112
1059376,125088.8797221112
1059388,125088.8797221112
1059539,125088.8797221112
1059545,125088.8797221112
1059547,125088.8797221112
1059555,125088.8797221112
1059586,125088.8797221112
1059624,125088.8797221112
1059665,125088.8797221112
1059675,125088.8797221112
1059677,125088.8797221112
1059748,125088.8797221112
1059846,125088.8797221112
1059865,125088.8797221112
1059892,125088.8797221112
1059967,125088.8797221112
1059984,125088.8797221112
1059989,125088.8797221112
1060018,125088.8797221112
1060098,125088.8797221112
1060175,125088.8797221112
1060194,125088.8797221112
1060278,125088.8797221112
1060355,125088.8797221112
1060363,125088.8797221112
1060389,125088.8797221112
1060551,125088.8797221112
1060564,125088.8797221112
1060584,125088.8797221112
1060585,125088.8797221112
1060754,125088.8797221112
1060785,125088.8797221112
1060795,125088.8797221112
1060797,125088.8797221112
1060800,125088.8797221112
1060854,125088.8797221112
1060907,125088.8797221112
1060916,125088.8797221112
1060943,125088.8797221112
1060944,125088.8797221112
1061025,125088.8797221112
1061064,125088.8797221112
1061103,125088.8797221112
1061329,125088.8797221112
1061352,125088.8797221112
1061419,125088.8797221112
1061472,125088.8797221112
1061474,125088.8797221112
1061489,125088.8797221112
1061521,125088.8797221112
1061613,125088.8797221112
1061628,125088.8797221112
1061716,125088.8797221112
1061773,125088.8797221112
1061906,125088.8797221112
1061981,125088.8797221112
1062059,125088.8797221112
1062062,125088.8797221112
1062154,125088.8797221112
1062179,125088.8797221112
1062215,125088.8797221112
1062231,125088.8797221112
1062234,125088.8797221112
1062235,125088.8797221112
1062237,125088.8797221112
1150057,125088.8797221112
1150061,125088.8797221112
1150062,125088.8797221112
1150302,125088.8797221112
1150304,125088.8797221112
1150307,125088.8797221112
1150308,125088.8797221112
1150312,125088.8797221112
1150313,125088.8797221112
1150315,125088.8797221112
1150318,125088.8797221112
1150709,125088.8797221112
1150711,125088.8797221112
1150714,125088.8797221112
1150716,125088.8797221112
1150721,125088.8797221112
1150722,125088.8797221112
1150723,125088.8797221112
1150727,125088.8797221112
1150729,125088.8797221112
1150732,125088.8797221112
1150733,125088.8797221112
1150739,125088.8797221112
1150741,125088.8797221112
1150744,125088.8797221112
1150751,125088.8797221112
1158788,125088.8797221112
1158790,125088.8797221112
1158794,125088.8797221112
1158798,125088.8797221112
1158802,125088.8797221112
1158803,125088.8797221112
1158804,125088.8797221112
1158972,125088.8797221112
1158973,125088.8797221112
1158979,125088.8797221112
1158980,125088.8797221112
1158982,125088.8797221112
1159208,125088.8797221112
1159224,125088.8797221112
1159254,125088.8797221112
1159717,125088.8797221112
1159725,125088.8797221112
1159755,125088.8797221112
1159756,125088.8797221112
1159757,125088.8797221112
1159758,125088.8797221112
1159760,125088.8797221112
1159762,125088.8797221112
1159764,125088.8797221112
1160340,125088.8797221112
1160342,125088.8797221112
1160347,125088.8797221112
1160348,125088.8797221112
1160352,125088.8797221112
1160353,125088.8797221112
1160357,125088.8797221112
1160368,125088.8797221112
1160370,125088.8797221112
1160372,125088.8797221112
1160628,125088.8797221112
1160633,125088.8797221112
1160635,125088.8797221112
1160642,125088.8797221112
1160644,125088.8797221112
1160646,125088.8797221112
1160651,125088.8797221112
1160652,125088.8797221112
1160659,125088.8797221112
1160663,125088.8797221112
1160877,125088.8797221112
1160879,125088.8797221112
1160881,125088.8797221112
1160884,125088.8797221112
1160887,125088.8797221112
1160891,125088.8797221112
1160892,125088.8797221112
1160893,125088.8797221112
1160897,125088.8797221112
1160900,125088.8797221112
1160901,125088.8797221112
1160903,125088.8797221112
1160909,125088.8797221112
1160910,125088.8797221112
1160913,125088.8797221112
1160916,125088.8797221112
1162333,125088.8797221112
1162334,125088.8797221112
1162374,125088.8797221112
1162376,125088.8797221112
1162380,125088.8797221112
1162381,125088.8797221112
1162382,125088.8797221112
1162385,125088.8797221112
1162386,125088.8797221112
1162638,125088.8797221112
1162639,125088.8797221112
1162640,125088.8797221112
1162641,125088.8797221112
1162643,125088.8797221112
1162707,125088.8797221112
1162708,125088.8797221112
1162764,125088.8797221112
1162899,125088.8797221112
1162918,125088.8797221112
1162924,125088.8797221112
1162925,125088.8797221112
1162926,125088.8797221112
1162927,125088.8797221112
1163023,125088.8797221112
1163027,125088.8797221112
1163028,125088.8797221112
1163039,125088.8797221112
1163040,125088.8797221112
1163042,125088.8797221112
1163043,125088.8797221112
1163044,125088.8797221112
1163047,125088.8797221112
1163050,125088.8797221112
1163083,125088.8797221112
1163086,125088.8797221112
1163089,125088.8797221112
1163090,125088.8797221112
1163091,125088.8797221112
1163092,125088.8797221112
1163093,125088.8797221112
1163095,125088.8797221112
1163096,125088.8797221112
1163264,125088.8797221112
1163271,125088.8797221112
1164020,125088.8797221112
1164022,125088.8797221112
1164028,125088.8797221112
1164565,125088.8797221112
1164567,125088.8797221112
1164571,125088.8797221112
1164576,125088.8797221112
1164578,125088.8797221112
1164580,125088.8797221112
1164581,125088.8797221112
1164582,125088.8797221112
1164583,125088.8797221112
1164617,125088.8797221112
1164618,125088.8797221112
1164622,125088.8797221112
1164625,125088.8797221112
1164627,125088.8797221112
1164629,125088.8797221112
1164911,125088.8797221112
1164914,125088.8797221112
1164916,125088.8797221112
1164936,125088.8797221112
1164938,125088.8797221112
1164940,125088.8797221112
1167361,125088.8797221112
1167364,125088.8797221112
1167369,125088.8797221112
1167373,125088.8797221112
1167374,125088.8797221112
1167375,125088.8797221112
1167383,125088.8797221112
1167385,125088.8797221112
1167387,125088.8797221112
1167388,125088.8797221112
1167392,125088.8797221112
1167397,125088.8797221112
1167398,125088.8797221112
1167399,125088.8797221112
1167401,125088.8797221112
1167402,125088.8797221112
1167403,125088.8797221112
1167404,125088.8797221112
1167405,125088.8797221112
1167406,125088.8797221112
1167407,125088.8797221112
1167409,125088.8797221112
1167410,125088.8797221112
1167411,125088.8797221112
1167412,125088.8797221112
1167413,125088.8797221112
1167414,125088.8797221112
1167426,125088.8797221112
1167429,125088.8797221112
1167430,125088.8797221112
1167431,125088.8797221112
1167437,125088.8797221112
1167439,125088.8797221112
1171188,125088.8797221112
1171191,125088.8797221112
1171194,125088.8797221112
1171195,125088.8797221112
1171196,125088.8797221112
1171200,125088.8797221112
1171201,125088.8797221112
1171203,125088.8797221112
1171204,125088.8797221112
1171205,125088.8797221112
1171362,125088.8797221112
1171367,125088.8797221112
1172945,125088.8797221112
1172952,125088.8797221112
1173341,125088.8797221112
1173343,125088.8797221112
1173347,125088.8797221112
1173351,125088.8797221112
1173353,125088.8797221112
1173355,125088.8797221112
1173356,125088.8797221112
1173358,125088.8797221112
1173362,125088.8797221112
1173364,125088.8797221112
1174252,125088.8797221112
1174253,125088.8797221112
1174258,125088.8797221112
1174265,125088.8797221112
1174280,125088.8797221112
1174393,125088.8797221112
1174395,125088.8797221112
1174396,125088.8797221112
1174397,125088.8797221112
1174398,125088.8797221112
1174400,125088.8797221112
1174404,125088.8797221112
1174405,125088.8797221112
1174407,125088.8797221112
1174456,125088.8797221112
1174460,125088.8797221112
1174462,125088.8797221112
1174465,125088.8797221112
1174466,125088.8797221112
1174468,125088.8797221112
1174469,125088.8797221112
1174471,125088.8797221112
1174472,125088.8797221112
1174473,125088.8797221112
1174475,125088.8797221112
1174491,125088.8797221112
1174496,125088.8797221112
1174501,125088.8797221112
1174592,125088.8797221112
1174593,125088.8797221112
1174595,125088.8797221112
1174596,125088.8797221112
1174598,125088.8797221112
1174599,125088.8797221112
1174602,125088.8797221112
1174607,125088.8797221112
1174608,125088.8797221112
1174732,125088.8797221112
1174738,125088.8797221112
1174742,125088.8797221112
1174743,125088.8797221112
1174748,125088.8797221112
1175538,125088.8797221112
1175539,125088.8797221112
1175543,125088.8797221112
1175547,125088.8797221112
1175548,125088.8797221112
1175550,125088.8797221112
1176289,125088.8797221112
1176758,125088.8797221112
1176759,125088.8797221112
1176764,125088.8797221112
1176772,125088.8797221112
1177110,125088.8797221112
1177116,125088.8797221112
1177118,125088.8797221112
1177121,125088.8797221112
1177122,125088.8797221112
1177125,125088.8797221112
1177822,125088.8797221112
1178019,125088.8797221112
1178024,125088.8797221112
1179391,125088.8797221112
1179392,125088.8797221112
1179393,125088.8797221112
1179512,125088.8797221112
1179513,125088.8797221112
1179516,125088.8797221112
1179517,125088.8797221112
1179518,125088.8797221112
1179526,125088.8797221112
1179527,125088.8797221112
1179540,125088.8797221112
1179542,125088.8797221112
1179543,125088.8797221112
1179546,125088.8797221112
1179548,125088.8797221112
1179552,125088.8797221112
1179554,125088.8797221112
1179555,125088.8797221112
1179557,125088.8797221112
1179944,125088.8797221112
1179948,125088.8797221112
1179949,125088.8797221112
1179952,125088.8797221112
1179953,125088.8797221112
1179955,125088.8797221112
1180044,125088.8797221112
1180046,125088.8797221112
1180047,125088.8797221112
1180048,125088.8797221112
1180049,125088.8797221112
1180050,125088.8797221112
1180051,125088.8797221112
1180053,125088.8797221112
1180054,125088.8797221112
1180056,125088.8797221112
1180060,125088.8797221112
1180070,125088.8797221112
1180073,125088.8797221112
1180078,125088.8797221112
1180080,125088.8797221112
1180241,125088.8797221112
1180242,125088.8797221112
1180243,125088.8797221112
1180251,125088.8797221112
1180253,125088.8797221112
1180254,125088.8797221112
1180255,125088.8797221112
1180257,125088.8797221112
1180452,125088.8797221112
1180461,125088.8797221112
1180464,125088.8797221112
1180465,125088.8797221112
1180466,125088.8797221112
1180467,125088.8797221112
1180469,125088.8797221112
1180471,125088.8797221112
1180472,125088.8797221112
1180474,125088.8797221112
1180479,125088.8797221112
1180481,125088.8797221112
1180482,125088.8797221112
1180484,125088.8797221112
1180485,125088.8797221112
1180487,125088.8797221112
1180619,125088.8797221112
1180622,125088.8797221112
1180628,125088.8797221112
1180629,125088.8797221112
1180630,125088.8797221112
1180701,125088.8797221112
1180702,125088.8797221112
1180704,125088.8797221112
1180707,125088.8797221112
1180708,125088.8797221112
1180711,125088.8797221112
1180712,125088.8797221112
1180716,125088.8797221112
1180717,125088.8797221112
1180732,125088.8797221112
1180733,125088.8797221112
1180734,125088.8797221112
1180735,125088.8797221112
1180738,125088.8797221112
1180739,125088.8797221112
1180741,125088.8797221112
1180743,125088.8797221112
1180744,125088.8797221112
1180748,125088.8797221112
1180749,125088.8797221112
1180770,125088.8797221112
1180771,125088.8797221112
1180774,125088.8797221112
1180777,125088.8797221112
1180938,125088.8797221112
1180945,125088.8797221112
1180951,125088.8797221112
1180954,125088.8797221112
1180967,125088.8797221112
1180976,125088.8797221112
1180977,125088.8797221112
1181989,125088.8797221112
1182023,125088.8797221112
1182025,125088.8797221112
1182026,125088.8797221112
1182030,125088.8797221112
1182033,125088.8797221112
1182314,125088.8797221112
1182315,125088.8797221112
1182316,125088.8797221112
1182317,125088.8797221112
1182321,125088.8797221112
1182322,125088.8797221112
1182323,125088.8797221112
1182628,125088.8797221112
1182650,125088.8797221112
1182652,125088.8797221112
1182654,125088.8797221112
1182655,125088.8797221112
1182744,125088.8797221112
1182745,125088.8797221112
1182746,125088.8797221112
1182748,125088.8797221112
1182749,125088.8797221112
1182754,125088.8797221112
1182756,125088.8797221112
1182757,125088.8797221112
1183211,125088.8797221112
1183213,125088.8797221112
1183689,125088.8797221112
1183690,125088.8797221112
1183691,125088.8797221112
1183692,125088.8797221112
1184185,125088.8797221112
1184271,125088.8797221112
1184272,125088.8797221112
1184678,125088.8797221112
1184679,125088.8797221112
1184680,125088.8797221112
1184730,125088.8797221112
1184731,125088.8797221112
1184772,125088.8797221112
1184775,125088.8797221112
1184780,125088.8797221112
1184783,125088.8797221112
1184806,125088.8797221112
1184809,125088.8797221112
1184956,125088.8797221112
1185123,125088.8797221112
1185129,125088.8797221112
1185141,125088.8797221112
1185144,125088.8797221112
1185145,125088.8797221112
1185150,125088.8797221112
1185316,125088.8797221112
1185317,125088.8797221112
1185326,125088.8797221112
1185328,125088.8797221112
1185330,125088.8797221112
1185331,125088.8797221112
1185722,125088.8797221112
1185744,125088.8797221112
1185746,125088.8797221112
1185748,125088.8797221112
1185818,125088.8797221112
1185819,125088.8797221112
1186256,125088.8797221112
1186257,125088.8797221112
1186258,125088.8797221112
1186260,125088.8797221112
1186261,125088.8797221112
1186284,125088.8797221112
1186288,125088.8797221112
1186368,125088.8797221112
1186370,125088.8797221112
1186371,125088.8797221112
1186373,125088.8797221112
1186374,125088.8797221112
1186376,125088.8797221112
1186379,125088.8797221112
1186380,125088.8797221112
1186827,125088.8797221112
1186830,125088.8797221112
1186831,125088.8797221112
1186832,125088.8797221112
1186834,125088.8797221112
1186835,125088.8797221112
1186837,125088.8797221112
1186840,125088.8797221112
1187587,125088.8797221112
1187625,125088.8797221112
1187626,125088.8797221112
1187628,125088.8797221112
1187839,125088.8797221112
1187840,125088.8797221112
1187842,125088.8797221112
1187843,125088.8797221112
1187844,125088.8797221112
1187851,125088.8797221112
1187853,125088.8797221112
1187854,125088.8797221112
1188373,125088.8797221112
1188428,125088.8797221112
1188429,125088.8797221112
1188430,125088.8797221112
1188431,125088.8797221112
1188439,125088.8797221112
1188440,125088.8797221112
1188442,125088.8797221112
1188484,125088.8797221112
1188485,125088.8797221112
1188487,125088.8797221112
1188488,125088.8797221112
1188490,125088.8797221112
1188493,125088.8797221112
1188499,125088.8797221112
1188519,125088.8797221112
1188531,125088.8797221112
1188535,125088.8797221112
1188538,125088.8797221112
1188539,125088.8797221112
1188577,125088.8797221112
1188578,125088.8797221112
1188581,125088.8797221112
1189583,125088.8797221112
1189587,125088.8797221112
1189590,125088.8797221112
1189593,125088.8797221112
1189594,125088.8797221112
1189595,125088.8797221112
1189596,125088.8797221112
1189599,125088.8797221112
1189600,125088.8797221112
1189603,125088.8797221112
1189605,125088.8797221112
1189606,125088.8797221112
1189610,125088.8797221112
1189611,125088.8797221112
1191966,125088.8797221112
1191971,125088.8797221112
1191972,125088.8797221112
1192091,125088.8797221112
1192096,125088.8797221112
1192970,125088.8797221112
1192973,125088.8797221112
1193162,125088.8797221112
1193163,125088.8797221112
1193168,125088.8797221112
1193169,125088.8797221112
1193170,125088.8797221112
1193171,125088.8797221112
1193543,125088.8797221112
1193676,125088.8797221112
1193751,125088.8797221112
1193761,125088.8797221112
1193775,125088.8797221112
1193777,125088.8797221112
1193779,125088.8797221112
1193782,125088.8797221112
1193783,125088.8797221112
1193836,125088.8797221112
1193848,125088.8797221112
1193849,125088.8797221112
1193850,125088.8797221112
1193855,125088.8797221112
1193857,125088.8797221112
1193859,125088.8797221112
1193861,125088.8797221112
1193862,125088.8797221112
1193863,125088.8797221112
1193864,125088.8797221112
1193866,125088.8797221112
1193915,125088.8797221112
1193925,125088.8797221112
1193927,125088.8797221112
1193952,125088.8797221112
1193953,125088.8797221112
1193954,125088.8797221112
1193955,125088.8797221112
1193956,125088.8797221112
1193957,125088.8797221112
1194415,125088.8797221112
1194922,125088.8797221112
1194977,125088.8797221112
1195222,125088.8797221112
1195223,125088.8797221112
1195224,125088.8797221112
1195225,125088.8797221112
1195425,125088.8797221112
1195426,125088.8797221112
1195432,125088.8797221112
1195891,125088.8797221112
1195892,125088.8797221112
1195893,125088.8797221112
1195900,125088.8797221112
1195901,125088.8797221112
1195903,125088.8797221112
1196019,125088.8797221112
1196842,125088.8797221112
1196844,125088.8797221112
1196847,125088.8797221112
1196872,125088.8797221112
1196892,125088.8797221112
1196893,125088.8797221112
1196894,125088.8797221112
1196895,125088.8797221112
1196904,125088.8797221112
1196912,125088.8797221112
1196913,125088.8797221112
1196993,125088.8797221112
1196994,125088.8797221112
1196998,125088.8797221112
1196999,125088.8797221112
1197000,125088.8797221112
1197002,125088.8797221112
1197106,125088.8797221112
1197107,125088.8797221112
1197108,125088.8797221112
1197166,125088.8797221112
1197209,125088.8797221112
1197214,125088.8797221112
1197215,125088.8797221112
1197216,125088.8797221112
1197253,125088.8797221112
1197256,125088.8797221112
1197309,125088.8797221112
1197311,125088.8797221112
1197315,125088.8797221112
1197316,125088.8797221112
1197321,125088.8797221112
1197322,125088.8797221112
1197323,125088.8797221112
1197324,125088.8797221112
1197325,125088.8797221112
1197326,125088.8797221112
1197328,125088.8797221112
1197329,125088.8797221112
1197331,125088.8797221112
1197345,125088.8797221112
1197351,125088.8797221112
1197462,125088.8797221112
1197463,125088.8797221112
1197465,125088.8797221112
1197467,125088.8797221112
1197469,125088.8797221112
1197470,125088.8797221112
1197502,125088.8797221112
1197549,125088.8797221112
1197570,125088.8797221112
1197627,125088.8797221112
1197672,125088.8797221112
1197859,125088.8797221112
1197860,125088.8797221112
1197977,125088.8797221112
1197978,125088.8797221112
1198019,125088.8797221112
1198021,125088.8797221112
1198337,125088.8797221112
1198358,125088.8797221112
1198364,125088.8797221112
1198365,125088.8797221112
1198366,125088.8797221112
1198367,125088.8797221112
1198368,125088.8797221112
1198369,125088.8797221112
1198373,125088.8797221112
1198446,125088.8797221112
1198450,125088.8797221112
1198451,125088.8797221112
1198452,125088.8797221112
1198453,125088.8797221112
1198457,125088.8797221112
1198621,125088.8797221112
1198645,125088.8797221112
1198649,125088.8797221112
1198650,125088.8797221112
1198664,125088.8797221112
1198665,125088.8797221112
1198669,125088.8797221112
1198670,125088.8797221112
1198671,125088.8797221112
1198760,125088.8797221112
1198766,125088.8797221112
1198768,125088.8797221112
1198771,125088.8797221112
1198773,125088.8797221112
715273,125088.8797221112
717643,125088.8797221112
720473,125088.8797221112
722274,125088.8797221112
722610,125088.8797221112
722632,125088.8797221112
724293,125088.8797221112
724296,125088.8797221112
724367,125088.8797221112
724383,125088.8797221112
724402,125088.8797221112
724436,125088.8797221112
724693,125088.8797221112
725035,125088.8797221112
726164,125088.8797221112
728018,125088.8797221112
728963,125088.8797221112
730396,125088.8797221112
730570,125088.8797221112
732096,125088.8797221112
732455,125088.8797221112
733749,125088.8797221112
739805,125088.8797221112
762985,125088.8797221112
765024,125088.8797221112
766318,125088.8797221112
767291,125088.8797221112
768075,125088.8797221112
768187,125088.8797221112
768450,125088.8797221112
768818,125088.8797221112
775095,125088.8797221112
777984,125088.8797221112
780334,125088.8797221112
782037,125088.8797221112
783338,125088.8797221112
788907,125088.8797221112
791183,125088.8797221112
791186,125088.8797221112
800871,125088.8797221112
805218,125088.8797221112
808371,125088.8797221112
810903,125088.8797221112
813910,125088.8797221112
814295,125088.8797221112
816599,125088.8797221112
817980,125088.8797221112
818854,125088.8797221112
821034,125088.8797221112
822425,125088.8797221112
823206,125088.8797221112
823722,125088.8797221112
824962,125088.8797221112
827620,125088.8797221112
829106,125088.8797221112
829983,125088.8797221112
835034,125088.8797221112
835905,125088.8797221112
836853,125088.8797221112
836965,125088.8797221112
837221,125088.8797221112
837226,125088.8797221112
837310,125088.8797221112
837312,125088.8797221112
837322,125088.8797221112
837364,125088.8797221112
837447,125088.8797221112
837450,125088.8797221112
837480,125088.8797221112
837481,125088.8797221112
837534,125088.8797221112
837603,125088.8797221112
837604,125088.8797221112
837695,125088.8797221112
837700,125088.8797221112
838738,125088.8797221112
838739,125088.8797221112
838747,125088.8797221112
839708,125088.8797221112
839728,125088.8797221112
839729,125088.8797221112
839750,125088.8797221112
839751,125088.8797221112
839752,125088.8797221112
839753,125088.8797221112
839754,125088.8797221112
839789,125088.8797221112
839793,125088.8797221112
839796,125088.8797221112
840813,125088.8797221112
843860,125088.8797221112
844526,125088.8797221112
844543,125088.8797221112
844754,125088.8797221112
846486,125088.8797221112
847164,125088.8797221112
848484,125088.8797221112
936754,125088.8797221112
937863,125088.8797221112
937904,125088.8797221112
938417,125088.8797221112
938423,125088.8797221112
938603,125088.8797221112
938622,125088.8797221112
939544,125088.8797221112
940696,125088.8797221112
942465,125088.8797221112
942737,125088.8797221112
943019,125088.8797221112
943421,125088.8797221112
945655,125088.8797221112
947947,125088.8797221112
949288,125088.8797221112
952129,125088.8797221112
952131,125088.8797221112
952904,125088.8797221112
953479,125088.8797221112
954602,125088.8797221112
954929,125088.8797221112
955982,125088.8797221112
958924,125088.8797221112
959475,125088.8797221112
960089,125088.8797221112
960166,125088.8797221112
961081,125088.8797221112
961152,125088.8797221112
961156,125088.8797221112
963917,125088.8797221112
963924,125088.8797221112
963928,125088.8797221112
964509,125088.8797221112
965003,125088.8797221112
967216,125088.8797221112
967710,125088.8797221112
967711,125088.8797221112
967715,125088.8797221112
968678,125088.8797221112
969661,125088.8797221112
970940,125088.8797221112
971513,125088.8797221112
972147,125088.8797221112
972176,125088.8797221112
972866,125088.8797221112
974942,125088.8797221112
974954,125088.8797221112
976609,125088.8797221112
978142,125088.8797221112
978273,125088.8797221112
978277,125088.8797221112
978278,125088.8797221112
978281,125088.8797221112
978860,125088.8797221112
979110,125088.8797221112
979112,125088.8797221112
979516,125088.8797221112
980337,125088.8797221112
980476,125088.8797221112
982006,125088.8797221112
983877,125088.8797221112
983878,125088.8797221112
983879,125088.8797221112
985387,125088.8797221112
985462,125088.8797221112
985808,125088.8797221112
986398,125088.8797221112
987620,125088.8797221112
988304,125088.8797221112
988676,125088.8797221112
989018,125088.8797221112
995698,125088.8797221112
995822,125088.8797221112
1002393,125088.8797221112
1003195,125088.8797221112
1003292,125088.8797221112
1003326,125088.8797221112
1003655,125088.8797221112
1003662,125088.8797221112
1003847,125088.8797221112
1006131,125088.8797221112
1008419,125088.8797221112
1008432,125088.8797221112
1008509,125088.8797221112
1008929,125088.8797221112
1009457,125088.8797221112
1010167,125088.8797221112
1010251,125088.8797221112
1010311,125088.8797221112
1011035,125088.8797221112
1011899,125088.8797221112
1013203,125088.8797221112
1013464,125088.8797221112
1013942,125088.8797221112
1014952,125088.8797221112
1015519,125088.8797221112
1018488,125088.8797221112
1018565,125088.8797221112
1018830,125088.8797221112
1019163,125088.8797221112
1019257,125088.8797221112
1019258,125088.8797221112
1022427,125088.8797221112
1023024,125088.8797221112
1024198,125088.8797221112
1024386,125088.8797221112
1024633,125088.8797221112
1065813,125088.8797221112
1066642,125088.8797221112
1066903,125088.8797221112
1068872,125088.8797221112
1071707,125088.8797221112
1072579,125088.8797221112
1072606,125088.8797221112
1073519,125088.8797221112
1073733,125088.8797221112
1074535,125088.8797221112
1075895,125088.8797221112
1076216,125088.8797221112
1076517,125088.8797221112
1076917,125088.8797221112
1077573,125088.8797221112
1078672,125088.8797221112
1080081,125088.8797221112
1080084,125088.8797221112
1080177,125088.8797221112
1080179,125088.8797221112
1080180,125088.8797221112
1080182,125088.8797221112
1080646,125088.8797221112
1081890,125088.8797221112
1082838,125088.8797221112
1082935,125088.8797221112
1083177,125088.8797221112
1083187,125088.8797221112
1093683,125088.8797221112
1094194,125088.8797221112
1097426,125088.8797221112
1098571,125088.8797221112
1102741,125088.8797221112
1102778,125088.8797221112
1224860,125088.8797221112
1224861,125088.8797221112
1224864,125088.8797221112
1224865,125088.8797221112
1224868,125088.8797221112
1224877,125088.8797221112
1229111,125088.8797221112
1229116,125088.8797221112
1229118,125088.8797221112
1235951,125088.8797221112
1235954,125088.8797221112
1236545,125088.8797221112
1236554,125088.8797221112
1236560,125088.8797221112
1239168,125088.8797221112
1239172,125088.8797221112
1239175,125088.8797221112
1239178,125088.8797221112
1239179,125088.8797221112
1239182,125088.8797221112
1239184,125088.8797221112
1241221,125088.8797221112
1241227,125088.8797221112
1241228,125088.8797221112
96029,161672.13733746883
96056,156232.64039064266
96065,150182.24637159423
96072,156232.64039064266
96079,156232.64039064266
96099,156232.64039064266
96100,156232.64039064266
96136,156232.64039064266
96137,156232.64039064266
96138,156232.64039064266
96140,156232.64039064266
96142,150177.13587113266
96143,156232.64039064266
96193,156232.64039064266
96202,150177.13587113266
96206,149820.05276204363
96207,158296.03272340784
96224,158296.03272340784
96225,158296.03272340784
96227,150177.13587113266
96302,156232.64039064266
96318,150177.13587113266
96339,152191.31721987316
96369,156232.64039064266
96417,150177.13587113266
96432,149820.05276204363
96464,156232.64039064266
96467,158094.44264132855
96471,149820.05276204363
96476,155707.13289533943
96477,155707.13289533943
96481,149434.18649994387
96486,156232.64039064266
96487,156232.64039064266
96515,149820.05276204363
96547,150177.13587113266
96571,156232.64039064266
96574,158296.03272340784
96593,161672.13733746883
96606,149820.05276204363
96648,149820.05276204363
96654,149820.05276204363
96656,158296.03272340784
96661,161672.13733746883
96662,158296.03272340784
96664,149077.10339085487
96668,158296.03272340784
96669,158296.03272340784
96672,158296.03272340784
96678,150177.13587113266
96679,150004.18498415005
96683,161672.13733746883
96713,156232.64039064266
96715,150177.13587113266
96735,156232.64039064266
96742,149261.2356129613
96750,149820.05276204363
96751,149820.05276204363
96758,149820.05276204363
96760,149820.05276204363
96762,149820.05276204363
96765,149820.05276204363
96771,149820.05276204363
96772,149820.05276204363
96782,150301.5394739936
96790,149434.18649994387
96791,150177.13587113266
96816,161672.13733746883
96819,155707.13289533943
96821,156232.64039064266
96838,156232.64039064266
96862,165301.61317463362
96863,165301.61317463362
96869,149439.29700040544
96875,149820.05276204363
96876,149820.05276204363
96896,152073.95812596855
96897,150177.13587113266
96937,149820.05276204363
96946,156232.64039064266
96952,155707.13289533943
96957,161672.13733746883
96986,149820.05276204363
96988,149820.05276204363
96990,156232.64039064266
97005,150177.13587113266
97065,150177.13587113266
97071,155707.13289533943
97077,155707.13289533943
97081,149820.05276204363
97083,156232.64039064266
97093,156232.64039064266
97097,158296.03272340784
97122,155707.13289533943
97125,158296.03272340784
97126,156232.64039064266
97127,161672.13733746883
97129,156232.64039064266
97133,150177.13587113266
97137,150177.13587113266
97139,156232.64039064266
97140,156232.64039064266
97144,156232.64039064266
97146,156232.64039064266
97148,156232.64039064266
97149,156232.64039064266
97152,156232.64039064266
97154,156232.64039064266
97155,156232.64039064266
97161,150182.24637159423
97166,150177.13587113266
97194,156232.64039064266
97210,156232.64039064266
97213,150177.13587113266
97215,150177.13587113266
97217,150177.13587113266
97224,150177.13587113266
97226,155707.13289533943
97229,150177.13587113266
97235,150301.5394739936
97250,153871.61384672622
97263,156232.64039064266
97269,149820.05276204363
97312,156232.64039064266
97318,149820.05276204363
97327,156232.64039064266
97336,149820.05276204363
97447,156232.64039064266
97449,149820.05276204363
97467,158296.03272340784
97482,150177.13587113266
97495,158296.03272340784
97527,150182.24637159423
97531,161672.13733746883
97533,156232.64039064266
97545,158296.03272340784
97550,161672.13733746883
97555,155707.13289533943
97562,155707.13289533943
97564,155707.13289533943
97565,155707.13289533943
97566,155707.13289533943
97573,156232.64039064266
97575,150177.13587113266
97578,155707.13289533943
97579,155707.13289533943
97580,155707.13289533943
97582,155707.13289533943
97583,155707.13289533943
97584,155707.13289533943
97585,155707.13289533943
97586,155707.13289533943
97589,156232.64039064266
97590,156232.64039064266
97677,156232.64039064266
97680,150177.13587113266
97681,150177.13587113266
97686,150177.13587113266
97687,150177.13587113266
97690,150177.13587113266
97692,150177.13587113266
97696,150177.13587113266
97698,150177.13587113266
97699,150177.13587113266
97701,156232.64039064266
97704,149820.05276204363
97707,149820.05276204363
97729,155707.13289533943
97807,149820.05276204363
97808,156232.64039064266
97858,149820.05276204363
97859,158296.03272340784
97861,161672.13733746883
97879,149820.05276204363
97881,149820.05276204363
97885,149820.05276204363
97888,149820.05276204363
97897,150177.13587113266
97907,149077.10339085487
97911,156232.64039064266
97914,156232.64039064266
97927,149434.18649994387
97943,149820.05276204363
97949,148566.8578725493
97967,150177.13587113266
97988,149820.05276204363
97989,149820.05276204363
97990,149820.05276204363
97991,149820.05276204363
97993,149820.05276204363
97996,149820.05276204363
97997,149820.05276204363
97998,149820.05276204363
97999,149820.05276204363
98001,149820.05276204363
98014,156232.64039064266
98016,150177.13587113266
98036,155707.13289533943
98054,155707.13289533943
98063,156232.64039064266
98082,149820.05276204363
98083,149820.05276204363
98085,156232.64039064266
98086,156232.64039064266
98087,149820.05276204363
98090,156232.64039064266
98095,156232.64039064266
98103,156115.28129673805
98108,156232.64039064266
98119,149434.18649994387
98149,148566.8578725493
98164,165301.61317463362
98167,161672.13733746883
98168,156115.28129673805
98204,155707.13289533943
98248,156232.64039064266
98249,161672.13733746883
98257,150182.24637159423
98276,153871.61384672622
98293,149820.05276204363
98301,156232.64039064266
98308,150182.24637159423
98357,164557.2605767688
98358,149820.05276204363
98366,156232.64039064266
98394,150177.13587113266
98400,150177.13587113266
98403,161672.13733746883
98412,153689.88206843403
98413,149820.05276204363
98433,156232.64039064266
98450,149077.10339085487
98451,150059.77677722805
98452,149439.29700040544
98455,158296.03272340784
98462,156232.64039064266
98475,156232.64039064266
98499,156232.64039064266
98525,161672.13733746883
98526,165301.61317463362
98528,150177.13587113266
98531,149077.10339085487
98544,149820.05276204363
98553,161672.13733746883
98573,155707.13289533943
98582,155707.13289533943
98584,155707.13289533943
98585,155707.13289533943
98589,151526.94813286245
98593,149820.05276204363
98596,149434.18649994387
98648,150177.13587113266
98652,156232.64039064266
98653,152191.31721987316
98654,155707.13289533943
98656,149434.18649994387
98710,158296.03272340784
98754,150177.13587113266
98770,149820.05276204363
98780,149820.05276204363
98781,158296.03272340784
98782,158296.03272340784
98789,150182.24637159423
98804,161672.13733746883
98822,161672.13733746883
98823,155707.13289533943
98828,156232.64039064266
98842,149434.18649994387
98843,156232.64039064266
98846,152191.31721987316
98862,161672.13733746883
98863,149820.05276204363
98869,155707.13289533943
98870,155707.13289533943
98874,155707.13289533943
98876,156232.64039064266
98878,150177.13587113266
98883,150182.24637159423
98895,156232.64039064266
98899,156232.64039064266
98900,156232.64039064266
98901,156232.64039064266
98902,156232.64039064266
98905,161672.13733746883
98929,150177.13587113266
98948,150177.13587113266
98979,149820.05276204363
99010,149434.18649994387
99022,156232.64039064266
99035,165301.61317463362
99043,156232.64039064266
99044,156232.64039064266
99048,156232.64039064266
99051,158296.03272340784
99087,156232.64039064266
99098,156232.64039064266
99102,150182.24637159423
99104,156232.64039064266
99105,156232.64039064266
99114,158296.03272340784
99148,150177.13587113266
99163,149077.10339085487
99168,156232.64039064266
99198,150177.13587113266
99200,157017.0913032118
99205,161672.13733746883
99273,150177.13587113266
99277,161672.13733746883
99292,156232.64039064266
99293,156232.64039064266
99298,149820.05276204363
99300,156232.64039064266
99304,156232.64039064266
99305,156232.64039064266
99316,150177.13587113266
99319,155707.13289533943
99341,156232.64039064266
99344,155707.13289533943
99356,149820.05276204363
99360,156232.64039064266
99361,149820.05276204363
99389,157017.0913032118
99399,150182.24637159423
99400,156232.64039064266
99401,155707.13289533943
99421,156232.64039064266
99429,149820.05276204363
99433,150177.13587113266
99436,156232.64039064266
99439,161672.13733746883
99442,161672.13733746883
99450,149077.10339085487
99451,156232.64039064266
99460,158296.03272340784
99475,156232.64039064266
99480,158296.03272340784
99483,149820.05276204363
99529,161672.13733746883
99532,150177.13587113266
99542,149820.05276204363
99575,158296.03272340784
99583,156232.64039064266
99597,155707.13289533943
99601,149820.05276204363
99603,156232.64039064266
99624,155707.13289533943
99625,149820.05276204363
99651,156232.64039064266
99655,150177.13587113266
99673,150177.13587113266
99694,149820.05276204363
99697,156232.64039064266
99698,158296.03272340784
99714,155707.13289533943
99716,156232.64039064266
99717,156232.64039064266
99718,156232.64039064266
99719,156232.64039064266
99728,156232.64039064266
99736,156232.64039064266
99739,156115.28129673805
99751,150177.13587113266
99759,165301.61317463362
99760,150177.13587113266
99761,150182.24637159423
99765,150182.24637159423
99769,139724.9344639742
99812,152865.2138165382
99817,146473.73947599385
99855,147033.09592450233
99868,92313.93069532562
99869,92313.93069532562
99874,92313.93069532562
99895,92313.93069532562
99897,152865.2138165382
99980,147714.80274101498
99982,147714.80274101498
99984,110567.83292186326
99985,145415.49815019744
99990,127372.8689051513
99991,147714.80274101498
100086,122651.94083592783
100110,152865.2138165382
100115,147714.80274101498
100118,147714.80274101498
100119,147714.80274101498
100122,147714.80274101498
100125,147714.80274101498
100126,147714.80274101498
100127,147714.80274101498
100129,147714.80274101498
100130,147714.80274101498
100134,147714.80274101498
100136,147714.80274101498
100156,132197.68874251272
100157,103956.08021612823
100169,152865.2138165382
100171,92313.93069532562
100179,102022.31962679439
100187,103637.86033865505
100192,102872.52903946636
100193,102872.52903946636
100219,124374.83742589192
100243,92313.93069532562
100244,92313.93069532562
100289,147714.80274101498
100297,147714.80274101498
100310,152865.2138165382
100312,145223.0974132258
100327,92313.93069532562
100378,92313.93069532562
100422,92313.93069532562
100447,108050.66439846219
100513,124153.6107372106
100520,101704.42203411266
100532,92313.93069532562
100534,92313.93069532562
100537,92313.93069532562
100550,94614.80776760675
100557,108050.66439846219
100564,92313.93069532562
100571,138259.38912549953
100575,142224.81403650573
100595,147508.0300100433
100596,152865.2138165382
100620,152865.2138165382
100621,152865.2138165382
100648,144469.42748979648
100652,102265.21392738255
100661,152865.2138165382
100677,130395.85930508442
100678,144637.98922570157
100681,145415.49815019744
100708,109038.51816016676
100709,109038.51816016676
100723,144637.98922570157
100730,152865.2138165382
100733,102265.21392738255
100735,102265.21392738255
100736,102265.21392738255
100744,117541.85803147557
100755,102265.21392738255
100774,92313.93069532562
100800,102872.52903946636
100805,92313.93069532562
100812,138259.38912549953
100813,139255.82611956715
100819,103637.86033865505
100821,152865.2138165382
100866,127372.8689051513
100906,152865.2138165382
100942,144469.42748979648
100950,92313.93069532562
101142,146781.664741918
101185,92313.93069532562
101191,152865.2138165382
101193,147714.80274101498
101283,92313.93069532562
101287,92313.93069532562
101300,147714.80274101498
101308,93186.11239724449
101316,94614.80776760675
101318,147714.80274101498
101326,92313.93069532562
101402,142452.08681124568
101456,103637.86033865505
101469,96232.76919175086
101478,142412.5623176128
101486,147508.0300100433
101499,148264.81364686738
101501,94614.80776760675
101506,139255.82611956715
101512,92313.93069532562
101514,103637.86033865505
101515,103637.86033865505
101527,92313.93069532562
101552,103637.86033865505
101571,92313.93069532562
101583,92313.93069532562
101600,92313.93069532562
101601,92313.93069532562
101603,92313.93069532562
101614,92313.93069532562
101619,144469.42748979648
101642,102872.52903946636
101673,92313.93069532562
101680,152368.11807681673
101694,102265.21392738255
101702,102265.21392738255
101707,148264.81364686738
101720,109038.51816016676
101755,92313.93069532562
101770,107737.38633742463
101780,143157.9520356027
101785,92313.93069532562
101817,138259.38912549953
101913,92313.93069532562
101915,94614.80776760675
101919,98198.54884915633
101976,95962.02588186155
101987,92313.93069532562
102114,94614.80776760675
102116,142476.24521909005
102197,147714.80274101498
102198,102872.52903946636
102217,142476.24521909005
102252,139255.82611956715
102299,147714.80274101498
102330,102265.21392738255
102350,102265.21392738255
102352,102265.21392738255
102353,102265.21392738255
102404,92313.93069532562
102405,92313.93069532562
102415,94614.80776760675
102420,140307.35894947418
102442,92313.93069532562
102475,142412.5623176128
102479,143157.9520356027
102511,144637.98922570157
102568,92313.93069532562
102580,139310.92195540655
102593,142476.24521909005
102598,102265.21392738255
102607,92313.93069532562
102637,94614.80776760675
102792,96232.76919175086
102794,96232.76919175086
102837,104654.5979755141
102890,110026.91795663408
102905,94614.80776760675
102910,92313.93069532562
102922,92313.93069532562
102985,102999.72713609162
103028,94614.80776760675
103115,92313.93069532562
103132,102265.21392738255
103138,110026.91795663408
103179,118550.74271052115
103199,100865.56238503176
103244,102265.21392738255
103246,102265.21392738255
103276,148264.81364686738
103283,107737.38633742463
103313,107893.64751717959
103362,142724.87820639755
103392,147714.80274101498
103395,92313.93069532562
103428,127372.8689051513
103436,124374.83742589192
103463,92313.93069532562
103493,124572.66562729757
103495,144469.42748979648
103498,144469.42748979648
103504,136628.788742001
103524,146894.09908037982
103527,144469.42748979648
103530,127872.93307504311
103532,135794.48032506957
103534,130100.85529371265
103540,135794.48032506957
103547,128054.96495252775
103555,135493.70136909085
103556,143291.2320288494
103557,134874.71389430983
103567,138020.9014230935
103568,135694.70542104507
103571,136762.37351709456
103577,136497.19643450459
103578,136628.788742001
103579,136248.56344719708
103595,135818.73703748116
103601,130688.26757085072
103603,136628.788742001
103604,136628.788742001
103608,135829.23551799761
103614,136119.51599345985
103620,135794.48032506957
103625,136628.788742001
103627,136368.14898076735
103678,136628.788742001
103679,136628.788742001
103685,143122.67029294427
103716,141937.02484472012
103720,136628.788742001
103778,136628.788742001
103780,132819.93025970683
103785,132819.93025970683
103787,136380.1557546935
103815,129167.7172946157
103816,136940.5641169994
103821,128239.06313813466
103836,128239.06313813466
103845,134658.25774289825
103851,136607.08100568014
103858,136628.788742001
103859,145888.47512204904
103862,138020.9014230935
103866,136380.1557546935
103873,135818.73703748116
103876,128306.00690424824
103879,136368.14898076735
103885,136380.1557546935
103889,136380.1557546935
103898,136368.14898076735
103899,136628.788742001
103909,136497.19643450459
103911,136628.788742001
103920,136380.1557546935
103927,136497.19643450459
103933,136940.5641169994
103946,136628.788742001
103949,136628.788742001
103950,136607.08100568014
103965,135818.73703748116
103997,125187.29324747527
104017,136368.14898076735
104028,135348.9073381929
104068,133653.30895458718
104077,136628.788742001
104098,136607.08100568014
104099,136628.788742001
104103,135818.73703748116
104135,127980.13486564839
104141,128003.02679519198
104148,136628.788742001
104149,136486.5113110105
104151,136628.788742001
104154,136628.788742001
104161,136628.788742001
104163,122756.45410765789
104165,136628.788742001
104195,136628.788742001
104205,136940.5641169994
104218,145025.84843546862
104238,135493.70136909085
104245,136940.5641169994
104248,136628.788742001
104252,137863.7706913311
104265,136628.788742001
104266,136248.56344719708
104273,146536.9512450746
104274,133653.30895458718
104286,132819.93025970683
104290,133653.30895458718
104293,132819.93025970683
104299,135673.9430065832
104309,135673.9430065832
104326,136940.5641169994
104345,133647.8055178693
104359,128239.06313813466
104368,136628.788742001
104379,148264.81364686738
104381,128239.06313813466
104403,135818.73703748116
104414,135829.23551799761
104417,138020.9014230935
104419,124572.66562729757
104431,147814.77840085732
104439,136055.1200863032
104445,128306.00690424824
104447,124572.66562729757
104451,147938.94160826755
104454,136055.1200863032
104456,134549.67822591952
104465,136628.788742001
104473,136628.788742001
104489,134742.69057559813
104492,127624.30008773561
104513,132907.46950464847
104517,136497.19643450459
104519,134549.67822591952
104523,136380.1557546935
104524,127321.65839254316
104526,134549.67822591952
104533,136628.788742001
104538,136368.14898076735
104539,136368.14898076735
104545,135829.23551799761
104561,133653.30895458718
104598,133653.30895458718
104599,133653.30895458718
104611,134742.69057559813
104613,135829.23551799761
104623,136628.788742001
104627,148264.81364686738
104628,128978.85526874539
104629,148264.81364686738
104630,148264.81364686738
104640,148264.81364686738
104641,148264.81364686738
104642,148264.81364686738
104665,134549.67822591952
104804,147060.5885502284
104847,144469.42748979648
104861,136248.56344719708
104862,136940.5641169994
104863,136248.56344719708
104896,136762.37351709456
104899,124572.66562729757
104901,136055.1200863032
104906,136055.1200863032
104922,128239.06313813466
104924,136628.788742001
104925,128239.06313813466
104930,136055.1200863032
104935,132963.9610016752
104936,134053.99648496782
104964,136628.788742001
104965,136628.788742001
104970,148264.81364686738
104973,148264.81364686738
104975,136628.788742001
104979,136055.1200863032
104995,136628.788742001
104996,136628.788742001
104998,129167.7172946157
104999,129167.7172946157
105000,129167.7172946157
105024,136628.788742001
105029,136607.08100568014
105037,136607.08100568014
105038,148264.81364686738
105039,136628.788742001
105049,147938.94160826755
105057,136628.788742001
105061,136628.788742001
105065,136497.19643450459
105076,136628.788742001
105091,124572.66562729757
105116,136368.14898076735
105136,136628.788742001
105143,136628.788742001
105151,148264.81364686738
105160,135818.73703748116
105162,143972.17699819282
105170,136281.20896708028
105172,136940.5641169994
105179,128054.96495252775
105184,136628.788742001
105185,126081.11497920845
105197,136380.1557546935
105202,147060.5885502284
105231,145521.54997326047
105232,164159.71716179457
105235,136628.788742001
105249,136080.66670058193
105258,129167.7172946157
105259,133647.8055178693
105272,136628.788742001
105287,135493.70136909085
105293,136380.1557546935
105304,136368.14898076735
105314,136628.788742001
105315,136628.788742001
105328,136628.788742001
105341,136762.37351709456
105344,136628.788742001
105349,136628.788742001
105350,148120.8532239169
105351,136628.788742001
105362,128239.06313813466
105376,136628.788742001
105386,128306.00690424824
105392,147446.7486510975
105401,130100.85529371265
105409,136368.14898076735
105414,128239.06313813466
105418,147938.94160826755
105419,125667.55068502639
105425,136628.788742001
105440,135807.8518934068
105447,135818.73703748116
105448,135818.73703748116
105452,144469.42748979648
105463,136762.37351709456
105464,136628.788742001
105465,136607.08100568014
105524,130100.85529371265
105526,136380.1557546935
105531,145438.2645278133
105536,144469.42748979648
105557,132819.93025970683
105633,136628.788742001
105635,128306.00690424824
105637,133899.71211062605
105674,136628.788742001
105681,145134.2852714201
105703,148264.81364686738
105704,148264.81364686738
105705,148264.81364686738
105706,136248.56344719708
105711,136248.56344719708
105712,136248.56344719708
105719,136628.788742001
105728,133653.30895458718
105734,124572.66562729757
105735,143972.17699819282
105745,136628.788742001
105749,144143.5554511966
105764,120643.56012324506
105765,144469.42748979648
105768,136628.788742001
105772,136628.788742001
105778,136281.20896708028
105779,136486.5113110105
105785,133653.30895458718
105790,128306.00690424824
105806,136628.788742001
105827,124572.66562729757
105831,148264.81364686738
105845,136762.37351709456
105848,135807.8518934068
105852,128239.06313813466
105865,148264.81364686738
105874,136940.5641169994
105906,136762.37351709456
105910,148264.81364686738
105915,135818.73703748116
105929,135818.73703748116
105945,145589.02980246418
105946,136940.5641169994
105947,135818.73703748116
105948,136628.788742001
105954,136368.14898076735
105990,136628.788742001
106000,133653.30895458718
106016,136281.20896708028
106030,135818.73703748116
106034,136368.14898076735
106035,135818.73703748116
106040,145880.31010968352
106074,136055.1200863032
106139,133653.30895458718
106142,136940.5641169994
106155,136628.788742001
106168,145134.2852714201
106177,144469.42748979648
106183,136940.5641169994
106184,125851.6488706333
106185,136368.14898076735
106201,136940.5641169994
106215,136628.788742001
106233,136940.5641169994
106235,136497.19643450459
106236,136080.66670058193
106239,136628.788742001
106241,145025.84843546862
106242,145025.84843546862
106243,133653.30895458718
106254,148264.81364686738
106259,135818.73703748116
106263,136940.5641169994
106281,145888.47512204904
106282,145880.31010968352
106292,136628.788742001
106294,138020.9014230935
106343,128528.46900002233
106356,136628.788742001
106359,136940.5641169994
106360,124572.66562729757
106362,136628.788742001
106390,135818.73703748116
106391,129326.0918590052
106398,127359.62999554427
106442,129167.7172946157
106449,136486.5113110105
106456,136281.20896708028
106458,133653.30895458718
106467,136628.788742001
106512,130100.85529371265
106522,136628.788742001
106565,148264.81364686738
106572,136628.788742001
106579,133237.13855509303
106587,136762.37351709456
106591,126899.95320233516
106599,148264.81364686738
106604,136368.14898076735
106618,136628.788742001
106647,148938.91821968678
106654,143641.55223163395
106665,136628.788742001
106668,148938.91821968678
106678,126899.95320233516
106685,133899.71211062605
106707,136628.788742001
106727,136628.788742001
106760,129607.003454624
106776,138957.12037853
106780,138957.12037853
106781,127272.25955041512
106783,129607.003454624
106784,129607.003454624
106790,129607.003454624
106792,129607.003454624
106819,128023.04852138866
106835,139274.72415293127
106845,138957.12037853
106849,138957.12037853
106857,139274.72415293127
106858,129607.003454624
106860,127272.25955041512
106862,129607.003454624
106871,129607.003454624
106881,129607.003454624
106896,139274.72415293127
106900,124946.87062419181
106902,128253.5281623882
106907,139274.72415293127
106918,129607.003454624
106925,126579.17329706543
106927,128253.5281623882
106929,129607.003454624
106934,126579.17329706543
106948,128253.5281623882
106949,138957.12037853
106951,138957.12037853
106954,126579.17329706543
106965,139274.72415293127
106975,129607.003454624
106990,126954.65577601384
106992,130360.40208261553
107003,129607.003454624
107004,138957.12037853
107015,126954.65577601384
107016,128253.5281623882
107035,128253.5281623882
107058,138957.12037853
107062,125264.47439859308
107071,129607.003454624
107086,138957.12037853
107093,139274.72415293127
107100,128253.5281623882
107122,129607.003454624
107268,129607.003454624
107275,128454.04681263283
107357,129607.003454624
107361,138957.12037853
107393,126954.65577601384
107395,129607.003454624
107412,139274.72415293127
107416,129607.003454624
107428,124946.87062419181
107452,139274.72415293127
107454,129607.003454624
107464,129607.003454624
107467,129607.003454624
107469,139274.72415293127
107470,139274.72415293127
107472,140645.86452734622
107473,140645.86452734622
107487,129607.003454624
107489,127771.93013302796
107495,129607.003454624
107497,138569.79724063328
107501,129607.003454624
107506,138957.12037853
107510,138957.12037853
107520,128253.5281623882
107551,129607.003454624
107556,128253.5281623882
107572,128253.5281623882
107584,128253.5281623882
107594,129607.003454624
107595,127982.82535935358
107601,128253.5281623882
107614,128253.5281623882
107616,139274.72415293127
107617,139274.72415293127
107619,139274.72415293127
107621,139274.72415293127
107650,139274.72415293127
107656,129607.003454624
107678,128451.39219899132
107680,138957.12037853
107684,128253.5281623882
107687,128253.5281623882
107690,138957.12037853
107692,138957.12037853
107693,138957.12037853
107694,138957.12037853
107695,138957.12037853
107702,126954.65577601384
107712,129607.003454624
107718,129607.003454624
107722,127272.25955041512
107757,138957.12037853
107762,138957.12037853
107769,138957.12037853
107770,138957.12037853
107771,129607.003454624
107776,139274.72415293127
107778,129607.003454624
107788,138957.12037853
107792,126954.65577601384
107812,128451.39219899132
107831,138957.12037853
107832,129607.003454624
107863,138957.12037853
107871,139274.72415293127
107873,139274.72415293127
107874,139274.72415293127
107875,139274.72415293127
107906,129607.003454624
107915,139274.72415293127
107916,139274.72415293127
107917,139274.72415293127
107918,139274.72415293127
107919,139274.72415293127
107920,139274.72415293127
107998,129607.003454624
108021,138957.12037853
108137,138957.12037853
108190,129607.003454624
108231,139274.72415293127
108235,139274.72415293127
108237,139274.72415293127
108246,129607.003454624
108272,129607.003454624
108277,138957.12037853
108281,138569.79724063328
108283,138957.12037853
108285,128253.5281623882
108340,139274.72415293127
108343,139274.72415293127
108401,129607.003454624
108406,139274.72415293127
108408,138957.12037853
108410,128451.39219899132
108429,129607.003454624
108444,138957.12037853
108447,138957.12037853
108465,129607.003454624
108468,126579.17329706543
108479,138957.12037853
108496,138957.12037853
108505,129607.003454624
108512,126954.65577601384
108518,139274.72415293127
108519,138957.12037853
108524,126954.65577601384
108527,129607.003454624
108528,129607.003454624
108545,128253.5281623882
108548,129607.003454624
108551,129607.003454624
108557,129607.003454624
108558,129607.003454624
108574,129607.003454624
108580,129607.003454624
108581,139274.72415293127
108589,128454.04681263283
108654,128454.04681263283
108658,129607.003454624
108757,138957.12037853
108771,139274.72415293127
108778,139274.72415293127
108802,129808.28279083416
108814,129607.003454624
108816,138569.79724063328
108817,129607.003454624
108832,129607.003454624
108855,139274.72415293127
108867,129808.28279083416
108886,126954.65577601384
108900,126954.65577601384
108916,138957.12037853
108948,139274.72415293127
108960,129607.003454624
108962,127272.25955041512
108983,139274.72415293127
108984,139274.72415293127
108992,129607.003454624
108993,138957.12037853
109002,138081.65330000757
109051,129607.003454624
109135,126658.81230277852
109157,126954.65577601384
109160,129607.003454624
109175,139274.72415293127
109189,138957.12037853
109236,138957.12037853
109250,129607.003454624
109251,129607.003454624
109254,124946.87062419181
109323,128463.39906015847
109368,138957.12037853
109384,125555.1916977189
109388,126954.65577601384
109389,139274.72415293127
109414,127272.25955041512
109434,138957.12037853
109448,138957.12037853
109454,139274.72415293127
109455,129607.003454624
109456,139274.72415293127
109478,139274.72415293127
109488,129607.003454624
109499,128253.5281623882
109504,129607.003454624
109509,129607.003454624
109523,127488.19247199156
109524,127488.19247199156
109525,127488.19247199156
109526,127488.19247199156
109534,129607.003454624
109546,128253.5281623882
109566,128463.39906015847
109570,140645.86452734622
109577,138957.12037853
109586,138957.12037853
109589,127272.25955041512
109597,139274.72415293127
109608,126839.57766285028
109624,126839.57766285028
109633,149434.18649994387
109634,126839.57766285028
109650,141949.4739756914
109651,141949.4739756914
109653,150177.13587113266
109654,150177.13587113266
109656,147286.99363517587
109658,150177.13587113266
109659,126839.57766285028
109661,126839.57766285028
109667,150177.13587113266
109672,150177.13587113266
109673,150177.13587113266
109674,150177.13587113266
109675,150177.13587113266
109690,150177.13587113266
109698,126839.57766285028
109703,149434.18649994387
109710,135242.01042977313
109711,148549.15824485972
109724,148566.8578725493
109729,150177.13587113266
109736,126634.50284440402
109777,148969.28131269498
109778,148566.8578725493
109779,150109.7703819808
109780,132836.5660618617
109781,148549.15824485972
109794,150177.13587113266
109860,148549.15824485972
109861,126839.57766285028
109867,150177.13587113266
109868,150177.13587113266
109876,150177.13587113266
109891,122047.30551162269
109896,141949.4739756914
109903,148969.28131269498
109905,150177.13587113266
109915,150177.13587113266
109925,126274.40325827131
109959,148797.42099840293
109962,147286.99363517587
109985,150109.7703819808
109986,150109.7703819808
110001,148797.42099840293
110013,149434.18649994387
110024,149434.18649994387
110041,130583.82475361796
110055,150177.13587113266
110056,150177.13587113266
110060,150177.13587113266
110065,148566.8578725493
110079,138712.93875976617
110092,150177.13587113266
110099,148874.94370332637
110108,126634.50284440402
110121,150177.13587113266
110130,149434.18649994387
110132,150177.13587113266
110135,150177.13587113266
110136,150177.13587113266
110137,150177.13587113266
110138,150177.13587113266
110139,150177.13587113266
110148,150177.13587113266
110150,150177.13587113266
110158,150177.13587113266
110160,131379.7449022203
110161,131379.7449022203
110180,149434.18649994387
110223,126839.57766285028
110226,150177.13587113266
110236,130583.82475361796
110248,150177.13587113266
110295,135242.01042977313
110319,131379.7449022203
110327,148566.8578725493
110330,150059.77677722805
110335,150177.13587113266
110345,149434.18649994387
110348,126839.57766285028
110349,126839.57766285028
110351,148969.28131269498
110355,149434.18649994387
110365,148797.42099840293
110380,132836.5660618617
110387,150177.13587113266
110392,150177.13587113266
110393,132836.5660618617
110403,131379.7449022203
110452,149434.18649994387
110462,148969.28131269498
110538,150109.7703819808
110626,150109.7703819808
110628,150109.7703819808
110631,126839.57766285028
110642,150177.13587113266
110672,126274.40325827131
110695,150109.7703819808
110698,126839.57766285028
110716,150177.13587113266
110725,150177.13587113266
110733,126274.40325827131
110742,148566.8578725493
110743,147286.99363517587
110747,141949.4739756914
110758,141949.4739756914
110769,150177.13587113266
110780,126839.57766285028
110790,126274.40325827131
110791,126274.40325827131
110792,159237.7499404461
110795,126274.40325827131
110796,125677.26707887856
110797,125677.26707887856
110798,126839.57766285028
110803,150177.13587113266
110807,150109.7703819808
110817,150177.13587113266
110824,126274.40325827131
110854,150177.13587113266
110872,148566.8578725493
110875,126839.57766285028
110883,148566.8578725493
110902,148797.42099840293
110903,149677.2431442149
110912,149434.18649994387
110914,150177.13587113266
110923,130583.82475361796
110934,150177.13587113266
110938,138712.93875976617
110939,138712.93875976617
110945,150177.13587113266
110948,149557.79615626144
110949,149557.79615626144
110964,132836.5660618617
110980,126634.50284440402
110983,126839.57766285028
110992,150177.13587113266
110993,150177.13587113266
110999,150177.13587113266
111000,150177.13587113266
111001,150177.13587113266
111003,150177.13587113266
111005,150177.13587113266
111008,150177.13587113266
111009,150177.13587113266
111014,131379.7449022203
111018,150177.13587113266
111023,131379.7449022203
111031,138712.93875976617
111035,150177.13587113266
111054,122966.11008102905
111059,150177.13587113266
111079,131379.7449022203
111113,150177.13587113266
111114,150177.13587113266
111117,150177.13587113266
111118,150177.13587113266
111119,150177.13587113266
111120,150177.13587113266
111122,150177.13587113266
111123,150177.13587113266
111124,150177.13587113266
111125,150177.13587113266
111127,150177.13587113266
111129,130583.82475361796
111143,149434.18649994387
111147,150177.13587113266
111148,150177.13587113266
111166,132836.5660618617
111167,150177.13587113266
111168,150177.13587113266
111191,126839.57766285028
111196,126274.40325827131
111197,126274.40325827131
111199,130583.82475361796
111208,150177.13587113266
111216,136758.9760383614
111252,147286.99363517587
111255,131379.7449022203
111319,150177.13587113266
111384,150177.13587113266
111386,147286.99363517587
111388,150177.13587113266
111389,150177.13587113266
111394,148797.42099840293
111395,148797.42099840293
111435,148797.42099840293
111446,117134.45722362577
111457,150109.7703819808
111459,150177.13587113266
111463,150177.13587113266
111477,150109.7703819808
111496,126839.57766285028
111506,150177.13587113266
111507,131015.15009269159
111510,126274.40325827131
111512,125677.26707887856
111523,150109.7703819808
111530,159237.7499404461
111531,150177.13587113266
111534,149434.18649994387
111538,126274.40325827131
111554,149434.18649994387
111573,150177.13587113266
111590,150177.13587113266
111598,150177.13587113266
111608,150177.13587113266
111611,148566.8578725493
111621,148566.8578725493
111628,150177.13587113266
111629,150177.13587113266
111633,134385.39698342496
111636,150177.13587113266
111637,150177.13587113266
111658,150177.13587113266
111665,159237.7499404461
111697,150177.13587113266
111703,150177.13587113266
111774,132836.5660618617
111775,150177.13587113266
111820,132670.02969177137
111839,126839.57766285028
111846,150177.13587113266
111850,149701.58225633606
111856,135242.01042977313
111860,150177.13587113266
111865,121565.22328198692
111883,150177.13587113266
111884,150177.13587113266
111885,150177.13587113266
111894,150177.13587113266
111915,140554.93619303938
111924,148969.28131269498
111939,149557.79615626144
111954,148797.42099840293
111965,131379.7449022203
111970,150177.13587113266
111976,131379.7449022203
111987,150177.13587113266
111988,150177.13587113266
112051,148874.94370332637
112063,150177.13587113266
112068,148874.94370332637
112075,126839.57766285028
112157,141949.4739756914
112162,150177.13587113266
112163,150177.13587113266
112227,150177.13587113266
112230,150177.13587113266
112247,148874.94370332637
112271,150109.7703819808
112297,148154.32226257047
112315,126839.57766285028
112335,155707.13289533943
112353,155707.13289533943
112355,158296.03272340784
112367,156088.33596114197
112375,155707.13289533943
112378,155707.13289533943
112388,156833.65357050652
112412,199855.20820813914
112424,158533.73579312486
112431,156088.33596114197
112465,155707.13289533943
112466,155707.13289533943
112474,155707.13289533943
112486,156088.33596114197
112510,154985.18441730362
112511,156088.33596114197
112512,154633.22943546408
112657,156626.83585746895
112663,156626.83585746895
112673,156088.33596114197
112680,156088.33596114197
112681,155707.13289533943
112694,158296.03272340784
112696,154633.22943546408
112713,154633.22943546408
112716,198114.54689063606
112718,198114.54689063606
112720,154633.22943546408
112726,154633.22943546408
112744,154633.22943546408
112748,154633.22943546408
112755,154355.08914409735
112757,158296.03272340784
112780,154355.08914409735
112793,161535.1427188077
112796,156626.83585746895
112816,175140.891552805
112822,156088.33596114197
112823,156088.33596114197
112825,156088.33596114197
112828,158296.03272340784
112851,158533.73579312486
112872,156088.33596114197
112874,158296.03272340784
112921,158066.55847512707
112925,156088.33596114197
112926,156366.4762525087
112928,156088.33596114197
112929,156088.33596114197
112930,156088.33596114197
112933,158533.73579312486
112938,157807.8215337014
112960,156833.65357050652
112963,156833.65357050652
112970,156833.65357050652
112974,158296.03272340784
112986,156088.33596114197
112987,156088.33596114197
113022,156833.65357050652
113037,156088.33596114197
113109,155208.1506965083
113113,156088.33596114197
113114,156088.33596114197
113163,154355.08914409735
113169,156088.33596114197
113181,201431.08550655097
113206,156088.33596114197
113207,156088.33596114197
113230,156088.33596114197
113231,158296.03272340784
113246,156088.33596114197
113248,156088.33596114197
113313,155707.13289533943
113314,155707.13289533943
113315,155707.13289533943
113320,154633.22943546408
113322,154633.22943546408
113323,154633.22943546408
113326,154633.22943546408
113329,154633.22943546408
113465,158296.03272340784
113468,155707.13289533943
113478,155208.1506965083
113488,156088.33596114197
113491,156088.33596114197
113503,154355.08914409735
113552,143430.89861215092
113568,155707.13289533943
113608,154633.22943546408
113613,156088.33596114197
113616,154355.08914409735
113617,154355.08914409735
113630,154633.22943546408
113644,156088.33596114197
113645,156088.33596114197
113657,158296.03272340784
113662,158296.03272340784
113668,175140.891552805
113703,154633.22943546408
113704,154633.22943546408
113706,158296.03272340784
113711,156088.33596114197
113750,156088.33596114197
113752,154355.08914409735
113762,158296.03272340784
113804,156088.33596114197
113809,158533.73579312486
113813,156088.33596114197
113831,156088.33596114197
113871,156088.33596114197
113884,156833.65357050652
113888,154355.08914409735
113890,154355.08914409735
113909,199855.20820813914
113922,158296.03272340784
113950,156088.33596114197
113957,158296.03272340784
113995,183561.76547169237
114001,199855.20820813914
114002,199855.20820813914
114007,156088.33596114197
114030,154633.22943546408
114031,154633.22943546408
114139,156088.33596114197
114172,155707.13289533943
114187,156088.33596114197
114200,154355.08914409735
114204,156088.33596114197
114217,156088.33596114197
114242,156088.33596114197
114253,159232.42688956083
114266,156088.33596114197
114276,154633.22943546408
114334,154633.22943546408
114335,154633.22943546408
114336,154633.22943546408
114337,201431.08550655097
114377,175140.891552805
114379,158296.03272340784
114396,156088.33596114197
114401,156088.33596114197
114405,156088.33596114197
114407,156088.33596114197
114431,156088.33596114197
114432,156088.33596114197
114440,155100.4067534619
114449,156088.33596114197
114454,156833.65357050652
114458,157788.41818376034
114461,154633.22943546408
114468,158533.73579312486
114560,154633.22943546408
114619,156088.33596114197
114634,154355.08914409735
114649,155707.13289533943
114650,155707.13289533943
114658,154355.08914409735
114661,158533.73579312486
114676,156088.33596114197
114684,158296.03272340784
114688,161686.75780357068
114690,158296.03272340784
114698,158296.03272340784
114702,154633.22943546408
114711,159828.81971127095
114717,154633.22943546408
114721,154355.08914409735
114728,156088.33596114197
114732,154355.08914409735
114736,156088.33596114197
114748,156366.4762525087
114764,158296.03272340784
114780,154633.22943546408
114781,154175.47616037412
114790,154355.08914409735
114804,154633.22943546408
114809,158533.73579312486
114812,180887.0102159937
114816,156833.65357050652
114839,154355.08914409735
114847,156088.33596114197
114884,158066.55847512707
114886,157788.41818376034
114887,157788.41818376034
114893,158296.03272340784
114904,131203.36142104227
114941,117156.70939018419
114950,132356.3117643193
114969,136055.1200863032
114993,128759.50025003911
114997,128911.17036289428
115004,136055.1200863032
115020,131356.29521572645
115025,101663.2908329255
115027,133780.60654794401
115078,133332.7477146226
115080,133332.7477146226
115081,133332.7477146226
115082,133332.7477146226
115085,133332.7477146226
115086,133332.7477146226
115087,133332.7477146226
115088,133332.7477146226
115093,136055.1200863032
115098,115501.43829287888
115099,115501.43829287888
115100,115501.43829287888
115178,94614.80776760675
115179,94614.80776760675
115181,94614.80776760675
115243,136055.1200863032
115261,100346.45009534419
115279,101663.2908329255
115316,95947.28570643414
115318,95947.28570643414
115360,128052.69488866784
115394,116050.61973991343
115403,128911.17036289428
115408,101663.2908329255
115412,94614.80776760675
115417,94614.80776760675
115418,94614.80776760675
115422,94614.80776760675
115479,136055.1200863032
115480,136055.1200863032
115481,136055.1200863032
115482,136055.1200863032
115483,136055.1200863032
115485,136055.1200863032
115488,136055.1200863032
115505,94614.80776760675
115506,94614.80776760675
115507,94614.80776760675
115508,94614.80776760675
115509,94614.80776760675
115510,94614.80776760675
115511,94614.80776760675
115512,94614.80776760675
115514,94614.80776760675
115515,94614.80776760675
115516,94614.80776760675
115517,94614.80776760675
115528,94614.80776760675
115536,94614.80776760675
115537,94614.80776760675
115538,94614.80776760675
115539,94614.80776760675
115541,94614.80776760675
115542,94614.80776760675
115543,94614.80776760675
115544,94614.80776760675
115545,94614.80776760675
115548,100346.45009534419
115551,94614.80776760675
115552,94614.80776760675
115553,94614.80776760675
115554,94614.80776760675
115555,94614.80776760675
115559,115501.43829287888
115597,115501.43829287888
115598,115501.43829287888
115642,94614.80776760675
115652,101663.2908329255
115780,100346.45009534419
115818,94614.80776760675
115896,94614.80776760675
115898,94614.80776760675
115900,94614.80776760675
115902,94614.80776760675
115910,136055.1200863032
115927,94614.80776760675
115980,136055.1200863032
115983,136055.1200863032
116008,95947.28570643414
116056,101663.2908329255
116064,95947.28570643414
116065,95947.28570643414
116066,95947.28570643414
116067,95947.28570643414
116068,95947.28570643414
116069,95947.28570643414
116071,95947.28570643414
116072,95947.28570643414
116094,101663.2908329255
116099,94614.80776760675
116105,132250.4568793609
116152,136055.1200863032
116154,136055.1200863032
116173,94614.80776760675
116174,94614.80776760675
116175,94614.80776760675
116176,94614.80776760675
116178,94614.80776760675
116179,94614.80776760675
116189,94614.80776760675
116190,94614.80776760675
116196,94614.80776760675
116197,94614.80776760675
116198,94614.80776760675
116199,94614.80776760675
116205,115501.43829287888
116269,101663.2908329255
116350,100346.45009534419
116434,100346.45009534419
116435,94614.80776760675
116446,100346.45009534419
116471,132250.4568793609
116501,95947.28570643414
116506,95947.28570643414
116507,95947.28570643414
116508,95947.28570643414
116509,95947.28570643414
116547,94614.80776760675
116562,100346.45009534419
116581,115501.43829287888
116634,100346.45009534419
116635,100346.45009534419
116661,95947.28570643414
116675,117156.70939018419
116690,133236.5985488057
116706,100346.45009534419
116787,94614.80776760675
116890,94614.80776760675
116909,100346.45009534419
116920,112361.4013658051
116926,126954.65577601384
116932,122713.19424185171
116934,125207.2749899767
116937,135678.0251100637
116940,135678.0251100637
116941,135678.0251100637
116942,135678.0251100637
116944,135678.0251100637
116945,124946.87062419181
116947,122897.95312219026
116948,122897.95312219026
116950,138957.12037853
116957,126954.65577601384
116958,126954.65577601384
116959,126954.65577601384
116960,111766.31590012093
116981,122225.03783642773
116988,111766.31590012093
116992,113043.20066516062
117046,126954.65577601384
117055,122713.19424185171
117076,123055.17600283836
117077,123055.17600283836
117078,123055.17600283836
117093,125470.75167824514
117127,122713.19424185171
117128,122713.19424185171
117137,124946.87062419181
117140,126954.65577601384
117145,138957.12037853
117174,124946.87062419181
117188,138957.12037853
117201,126954.65577601384
117212,125470.75167824514
117216,129591.52204162626
117220,122713.19424185171
117222,122713.19424185171
117224,122713.19424185171
117225,122713.19424185171
117226,122713.19424185171
117227,112361.4013658051
117232,122713.19424185171
117236,122839.68093245922
117238,135493.70136909085
117239,111432.26014333015
117245,113043.20066516062
117246,126954.65577601384
117247,126954.65577601384
117253,126954.65577601384
117263,122897.95312219026
117265,125207.2749899767
117272,112361.4013658051
117275,125470.75167824514
117278,122225.03783642773
117288,126954.65577601384
117290,113043.20066516062
117313,124322.68031706373
117317,122579.27656667434
117318,122579.27656667434
117325,122579.27656667434
117326,122579.27656667434
117328,122579.27656667434
117331,122225.03783642773
117333,122225.03783642773
117335,122225.03783642773
117345,122225.03783642773
117346,122225.03783642773
117349,135678.0251100637
117359,113314.89605548905
117365,122713.19424185171
117374,126954.65577601384
117416,105379.47547130389
117511,114708.9003114775
117513,124313.614436768
117514,122579.27656667434
117589,113993.4940207441
117619,122713.19424185171
117632,124578.09905844236
117680,112938.54231003945
117682,112938.54231003945
117688,111690.44393148644
117714,122839.68093245922
117716,114501.46994161012
117718,112938.54231003945
117719,114501.46994161012
117746,122839.68093245922
117750,135678.0251100637
117752,118414.48291159006
117759,125207.2749899767
117772,111766.31590012093
117777,138957.12037853
117785,112690.90469739269
117788,118414.48291159006
117796,135493.70136909085
117797,124946.87062419181
117803,114708.9003114775
117808,118734.06329858236
117810,124725.89578911575
117821,126954.65577601384
117846,126954.65577601384
117847,126954.65577601384
117848,126954.65577601384
117849,126954.65577601384
117850,126954.65577601384
117851,126954.65577601384
117853,112690.90469739269
117875,125014.39157283671
117888,137304.92762951605
117900,114734.91840441749
117903,124946.87062419181
117906,117899.25564027183
117917,123591.68327581877
117918,125207.2749899767
117919,125207.2749899767
117925,124317.67411225634
117927,124322.68031706373
117931,118734.06329858236
117935,138957.12037853
117945,126954.65577601384
117953,124946.87062419181
117956,122225.03783642773
117964,113043.20066516062
117965,113043.20066516062
117966,113043.20066516062
117967,113043.20066516062
117968,113043.20066516062
117969,113043.20066516062
117970,113043.20066516062
117974,113043.20066516062
117984,122839.68093245922
117999,124313.614436768
118001,126954.65577601384
118006,122839.68093245922
118010,125285.28647687443
118020,126954.65577601384
118023,125014.39157283671
118027,119231.49139461016
118030,138957.12037853
118048,113432.0155464378
118049,122839.68093245922
118056,122839.68093245922
118060,125470.75167824514
118061,121857.34540572511
118062,126954.65577601384
118067,112361.4013658051
118091,122713.19424185171
118094,122713.19424185171
118095,112361.4013658051
118096,122713.19424185171
118097,122713.19424185171
118098,122713.19424185171
118099,112361.4013658051
118100,122713.19424185171
118101,122713.19424185171
118104,122839.68093245922
118109,134199.9289102705
118116,112690.90469739269
118118,112690.90469739269
118125,126954.65577601384
118126,126954.65577601384
118130,126954.65577601384
118132,126954.65577601384
118133,126954.65577601384
118141,126954.65577601384
118148,122897.95312219026
118149,122897.95312219026
118151,112361.4013658051
118157,125207.2749899767
118163,117709.6071383467
118165,135493.70136909085
118168,126954.65577601384
118169,126954.65577601384
118170,126954.65577601384
118178,126954.65577601384
118180,124946.87062419181
118182,124946.87062419181
118186,122897.95312219026
118192,138957.12037853
118196,112361.4013658051
118198,135493.70136909085
118209,112371.32431040039
118218,122579.27656667434
118229,122225.03783642773
118230,122225.03783642773
118244,113314.89605548905
118250,111432.26014333015
118255,126954.65577601384
118316,118734.06329858236
118319,113314.89605548905
118320,113314.89605548905
118323,124946.87062419181
118437,124946.87062419181
118449,125207.2749899767
118461,125207.2749899767
118491,123055.17600283836
118511,135678.0251100637
118533,114370.18444701438
118555,124429.21400580277
118562,122713.19424185171
118575,111766.31590012093
118578,125249.56531419836
118589,113043.20066516062
118590,113043.20066516062
118612,113043.20066516062
118617,122839.68093245922
118627,124429.21400580277
118637,121857.34540572511
118646,124429.21400580277
118647,124429.21400580277
118650,135493.70136909085
118659,125207.2749899767
118668,126954.65577601384
118669,122225.03783642773
118701,123777.1071637876
118704,126954.65577601384
118826,112041.82097881279
118866,124946.87062419181
118867,112723.62027816832
118869,112723.62027816832
118870,113656.14453099336
118871,113656.14453099336
118872,113656.14453099336
118881,124946.87062419181
118893,126954.65577601384
118894,122839.68093245922
118897,126954.65577601384
118899,122839.68093245922
118908,117583.71186851921
118923,138957.12037853
118944,124322.68031706373
118965,126954.65577601384
118987,125207.2749899767
119087,118734.06329858236
119092,137304.92762951605
119098,126954.65577601384
119099,126954.65577601384
119143,119260.45839872818
119180,121857.34540572511
119190,119260.45839872818
119207,122225.03783642773
119217,126954.65577601384
119236,127040.85699906047
119246,125207.2749899767
119247,138727.887059736
119248,125845.92488891723
119251,126579.17329706543
119252,126579.17329706543
119255,126839.57766285028
119259,126052.36366073237
119262,138237.45078640466
119264,125524.87876437797
119275,125524.87876437797
119284,125524.87876437797
119285,125524.87876437797
119291,126579.17329706543
119294,126579.17329706543
119305,125264.47439859308
119306,139876.83473939498
119311,127037.44169945344
119326,126120.49281021925
119328,125524.87876437797
119334,126839.57766285028
119338,126839.57766285028
119341,126839.57766285028
119343,125207.2749899767
119345,126579.17329706543
119346,126579.17329706543
119348,126579.17329706543
119351,125524.87876437797
119374,125524.87876437797
119389,125609.21702653397
119397,125609.21702653397
119398,125609.21702653397
119401,125609.21702653397
119402,125524.87876437797
119403,125609.21702653397
119406,125524.87876437797
119446,125207.2749899767
119505,125318.43999256281
119514,125318.43999256281
119515,125318.43999256281
119516,125318.43999256281
119529,126579.17329706543
119549,125318.43999256281
119561,125264.47439859308
119562,125734.75988633111
119567,125318.43999256281
119572,137739.54900234533
119573,126579.17329706543
119574,126579.17329706543
119575,126579.17329706543
119590,126579.17329706543
119591,126579.17329706543
119605,141232.3409645845
119606,141232.3409645845
119608,139363.7268963192
119609,138237.45078640466
119611,141232.3409645845
119613,137739.54900234533
119621,126839.57766285028
119637,153389.72474566422
119641,125734.75988633111
119647,125524.87876437797
119648,125524.87876437797
119649,126839.57766285028
119650,138057.1527767466
119656,126839.57766285028
119657,125207.2749899767
119658,127040.85699906047
119673,126579.17329706543
119676,126579.17329706543
119680,126579.17329706543
119683,125524.87876437797
119685,137739.54900234533
119703,138057.1527767466
119709,125524.87876437797
119712,125207.2749899767
119724,126839.57766285028
119731,126839.57766285028
119733,126839.57766285028
119735,126839.57766285028
119748,139876.83473939498
119750,139876.83473939498
119754,126839.57766285028
119759,126839.57766285028
119765,134333.41582852253
119768,126284.34234513942
119770,125524.87876437797
119771,125524.87876437797
119792,126839.57766285028
119794,126839.57766285028
119796,126839.57766285028
119798,125609.21702653397
119804,126839.57766285028
119809,126839.57766285028
119811,125609.21702653397
119813,125524.87876437797
119821,125524.87876437797
119824,126839.57766285028
119825,126839.57766285028
119826,126839.57766285028
119830,126839.57766285028
119831,126839.57766285028
119832,126839.57766285028
119833,126839.57766285028
119834,126839.57766285028
119835,126839.57766285028
119842,125524.87876437797
119847,125207.2749899767
119848,125524.87876437797
119857,127037.44169945344
119871,126839.57766285028
119872,126839.57766285028
119873,126839.57766285028
119876,126839.57766285028
119884,146330.90110870134
119931,125524.87876437797
119932,125524.87876437797
119933,125524.87876437797
119934,125524.87876437797
119937,125524.87876437797
119938,125524.87876437797
119939,125524.87876437797
119944,125524.87876437797
120014,125207.2749899767
120072,125734.75988633111
120077,127150.4905323184
120105,125524.87876437797
120107,125524.87876437797
120111,125524.87876437797
120124,125777.05021055277
120132,137739.54900234533
120133,125318.43999256281
120141,126579.17329706543
120165,137739.54900234533
120166,137739.54900234533
120169,126839.57766285028
120176,138727.887059736
120177,138727.887059736
120180,125524.87876437797
120181,125524.87876437797
120193,126839.57766285028
120194,126839.57766285028
120196,126839.57766285028
120205,125524.87876437797
120206,125524.87876437797
120207,127040.09631309492
120208,127040.09631309492
120218,138727.887059736
120223,138057.1527767466
120231,125845.92488891723
120261,125524.87876437797
120262,126839.57766285028
120263,125207.2749899767
120269,126839.57766285028
120273,126839.57766285028
120279,126839.57766285028
120295,125656.42176989195
120298,127040.85699906047
120302,139876.83473939498
120304,139876.83473939498
120305,139876.83473939498
120306,139876.83473939498
120311,139876.83473939498
120312,139876.83473939498
120314,125734.75988633111
120320,125264.47439859308
120326,126839.57766285028
120327,125470.75167824514
120337,125470.75167824514
120338,125470.75167824514
120339,125470.75167824514
120348,126839.57766285028
120349,126839.57766285028
120350,126839.57766285028
120363,125609.21702653397
120365,126839.57766285028
120371,126579.17329706543
120372,126579.17329706543
120378,137739.54900234533
120381,137739.54900234533
120383,126839.57766285028
120385,125770.51675832037
120414,125845.92488891723
120415,125845.92488891723
120417,125524.87876437797
120419,125524.87876437797
120421,125524.87876437797
120499,125207.2749899767
120500,125207.2749899767
120501,137739.54900234533
120515,125207.2749899767
120516,125207.2749899767
120545,127040.85699906047
120548,126284.34234513942
120561,125524.87876437797
120562,125207.2749899767
120564,125734.75988633111
120569,137739.54900234533
120590,138057.1527767466
120591,149147.1611671435
120592,125318.43999256281
120593,126839.57766285028
120596,126839.57766285028
120597,125998.23657459956
120608,126579.17329706543
120609,126579.17329706543
120614,137739.54900234533
120615,137739.54900234533
120616,137739.54900234533
120629,137739.54900234533
120642,138727.887059736
120643,125207.2749899767
120646,138727.887059736
120672,138057.1527767466
120675,125845.92488891723
120676,126839.57766285028
120678,127040.85699906047
120687,125207.2749899767
120688,125207.2749899767
120689,125207.2749899767
120691,125524.87876437797
120692,125524.87876437797
120702,125524.87876437797
120715,139876.83473939498
120720,139876.83473939498
120735,127040.09631309492
120743,126780.45263327559
120744,127040.85699906047
120745,125524.87876437797
120749,126839.57766285028
120756,127150.4905323184
120769,125524.87876437797
120803,126579.17329706543
120810,125207.2749899767
120822,126579.17329706543
120832,138727.887059736
120833,138727.887059736
120844,126839.57766285028
120851,126839.57766285028
120886,127468.09430671968
120887,127468.09430671968
120895,137739.54900234533
120903,126579.17329706543
120905,125207.2749899767
120906,125207.2749899767
120910,126839.57766285028
120916,125524.87876437797
120918,125207.2749899767
120920,125207.2749899767
120922,125524.87876437797
120924,125524.87876437797
120925,125524.87876437797
120926,125524.87876437797
120960,125207.2749899767
120970,125524.87876437797
120976,126839.57766285028
121014,127037.44169945344
121019,137739.54900234533
121021,125207.2749899767
121025,155243.35680137988
121030,148831.18448317508
121038,134113.28527656407
121041,148831.18448317508
121042,154439.8027709999
121043,154439.8027709999
121045,154439.8027709999
121046,154439.8027709999
121047,154439.8027709999
121048,154439.8027709999
121049,154439.8027709999
121050,154439.8027709999
121051,154439.8027709999
121061,134961.09167268127
121062,134961.09167268127
121064,134961.09167268127
121068,148566.8578725493
121070,148566.8578725493
121085,134961.09167268127
121097,148831.18448317508
121150,153905.8178011273
121158,148831.18448317508
121159,134113.28527656407
121169,148831.18448317508
121172,148831.18448317508
121187,134961.09167268127
121189,135878.94190085225
121192,148566.8578725493
121193,148566.8578725493
121195,134343.18071255577
121204,148831.18448317508
121208,141761.6436952005
121210,149370.056505378
121219,148474.10137408608
121224,134961.09167268127
121235,154439.8027709999
121236,154439.8027709999
121238,154439.8027709999
121239,154439.8027709999
121240,154439.8027709999
121241,154439.8027709999
121242,154439.8027709999
121243,154439.8027709999
121244,134961.09167268127
121246,148566.8578725493
121249,141513.00433255936
121251,140463.51884118165
121256,148831.18448317508
121257,148831.18448317508
121258,148831.18448317508
121264,134961.09167268127
121265,134961.09167268127
121270,148474.10137408608
121274,134961.09167268127
121280,148831.18448317508
121282,148474.10137408608
121283,134961.09167268127
121286,134961.09167268127
121295,132234.21413637747
121296,148831.18448317508
121299,148566.8578725493
121300,134961.09167268127
121301,153905.8178011273
121307,148566.8578725493
121308,148831.18448317508
121311,132234.21413637747
121315,153905.8178011273
121320,134712.45231004016
121321,148474.10137408608
121323,148566.8578725493
121324,148566.8578725493
121331,148566.8578725493
121333,148566.8578725493
121335,148566.8578725493
121337,134712.45231004016
121338,134712.45231004016
121339,134712.45231004016
121343,134961.09167268127
121346,153192.37962877052
121347,153192.37962877052
121348,153192.37962877052
121350,153192.37962877052
121351,153192.37962877052
121352,153192.37962877052
121364,148566.8578725493
121365,148566.8578725493
121373,153905.8178011273
121375,134961.09167268127
121376,148831.18448317508
121377,153905.8178011273
121385,153905.8178011273
121397,148831.18448317508
121400,140463.51884118165
121402,134961.09167268127
121408,134961.09167268127
121444,133432.58807266672
121452,148831.18448317508
121455,134961.09167268127
121538,153905.8178011273
121544,148831.18448317508
121597,148831.18448317508
121647,134712.45231004016
121688,148831.18448317508
121697,134113.28527656407
121707,153905.8178011273
121708,153905.8178011273
121710,134113.28527656407
121716,133432.58807266672
121723,147551.32024580165
121739,134712.45231004016
121742,134113.28527656407
121746,134712.45231004016
121751,134961.09167268127
121756,134343.18071255577
121757,137568.42939132874
121765,134343.18071255577
121766,134343.18071255577
121767,134343.18071255577
121771,140364.55740995222
121777,148831.18448317508
121781,134712.45231004016
121787,134361.92463920522
121788,148831.18448317508
121793,148474.10137408608
121802,134712.45231004016
121807,153905.8178011273
121822,154439.8027709999
121824,153905.8178011273
121825,134961.09167268127
121826,134361.92463920522
121829,148831.18448317508
121843,148831.18448317508
121847,148831.18448317508
121848,148831.18448317508
121849,132234.21413637747
121850,136573.76897075053
121854,134961.09167268127
121857,148566.8578725493
121868,148566.8578725493
121878,132234.21413637747
121884,148831.18448317508
121892,134361.92463920522
121899,148831.18448317508
121900,148831.18448317508
121901,148831.18448317508
121909,132234.21413637747
121923,148566.8578725493
121927,135619.85007303115
121930,134961.09167268127
121932,134961.09167268127
121935,134657.25158159013
121941,148831.18448317508
121944,153905.8178011273
121948,153905.8178011273
121954,134712.45231004016
121964,148831.18448317508
121966,153192.37962877052
121970,134712.45231004016
121984,153905.8178011273
121993,148831.18448317508
122033,134712.45231004016
122036,148566.8578725493
122044,133827.42405495595
122165,153910.92830158886
122166,153910.92830158886
122167,134961.09167268127
122168,135303.08635711586
122169,135303.08635711586
122195,134961.09167268127
122197,134343.18071255577
122214,153192.37962877052
122219,148831.18448317508
122225,153905.8178011273
122241,153905.8178011273
122249,148831.18448317508
122262,148831.18448317508
122277,148831.18448317508
122282,148831.18448317508
122294,148831.18448317508
122299,148566.8578725493
122302,148831.18448317508
122311,148960.36419432843
122313,148566.8578725493
122315,134923.50367709532
122318,134113.28527656407
122321,135371.21071039003
122322,135371.21071039003
122323,148831.18448317508
122330,148566.8578725493
122331,148566.8578725493
122332,148566.8578725493
122333,148566.8578725493
122337,148831.18448317508
122340,134961.09167268127
122347,146414.15649997827
122350,134361.92463920522
122351,137568.42939132874
122362,153905.8178011273
122370,148831.18448317508
122371,148831.18448317508
122373,148831.18448317508
122377,148831.18448317508
122382,134343.18071255577
122398,148566.8578725493
122404,148474.10137408608
122405,153192.37962877052
122410,151080.27895673818
122411,134961.09167268127
122412,148566.8578725493
122434,133827.42405495595
122442,134712.45231004016
122454,153192.37962877052
122458,153192.37962877052
122459,153192.37962877052
122467,153905.8178011273
122472,148566.8578725493
122474,153905.8178011273
122475,134712.45231004016
122500,148831.18448317508
122559,148831.18448317508
122560,135619.85007303115
122561,134923.50367709532
122586,134961.09167268127
122599,148831.18448317508
122602,137319.7900286876
122614,148566.8578725493
122616,148831.18448317508
122622,148831.18448317508
122637,134343.18071255577
122644,134343.18071255577
122647,134961.09167268127
122665,148831.18448317508
122667,134343.18071255577
122669,134961.09167268127
122687,153905.8178011273
122695,134961.09167268127
122699,148566.8578725493
122701,134961.09167268127
122703,148831.18448317508
122744,148831.18448317508
122752,148831.18448317508
122762,140214.87947854053
122768,148566.8578725493
122783,153192.37962877052
122784,148566.8578725493
122787,148633.32320671194
122788,134961.09167268127
122792,148831.18448317508
122881,153192.37962877052
122882,134923.50367709532
122900,115751.36291923348
122901,115751.36291923348
122902,115751.36291923348
122903,115751.36291923348
122904,115751.36291923348
122909,126651.53975483742
122927,123224.17247891231
122928,123224.17247891231
122929,123224.17247891231
122932,123224.17247891231
122934,123224.17247891231
122935,123224.17247891231
122947,123224.17247891231
122969,126438.21665481254
122987,126649.11188113817
123070,126649.11188113817
123079,126649.11188113817
123083,126649.11188113817
123092,115751.36291923348
123093,115751.36291923348
123094,115751.36291923348
123095,115751.36291923348
123129,115751.36291923348
123153,126651.53975483742
123165,116558.38834034723
123176,126651.53975483742
123196,125709.93886664152
123248,116558.38834034723
123310,123224.17247891231
123311,123224.17247891231
123312,123224.17247891231
123323,123224.17247891231
123325,123224.17247891231
123326,123224.17247891231
123327,123224.17247891231
123328,123224.17247891231
123331,123224.17247891231
123335,123224.17247891231
123338,121769.58451010555
123400,115386.18926228058
123480,127982.82535935358
123558,116558.38834034723
123572,126882.13794470817
123576,116558.38834034723
123579,126882.13794470817
123580,126882.13794470817
123588,116769.28356667286
123592,116769.28356667286
123595,127277.29724566593
123605,121769.58451010555
123612,126649.11188113817
123620,115751.36291923348
123623,115751.36291923348
123624,115751.36291923348
123657,116769.28356667286
123658,116769.28356667286
123686,115386.18926228058
123734,127093.03317103378
123749,116558.38834034723
123759,115386.18926228058
123760,125709.93886664152
123767,127982.82535935358
123768,127982.82535935358
123808,116923.56199730013
123815,120591.16116134582
123825,117134.45722362577
123835,127982.82535935358
123868,123224.17247891231
123869,123224.17247891231
123870,123224.17247891231
123874,123224.17247891231
123877,123224.17247891231
123892,127982.82535935358
123898,115386.18926228058
123900,126159.20791311431
123903,126882.13794470817
123905,126651.53975483742
124032,127488.19247199156
124034,116558.38834034723
124036,127093.03317103378
124038,127277.29724566593
124039,127277.29724566593
124044,126882.13794470817
124059,117134.45722362577
124070,115751.36291923348
124071,115751.36291923348
124072,115751.36291923348
124073,115751.36291923348
124074,115751.36291923348
124094,116769.28356667286
124096,122954.30106270043
124109,122954.30106270043
124118,126651.53975483742
124125,121769.58451010555
124138,126649.11188113817
124178,127093.03317103378
124187,120591.16116134582
124197,127771.93013302796
124213,125709.93886664152
124214,123224.17247891231
124228,125709.93886664152
124263,116769.28356667286
124339,127771.93013302796
124357,127771.93013302796
124364,126599.7310549613
124380,127771.93013302796
124392,117134.45722362577
124494,115386.18926228058
124500,126882.13794470817
124536,122954.30106270043
124537,127093.03317103378
124540,127982.82535935358
124548,123389.6903739953
124597,126649.11188113817
124642,127982.82535935358
124646,125709.93886664152
124648,125709.93886664152
124662,123224.17247891231
124688,150177.13587113266
124693,150177.13587113266
124707,150177.13587113266
124714,150177.13587113266
124716,150177.13587113266
124731,150177.13587113266
124737,150177.13587113266
124747,150177.13587113266
124759,150177.13587113266
124777,150177.13587113266
124787,150177.13587113266
124796,150177.13587113266
124799,150177.13587113266
124813,150177.13587113266
124819,150177.13587113266
124894,150177.13587113266
124915,150177.13587113266
124962,150177.13587113266
124978,150177.13587113266
124993,150177.13587113266
125005,150177.13587113266
125014,150177.13587113266
125016,150177.13587113266
125020,150177.13587113266
125023,150177.13587113266
125027,150177.13587113266
125044,150177.13587113266
125045,150177.13587113266
125046,150177.13587113266
125050,150177.13587113266
125072,150177.13587113266
125073,150177.13587113266
125086,150177.13587113266
125100,150177.13587113266
125117,150177.13587113266
125118,150177.13587113266
125120,150177.13587113266
125125,150177.13587113266
125130,150177.13587113266
125134,150177.13587113266
125136,150177.13587113266
125141,150177.13587113266
125188,150177.13587113266
125200,150177.13587113266
125203,150177.13587113266
125204,150177.13587113266
125275,150177.13587113266
125291,150177.13587113266
125317,150177.13587113266
125332,150177.13587113266
125345,150177.13587113266
125351,150177.13587113266
125357,150177.13587113266
125359,150177.13587113266
125375,150177.13587113266
125380,150177.13587113266
125404,150177.13587113266
125406,150177.13587113266
125422,150177.13587113266
125431,150177.13587113266
125433,150177.13587113266
125434,150177.13587113266
125435,150177.13587113266
125444,150177.13587113266
125466,150177.13587113266
125506,150177.13587113266
125546,150177.13587113266
125554,150177.13587113266
125568,150177.13587113266
125569,150177.13587113266
125573,150177.13587113266
125579,150177.13587113266
125581,150177.13587113266
125583,150177.13587113266
125587,150177.13587113266
125596,150177.13587113266
125618,150177.13587113266
125621,150177.13587113266
125632,150177.13587113266
125639,150177.13587113266
125642,150177.13587113266
125645,150177.13587113266
125694,150177.13587113266
125695,150177.13587113266
125696,150177.13587113266
125714,150177.13587113266
125716,150177.13587113266
125727,150177.13587113266
125734,150177.13587113266
125736,150177.13587113266
125739,150177.13587113266
125744,150177.13587113266
125756,150177.13587113266
125764,150177.13587113266
125766,150177.13587113266
125776,150177.13587113266
125777,150177.13587113266
125783,150177.13587113266
125784,150177.13587113266
125791,150177.13587113266
125822,150177.13587113266
125824,150177.13587113266
125828,150177.13587113266
125829,150177.13587113266
125841,150177.13587113266
309591,149820.05276204363
309611,149077.10339085487
309613,150177.13587113266
309658,150182.24637159423
309661,162456.58825003798
309667,156232.64039064266
309669,161672.13733746883
309678,150177.13587113266
309692,156232.64039064266
309700,155707.13289533943
309707,161672.13733746883
309714,149820.05276204363
309731,150177.13587113266
309734,149077.10339085487
309735,156232.64039064266
309770,148264.81364686738
309817,150177.13587113266
309819,135303.08635711586
320845,150177.13587113266
320872,150177.13587113266
320929,150177.13587113266
320931,150177.13587113266
320932,150177.13587113266
320937,150177.13587113266
320938,150177.13587113266
320940,150177.13587113266
320948,150177.13587113266
320950,150177.13587113266
320954,150177.13587113266
320969,150177.13587113266
320974,150177.13587113266
320998,150177.13587113266
321002,150177.13587113266
321004,150177.13587113266
321023,148874.94370332637
321055,150177.13587113266
321067,150177.13587113266
321080,150177.13587113266
321083,150177.13587113266
321122,150177.13587113266
321127,150177.13587113266
321128,150177.13587113266
321229,150177.13587113266
321231,150177.13587113266
321249,150177.13587113266
321250,150177.13587113266
321258,150177.13587113266
321259,150177.13587113266
321260,150177.13587113266
321262,150177.13587113266
321270,150177.13587113266
321272,150177.13587113266
321278,150177.13587113266
321286,150177.13587113266
321288,150177.13587113266
321289,150177.13587113266
321307,150177.13587113266
321311,150177.13587113266
321316,150177.13587113266
321317,150177.13587113266
321318,150177.13587113266
321319,150177.13587113266
321321,150177.13587113266
321322,150177.13587113266
321323,150177.13587113266
321324,150177.13587113266
321340,150177.13587113266
321346,150177.13587113266
321352,150177.13587113266
321392,150177.13587113266
321393,150177.13587113266
321399,150177.13587113266
321407,150177.13587113266
321428,150177.13587113266
321429,150177.13587113266
321431,150177.13587113266
321455,150177.13587113266
321463,150177.13587113266
321480,150177.13587113266
321540,150177.13587113266
321551,150177.13587113266
321559,150177.13587113266
321561,150177.13587113266
321567,150177.13587113266
321568,150177.13587113266
321570,150177.13587113266
321573,150177.13587113266
321574,150177.13587113266
321575,150177.13587113266
321577,150177.13587113266
321581,150177.13587113266
321582,150177.13587113266
321583,150177.13587113266
321595,150177.13587113266
321616,150177.13587113266
321656,150177.13587113266
321674,150177.13587113266
321677,150177.13587113266
321730,150177.13587113266
321734,150177.13587113266
321736,150177.13587113266
321737,150177.13587113266
321739,148874.94370332637
321747,150177.13587113266
321749,150177.13587113266
321757,150177.13587113266
321758,150177.13587113266
321762,150177.13587113266
321817,150177.13587113266
321831,150177.13587113266
321834,150177.13587113266
321874,150177.13587113266
321877,150177.13587113266
321883,150177.13587113266
321903,150177.13587113266
321918,150177.13587113266
321940,150177.13587113266
321942,150177.13587113266
321949,138280.51195073975
321950,136497.19643450459
321960,138888.4543231548
321961,138888.4543231548
321965,136607.73274080537
321975,147866.9845225643
321980,137069.6115707366
321989,139134.23121350433
321990,126949.10094129587
322003,135818.73703748116
322025,149387.03226361694
322027,150474.58392407582
322029,146515.9731358831
322038,155498.12237771976
322041,128853.46079223198
322042,136497.19643450459
322045,147771.95554894034
322046,147771.95554894034
322092,148174.40555414758
322107,136497.19643450459
322110,136497.19643450459
322111,148174.40555414758
322112,148174.40555414758
322114,148174.40555414758
322115,148174.40555414758
322116,136497.19643450459
322119,148174.40555414758
322121,163057.1837665614
322132,147928.62866379807
322133,147928.62866379807
322144,134451.8047942914
322156,141898.1127783099
322181,135493.70136909085
322197,136497.19643450459
322220,133965.08432958557
322244,137571.04969990117
322256,153467.2474505877
322271,147771.95554894034
322281,136248.56344719708
322300,138316.03918692278
322304,148651.77769475232
322310,135818.73703748116
322330,146515.9731358831
322332,146515.9731358831
322335,149387.03226361694
322339,149398.50342031533
322360,141310.31890938926
322362,136401.87311487747
322436,134451.8047942914
322445,136940.5641169994
322476,125371.16146700182
322494,135493.70136909085
322500,149188.0346017091
322501,149188.0346017091
322505,147928.62866379807
322517,145299.66192114085
322518,137427.28458170523
322526,133965.08432958557
322527,148692.16477983928
322531,137427.28458170523
322533,125371.16146700182
322534,133965.08432958557
322536,133965.08432958557
322548,136647.65000522698
322553,138561.8160772723
322579,136940.5641169994
322583,160644.63424792295
322591,128853.46079223198
322610,136497.19643450459
322620,147721.22009356634
322630,136401.87311487747
322645,150474.58392407582
322651,137427.28458170523
322653,160644.63424792295
322671,139730.87681255265
322695,147928.62866379807
322712,137069.6115707366
322715,135818.73703748116
322732,137325.27280955165
322741,136401.87311487747
322744,156705.3450645242
322757,149188.0346017091
322769,136497.19643450459
322786,148651.77769475232
322789,149446.89166918976
322800,136248.56344719708
322807,126509.51235828482
322808,147928.62866379807
322810,128853.46079223198
322816,137427.28458170523
322833,147771.95554894034
322871,148174.40555414758
322980,148174.40555414758
322981,145299.66192114085
322983,148174.40555414758
322984,148174.40555414758
322985,148174.40555414758
322986,148174.40555414758
322987,148174.40555414758
322990,148174.40555414758
323000,139989.4223482394
323002,150474.58392407582
323011,147928.62866379807
323013,133965.08432958557
323017,133965.08432958557
323032,136647.65000522698
323066,148174.40555414758
323069,163057.1837665614
323077,125371.16146700182
323085,136497.19643450459
323088,150474.58392407582
323101,166741.80891816717
323102,136497.19643450459
323122,137069.6115707366
323169,135493.70136909085
323189,149552.0304927443
323192,135493.70136909085
323194,145133.30414429153
323197,147393.76382952344
323198,137325.27280955165
323233,126949.10094129587
323254,149753.7884505508
323308,137427.28458170523
323310,147928.62866379807
323318,136401.87311487747
323325,136497.19643450459
323330,128853.46079223198
323339,147771.95554894034
323342,137427.28458170523
323349,148651.77769475232
323382,135493.70136909085
323396,125371.16146700182
323403,136497.19643450459
323412,128853.46079223198
323413,149873.43504765487
323421,136940.5641169994
323425,135818.73703748116
323433,166741.80891816717
323434,135818.73703748116
323446,136401.87311487747
323459,147771.95554894034
323487,136647.65000522698
323518,134451.8047942914
323536,136401.87311487747
323549,137069.6115707366
323552,141120.45838295133
323608,136401.87311487747
323617,149433.81149205862
323622,159674.8256968557
323629,125371.16146700182
323656,149753.7884505508
323664,135818.73703748116
323668,134451.8047942914
323678,149188.0346017091
323703,151043.93997054105
323710,137069.6115707366
323722,136497.19643450459
323723,125371.16146700182
323780,148874.94370332637
323792,148874.94370332637
323831,148391.02907092115
323894,150474.58392407582
323911,148874.94370332637
323917,148874.94370332637
323926,149754.76584913835
323944,148874.94370332637
324001,148874.94370332637
324006,148874.94370332637
324023,148874.94370332637
324032,147721.22009356634
324058,150465.8752714592
324078,150259.76539685877
324079,148874.94370332637
324118,148874.94370332637
324146,148874.94370332637
324152,148874.94370332637
324158,148387.96949126062
324160,149227.0654501149
324236,147060.5885502284
324287,147518.55384227392
324306,146714.70392035824
324371,154292.01169484045
324381,147060.5885502284
324395,164159.71716179457
324415,154784.91928239807
324417,166395.92428829704
324418,166395.92428829704
324454,149227.0654501149
324455,147060.5885502284
324497,148540.72165446638
324557,146714.70392035824
324596,153980.23631984205
324605,154292.01169484045
324608,147518.55384227392
324616,125979.32606002477
324628,147518.55384227392
324634,147518.55384227392
324666,125979.32606002477
324716,161713.37233590346
324721,165426.1157372298
324723,165772.0003670999
324784,148733.85412113077
324797,147518.55384227392
324814,156686.56431274244
324819,147864.43847214404
324846,161367.48770603334
324904,154784.91928239807
324941,154637.8963247106
325010,165426.1157372298
325044,154292.01169484045
325045,161713.37233590346
695288,126954.65577601384
695340,124313.614436768
695354,135493.70136909085
695495,117414.7682119522
695510,132250.4568793609
695519,148264.81364686738
695520,148264.81364686738
695565,129607.003454624
695596,139274.72415293127
695610,139274.72415293127
695611,139274.72415293127
695614,125264.47439859308
695615,139274.72415293127
695631,138957.12037853
695794,131379.7449022203
695813,154439.8027709999
695828,140207.08401479042
695877,150177.13587113266
696061,155707.13289533943
696119,155707.13289533943
696129,158533.73579312486
696183,122047.30551162269
696223,152865.2138165382
696268,125524.87876437797
696269,125524.87876437797
696272,125524.87876437797
696273,125524.87876437797
696329,125524.87876437797
696334,125524.87876437797
696336,125524.87876437797
696337,125524.87876437797
696338,125524.87876437797
696339,125524.87876437797
696340,125524.87876437797
696352,126839.57766285028
696357,126839.57766285028
696508,137858.04025008177
696512,116162.20830041202
696609,148566.8578725493
696610,147286.99363517587
696645,116769.28356667286
712644,125088.8797221112
712653,125088.8797221112
712676,125088.8797221112
712685,125088.8797221112
712690,125088.8797221112
712692,125088.8797221112
712748,125088.8797221112
712750,125088.8797221112
712751,125088.8797221112
712768,125088.8797221112
712776,125088.8797221112
712780,125088.8797221112
712788,125088.8797221112
712794,125088.8797221112
712816,125088.8797221112
712817,125088.8797221112
712818,125088.8797221112
712823,125088.8797221112
712835,125088.8797221112
712852,125088.8797221112
712858,125088.8797221112
712871,125088.8797221112
712880,125088.8797221112
712881,125088.8797221112
712890,125088.8797221112
712901,125088.8797221112
712917,125088.8797221112
712999,125088.8797221112
713027,125088.8797221112
713050,125088.8797221112
713084,125088.8797221112
713098,125088.8797221112
713109,125088.8797221112
713127,125088.8797221112
713151,125088.8797221112
713157,125088.8797221112
713159,125088.8797221112
713160,125088.8797221112
713169,125088.8797221112
713182,125088.8797221112
713190,125088.8797221112
713192,125088.8797221112
713197,125088.8797221112
713213,125088.8797221112
713216,125088.8797221112
713247,125088.8797221112
713251,125088.8797221112
713264,125088.8797221112
713309,125088.8797221112
713319,125088.8797221112
713341,125088.8797221112
713350,125088.8797221112
713375,125088.8797221112
713391,125088.8797221112
713394,125088.8797221112
713420,125088.8797221112
713421,125088.8797221112
713429,125088.8797221112
713432,125088.8797221112
713434,125088.8797221112
713437,125088.8797221112
713469,125088.8797221112
713476,125088.8797221112
713477,125088.8797221112
713501,125088.8797221112
713507,125088.8797221112
713536,125088.8797221112
713544,125088.8797221112
713560,125088.8797221112
713580,125088.8797221112
713651,125088.8797221112
713656,125088.8797221112
713740,125088.8797221112
713800,125088.8797221112
713801,125088.8797221112
713806,125088.8797221112
713820,125088.8797221112
713823,125088.8797221112
713847,125088.8797221112
713864,125088.8797221112
713866,125088.8797221112
713868,125088.8797221112
713878,125088.8797221112
713881,125088.8797221112
713897,125088.8797221112
713934,125088.8797221112
713939,125088.8797221112
713950,125088.8797221112
713991,125088.8797221112
713993,125088.8797221112
714003,125088.8797221112
714017,125088.8797221112
714021,125088.8797221112
714026,125088.8797221112
714064,125088.8797221112
714174,125088.8797221112
714196,125088.8797221112
714262,125088.8797221112
714353,125088.8797221112
714369,125088.8797221112
714374,125088.8797221112
714385,125088.8797221112
714393,125088.8797221112
714398,125088.8797221112
714412,125088.8797221112
714415,125088.8797221112
714417,125088.8797221112
714430,125088.8797221112
714507,125088.8797221112
714555,125088.8797221112
714586,125088.8797221112
714587,125088.8797221112
714609,125088.8797221112
714636,125088.8797221112
714676,125088.8797221112
714689,125088.8797221112
714713,125088.8797221112
714721,125088.8797221112
714725,125088.8797221112
714774,125088.8797221112
714784,125088.8797221112
714821,125088.8797221112
714833,125088.8797221112
714858,125088.8797221112
714864,125088.8797221112
714871,125088.8797221112
714874,125088.8797221112
714890,125088.8797221112
714911,125088.8797221112
714930,125088.8797221112
714957,125088.8797221112
714970,125088.8797221112
715017,125088.8797221112
715034,125088.8797221112
715036,125088.8797221112
715051,125088.8797221112
715078,125088.8797221112
715080,125088.8797221112
715127,125088.8797221112
715142,125088.8797221112
715176,125088.8797221112
715189,125088.8797221112
715195,125088.8797221112
715196,125088.8797221112
715264,125088.8797221112
715291,125088.8797221112
715295,125088.8797221112
715297,125088.8797221112
715305,125088.8797221112
715309,125088.8797221112
715319,125088.8797221112
715321,125088.8797221112
715381,125088.8797221112
715383,125088.8797221112
715402,125088.8797221112
715413,125088.8797221112
715440,125088.8797221112
715490,125088.8797221112
715496,125088.8797221112
715529,125088.8797221112
715546,125088.8797221112
715580,125088.8797221112
715584,125088.8797221112
715594,125088.8797221112
715611,125088.8797221112
715628,125088.8797221112
715643,125088.8797221112
715645,125088.8797221112
715666,125088.8797221112
715669,125088.8797221112
715756,125088.8797221112
715761,125088.8797221112
715771,125088.8797221112
715775,125088.8797221112
715779,125088.8797221112
715783,125088.8797221112
715789,125088.8797221112
715799,125088.8797221112
715801,125088.8797221112
715802,125088.8797221112
715816,125088.8797221112
715819,125088.8797221112
715854,125088.8797221112
715885,125088.8797221112
715904,125088.8797221112
715909,125088.8797221112
715926,125088.8797221112
715960,125088.8797221112
715975,125088.8797221112
715987,125088.8797221112
715991,125088.8797221112
716004,125088.8797221112
716016,125088.8797221112
716034,125088.8797221112
716036,125088.8797221112
716062,125088.8797221112
716088,125088.8797221112
716090,125088.8797221112
716098,125088.8797221112
716112,125088.8797221112
716122,125088.8797221112
716135,125088.8797221112
716165,125088.8797221112
716198,125088.8797221112
716225,125088.8797221112
716229,125088.8797221112
716230,125088.8797221112
716233,125088.8797221112
716243,125088.8797221112
716251,125088.8797221112
716252,125088.8797221112
716270,125088.8797221112
716289,125088.8797221112
716355,125088.8797221112
716367,125088.8797221112
716371,125088.8797221112
716379,125088.8797221112
716381,125088.8797221112
716388,125088.8797221112
716430,125088.8797221112
716437,125088.8797221112
716439,125088.8797221112
716453,125088.8797221112
716459,125088.8797221112
716475,125088.8797221112
716495,125088.8797221112
716516,125088.8797221112
716564,125088.8797221112
716566,125088.8797221112
716646,125088.8797221112
716652,125088.8797221112
716677,125088.8797221112
716680,125088.8797221112
716696,125088.8797221112
716716,125088.8797221112
716750,125088.8797221112
716759,125088.8797221112
716761,125088.8797221112
716822,125088.8797221112
716839,125088.8797221112
716905,125088.8797221112
716942,125088.8797221112
716964,125088.8797221112
717008,125088.8797221112
717022,125088.8797221112
717046,125088.8797221112
717110,125088.8797221112
717123,125088.8797221112
717146,125088.8797221112
717179,125088.8797221112
717184,125088.8797221112
717187,125088.8797221112
717188,125088.8797221112
717189,125088.8797221112
717195,125088.8797221112
717197,125088.8797221112
717227,125088.8797221112
717270,125088.8797221112
717303,125088.8797221112
717333,125088.8797221112
717335,125088.8797221112
717342,125088.8797221112
717358,125088.8797221112
717374,125088.8797221112
717386,125088.8797221112
717417,125088.8797221112
717491,125088.8797221112
717502,125088.8797221112
717549,125088.8797221112
717570,125088.8797221112
717574,125088.8797221112
717602,125088.8797221112
717626,125088.8797221112
717630,125088.8797221112
717635,125088.8797221112
717641,125088.8797221112
717648,125088.8797221112
717652,125088.8797221112
717689,125088.8797221112
717727,125088.8797221112
717783,125088.8797221112
717808,125088.8797221112
717824,125088.8797221112
717869,125088.8797221112
717986,125088.8797221112
717995,125088.8797221112
717997,125088.8797221112
717999,125088.8797221112
718069,125088.8797221112
718109,125088.8797221112
718113,125088.8797221112
718134,125088.8797221112
718135,125088.8797221112
718144,125088.8797221112
718171,125088.8797221112
718212,125088.8797221112
718229,125088.8797221112
718242,125088.8797221112
718310,125088.8797221112
718329,125088.8797221112
718331,125088.8797221112
718349,125088.8797221112
718436,125088.8797221112
718506,125088.8797221112
718581,125088.8797221112
718620,125088.8797221112
718648,125088.8797221112
718653,125088.8797221112
718675,125088.8797221112
718683,125088.8797221112
718696,125088.8797221112
718697,125088.8797221112
718773,125088.8797221112
718786,125088.8797221112
718806,125088.8797221112
718811,125088.8797221112
718812,125088.8797221112
718841,125088.8797221112
718869,125088.8797221112
718891,125088.8797221112
718902,125088.8797221112
718919,125088.8797221112
718930,125088.8797221112
718970,125088.8797221112
719018,125088.8797221112
719060,125088.8797221112
719062,125088.8797221112
719065,125088.8797221112
719076,125088.8797221112
719091,125088.8797221112
719120,125088.8797221112
719146,125088.8797221112
719186,125088.8797221112
719188,125088.8797221112
719197,125088.8797221112
719201,125088.8797221112
719203,125088.8797221112
719208,125088.8797221112
719210,125088.8797221112
719216,125088.8797221112
719224,125088.8797221112
719246,125088.8797221112
719258,125088.8797221112
719300,125088.8797221112
719334,125088.8797221112
719360,125088.8797221112
719377,125088.8797221112
719415,125088.8797221112
719424,125088.8797221112
719429,125088.8797221112
719445,125088.8797221112
719446,125088.8797221112
719469,125088.8797221112
719503,125088.8797221112
719537,125088.8797221112
719593,125088.8797221112
719616,125088.8797221112
719642,125088.8797221112
719655,125088.8797221112
719693,125088.8797221112
719720,125088.8797221112
719747,125088.8797221112
719748,125088.8797221112
719754,125088.8797221112
719784,125088.8797221112
719794,125088.8797221112
719802,125088.8797221112
719806,125088.8797221112
719810,125088.8797221112
719812,125088.8797221112
719828,125088.8797221112
719833,125088.8797221112
719882,125088.8797221112
719895,125088.8797221112
719909,125088.8797221112
719971,125088.8797221112
720043,125088.8797221112
720108,125088.8797221112
720119,125088.8797221112
720163,125088.8797221112
720166,125088.8797221112
720188,125088.8797221112
720194,125088.8797221112
720274,125088.8797221112
720292,125088.8797221112
720296,125088.8797221112
720304,125088.8797221112
720323,125088.8797221112
720342,125088.8797221112
720348,125088.8797221112
720379,125088.8797221112
720386,125088.8797221112
720388,125088.8797221112
720393,125088.8797221112
720398,125088.8797221112
720403,125088.8797221112
720409,125088.8797221112
720440,125088.8797221112
720450,125088.8797221112
720481,125088.8797221112
720530,125088.8797221112
720534,125088.8797221112
720549,125088.8797221112
720550,125088.8797221112
720609,125088.8797221112
720629,125088.8797221112
720646,125088.8797221112
720649,125088.8797221112
720659,125088.8797221112
720745,125088.8797221112
720753,125088.8797221112
720789,125088.8797221112
720879,125088.8797221112
720899,125088.8797221112
720909,125088.8797221112
720925,125088.8797221112
720932,125088.8797221112
720950,125088.8797221112
720956,125088.8797221112
720964,125088.8797221112
720970,125088.8797221112
720997,125088.8797221112
721019,125088.8797221112
721074,125088.8797221112
721104,125088.8797221112
721128,125088.8797221112
721132,125088.8797221112
721135,125088.8797221112
721138,125088.8797221112
721169,125088.8797221112
721241,125088.8797221112
721303,125088.8797221112
721327,125088.8797221112
721355,125088.8797221112
721380,125088.8797221112
721384,125088.8797221112
721403,125088.8797221112
721426,125088.8797221112
721462,125088.8797221112
721473,125088.8797221112
721548,125088.8797221112
721568,125088.8797221112
721574,125088.8797221112
721579,125088.8797221112
721598,125088.8797221112
721634,125088.8797221112
721647,125088.8797221112
721701,125088.8797221112
721727,125088.8797221112
721746,125088.8797221112
721751,125088.8797221112
721773,125088.8797221112
721806,125088.8797221112
721859,125088.8797221112
721869,125088.8797221112
721922,125088.8797221112
722035,125088.8797221112
722036,125088.8797221112
722125,125088.8797221112
722131,125088.8797221112
722173,125088.8797221112
722181,125088.8797221112
722212,125088.8797221112
722250,125088.8797221112
722257,125088.8797221112
722262,125088.8797221112
722278,125088.8797221112
722288,125088.8797221112
722289,125088.8797221112
722312,125088.8797221112
722332,125088.8797221112
722333,125088.8797221112
722344,125088.8797221112
722356,125088.8797221112
722360,125088.8797221112
722388,125088.8797221112
722430,125088.8797221112
722458,125088.8797221112
722486,125088.8797221112
722515,125088.8797221112
722557,125088.8797221112
722582,125088.8797221112
722592,125088.8797221112
722603,125088.8797221112
722611,125088.8797221112
722612,125088.8797221112
722613,125088.8797221112
722617,125088.8797221112
722639,125088.8797221112
722669,125088.8797221112
722794,125088.8797221112
722805,125088.8797221112
722979,125088.8797221112
722991,125088.8797221112
722996,125088.8797221112
723017,125088.8797221112
723054,125088.8797221112
723133,125088.8797221112
723238,125088.8797221112
723261,125088.8797221112
723269,125088.8797221112
723341,125088.8797221112
723364,125088.8797221112
723370,125088.8797221112
723418,125088.8797221112
723439,125088.8797221112
723497,125088.8797221112
723503,125088.8797221112
723527,125088.8797221112
723559,125088.8797221112
723569,125088.8797221112
723575,125088.8797221112
723590,125088.8797221112
723636,125088.8797221112
723646,125088.8797221112
723662,125088.8797221112
723694,125088.8797221112
723703,125088.8797221112
723705,125088.8797221112
723726,125088.8797221112
723746,125088.8797221112
723756,125088.8797221112
723769,125088.8797221112
723775,125088.8797221112
723789,125088.8797221112
723793,125088.8797221112
723826,125088.8797221112
723846,125088.8797221112
723856,125088.8797221112
723936,125088.8797221112
723944,125088.8797221112
723996,125088.8797221112
724017,125088.8797221112
724019,125088.8797221112
724048,125088.8797221112
724049,125088.8797221112
724059,125088.8797221112
724070,125088.8797221112
724209,125088.8797221112
724225,125088.8797221112
724230,125088.8797221112
724234,125088.8797221112
724247,125088.8797221112
724249,125088.8797221112
724273,125088.8797221112
724294,125088.8797221112
724309,125088.8797221112
724315,125088.8797221112
724343,125088.8797221112
724348,125088.8797221112
724352,125088.8797221112
724357,125088.8797221112
724385,125088.8797221112
724424,125088.8797221112
724532,125088.8797221112
724560,125088.8797221112
724606,125088.8797221112
724640,125088.8797221112
724671,125088.8797221112
724797,125088.8797221112
724820,125088.8797221112
724847,125088.8797221112
724947,125088.8797221112
724960,125088.8797221112
724977,125088.8797221112
724987,125088.8797221112
725073,125088.8797221112
725121,125088.8797221112
725177,125088.8797221112
725180,125088.8797221112
725186,125088.8797221112
725367,125088.8797221112
725435,125088.8797221112
725481,125088.8797221112
725560,125088.8797221112
725581,125088.8797221112
725620,125088.8797221112
725646,125088.8797221112
725648,125088.8797221112
725681,125088.8797221112
725683,125088.8797221112
725741,125088.8797221112
725753,125088.8797221112
725778,125088.8797221112
725811,125088.8797221112
725875,125088.8797221112
725997,125088.8797221112
726011,125088.8797221112
726050,125088.8797221112
726064,125088.8797221112
726121,125088.8797221112
726144,125088.8797221112
726145,125088.8797221112
726174,125088.8797221112
726332,125088.8797221112
726351,125088.8797221112
726359,125088.8797221112
726443,125088.8797221112
726459,125088.8797221112
726460,125088.8797221112
726461,125088.8797221112
726470,125088.8797221112
726488,125088.8797221112
726491,125088.8797221112
726518,125088.8797221112
726642,125088.8797221112
726643,125088.8797221112
726678,125088.8797221112
726698,125088.8797221112
726797,125088.8797221112
726850,125088.8797221112
726887,125088.8797221112
726898,125088.8797221112
726904,125088.8797221112
726915,125088.8797221112
726976,125088.8797221112
727014,125088.8797221112
727021,125088.8797221112
727064,125088.8797221112
727101,125088.8797221112
727114,125088.8797221112
727129,125088.8797221112
727142,125088.8797221112
727160,125088.8797221112
727168,125088.8797221112
727178,125088.8797221112
727188,125088.8797221112
727198,125088.8797221112
727202,125088.8797221112
727275,125088.8797221112
727322,125088.8797221112
727334,125088.8797221112
727345,125088.8797221112
727359,125088.8797221112
727364,125088.8797221112
727433,125088.8797221112
727438,125088.8797221112
727490,125088.8797221112
727503,125088.8797221112
727540,125088.8797221112
727542,125088.8797221112
727585,125088.8797221112
727593,125088.8797221112
727615,125088.8797221112
727627,125088.8797221112
727655,125088.8797221112
727691,125088.8797221112
727694,125088.8797221112
727811,125088.8797221112
727895,125088.8797221112
728058,125088.8797221112
728078,125088.8797221112
728243,125088.8797221112
728309,125088.8797221112
728352,125088.8797221112
728363,125088.8797221112
728364,125088.8797221112
728431,125088.8797221112
728500,125088.8797221112
728503,125088.8797221112
728529,125088.8797221112
728582,125088.8797221112
728586,125088.8797221112
728694,125088.8797221112
728709,125088.8797221112
728713,125088.8797221112
728796,125088.8797221112
728798,125088.8797221112
728926,125088.8797221112
728950,125088.8797221112
728966,125088.8797221112
728985,125088.8797221112
729017,125088.8797221112
729075,125088.8797221112
729111,125088.8797221112
729119,125088.8797221112
729136,125088.8797221112
729148,125088.8797221112
729174,125088.8797221112
729177,125088.8797221112
729181,125088.8797221112
729203,125088.8797221112
729210,125088.8797221112
729226,125088.8797221112
729265,125088.8797221112
729341,125088.8797221112
729380,125088.8797221112
729400,125088.8797221112
729445,125088.8797221112
729455,125088.8797221112
729464,125088.8797221112
729510,125088.8797221112
729514,125088.8797221112
729528,125088.8797221112
729536,125088.8797221112
729540,125088.8797221112
729554,125088.8797221112
729607,125088.8797221112
729608,125088.8797221112
729625,125088.8797221112
729641,125088.8797221112
729644,125088.8797221112
729663,125088.8797221112
729721,125088.8797221112
729768,125088.8797221112
729773,125088.8797221112
729782,125088.8797221112
729789,125088.8797221112
729812,125088.8797221112
729831,125088.8797221112
729845,125088.8797221112
729990,125088.8797221112
730059,125088.8797221112
730106,125088.8797221112
730114,125088.8797221112
730131,125088.8797221112
730151,125088.8797221112
730265,125088.8797221112
730294,125088.8797221112
730332,125088.8797221112
730363,125088.8797221112
730414,125088.8797221112
730524,125088.8797221112
730596,125088.8797221112
730640,125088.8797221112
730686,125088.8797221112
730881,125088.8797221112
730894,125088.8797221112
730939,125088.8797221112
731035,125088.8797221112
731059,125088.8797221112
731100,125088.8797221112
731187,125088.8797221112
731206,125088.8797221112
731217,125088.8797221112
731226,125088.8797221112
731245,125088.8797221112
731327,125088.8797221112
731364,125088.8797221112
731419,125088.8797221112
731420,125088.8797221112
731429,125088.8797221112
731450,125088.8797221112
731474,125088.8797221112
731507,125088.8797221112
731508,125088.8797221112
731588,125088.8797221112
731696,125088.8797221112
731757,125088.8797221112
731801,125088.8797221112
731833,125088.8797221112
731851,125088.8797221112
731874,125088.8797221112
732027,125088.8797221112
732100,125088.8797221112
732211,125088.8797221112
732262,125088.8797221112
732403,125088.8797221112
732408,125088.8797221112
732440,125088.8797221112
732456,125088.8797221112
732495,125088.8797221112
732512,125088.8797221112
732513,125088.8797221112
732518,125088.8797221112
732657,125088.8797221112
732818,125088.8797221112
732911,125088.8797221112
732929,125088.8797221112
732954,125088.8797221112
732965,125088.8797221112
732970,125088.8797221112
732998,125088.8797221112
733071,125088.8797221112
733086,125088.8797221112
733135,125088.8797221112
733209,125088.8797221112
733485,125088.8797221112
733560,125088.8797221112
733655,125088.8797221112
733708,125088.8797221112
733722,125088.8797221112
733753,125088.8797221112
733774,125088.8797221112
733855,125088.8797221112
733856,125088.8797221112
733903,125088.8797221112
733907,125088.8797221112
733919,125088.8797221112
734011,125088.8797221112
734023,125088.8797221112
734094,125088.8797221112
734149,125088.8797221112
734159,125088.8797221112
734160,125088.8797221112
734181,125088.8797221112
734275,125088.8797221112
734658,125088.8797221112
734708,125088.8797221112
734725,125088.8797221112
734836,125088.8797221112
735000,125088.8797221112
735007,125088.8797221112
735055,125088.8797221112
735124,125088.8797221112
735158,125088.8797221112
735189,125088.8797221112
735216,125088.8797221112
735230,125088.8797221112
735232,125088.8797221112
735250,125088.8797221112
735298,125088.8797221112
735355,125088.8797221112
735484,125088.8797221112
735490,125088.8797221112
735491,125088.8797221112
735493,125088.8797221112
735505,125088.8797221112
735533,125088.8797221112
735555,125088.8797221112
735561,125088.8797221112
735562,125088.8797221112
735614,125088.8797221112
735627,125088.8797221112
735634,125088.8797221112
735698,125088.8797221112
735797,125088.8797221112
735802,125088.8797221112
735891,125088.8797221112
735983,125088.8797221112
736002,125088.8797221112
736030,125088.8797221112
736051,125088.8797221112
736089,125088.8797221112
736143,125088.8797221112
736169,125088.8797221112
736175,125088.8797221112
736225,125088.8797221112
736311,125088.8797221112
736320,125088.8797221112
736337,125088.8797221112
736397,125088.8797221112
736443,125088.8797221112
736489,125088.8797221112
736635,125088.8797221112
736651,125088.8797221112
736721,125088.8797221112
736740,125088.8797221112
736799,125088.8797221112
736983,125088.8797221112
737015,125088.8797221112
737075,125088.8797221112
737150,125088.8797221112
737209,125088.8797221112
737263,125088.8797221112
737285,125088.8797221112
737397,125088.8797221112
737458,125088.8797221112
737514,125088.8797221112
737665,125088.8797221112
737976,125088.8797221112
738028,125088.8797221112
738143,125088.8797221112
738160,125088.8797221112
738192,125088.8797221112
738314,125088.8797221112
738320,125088.8797221112
738381,125088.8797221112
738406,125088.8797221112
738433,125088.8797221112
738489,125088.8797221112
738491,125088.8797221112
738574,125088.8797221112
738723,125088.8797221112
738880,125088.8797221112
738920,125088.8797221112
739033,125088.8797221112
739042,125088.8797221112
739182,125088.8797221112
739254,125088.8797221112
739359,125088.8797221112
739360,125088.8797221112
739364,125088.8797221112
739430,125088.8797221112
739497,125088.8797221112
739563,125088.8797221112
739581,125088.8797221112
739670,125088.8797221112
739702,125088.8797221112
739717,125088.8797221112
739824,125088.8797221112
740070,125088.8797221112
740158,125088.8797221112
740377,125088.8797221112
740499,125088.8797221112
740572,125088.8797221112
740609,125088.8797221112
740798,125088.8797221112
740914,125088.8797221112
740915,125088.8797221112
740917,125088.8797221112
740932,125088.8797221112
740974,125088.8797221112
740993,125088.8797221112
740998,125088.8797221112
741000,125088.8797221112
741002,125088.8797221112
741008,125088.8797221112
741036,125088.8797221112
741047,125088.8797221112
741111,125088.8797221112
741171,125088.8797221112
741174,125088.8797221112
741203,125088.8797221112
741205,125088.8797221112
741232,125088.8797221112
741270,125088.8797221112
741294,125088.8797221112
741312,125088.8797221112
741313,125088.8797221112
741329,125088.8797221112
741401,125088.8797221112
741416,125088.8797221112
741433,125088.8797221112
741457,125088.8797221112
741533,125088.8797221112
741591,125088.8797221112
741682,125088.8797221112
741699,125088.8797221112
741808,125088.8797221112
741810,125088.8797221112
741811,125088.8797221112
741813,125088.8797221112
741824,125088.8797221112
741842,125088.8797221112
741844,125088.8797221112
741999,125088.8797221112
742049,125088.8797221112
742278,125088.8797221112
742444,125088.8797221112
742500,125088.8797221112
742512,125088.8797221112
742534,125088.8797221112
742552,125088.8797221112
742592,125088.8797221112
742595,125088.8797221112
742813,125088.8797221112
742839,125088.8797221112
743024,125088.8797221112
743072,125088.8797221112
743084,125088.8797221112
743131,125088.8797221112
743197,125088.8797221112
743226,125088.8797221112
743233,125088.8797221112
743243,125088.8797221112
743310,125088.8797221112
743424,125088.8797221112
743645,125088.8797221112
743678,125088.8797221112
743689,125088.8797221112
743736,125088.8797221112
743938,125088.8797221112
744009,125088.8797221112
744134,125088.8797221112
744142,125088.8797221112
744196,125088.8797221112
744806,125088.8797221112
744824,125088.8797221112
744870,125088.8797221112
744879,125088.8797221112
744924,125088.8797221112
745039,125088.8797221112
745099,125088.8797221112
745109,125088.8797221112
745286,125088.8797221112
745287,125088.8797221112
745364,125088.8797221112
745581,125088.8797221112
745614,125088.8797221112
745630,125088.8797221112
745696,125088.8797221112
745726,125088.8797221112
745763,125088.8797221112
745819,125088.8797221112
745898,125088.8797221112
745924,125088.8797221112
745960,125088.8797221112
746269,125088.8797221112
746297,125088.8797221112
746353,125088.8797221112
746361,125088.8797221112
746390,125088.8797221112
746450,125088.8797221112
746513,125088.8797221112
746565,125088.8797221112
746720,125088.8797221112
746732,125088.8797221112
746769,125088.8797221112
746790,125088.8797221112
746846,125088.8797221112
746847,125088.8797221112
746901,125088.8797221112
747013,125088.8797221112
747015,125088.8797221112
747085,125088.8797221112
747090,125088.8797221112
747139,125088.8797221112
747310,125088.8797221112
747474,125088.8797221112
747521,125088.8797221112
747537,125088.8797221112
747736,125088.8797221112
747743,125088.8797221112
747759,125088.8797221112
747810,125088.8797221112
747995,125088.8797221112
748013,125088.8797221112
748040,125088.8797221112
748058,125088.8797221112
748060,125088.8797221112
748073,125088.8797221112
748106,125088.8797221112
748145,125088.8797221112
748150,125088.8797221112
748172,125088.8797221112
748287,125088.8797221112
748308,125088.8797221112
748311,125088.8797221112
748429,125088.8797221112
748523,125088.8797221112
748544,125088.8797221112
748713,125088.8797221112
748836,125088.8797221112
748845,125088.8797221112
748856,125088.8797221112
748895,125088.8797221112
748962,125088.8797221112
749165,125088.8797221112
749218,125088.8797221112
749232,125088.8797221112
749255,125088.8797221112
749452,125088.8797221112
749483,125088.8797221112
749497,125088.8797221112
749502,125088.8797221112
749504,125088.8797221112
749521,125088.8797221112
749571,125088.8797221112
749671,125088.8797221112
749821,125088.8797221112
749975,125088.8797221112
750049,125088.8797221112
750155,125088.8797221112
750174,125088.8797221112
750408,125088.8797221112
750418,125088.8797221112
750441,125088.8797221112
750475,125088.8797221112
750559,125088.8797221112
750579,125088.8797221112
750669,125088.8797221112
750683,125088.8797221112
750740,125088.8797221112
750956,125088.8797221112
751319,125088.8797221112
751352,125088.8797221112
751396,125088.8797221112
751416,125088.8797221112
751421,125088.8797221112
751442,125088.8797221112
751459,125088.8797221112
751587,125088.8797221112
751714,125088.8797221112
751886,125088.8797221112
751971,125088.8797221112
752242,125088.8797221112
752254,125088.8797221112
752310,125088.8797221112
752576,125088.8797221112
752705,125088.8797221112
752895,125088.8797221112
752914,125088.8797221112
752994,125088.8797221112
753036,125088.8797221112
753099,125088.8797221112
753188,125088.8797221112
753196,125088.8797221112
753234,125088.8797221112
753289,125088.8797221112
753295,125088.8797221112
753297,125088.8797221112
753387,125088.8797221112
753393,125088.8797221112
753395,125088.8797221112
753397,125088.8797221112
753399,125088.8797221112
753402,125088.8797221112
753404,125088.8797221112
753405,125088.8797221112
753406,125088.8797221112
753602,125088.8797221112
753948,125088.8797221112
754108,125088.8797221112
754112,125088.8797221112
754292,125088.8797221112
754384,125088.8797221112
754763,125088.8797221112
754978,125088.8797221112
754995,125088.8797221112
755014,125088.8797221112
755055,125088.8797221112
755065,125088.8797221112
755138,125088.8797221112
755226,125088.8797221112
755447,125088.8797221112
755448,125088.8797221112
755575,125088.8797221112
755674,125088.8797221112
755809,125088.8797221112
755892,125088.8797221112
756308,125088.8797221112
756620,125088.8797221112
756836,125088.8797221112
757366,125088.8797221112
757425,125088.8797221112
757539,125088.8797221112
757668,125088.8797221112
757758,125088.8797221112
757792,125088.8797221112
757925,125088.8797221112
757991,125088.8797221112
758122,125088.8797221112
758135,125088.8797221112
758325,125088.8797221112
758344,125088.8797221112
758410,125088.8797221112
758601,125088.8797221112
758674,125088.8797221112
758911,125088.8797221112
759246,125088.8797221112
759339,125088.8797221112
759621,125088.8797221112
759656,125088.8797221112
759823,125088.8797221112
759982,125088.8797221112
760071,125088.8797221112
760135,125088.8797221112
760172,125088.8797221112
760262,125088.8797221112
760514,125088.8797221112
760522,125088.8797221112
760523,125088.8797221112
760607,125088.8797221112
760760,125088.8797221112
760878,125088.8797221112
761015,125088.8797221112
761078,125088.8797221112
761137,125088.8797221112
761182,125088.8797221112
761221,125088.8797221112
761226,125088.8797221112
761245,125088.8797221112
761273,125088.8797221112
761281,125088.8797221112
761297,125088.8797221112
761298,125088.8797221112
761312,125088.8797221112
761418,125088.8797221112
761437,125088.8797221112
761449,125088.8797221112
761451,125088.8797221112
761462,125088.8797221112
761597,125088.8797221112
761616,125088.8797221112
761631,125088.8797221112
761638,125088.8797221112
761660,125088.8797221112
761662,125088.8797221112
761734,125088.8797221112
761737,125088.8797221112
761773,125088.8797221112
761775,125088.8797221112
761781,125088.8797221112
761783,125088.8797221112
761870,125088.8797221112
761928,125088.8797221112
762020,125088.8797221112
762104,125088.8797221112
762106,125088.8797221112
762135,125088.8797221112
762140,125088.8797221112
762146,125088.8797221112
762260,125088.8797221112
762277,125088.8797221112
762395,125088.8797221112
762467,125088.8797221112
762485,125088.8797221112
762509,125088.8797221112
762528,125088.8797221112
762572,125088.8797221112
762642,125088.8797221112
762673,125088.8797221112
762782,125088.8797221112
762792,125088.8797221112
762828,125088.8797221112
762848,125088.8797221112
762862,125088.8797221112
762894,125088.8797221112
762903,125088.8797221112
762924,125088.8797221112
762929,125088.8797221112
762937,125088.8797221112
762941,125088.8797221112
762951,125088.8797221112
762959,125088.8797221112
762965,125088.8797221112
762986,125088.8797221112
763016,125088.8797221112
763021,125088.8797221112
763034,125088.8797221112
763065,125088.8797221112
763068,125088.8797221112
763073,125088.8797221112
763090,125088.8797221112
763152,125088.8797221112
763153,125088.8797221112
763212,125088.8797221112
763270,125088.8797221112
763279,125088.8797221112
763299,125088.8797221112
763300,125088.8797221112
763314,125088.8797221112
763332,125088.8797221112
763333,125088.8797221112
763334,125088.8797221112
763337,125088.8797221112
763338,125088.8797221112
763348,125088.8797221112
763349,125088.8797221112
763351,125088.8797221112
763389,125088.8797221112
763421,125088.8797221112
763424,125088.8797221112
763429,125088.8797221112
763431,125088.8797221112
763433,125088.8797221112
763435,125088.8797221112
763438,125088.8797221112
763439,125088.8797221112
763446,125088.8797221112
763447,125088.8797221112
763448,125088.8797221112
763449,125088.8797221112
763450,125088.8797221112
763452,125088.8797221112
763453,125088.8797221112
763454,125088.8797221112
763457,125088.8797221112
763458,125088.8797221112
763460,125088.8797221112
763464,125088.8797221112
763466,125088.8797221112
763528,125088.8797221112
763572,125088.8797221112
763575,125088.8797221112
763576,125088.8797221112
763591,125088.8797221112
763627,125088.8797221112
763628,125088.8797221112
763629,125088.8797221112
763631,125088.8797221112
763633,125088.8797221112
763634,125088.8797221112
763653,125088.8797221112
763684,125088.8797221112
763733,125088.8797221112
763744,125088.8797221112
763764,125088.8797221112
763781,125088.8797221112
763788,125088.8797221112
763797,125088.8797221112
763842,125088.8797221112
763856,125088.8797221112
763925,125088.8797221112
763942,125088.8797221112
764037,125088.8797221112
764042,125088.8797221112
764044,125088.8797221112
764047,125088.8797221112
764052,125088.8797221112
764103,125088.8797221112
764132,125088.8797221112
764192,125088.8797221112
764215,125088.8797221112
764263,125088.8797221112
764332,125088.8797221112
764347,125088.8797221112
764361,125088.8797221112
764368,125088.8797221112
764413,125088.8797221112
764414,125088.8797221112
764496,125088.8797221112
764544,125088.8797221112
764737,125088.8797221112
764777,125088.8797221112
764797,125088.8797221112
764822,125088.8797221112
764827,125088.8797221112
764828,125088.8797221112
764836,125088.8797221112
764862,125088.8797221112
764907,125088.8797221112
764910,125088.8797221112
764922,125088.8797221112
764946,125088.8797221112
764999,125088.8797221112
765049,125088.8797221112
765056,125088.8797221112
765097,125088.8797221112
765112,125088.8797221112
765115,125088.8797221112
765282,125088.8797221112
765294,125088.8797221112
765352,125088.8797221112
765358,125088.8797221112
765365,125088.8797221112
765396,125088.8797221112
765440,125088.8797221112
765475,125088.8797221112
765494,125088.8797221112
765496,125088.8797221112
765520,125088.8797221112
765527,125088.8797221112
765571,125088.8797221112
765572,125088.8797221112
765599,125088.8797221112
765625,125088.8797221112
765669,125088.8797221112
765676,125088.8797221112
765686,125088.8797221112
765756,125088.8797221112
765760,125088.8797221112
765768,125088.8797221112
765786,125088.8797221112
765832,125088.8797221112
765840,125088.8797221112
765853,125088.8797221112
765854,125088.8797221112
765869,125088.8797221112
765883,125088.8797221112
765884,125088.8797221112
765913,125088.8797221112
765938,125088.8797221112
766020,125088.8797221112
766039,125088.8797221112
766052,125088.8797221112
766076,125088.8797221112
766102,125088.8797221112
766103,125088.8797221112
766106,125088.8797221112
766110,125088.8797221112
766114,125088.8797221112
766137,125088.8797221112
766140,125088.8797221112
766142,125088.8797221112
766151,125088.8797221112
766163,125088.8797221112
766185,125088.8797221112
766212,125088.8797221112
766222,125088.8797221112
766225,125088.8797221112
766250,125088.8797221112
766251,125088.8797221112
766253,125088.8797221112
766259,125088.8797221112
766272,125088.8797221112
766300,125088.8797221112
766328,125088.8797221112
766392,125088.8797221112
766404,125088.8797221112
766416,125088.8797221112
766459,125088.8797221112
766463,125088.8797221112
766464,125088.8797221112
766479,125088.8797221112
766501,125088.8797221112
766550,125088.8797221112
766648,125088.8797221112
766782,125088.8797221112
766785,125088.8797221112
766808,125088.8797221112
766824,125088.8797221112
766883,125088.8797221112
766891,125088.8797221112
766923,125088.8797221112
766951,125088.8797221112
766977,125088.8797221112
766984,125088.8797221112
766998,125088.8797221112
767008,125088.8797221112
767009,125088.8797221112
767047,125088.8797221112
767056,125088.8797221112
767092,125088.8797221112
767132,125088.8797221112
767229,125088.8797221112
767253,125088.8797221112
767260,125088.8797221112
767290,125088.8797221112
767319,125088.8797221112
767321,125088.8797221112
767366,125088.8797221112
767405,125088.8797221112
767407,125088.8797221112
767409,125088.8797221112
767414,125088.8797221112
767465,125088.8797221112
767487,125088.8797221112
767512,125088.8797221112
767558,125088.8797221112
767705,125088.8797221112
767856,125088.8797221112
768002,125088.8797221112
768343,125088.8797221112
768717,125088.8797221112
768790,125088.8797221112
768981,125088.8797221112
769002,125088.8797221112
769155,125088.8797221112
769216,125088.8797221112
769226,125088.8797221112
769575,125088.8797221112
769599,125088.8797221112
769768,125088.8797221112
769812,125088.8797221112
769898,125088.8797221112
769957,125088.8797221112
770294,125088.8797221112
770295,125088.8797221112
770484,125088.8797221112
770520,125088.8797221112
770523,125088.8797221112
770558,125088.8797221112
770682,125088.8797221112
770744,125088.8797221112
770751,125088.8797221112
770765,125088.8797221112
770777,125088.8797221112
770786,125088.8797221112
770972,125088.8797221112
771112,125088.8797221112
771113,125088.8797221112
771117,125088.8797221112
771118,125088.8797221112
771333,125088.8797221112
771397,125088.8797221112
771816,125088.8797221112
771858,125088.8797221112
772028,125088.8797221112
772107,125088.8797221112
772213,125088.8797221112
772214,125088.8797221112
774481,125088.8797221112
774546,125088.8797221112
774699,125088.8797221112
774950,125088.8797221112
775137,125088.8797221112
775139,125088.8797221112
775393,125088.8797221112
775537,125088.8797221112
775560,125088.8797221112
775652,125088.8797221112
775907,125088.8797221112
776742,125088.8797221112
776780,125088.8797221112
776781,125088.8797221112
776783,125088.8797221112
776981,125088.8797221112
777103,125088.8797221112
777106,125088.8797221112
777107,125088.8797221112
777108,125088.8797221112
777110,125088.8797221112
777117,125088.8797221112
777118,125088.8797221112
777121,125088.8797221112
777123,125088.8797221112
777125,125088.8797221112
777210,125088.8797221112
777453,125088.8797221112
777462,125088.8797221112
777464,125088.8797221112
777489,125088.8797221112
777572,125088.8797221112
778274,125088.8797221112
778564,125088.8797221112
778634,125088.8797221112
778678,125088.8797221112
778689,125088.8797221112
778791,125088.8797221112
778830,125088.8797221112
778851,125088.8797221112
778906,125088.8797221112
778948,125088.8797221112
778949,125088.8797221112
778952,125088.8797221112
778953,125088.8797221112
778956,125088.8797221112
778970,125088.8797221112
778976,125088.8797221112
779003,125088.8797221112
779077,125088.8797221112
779114,125088.8797221112
779141,125088.8797221112
779149,125088.8797221112
779215,125088.8797221112
779288,125088.8797221112
779384,125088.8797221112
779391,125088.8797221112
779392,125088.8797221112
779393,125088.8797221112
779705,125088.8797221112
779738,125088.8797221112
779782,125088.8797221112
779867,125088.8797221112
779904,125088.8797221112
779938,125088.8797221112
779977,125088.8797221112
779984,125088.8797221112
780002,125088.8797221112
780020,125088.8797221112
780073,125088.8797221112
780093,125088.8797221112
780095,125088.8797221112
780214,125088.8797221112
780253,125088.8797221112
780353,125088.8797221112
780376,125088.8797221112
780395,125088.8797221112
780419,125088.8797221112
780420,125088.8797221112
780421,125088.8797221112
780564,125088.8797221112
780596,125088.8797221112
780669,125088.8797221112
780694,125088.8797221112
780702,125088.8797221112
780715,125088.8797221112
780724,125088.8797221112
780846,125088.8797221112
780856,125088.8797221112
780863,125088.8797221112
780900,125088.8797221112
780951,125088.8797221112
781145,125088.8797221112
781275,125088.8797221112
781371,125088.8797221112
781416,125088.8797221112
781559,125088.8797221112
781563,125088.8797221112
781572,125088.8797221112
781698,125088.8797221112
781700,125088.8797221112
781825,125088.8797221112
781843,125088.8797221112
781844,125088.8797221112
781845,125088.8797221112
781846,125088.8797221112
781854,125088.8797221112
781859,125088.8797221112
781860,125088.8797221112
781866,125088.8797221112
781946,125088.8797221112
781982,125088.8797221112
782181,125088.8797221112
782201,125088.8797221112
782394,125088.8797221112
782416,125088.8797221112
782443,125088.8797221112
782452,125088.8797221112
782561,125088.8797221112
782627,125088.8797221112
782642,125088.8797221112
782665,125088.8797221112
782671,125088.8797221112
782675,125088.8797221112
782693,125088.8797221112
782705,125088.8797221112
782706,125088.8797221112
782708,125088.8797221112
782717,125088.8797221112
782722,125088.8797221112
782761,125088.8797221112
782782,125088.8797221112
782785,125088.8797221112
782849,125088.8797221112
782946,125088.8797221112
783038,125088.8797221112
783051,125088.8797221112
783056,125088.8797221112
783125,125088.8797221112
783130,125088.8797221112
783231,125088.8797221112
783260,125088.8797221112
783421,125088.8797221112
783512,125088.8797221112
783559,125088.8797221112
783604,125088.8797221112
783607,125088.8797221112
783636,125088.8797221112
783654,125088.8797221112
783811,125088.8797221112
783914,125088.8797221112
783951,125088.8797221112
783978,125088.8797221112
783979,125088.8797221112
784000,125088.8797221112
784012,125088.8797221112
784167,125088.8797221112
784275,125088.8797221112
784431,125088.8797221112
784568,125088.8797221112
784570,125088.8797221112
784737,125088.8797221112
784762,125088.8797221112
784768,125088.8797221112
784842,125088.8797221112
785009,125088.8797221112
785082,125088.8797221112
785261,125088.8797221112
785408,125088.8797221112
785455,125088.8797221112
785514,125088.8797221112
785588,125088.8797221112
785808,125088.8797221112
785820,125088.8797221112
785970,125088.8797221112
785973,125088.8797221112
786182,125088.8797221112
786183,125088.8797221112
786346,125088.8797221112
786447,125088.8797221112
786450,125088.8797221112
786451,125088.8797221112
786452,125088.8797221112
786456,125088.8797221112
786457,125088.8797221112
786484,125088.8797221112
786521,125088.8797221112
786587,125088.8797221112
786628,125088.8797221112
786831,125088.8797221112
786859,125088.8797221112
787068,125088.8797221112
787151,125088.8797221112
787208,125088.8797221112
787215,125088.8797221112
787216,125088.8797221112
787276,125088.8797221112
787281,125088.8797221112
787289,125088.8797221112
787291,125088.8797221112
787331,125088.8797221112
787343,125088.8797221112
787361,125088.8797221112
787369,125088.8797221112
787382,125088.8797221112
787385,125088.8797221112
787401,125088.8797221112
787405,125088.8797221112
787411,125088.8797221112
787454,125088.8797221112
787485,125088.8797221112
787486,125088.8797221112
787489,125088.8797221112
787490,125088.8797221112
787528,125088.8797221112
787529,125088.8797221112
787533,125088.8797221112
787535,125088.8797221112
787538,125088.8797221112
787555,125088.8797221112
787614,125088.8797221112
787634,125088.8797221112
787684,125088.8797221112
787868,125088.8797221112
788008,125088.8797221112
788356,125088.8797221112
788577,125088.8797221112
788645,125088.8797221112
788730,125088.8797221112
788820,125088.8797221112
788990,125088.8797221112
788994,125088.8797221112
789179,125088.8797221112
789327,125088.8797221112
789333,125088.8797221112
789339,125088.8797221112
789374,125088.8797221112
789389,125088.8797221112
789555,125088.8797221112
789568,125088.8797221112
789619,125088.8797221112
789638,125088.8797221112
789709,125088.8797221112
789843,125088.8797221112
789881,125088.8797221112
789964,125088.8797221112
789966,125088.8797221112
790026,125088.8797221112
790038,125088.8797221112
790115,125088.8797221112
790170,125088.8797221112
790184,125088.8797221112
790414,125088.8797221112
790625,125088.8797221112
790725,125088.8797221112
790798,125088.8797221112
790912,125088.8797221112
790918,125088.8797221112
790939,125088.8797221112
791067,125088.8797221112
791077,125088.8797221112
791182,125088.8797221112
791219,125088.8797221112
791221,125088.8797221112
791296,125088.8797221112
791314,125088.8797221112
791379,125088.8797221112
791445,125088.8797221112
791581,125088.8797221112
791589,125088.8797221112
791600,125088.8797221112
791608,125088.8797221112
791617,125088.8797221112
791813,125088.8797221112
791869,125088.8797221112
791870,125088.8797221112
792315,125088.8797221112
792695,125088.8797221112
793171,125088.8797221112
793172,125088.8797221112
793391,125088.8797221112
793620,125088.8797221112
793722,125088.8797221112
793967,125088.8797221112
794344,125088.8797221112
794498,125088.8797221112
794573,125088.8797221112
794576,125088.8797221112
794897,125088.8797221112
794968,125088.8797221112
796060,125088.8797221112
796252,125088.8797221112
796300,125088.8797221112
796537,125088.8797221112
796582,125088.8797221112
797433,125088.8797221112
797488,125088.8797221112
797489,125088.8797221112
797540,125088.8797221112
797866,125088.8797221112
798010,125088.8797221112
798026,125088.8797221112
799178,125088.8797221112
799179,125088.8797221112
799190,125088.8797221112
799234,125088.8797221112
799315,125088.8797221112
799472,125088.8797221112
799498,125088.8797221112
799561,125088.8797221112
799652,125088.8797221112
799732,125088.8797221112
800022,125088.8797221112
800237,125088.8797221112
800456,125088.8797221112
800963,125088.8797221112
801193,125088.8797221112
801250,125088.8797221112
801281,125088.8797221112
801487,125088.8797221112
801497,125088.8797221112
801503,125088.8797221112
801504,125088.8797221112
801727,125088.8797221112
801954,125088.8797221112
802096,125088.8797221112
802163,125088.8797221112
802196,125088.8797221112
802200,125088.8797221112
802270,125088.8797221112
802271,125088.8797221112
802331,125088.8797221112
802349,125088.8797221112
802375,125088.8797221112
802688,125088.8797221112
803023,125088.8797221112
803138,125088.8797221112
803310,125088.8797221112
803839,125088.8797221112
803941,125088.8797221112
804236,125088.8797221112
804237,125088.8797221112
804318,125088.8797221112
804335,125088.8797221112
804516,125088.8797221112
804572,125088.8797221112
804611,125088.8797221112
804663,125088.8797221112
804859,125088.8797221112
805515,125088.8797221112
805577,125088.8797221112
806450,125088.8797221112
806493,125088.8797221112
806508,125088.8797221112
806655,125088.8797221112
806775,125088.8797221112
806865,125088.8797221112
806936,125088.8797221112
806937,125088.8797221112
807537,125088.8797221112
807824,125088.8797221112
807826,125088.8797221112
808024,125088.8797221112
808123,125088.8797221112
808180,125088.8797221112
808340,125088.8797221112
808644,125088.8797221112
808647,125088.8797221112
809443,125088.8797221112
809444,125088.8797221112
809711,125088.8797221112
810556,125088.8797221112
810560,125088.8797221112
810574,125088.8797221112
810705,125088.8797221112
811018,125088.8797221112
811028,125088.8797221112
811104,125088.8797221112
811659,125088.8797221112
811817,125088.8797221112
811944,125088.8797221112
812472,125088.8797221112
812587,125088.8797221112
812588,125088.8797221112
812762,125088.8797221112
812914,125088.8797221112
813322,125088.8797221112
813323,125088.8797221112
813324,125088.8797221112
813361,125088.8797221112
813430,125088.8797221112
813750,125088.8797221112
813797,125088.8797221112
813800,125088.8797221112
814059,125088.8797221112
814159,125088.8797221112
814247,125088.8797221112
814306,125088.8797221112
814308,125088.8797221112
814310,125088.8797221112
814313,125088.8797221112
814338,125088.8797221112
814378,125088.8797221112
814381,125088.8797221112
814390,125088.8797221112
814448,125088.8797221112
814449,125088.8797221112
815043,125088.8797221112
815287,125088.8797221112
815582,125088.8797221112
815585,125088.8797221112
815640,125088.8797221112
816479,125088.8797221112
816525,125088.8797221112
816552,125088.8797221112
816589,125088.8797221112
816592,125088.8797221112
816594,125088.8797221112
816608,125088.8797221112
816611,125088.8797221112
816676,125088.8797221112
816679,125088.8797221112
816850,125088.8797221112
816967,125088.8797221112
816968,125088.8797221112
816969,125088.8797221112
816972,125088.8797221112
816974,125088.8797221112
817091,125088.8797221112
817550,125088.8797221112
817647,125088.8797221112
817658,125088.8797221112
817662,125088.8797221112
817752,125088.8797221112
817883,125088.8797221112
817978,125088.8797221112
818057,125088.8797221112
818059,125088.8797221112
818170,125088.8797221112
818217,125088.8797221112
818229,125088.8797221112
818316,125088.8797221112
818405,125088.8797221112
818412,125088.8797221112
818488,125088.8797221112
818498,125088.8797221112
818519,125088.8797221112
818520,125088.8797221112
818601,125088.8797221112
818620,125088.8797221112
818629,125088.8797221112
818668,125088.8797221112
818906,125088.8797221112
818951,125088.8797221112
818981,125088.8797221112
819022,125088.8797221112
819052,125088.8797221112
819088,125088.8797221112
819090,125088.8797221112
819154,125088.8797221112
819224,125088.8797221112
819477,125088.8797221112
819505,125088.8797221112
819532,125088.8797221112
819599,125088.8797221112
819624,125088.8797221112
819689,125088.8797221112
819690,125088.8797221112
819694,125088.8797221112
819729,125088.8797221112
819737,125088.8797221112
819839,125088.8797221112
819946,125088.8797221112
820010,125088.8797221112
820047,125088.8797221112
820221,125088.8797221112
820343,125088.8797221112
820369,125088.8797221112
820444,125088.8797221112
820485,125088.8797221112
820520,125088.8797221112
820534,125088.8797221112
820549,125088.8797221112
820550,125088.8797221112
820560,125088.8797221112
820576,125088.8797221112
820608,125088.8797221112
820640,125088.8797221112
820668,125088.8797221112
820672,125088.8797221112
820758,125088.8797221112
820763,125088.8797221112
820797,125088.8797221112
820936,125088.8797221112
821001,125088.8797221112
821049,125088.8797221112
821050,125088.8797221112
821087,125088.8797221112
821251,125088.8797221112
821372,125088.8797221112
821381,125088.8797221112
821423,125088.8797221112
821616,125088.8797221112
821664,125088.8797221112
821715,125088.8797221112
821753,125088.8797221112
821791,125088.8797221112
821800,125088.8797221112
821820,125088.8797221112
821825,125088.8797221112
821826,125088.8797221112
821876,125088.8797221112
821888,125088.8797221112
821895,125088.8797221112
822024,125088.8797221112
822169,125088.8797221112
822190,125088.8797221112
822347,125088.8797221112
822354,125088.8797221112
822421,125088.8797221112
822422,125088.8797221112
822432,125088.8797221112
822445,125088.8797221112
822453,125088.8797221112
822456,125088.8797221112
822457,125088.8797221112
822552,125088.8797221112
822622,125088.8797221112
822624,125088.8797221112
822635,125088.8797221112
822656,125088.8797221112
822684,125088.8797221112
822688,125088.8797221112
822777,125088.8797221112
822785,125088.8797221112
822858,125088.8797221112
822880,125088.8797221112
822882,125088.8797221112
822883,125088.8797221112
822930,125088.8797221112
823118,125088.8797221112
823126,125088.8797221112
823190,125088.8797221112
823243,125088.8797221112
823305,125088.8797221112
823338,125088.8797221112
823411,125088.8797221112
823441,125088.8797221112
823596,125088.8797221112
823639,125088.8797221112
823761,125088.8797221112
823773,125088.8797221112
823798,125088.8797221112
823815,125088.8797221112
823830,125088.8797221112
823846,125088.8797221112
823949,125088.8797221112
823958,125088.8797221112
824041,125088.8797221112
824138,125088.8797221112
824141,125088.8797221112
824236,125088.8797221112
824250,125088.8797221112
824261,125088.8797221112
824528,125088.8797221112
824533,125088.8797221112
824564,125088.8797221112
824568,125088.8797221112
824571,125088.8797221112
824575,125088.8797221112
824602,125088.8797221112
824686,125088.8797221112
824788,125088.8797221112
824810,125088.8797221112
824857,125088.8797221112
824886,125088.8797221112
824906,125088.8797221112
825094,125088.8797221112
825107,125088.8797221112
825186,125088.8797221112
825386,125088.8797221112
825462,125088.8797221112
825470,125088.8797221112
825472,125088.8797221112
825473,125088.8797221112
825700,125088.8797221112
825862,125088.8797221112
825950,125088.8797221112
826171,125088.8797221112
826173,125088.8797221112
826309,125088.8797221112
826322,125088.8797221112
826408,125088.8797221112
826453,125088.8797221112
826522,125088.8797221112
826555,125088.8797221112
826607,125088.8797221112
826650,125088.8797221112
826863,125088.8797221112
826864,125088.8797221112
826881,125088.8797221112
826893,125088.8797221112
826896,125088.8797221112
826968,125088.8797221112
826977,125088.8797221112
827191,125088.8797221112
827214,125088.8797221112
827230,125088.8797221112
827234,125088.8797221112
827325,125088.8797221112
827359,125088.8797221112
827399,125088.8797221112
827481,125088.8797221112
827619,125088.8797221112
827688,125088.8797221112
827711,125088.8797221112
827954,125088.8797221112
828025,125088.8797221112
828031,125088.8797221112
828082,125088.8797221112
828144,125088.8797221112
828174,125088.8797221112
828265,125088.8797221112
828273,125088.8797221112
828285,125088.8797221112
828351,125088.8797221112
828477,125088.8797221112
828604,125088.8797221112
828623,125088.8797221112
828718,125088.8797221112
828750,125088.8797221112
828793,125088.8797221112
828812,125088.8797221112
828827,125088.8797221112
828862,125088.8797221112
828965,125088.8797221112
829067,125088.8797221112
829087,125088.8797221112
829171,125088.8797221112
829240,125088.8797221112
829278,125088.8797221112
829282,125088.8797221112
829293,125088.8797221112
829295,125088.8797221112
829318,125088.8797221112
829322,125088.8797221112
829336,125088.8797221112
829344,125088.8797221112
829351,125088.8797221112
829359,125088.8797221112
829367,125088.8797221112
829372,125088.8797221112
829378,125088.8797221112
829383,125088.8797221112
829389,125088.8797221112
829390,125088.8797221112
829395,125088.8797221112
829413,125088.8797221112
829417,125088.8797221112
829419,125088.8797221112
829599,125088.8797221112
829600,125088.8797221112
829612,125088.8797221112
829673,125088.8797221112
829767,125088.8797221112
829883,125088.8797221112
829947,125088.8797221112
830002,125088.8797221112
830122,125088.8797221112
830143,125088.8797221112
830151,125088.8797221112
830160,125088.8797221112
830199,125088.8797221112
830245,125088.8797221112
830262,125088.8797221112
830265,125088.8797221112
830279,125088.8797221112
830280,125088.8797221112
830333,125088.8797221112
830384,125088.8797221112
830410,125088.8797221112
830446,125088.8797221112
830448,125088.8797221112
830535,125088.8797221112
830581,125088.8797221112
830587,125088.8797221112
830702,125088.8797221112
830731,125088.8797221112
830739,125088.8797221112
830764,125088.8797221112
830772,125088.8797221112
830774,125088.8797221112
830971,125088.8797221112
831037,125088.8797221112
831091,125088.8797221112
831105,125088.8797221112
831106,125088.8797221112
831112,125088.8797221112
831247,125088.8797221112
831261,125088.8797221112
831269,125088.8797221112
831321,125088.8797221112
831459,125088.8797221112
831529,125088.8797221112
831628,125088.8797221112
831792,125088.8797221112
831881,125088.8797221112
831882,125088.8797221112
831883,125088.8797221112
831884,125088.8797221112
831910,125088.8797221112
831944,125088.8797221112
831946,125088.8797221112
831947,125088.8797221112
831949,125088.8797221112
831950,125088.8797221112
831960,125088.8797221112
831961,125088.8797221112
831974,125088.8797221112
832022,125088.8797221112
832156,125088.8797221112
832213,125088.8797221112
832254,125088.8797221112
832261,125088.8797221112
832343,125088.8797221112
832367,125088.8797221112
832436,125088.8797221112
832439,125088.8797221112
832460,125088.8797221112
832470,125088.8797221112
832511,125088.8797221112
832513,125088.8797221112
832624,125088.8797221112
832707,125088.8797221112
832726,125088.8797221112
832780,125088.8797221112
832924,125088.8797221112
832953,125088.8797221112
833013,125088.8797221112
833045,125088.8797221112
833051,125088.8797221112
833052,125088.8797221112
833055,125088.8797221112
833056,125088.8797221112
833057,125088.8797221112
833058,125088.8797221112
833091,125088.8797221112
833216,125088.8797221112
833233,125088.8797221112
833350,125088.8797221112
833459,125088.8797221112
833510,125088.8797221112
833525,125088.8797221112
833527,125088.8797221112
833554,125088.8797221112
833634,125088.8797221112
833668,125088.8797221112
833688,125088.8797221112
833789,125088.8797221112
833827,125088.8797221112
833846,125088.8797221112
833858,125088.8797221112
833886,125088.8797221112
833925,125088.8797221112
833968,125088.8797221112
834026,125088.8797221112
834042,125088.8797221112
834049,125088.8797221112
834113,125088.8797221112
834265,125088.8797221112
834280,125088.8797221112
834315,125088.8797221112
834335,125088.8797221112
834341,125088.8797221112
834343,125088.8797221112
834348,125088.8797221112
834350,125088.8797221112
834391,125088.8797221112
834443,125088.8797221112
834451,125088.8797221112
834514,125088.8797221112
834613,125088.8797221112
834616,125088.8797221112
834623,125088.8797221112
834662,125088.8797221112
834702,125088.8797221112
834746,125088.8797221112
834751,125088.8797221112
834764,125088.8797221112
834785,125088.8797221112
834788,125088.8797221112
834836,125088.8797221112
834858,125088.8797221112
834903,125088.8797221112
834917,125088.8797221112
834959,125088.8797221112
835037,125088.8797221112
835090,125088.8797221112
835122,125088.8797221112
835129,125088.8797221112
835137,125088.8797221112
835262,125088.8797221112
835290,125088.8797221112
835307,125088.8797221112
835336,125088.8797221112
835361,125088.8797221112
835388,125088.8797221112
835459,125088.8797221112
835465,125088.8797221112
835522,125088.8797221112
835523,125088.8797221112
835635,125088.8797221112
835651,125088.8797221112
835661,125088.8797221112
835673,125088.8797221112
835692,125088.8797221112
835759,125088.8797221112
835813,125088.8797221112
835814,125088.8797221112
835816,125088.8797221112
835884,125088.8797221112
835965,125088.8797221112
836013,125088.8797221112
836041,125088.8797221112
836103,125088.8797221112
836173,125088.8797221112
836254,125088.8797221112
836316,125088.8797221112
836341,125088.8797221112
836417,125088.8797221112
836550,125088.8797221112
836555,125088.8797221112
836556,125088.8797221112
836559,125088.8797221112
836561,125088.8797221112
836562,125088.8797221112
836563,125088.8797221112
836564,125088.8797221112
836566,125088.8797221112
836735,125088.8797221112
836782,125088.8797221112
836821,125088.8797221112
837005,125088.8797221112
837092,125088.8797221112
837095,125088.8797221112
837197,125088.8797221112
837467,125088.8797221112
837506,125088.8797221112
837521,125088.8797221112
837550,125088.8797221112
837592,125088.8797221112
837618,125088.8797221112
837632,125088.8797221112
837642,125088.8797221112
837658,125088.8797221112
837769,125088.8797221112
837779,125088.8797221112
837784,125088.8797221112
837831,125088.8797221112
837832,125088.8797221112
837836,125088.8797221112
837961,125088.8797221112
838054,125088.8797221112
838186,125088.8797221112
838254,125088.8797221112
838257,125088.8797221112
838287,125088.8797221112
838374,125088.8797221112
838443,125088.8797221112
838471,125088.8797221112
838609,125088.8797221112
838636,125088.8797221112
838681,125088.8797221112
838696,125088.8797221112
838729,125088.8797221112
838745,125088.8797221112
838778,125088.8797221112
838834,125088.8797221112
838840,125088.8797221112
839042,125088.8797221112
839134,125088.8797221112
839179,125088.8797221112
839299,125088.8797221112
839328,125088.8797221112
839358,125088.8797221112
839379,125088.8797221112
839481,125088.8797221112
839688,125088.8797221112
839804,125088.8797221112
839807,125088.8797221112
839857,125088.8797221112
839875,125088.8797221112
839896,125088.8797221112
839906,125088.8797221112
839907,125088.8797221112
839912,125088.8797221112
839923,125088.8797221112
839964,125088.8797221112
840015,125088.8797221112
840075,125088.8797221112
840137,125088.8797221112
840187,125088.8797221112
840267,125088.8797221112
840277,125088.8797221112
840279,125088.8797221112
840282,125088.8797221112
840284,125088.8797221112
840287,125088.8797221112
840313,125088.8797221112
840333,125088.8797221112
840334,125088.8797221112
840337,125088.8797221112
840425,125088.8797221112
840558,125088.8797221112
840569,125088.8797221112
840632,125088.8797221112
840829,125088.8797221112
840859,125088.8797221112
840895,125088.8797221112
840951,125088.8797221112
841008,125088.8797221112
841041,125088.8797221112
841075,125088.8797221112
841077,125088.8797221112
841273,125088.8797221112
841289,125088.8797221112
841313,125088.8797221112
841337,125088.8797221112
841354,125088.8797221112
841376,125088.8797221112
841400,125088.8797221112
841446,125088.8797221112
841484,125088.8797221112
841515,125088.8797221112
841521,125088.8797221112
841536,125088.8797221112
841557,125088.8797221112
841585,125088.8797221112
841696,125088.8797221112
841763,125088.8797221112
841803,125088.8797221112
841851,125088.8797221112
841869,125088.8797221112
841984,125088.8797221112
842034,125088.8797221112
842041,125088.8797221112
842044,125088.8797221112
842056,125088.8797221112
842219,125088.8797221112
842222,125088.8797221112
842243,125088.8797221112
842245,125088.8797221112
842350,125088.8797221112
842357,125088.8797221112
842459,125088.8797221112
842460,125088.8797221112
842623,125088.8797221112
842624,125088.8797221112
842791,125088.8797221112
842797,125088.8797221112
842808,125088.8797221112
842868,125088.8797221112
842953,125088.8797221112
842960,125088.8797221112
843026,125088.8797221112
843041,125088.8797221112
843066,125088.8797221112
843070,125088.8797221112
843072,125088.8797221112
843183,125088.8797221112
843192,125088.8797221112
843194,125088.8797221112
843197,125088.8797221112
843201,125088.8797221112
843205,125088.8797221112
843339,125088.8797221112
843353,125088.8797221112
843397,125088.8797221112
843417,125088.8797221112
843468,125088.8797221112
843471,125088.8797221112
843505,125088.8797221112
843512,125088.8797221112
843536,125088.8797221112
843564,125088.8797221112
843575,125088.8797221112
843622,125088.8797221112
843737,125088.8797221112
843742,125088.8797221112
843767,125088.8797221112
843770,125088.8797221112
843784,125088.8797221112
843794,125088.8797221112
843797,125088.8797221112
843906,125088.8797221112
843914,125088.8797221112
843942,125088.8797221112
843943,125088.8797221112
843979,125088.8797221112
843980,125088.8797221112
843993,125088.8797221112
844008,125088.8797221112
844035,125088.8797221112
844085,125088.8797221112
844097,125088.8797221112
844104,125088.8797221112
844109,125088.8797221112
844110,125088.8797221112
844126,125088.8797221112
844162,125088.8797221112
844165,125088.8797221112
844198,125088.8797221112
844211,125088.8797221112
844233,125088.8797221112
844310,125088.8797221112
844316,125088.8797221112
844329,125088.8797221112
844338,125088.8797221112
844468,125088.8797221112
844503,125088.8797221112
844536,125088.8797221112
844539,125088.8797221112
844564,125088.8797221112
844590,125088.8797221112
844617,125088.8797221112
844640,125088.8797221112
844716,125088.8797221112
844747,125088.8797221112
844748,125088.8797221112
844755,125088.8797221112
844762,125088.8797221112
844789,125088.8797221112
844804,125088.8797221112
844846,125088.8797221112
844847,125088.8797221112
844849,125088.8797221112
844855,125088.8797221112
844856,125088.8797221112
844857,125088.8797221112
844862,125088.8797221112
844886,125088.8797221112
844915,125088.8797221112
844925,125088.8797221112
844991,125088.8797221112
844993,125088.8797221112
845024,125088.8797221112
845033,125088.8797221112
845082,125088.8797221112
845083,125088.8797221112
845096,125088.8797221112
845106,125088.8797221112
845107,125088.8797221112
845121,125088.8797221112
845124,125088.8797221112
845155,125088.8797221112
845166,125088.8797221112
845183,125088.8797221112
845217,125088.8797221112
845244,125088.8797221112
845251,125088.8797221112
845344,125088.8797221112
845370,125088.8797221112
845397,125088.8797221112
845405,125088.8797221112
845471,125088.8797221112
845486,125088.8797221112
845528,125088.8797221112
845534,125088.8797221112
845545,125088.8797221112
845594,125088.8797221112
845685,125088.8797221112
845705,125088.8797221112
845720,125088.8797221112
845802,125088.8797221112
845879,125088.8797221112
845943,125088.8797221112
845962,125088.8797221112
846140,125088.8797221112
846147,125088.8797221112
846152,125088.8797221112
846284,125088.8797221112
846499,125088.8797221112
846556,125088.8797221112
846559,125088.8797221112
846573,125088.8797221112
846575,125088.8797221112
846768,125088.8797221112
846871,125088.8797221112
846968,125088.8797221112
847095,125088.8797221112
847100,125088.8797221112
847161,125088.8797221112
847191,125088.8797221112
847227,125088.8797221112
847230,125088.8797221112
847306,125088.8797221112
847476,125088.8797221112
847537,125088.8797221112
847657,125088.8797221112
847727,125088.8797221112
847766,125088.8797221112
847773,125088.8797221112
847809,125088.8797221112
847861,125088.8797221112
847892,125088.8797221112
847917,125088.8797221112
847950,125088.8797221112
848039,125088.8797221112
848093,125088.8797221112
848095,125088.8797221112
848112,125088.8797221112
848157,125088.8797221112
848164,125088.8797221112
848302,125088.8797221112
848330,125088.8797221112
848365,125088.8797221112
848375,125088.8797221112
848386,125088.8797221112
848437,125088.8797221112
848493,125088.8797221112
848543,125088.8797221112
848549,125088.8797221112
848623,125088.8797221112
848661,125088.8797221112
848707,125088.8797221112
848775,125088.8797221112
848843,125088.8797221112
848978,125088.8797221112
848989,125088.8797221112
849002,125088.8797221112
849024,125088.8797221112
849047,125088.8797221112
849062,125088.8797221112
849064,125088.8797221112
936612,125088.8797221112
936685,125088.8797221112
936696,125088.8797221112
936725,125088.8797221112
936735,125088.8797221112
936772,125088.8797221112
936806,125088.8797221112
936808,125088.8797221112
936854,125088.8797221112
936871,125088.8797221112
936899,125088.8797221112
936915,125088.8797221112
936923,125088.8797221112
936950,125088.8797221112
936973,125088.8797221112
937001,125088.8797221112
937003,125088.8797221112
937056,125088.8797221112
937090,125088.8797221112
937110,125088.8797221112
937130,125088.8797221112
937183,125088.8797221112
937255,125088.8797221112
937276,125088.8797221112
937318,125088.8797221112
937335,125088.8797221112
937337,125088.8797221112
937358,125088.8797221112
937360,125088.8797221112
937362,125088.8797221112
937390,125088.8797221112
937462,125088.8797221112
937472,125088.8797221112
937477,125088.8797221112
937493,125088.8797221112
937518,125088.8797221112
937519,125088.8797221112
937555,125088.8797221112
937658,125088.8797221112
937662,125088.8797221112
937663,125088.8797221112
937665,125088.8797221112
937676,125088.8797221112
937694,125088.8797221112
937735,125088.8797221112
937740,125088.8797221112
937751,125088.8797221112
937776,125088.8797221112
937780,125088.8797221112
937812,125088.8797221112
937813,125088.8797221112
937943,125088.8797221112
938043,125088.8797221112
938056,125088.8797221112
938064,125088.8797221112
938068,125088.8797221112
938080,125088.8797221112
938114,125088.8797221112
938187,125088.8797221112
938204,125088.8797221112
938206,125088.8797221112
938209,125088.8797221112
938212,125088.8797221112
938232,125088.8797221112
938233,125088.8797221112
938349,125088.8797221112
938350,125088.8797221112
938351,125088.8797221112
938354,125088.8797221112
938361,125088.8797221112
938362,125088.8797221112
938363,125088.8797221112
938433,125088.8797221112
938579,125088.8797221112
938635,125088.8797221112
938636,125088.8797221112
938637,125088.8797221112
938639,125088.8797221112
938651,125088.8797221112
938670,125088.8797221112
938703,125088.8797221112
938705,125088.8797221112
938715,125088.8797221112
938733,125088.8797221112
938812,125088.8797221112
938814,125088.8797221112
938894,125088.8797221112
938913,125088.8797221112
938938,125088.8797221112
938957,125088.8797221112
938990,125088.8797221112
939010,125088.8797221112
939028,125088.8797221112
939075,125088.8797221112
939121,125088.8797221112
939133,125088.8797221112
939146,125088.8797221112
939224,125088.8797221112
939227,125088.8797221112
939256,125088.8797221112
939297,125088.8797221112
939305,125088.8797221112
939310,125088.8797221112
939349,125088.8797221112
939360,125088.8797221112
939392,125088.8797221112
939400,125088.8797221112
939409,125088.8797221112
939411,125088.8797221112
939414,125088.8797221112
939420,125088.8797221112
939421,125088.8797221112
939438,125088.8797221112
939494,125088.8797221112
939496,125088.8797221112
939497,125088.8797221112
939501,125088.8797221112
939587,125088.8797221112
939589,125088.8797221112
939629,125088.8797221112
939636,125088.8797221112
939645,125088.8797221112
939650,125088.8797221112
939666,125088.8797221112
939669,125088.8797221112
939711,125088.8797221112
939877,125088.8797221112
939886,125088.8797221112
939890,125088.8797221112
939892,125088.8797221112
939905,125088.8797221112
939930,125088.8797221112
939935,125088.8797221112
939960,125088.8797221112
939964,125088.8797221112
939970,125088.8797221112
940066,125088.8797221112
940094,125088.8797221112
940095,125088.8797221112
940096,125088.8797221112
940118,125088.8797221112
940138,125088.8797221112
940168,125088.8797221112
940172,125088.8797221112
940240,125088.8797221112
940262,125088.8797221112
940282,125088.8797221112
940283,125088.8797221112
940336,125088.8797221112
940389,125088.8797221112
940487,125088.8797221112
940552,125088.8797221112
940571,125088.8797221112
940579,125088.8797221112
940602,125088.8797221112
940627,125088.8797221112
940735,125088.8797221112
940740,125088.8797221112
940742,125088.8797221112
940767,125088.8797221112
940788,125088.8797221112
940807,125088.8797221112
940855,125088.8797221112
940868,125088.8797221112
940875,125088.8797221112
940876,125088.8797221112
940890,125088.8797221112
940950,125088.8797221112
941026,125088.8797221112
941059,125088.8797221112
941089,125088.8797221112
941112,125088.8797221112
941121,125088.8797221112
941123,125088.8797221112
941146,125088.8797221112
941344,125088.8797221112
941346,125088.8797221112
941369,125088.8797221112
941370,125088.8797221112
941373,125088.8797221112
941384,125088.8797221112
941500,125088.8797221112
941524,125088.8797221112
941554,125088.8797221112
941713,125088.8797221112
941780,125088.8797221112
941782,125088.8797221112
941786,125088.8797221112
941790,125088.8797221112
941791,125088.8797221112
941792,125088.8797221112
941793,125088.8797221112
941797,125088.8797221112
941798,125088.8797221112
941801,125088.8797221112
941810,125088.8797221112
941826,125088.8797221112
941843,125088.8797221112
941862,125088.8797221112
941864,125088.8797221112
941867,125088.8797221112
941875,125088.8797221112
941876,125088.8797221112
941881,125088.8797221112
941883,125088.8797221112
941884,125088.8797221112
941891,125088.8797221112
941919,125088.8797221112
941959,125088.8797221112
942057,125088.8797221112
942070,125088.8797221112
942098,125088.8797221112
942103,125088.8797221112
942105,125088.8797221112
942106,125088.8797221112
942109,125088.8797221112
942111,125088.8797221112
942113,125088.8797221112
942115,125088.8797221112
942116,125088.8797221112
942130,125088.8797221112
942139,125088.8797221112
942145,125088.8797221112
942168,125088.8797221112
942177,125088.8797221112
942181,125088.8797221112
942196,125088.8797221112
942210,125088.8797221112
942217,125088.8797221112
942275,125088.8797221112
942370,125088.8797221112
942375,125088.8797221112
942383,125088.8797221112
942415,125088.8797221112
942422,125088.8797221112
942463,125088.8797221112
942469,125088.8797221112
942480,125088.8797221112
942488,125088.8797221112
942583,125088.8797221112
942628,125088.8797221112
942635,125088.8797221112
942636,125088.8797221112
942651,125088.8797221112
942653,125088.8797221112
942655,125088.8797221112
942657,125088.8797221112
942741,125088.8797221112
942753,125088.8797221112
942779,125088.8797221112
942802,125088.8797221112
942843,125088.8797221112
942844,125088.8797221112
942890,125088.8797221112
942964,125088.8797221112
942968,125088.8797221112
942969,125088.8797221112
942985,125088.8797221112
942989,125088.8797221112
942990,125088.8797221112
943022,125088.8797221112
943032,125088.8797221112
943039,125088.8797221112
943044,125088.8797221112
943112,125088.8797221112
943140,125088.8797221112
943141,125088.8797221112
943143,125088.8797221112
943145,125088.8797221112
943149,125088.8797221112
943167,125088.8797221112
943193,125088.8797221112
943238,125088.8797221112
943352,125088.8797221112
943368,125088.8797221112
943373,125088.8797221112
943397,125088.8797221112
943398,125088.8797221112
943402,125088.8797221112
943412,125088.8797221112
943473,125088.8797221112
943478,125088.8797221112
943482,125088.8797221112
943484,125088.8797221112
943489,125088.8797221112
943497,125088.8797221112
943503,125088.8797221112
943504,125088.8797221112
943505,125088.8797221112
943592,125088.8797221112
943684,125088.8797221112
943693,125088.8797221112
943696,125088.8797221112
943698,125088.8797221112
943699,125088.8797221112
943750,125088.8797221112
943756,125088.8797221112
943782,125088.8797221112
943783,125088.8797221112
943810,125088.8797221112
943821,125088.8797221112
943822,125088.8797221112
943872,125088.8797221112
943889,125088.8797221112
943928,125088.8797221112
943939,125088.8797221112
943944,125088.8797221112
943953,125088.8797221112
943954,125088.8797221112
943955,125088.8797221112
943960,125088.8797221112
943964,125088.8797221112
943968,125088.8797221112
943969,125088.8797221112
943985,125088.8797221112
944000,125088.8797221112
944002,125088.8797221112
944018,125088.8797221112
944025,125088.8797221112
944030,125088.8797221112
944101,125088.8797221112
944105,125088.8797221112
944256,125088.8797221112
944265,125088.8797221112
944289,125088.8797221112
944295,125088.8797221112
944305,125088.8797221112
944306,125088.8797221112
944312,125088.8797221112
944341,125088.8797221112
944342,125088.8797221112
944347,125088.8797221112
944360,125088.8797221112
944384,125088.8797221112
944425,125088.8797221112
944434,125088.8797221112
944435,125088.8797221112
944436,125088.8797221112
944442,125088.8797221112
944552,125088.8797221112
944568,125088.8797221112
944662,125088.8797221112
944671,125088.8797221112
944683,125088.8797221112
944887,125088.8797221112
944902,125088.8797221112
944906,125088.8797221112
944913,125088.8797221112
944921,125088.8797221112
944935,125088.8797221112
944942,125088.8797221112
944943,125088.8797221112
944955,125088.8797221112
944967,125088.8797221112
945015,125088.8797221112
945046,125088.8797221112
945082,125088.8797221112
945116,125088.8797221112
945151,125088.8797221112
945180,125088.8797221112
945181,125088.8797221112
945182,125088.8797221112
945273,125088.8797221112
945283,125088.8797221112
945305,125088.8797221112
945332,125088.8797221112
945388,125088.8797221112
945444,125088.8797221112
945448,125088.8797221112
945453,125088.8797221112
945454,125088.8797221112
945470,125088.8797221112
945495,125088.8797221112
945498,125088.8797221112
945505,125088.8797221112
945513,125088.8797221112
945554,125088.8797221112
945590,125088.8797221112
945627,125088.8797221112
945628,125088.8797221112
945629,125088.8797221112
945630,125088.8797221112
945749,125088.8797221112
945790,125088.8797221112
945801,125088.8797221112
945838,125088.8797221112
945839,125088.8797221112
945840,125088.8797221112
945843,125088.8797221112
945880,125088.8797221112
945900,125088.8797221112
945901,125088.8797221112
945902,125088.8797221112
945903,125088.8797221112
945940,125088.8797221112
945942,125088.8797221112
945945,125088.8797221112
945946,125088.8797221112
945952,125088.8797221112
945965,125088.8797221112
945967,125088.8797221112
945997,125088.8797221112
945998,125088.8797221112
946016,125088.8797221112
946307,125088.8797221112
946318,125088.8797221112
946327,125088.8797221112
946351,125088.8797221112
946358,125088.8797221112
946373,125088.8797221112
946376,125088.8797221112
946385,125088.8797221112
946386,125088.8797221112
946397,125088.8797221112
946398,125088.8797221112
946401,125088.8797221112
946403,125088.8797221112
946433,125088.8797221112
946446,125088.8797221112
946447,125088.8797221112
946448,125088.8797221112
946462,125088.8797221112
946463,125088.8797221112
946492,125088.8797221112
946496,125088.8797221112
946540,125088.8797221112
946541,125088.8797221112
946591,125088.8797221112
946601,125088.8797221112
946638,125088.8797221112
946640,125088.8797221112
946653,125088.8797221112
946678,125088.8797221112
946687,125088.8797221112
946688,125088.8797221112
946689,125088.8797221112
946716,125088.8797221112
946732,125088.8797221112
946738,125088.8797221112
946746,125088.8797221112
946779,125088.8797221112
946784,125088.8797221112
946788,125088.8797221112
946820,125088.8797221112
946836,125088.8797221112
946870,125088.8797221112
946873,125088.8797221112
946896,125088.8797221112
946944,125088.8797221112
946972,125088.8797221112
946973,125088.8797221112
947007,125088.8797221112
947031,125088.8797221112
947057,125088.8797221112
947141,125088.8797221112
947176,125088.8797221112
947187,125088.8797221112
947206,125088.8797221112
947216,125088.8797221112
947274,125088.8797221112
947300,125088.8797221112
947332,125088.8797221112
947383,125088.8797221112
947395,125088.8797221112
947405,125088.8797221112
947436,125088.8797221112
947473,125088.8797221112
947495,125088.8797221112
947530,125088.8797221112
947537,125088.8797221112
947552,125088.8797221112
947564,125088.8797221112
947584,125088.8797221112
947625,125088.8797221112
947677,125088.8797221112
947689,125088.8797221112
947698,125088.8797221112
947699,125088.8797221112
947700,125088.8797221112
947701,125088.8797221112
947702,125088.8797221112
947725,125088.8797221112
947743,125088.8797221112
947833,125088.8797221112
947872,125088.8797221112
947881,125088.8797221112
947930,125088.8797221112
947977,125088.8797221112
948034,125088.8797221112
948036,125088.8797221112
948039,125088.8797221112
948066,125088.8797221112
948107,125088.8797221112
948115,125088.8797221112
948121,125088.8797221112
948137,125088.8797221112
948148,125088.8797221112
948306,125088.8797221112
948339,125088.8797221112
948361,125088.8797221112
948386,125088.8797221112
948387,125088.8797221112
948388,125088.8797221112
948423,125088.8797221112
948470,125088.8797221112
948479,125088.8797221112
948484,125088.8797221112
948486,125088.8797221112
948598,125088.8797221112
948607,125088.8797221112
948629,125088.8797221112
948630,125088.8797221112
948631,125088.8797221112
948632,125088.8797221112
948633,125088.8797221112
948641,125088.8797221112
948643,125088.8797221112
948651,125088.8797221112
948652,125088.8797221112
948675,125088.8797221112
948740,125088.8797221112
948743,125088.8797221112
948744,125088.8797221112
948745,125088.8797221112
948774,125088.8797221112
948789,125088.8797221112
948807,125088.8797221112
948808,125088.8797221112
948809,125088.8797221112
948813,125088.8797221112
948816,125088.8797221112
948819,125088.8797221112
948830,125088.8797221112
948870,125088.8797221112
948912,125088.8797221112
948941,125088.8797221112
949105,125088.8797221112
949143,125088.8797221112
949144,125088.8797221112
949147,125088.8797221112
949248,125088.8797221112
949250,125088.8797221112
949278,125088.8797221112
949283,125088.8797221112
949293,125088.8797221112
949340,125088.8797221112
949379,125088.8797221112
949426,125088.8797221112
949427,125088.8797221112
949428,125088.8797221112
949431,125088.8797221112
949443,125088.8797221112
949474,125088.8797221112
949492,125088.8797221112
949501,125088.8797221112
949517,125088.8797221112
949518,125088.8797221112
949519,125088.8797221112
949529,125088.8797221112
949544,125088.8797221112
949545,125088.8797221112
949584,125088.8797221112
949592,125088.8797221112
949593,125088.8797221112
949627,125088.8797221112
949651,125088.8797221112
949661,125088.8797221112
949762,125088.8797221112
949815,125088.8797221112
949827,125088.8797221112
949858,125088.8797221112
949933,125088.8797221112
949934,125088.8797221112
949943,125088.8797221112
949960,125088.8797221112
950036,125088.8797221112
950037,125088.8797221112
950038,125088.8797221112
950039,125088.8797221112
950044,125088.8797221112
950060,125088.8797221112
950088,125088.8797221112
950194,125088.8797221112
950227,125088.8797221112
950234,125088.8797221112
950303,125088.8797221112
950339,125088.8797221112
950374,125088.8797221112
950378,125088.8797221112
950382,125088.8797221112
950385,125088.8797221112
950489,125088.8797221112
950576,125088.8797221112
950581,125088.8797221112
950583,125088.8797221112
950584,125088.8797221112
950585,125088.8797221112
950607,125088.8797221112
950630,125088.8797221112
950634,125088.8797221112
950664,125088.8797221112
950671,125088.8797221112
950686,125088.8797221112
950746,125088.8797221112
950751,125088.8797221112
950916,125088.8797221112
951001,125088.8797221112
951065,125088.8797221112
951129,125088.8797221112
951162,125088.8797221112
951195,125088.8797221112
951200,125088.8797221112
951201,125088.8797221112
951405,125088.8797221112
951412,125088.8797221112
951454,125088.8797221112
951460,125088.8797221112
951463,125088.8797221112
951471,125088.8797221112
951553,125088.8797221112
951564,125088.8797221112
951646,125088.8797221112
951663,125088.8797221112
951687,125088.8797221112
951692,125088.8797221112
951704,125088.8797221112
951780,125088.8797221112
951782,125088.8797221112
951915,125088.8797221112
951963,125088.8797221112
951975,125088.8797221112
951988,125088.8797221112
952013,125088.8797221112
952025,125088.8797221112
952036,125088.8797221112
952096,125088.8797221112
952268,125088.8797221112
952271,125088.8797221112
952273,125088.8797221112
952448,125088.8797221112
952466,125088.8797221112
952537,125088.8797221112
952541,125088.8797221112
952545,125088.8797221112
952546,125088.8797221112
952566,125088.8797221112
952651,125088.8797221112
952689,125088.8797221112
952699,125088.8797221112
952773,125088.8797221112
952778,125088.8797221112
952818,125088.8797221112
952900,125088.8797221112
952916,125088.8797221112
953005,125088.8797221112
953024,125088.8797221112
953047,125088.8797221112
953057,125088.8797221112
953161,125088.8797221112
953163,125088.8797221112
953176,125088.8797221112
953177,125088.8797221112
953181,125088.8797221112
953182,125088.8797221112
953227,125088.8797221112
953228,125088.8797221112
953237,125088.8797221112
953293,125088.8797221112
953325,125088.8797221112
953326,125088.8797221112
953330,125088.8797221112
953375,125088.8797221112
953481,125088.8797221112
953486,125088.8797221112
953512,125088.8797221112
953552,125088.8797221112
953564,125088.8797221112
953626,125088.8797221112
953702,125088.8797221112
953744,125088.8797221112
953778,125088.8797221112
953795,125088.8797221112
953797,125088.8797221112
953857,125088.8797221112
953894,125088.8797221112
953920,125088.8797221112
953922,125088.8797221112
953931,125088.8797221112
953965,125088.8797221112
954066,125088.8797221112
954138,125088.8797221112
954190,125088.8797221112
954216,125088.8797221112
954292,125088.8797221112
954302,125088.8797221112
954319,125088.8797221112
954351,125088.8797221112
954413,125088.8797221112
954419,125088.8797221112
954452,125088.8797221112
954503,125088.8797221112
954505,125088.8797221112
954535,125088.8797221112
954548,125088.8797221112
954563,125088.8797221112
954578,125088.8797221112
954584,125088.8797221112
954608,125088.8797221112
954615,125088.8797221112
954627,125088.8797221112
954649,125088.8797221112
954700,125088.8797221112
954717,125088.8797221112
954721,125088.8797221112
954735,125088.8797221112
954747,125088.8797221112
954762,125088.8797221112
954787,125088.8797221112
954809,125088.8797221112
954828,125088.8797221112
954831,125088.8797221112
954867,125088.8797221112
954868,125088.8797221112
954880,125088.8797221112
954892,125088.8797221112
954911,125088.8797221112
954926,125088.8797221112
954928,125088.8797221112
954955,125088.8797221112
954963,125088.8797221112
954972,125088.8797221112
954992,125088.8797221112
955082,125088.8797221112
955110,125088.8797221112
955132,125088.8797221112
955142,125088.8797221112
955152,125088.8797221112
955153,125088.8797221112
955160,125088.8797221112
955162,125088.8797221112
955164,125088.8797221112
955189,125088.8797221112
955190,125088.8797221112
955207,125088.8797221112
955287,125088.8797221112
955308,125088.8797221112
955309,125088.8797221112
955361,125088.8797221112
955376,125088.8797221112
955429,125088.8797221112
955444,125088.8797221112
955445,125088.8797221112
955456,125088.8797221112
955502,125088.8797221112
955525,125088.8797221112
955528,125088.8797221112
955541,125088.8797221112
955557,125088.8797221112
955562,125088.8797221112
955575,125088.8797221112
955601,125088.8797221112
955609,125088.8797221112
955639,125088.8797221112
955664,125088.8797221112
955682,125088.8797221112
955700,125088.8797221112
955727,125088.8797221112
955782,125088.8797221112
955786,125088.8797221112
955801,125088.8797221112
955815,125088.8797221112
955864,125088.8797221112
955926,125088.8797221112
955932,125088.8797221112
955939,125088.8797221112
955961,125088.8797221112
955974,125088.8797221112
955994,125088.8797221112
956001,125088.8797221112
956005,125088.8797221112
956031,125088.8797221112
956035,125088.8797221112
956036,125088.8797221112
956038,125088.8797221112
956042,125088.8797221112
956044,125088.8797221112
956046,125088.8797221112
956050,125088.8797221112
956051,125088.8797221112
956130,125088.8797221112
956137,125088.8797221112
956144,125088.8797221112
956156,125088.8797221112
956187,125088.8797221112
956223,125088.8797221112
956246,125088.8797221112
956263,125088.8797221112
956304,125088.8797221112
956308,125088.8797221112
956488,125088.8797221112
956523,125088.8797221112
956535,125088.8797221112
956556,125088.8797221112
956558,125088.8797221112
956600,125088.8797221112
956627,125088.8797221112
956631,125088.8797221112
956661,125088.8797221112
956687,125088.8797221112
956694,125088.8797221112
956767,125088.8797221112
956774,125088.8797221112
956907,125088.8797221112
956962,125088.8797221112
956966,125088.8797221112
957053,125088.8797221112
957065,125088.8797221112
957149,125088.8797221112
957192,125088.8797221112
957242,125088.8797221112
957408,125088.8797221112
957420,125088.8797221112
957421,125088.8797221112
957444,125088.8797221112
957446,125088.8797221112
957539,125088.8797221112
957550,125088.8797221112
957566,125088.8797221112
957573,125088.8797221112
957608,125088.8797221112
957648,125088.8797221112
957674,125088.8797221112
957675,125088.8797221112
957676,125088.8797221112
957679,125088.8797221112
957684,125088.8797221112
957685,125088.8797221112
957687,125088.8797221112
957699,125088.8797221112
957708,125088.8797221112
957709,125088.8797221112
957720,125088.8797221112
957724,125088.8797221112
957725,125088.8797221112
957749,125088.8797221112
957758,125088.8797221112
957793,125088.8797221112
957840,125088.8797221112
957852,125088.8797221112
957875,125088.8797221112
957955,125088.8797221112
957967,125088.8797221112
957971,125088.8797221112
957987,125088.8797221112
958016,125088.8797221112
958019,125088.8797221112
958038,125088.8797221112
958045,125088.8797221112
958063,125088.8797221112
958116,125088.8797221112
958119,125088.8797221112
958190,125088.8797221112
958198,125088.8797221112
958259,125088.8797221112
958270,125088.8797221112
958285,125088.8797221112
958288,125088.8797221112
958345,125088.8797221112
958383,125088.8797221112
958422,125088.8797221112
958425,125088.8797221112
958428,125088.8797221112
958430,125088.8797221112
958447,125088.8797221112
958454,125088.8797221112
958455,125088.8797221112
958456,125088.8797221112
958493,125088.8797221112
958512,125088.8797221112
958516,125088.8797221112
958517,125088.8797221112
958519,125088.8797221112
958526,125088.8797221112
958527,125088.8797221112
958533,125088.8797221112
958535,125088.8797221112
958538,125088.8797221112
958565,125088.8797221112
958569,125088.8797221112
958570,125088.8797221112
958572,125088.8797221112
958601,125088.8797221112
958657,125088.8797221112
958666,125088.8797221112
958667,125088.8797221112
958671,125088.8797221112
958675,125088.8797221112
958676,125088.8797221112
958679,125088.8797221112
958693,125088.8797221112
958694,125088.8797221112
958697,125088.8797221112
958698,125088.8797221112
958705,125088.8797221112
958707,125088.8797221112
958770,125088.8797221112
958783,125088.8797221112
958791,125088.8797221112
958792,125088.8797221112
958793,125088.8797221112
958797,125088.8797221112
958799,125088.8797221112
958831,125088.8797221112
958839,125088.8797221112
958896,125088.8797221112
958898,125088.8797221112
958985,125088.8797221112
959021,125088.8797221112
959030,125088.8797221112
959031,125088.8797221112
959060,125088.8797221112
959112,125088.8797221112
959114,125088.8797221112
959117,125088.8797221112
959118,125088.8797221112
959121,125088.8797221112
959122,125088.8797221112
959123,125088.8797221112
959124,125088.8797221112
959125,125088.8797221112
959126,125088.8797221112
959128,125088.8797221112
959129,125088.8797221112
959130,125088.8797221112
959131,125088.8797221112
959133,125088.8797221112
959134,125088.8797221112
959142,125088.8797221112
959153,125088.8797221112
959154,125088.8797221112
959166,125088.8797221112
959224,125088.8797221112
959227,125088.8797221112
959265,125088.8797221112
959323,125088.8797221112
959324,125088.8797221112
959357,125088.8797221112
959362,125088.8797221112
959394,125088.8797221112
959419,125088.8797221112
959433,125088.8797221112
959451,125088.8797221112
959466,125088.8797221112
959468,125088.8797221112
959469,125088.8797221112
959476,125088.8797221112
959683,125088.8797221112
959723,125088.8797221112
959725,125088.8797221112
959726,125088.8797221112
959728,125088.8797221112
959741,125088.8797221112
959742,125088.8797221112
959743,125088.8797221112
959744,125088.8797221112
959757,125088.8797221112
959759,125088.8797221112
959940,125088.8797221112
959967,125088.8797221112
960018,125088.8797221112
960029,125088.8797221112
960058,125088.8797221112
960091,125088.8797221112
960118,125088.8797221112
960163,125088.8797221112
960165,125088.8797221112
960169,125088.8797221112
960226,125088.8797221112
960235,125088.8797221112
960241,125088.8797221112
960274,125088.8797221112
960275,125088.8797221112
960284,125088.8797221112
960286,125088.8797221112
960287,125088.8797221112
960289,125088.8797221112
960290,125088.8797221112
960310,125088.8797221112
960340,125088.8797221112
960362,125088.8797221112
960393,125088.8797221112
960410,125088.8797221112
960431,125088.8797221112
960451,125088.8797221112
960478,125088.8797221112
960529,125088.8797221112
960530,125088.8797221112
960581,125088.8797221112
960597,125088.8797221112
960598,125088.8797221112
960634,125088.8797221112
960687,125088.8797221112
960863,125088.8797221112
960913,125088.8797221112
960931,125088.8797221112
960946,125088.8797221112
960947,125088.8797221112
960983,125088.8797221112
961006,125088.8797221112
961035,125088.8797221112
961042,125088.8797221112
961048,125088.8797221112
961123,125088.8797221112
961141,125088.8797221112
961143,125088.8797221112
961183,125088.8797221112
961216,125088.8797221112
961226,125088.8797221112
961246,125088.8797221112
961256,125088.8797221112
961289,125088.8797221112
961337,125088.8797221112
961387,125088.8797221112
961389,125088.8797221112
961395,125088.8797221112
961408,125088.8797221112
961419,125088.8797221112
961420,125088.8797221112
961421,125088.8797221112
961452,125088.8797221112
961461,125088.8797221112
961478,125088.8797221112
961488,125088.8797221112
961489,125088.8797221112
961522,125088.8797221112
961530,125088.8797221112
961548,125088.8797221112
961574,125088.8797221112
961601,125088.8797221112
961605,125088.8797221112
961608,125088.8797221112
961609,125088.8797221112
961699,125088.8797221112
961715,125088.8797221112
961768,125088.8797221112
961788,125088.8797221112
961789,125088.8797221112
961790,125088.8797221112
961791,125088.8797221112
961792,125088.8797221112
961817,125088.8797221112
961822,125088.8797221112
961854,125088.8797221112
961872,125088.8797221112
961877,125088.8797221112
961882,125088.8797221112
962051,125088.8797221112
962065,125088.8797221112
962066,125088.8797221112
962080,125088.8797221112
962082,125088.8797221112
962083,125088.8797221112
962090,125088.8797221112
962109,125088.8797221112
962116,125088.8797221112
962141,125088.8797221112
962144,125088.8797221112
962159,125088.8797221112
962160,125088.8797221112
962165,125088.8797221112
962176,125088.8797221112
962178,125088.8797221112
962179,125088.8797221112
962180,125088.8797221112
962181,125088.8797221112
962182,125088.8797221112
962184,125088.8797221112
962186,125088.8797221112
962217,125088.8797221112
962219,125088.8797221112
962225,125088.8797221112
962235,125088.8797221112
962236,125088.8797221112
962263,125088.8797221112
962287,125088.8797221112
962316,125088.8797221112
962319,125088.8797221112
962336,125088.8797221112
962412,125088.8797221112
962416,125088.8797221112
962419,125088.8797221112
962438,125088.8797221112
962448,125088.8797221112
962501,125088.8797221112
962520,125088.8797221112
962546,125088.8797221112
962551,125088.8797221112
962559,125088.8797221112
962567,125088.8797221112
962572,125088.8797221112
962579,125088.8797221112
962585,125088.8797221112
962586,125088.8797221112
962591,125088.8797221112
962592,125088.8797221112
962630,125088.8797221112
962635,125088.8797221112
962677,125088.8797221112
962728,125088.8797221112
962755,125088.8797221112
962778,125088.8797221112
962796,125088.8797221112
962835,125088.8797221112
962839,125088.8797221112
962845,125088.8797221112
962907,125088.8797221112
962922,125088.8797221112
963001,125088.8797221112
963003,125088.8797221112
963019,125088.8797221112
963020,125088.8797221112
963022,125088.8797221112
963023,125088.8797221112
963041,125088.8797221112
963049,125088.8797221112
963118,125088.8797221112
963122,125088.8797221112
963130,125088.8797221112
963165,125088.8797221112
963199,125088.8797221112
963205,125088.8797221112
963229,125088.8797221112
963313,125088.8797221112
963314,125088.8797221112
963319,125088.8797221112
963325,125088.8797221112
963327,125088.8797221112
963340,125088.8797221112
963362,125088.8797221112
963366,125088.8797221112
963375,125088.8797221112
963378,125088.8797221112
963381,125088.8797221112
963447,125088.8797221112
963472,125088.8797221112
963488,125088.8797221112
963490,125088.8797221112
963539,125088.8797221112
963651,125088.8797221112
963676,125088.8797221112
963682,125088.8797221112
963837,125088.8797221112
963857,125088.8797221112
963905,125088.8797221112
963929,125088.8797221112
963960,125088.8797221112
963971,125088.8797221112
963973,125088.8797221112
963986,125088.8797221112
964018,125088.8797221112
964048,125088.8797221112
964049,125088.8797221112
964055,125088.8797221112
964098,125088.8797221112
964135,125088.8797221112
964156,125088.8797221112
964157,125088.8797221112
964171,125088.8797221112
964207,125088.8797221112
964208,125088.8797221112
964209,125088.8797221112
964271,125088.8797221112
964304,125088.8797221112
964312,125088.8797221112
964314,125088.8797221112
964333,125088.8797221112
964369,125088.8797221112
964488,125088.8797221112
964527,125088.8797221112
964570,125088.8797221112
964580,125088.8797221112
964591,125088.8797221112
964592,125088.8797221112
964593,125088.8797221112
964595,125088.8797221112
964622,125088.8797221112
964625,125088.8797221112
964642,125088.8797221112
964705,125088.8797221112
964813,125088.8797221112
964839,125088.8797221112
964849,125088.8797221112
964911,125088.8797221112
964984,125088.8797221112
964997,125088.8797221112
965033,125088.8797221112
965053,125088.8797221112
965089,125088.8797221112
965099,125088.8797221112
965116,125088.8797221112
965131,125088.8797221112
965145,125088.8797221112
965153,125088.8797221112
965176,125088.8797221112
965182,125088.8797221112
965184,125088.8797221112
965201,125088.8797221112
965216,125088.8797221112
965242,125088.8797221112
965260,125088.8797221112
965262,125088.8797221112
965305,125088.8797221112
965315,125088.8797221112
965320,125088.8797221112
965321,125088.8797221112
965322,125088.8797221112
965324,125088.8797221112
965325,125088.8797221112
965326,125088.8797221112
965341,125088.8797221112
965342,125088.8797221112
965346,125088.8797221112
965349,125088.8797221112
965438,125088.8797221112
965466,125088.8797221112
965474,125088.8797221112
965499,125088.8797221112
965515,125088.8797221112
965560,125088.8797221112
965648,125088.8797221112
965688,125088.8797221112
965717,125088.8797221112
965754,125088.8797221112
965792,125088.8797221112
965794,125088.8797221112
965821,125088.8797221112
965856,125088.8797221112
965860,125088.8797221112
965954,125088.8797221112
965967,125088.8797221112
965968,125088.8797221112
965975,125088.8797221112
965981,125088.8797221112
965989,125088.8797221112
965993,125088.8797221112
966015,125088.8797221112
966059,125088.8797221112
966070,125088.8797221112
966074,125088.8797221112
966123,125088.8797221112
966139,125088.8797221112
966205,125088.8797221112
966220,125088.8797221112
966221,125088.8797221112
966238,125088.8797221112
966269,125088.8797221112
966276,125088.8797221112
966385,125088.8797221112
966397,125088.8797221112
966400,125088.8797221112
966406,125088.8797221112
966407,125088.8797221112
966413,125088.8797221112
966548,125088.8797221112
966549,125088.8797221112
966562,125088.8797221112
966579,125088.8797221112
966639,125088.8797221112
966650,125088.8797221112
966654,125088.8797221112
966664,125088.8797221112
966674,125088.8797221112
966692,125088.8797221112
966729,125088.8797221112
966732,125088.8797221112
966736,125088.8797221112
966737,125088.8797221112
966740,125088.8797221112
966773,125088.8797221112
966776,125088.8797221112
966777,125088.8797221112
966785,125088.8797221112
966863,125088.8797221112
966867,125088.8797221112
966884,125088.8797221112
967014,125088.8797221112
967027,125088.8797221112
967032,125088.8797221112
967048,125088.8797221112
967051,125088.8797221112
967073,125088.8797221112
967078,125088.8797221112
967082,125088.8797221112
967103,125088.8797221112
967105,125088.8797221112
967112,125088.8797221112
967117,125088.8797221112
967166,125088.8797221112
967193,125088.8797221112
967213,125088.8797221112
967243,125088.8797221112
967255,125088.8797221112
967256,125088.8797221112
967274,125088.8797221112
967362,125088.8797221112
967411,125088.8797221112
967424,125088.8797221112
967430,125088.8797221112
967440,125088.8797221112
967447,125088.8797221112
967477,125088.8797221112
967478,125088.8797221112
967479,125088.8797221112
967480,125088.8797221112
967481,125088.8797221112
967482,125088.8797221112
967517,125088.8797221112
967546,125088.8797221112
967589,125088.8797221112
967639,125088.8797221112
967656,125088.8797221112
967666,125088.8797221112
967726,125088.8797221112
967727,125088.8797221112
967768,125088.8797221112
967803,125088.8797221112
967816,125088.8797221112
967891,125088.8797221112
967966,125088.8797221112
967985,125088.8797221112
967996,125088.8797221112
968019,125088.8797221112
968035,125088.8797221112
968063,125088.8797221112
968149,125088.8797221112
968159,125088.8797221112
968186,125088.8797221112
968187,125088.8797221112
968188,125088.8797221112
968215,125088.8797221112
968217,125088.8797221112
968228,125088.8797221112
968232,125088.8797221112
968238,125088.8797221112
968240,125088.8797221112
968277,125088.8797221112
968292,125088.8797221112
968333,125088.8797221112
968353,125088.8797221112
968365,125088.8797221112
968442,125088.8797221112
968487,125088.8797221112
968527,125088.8797221112
968535,125088.8797221112
968598,125088.8797221112
968605,125088.8797221112
968628,125088.8797221112
968631,125088.8797221112
968633,125088.8797221112
968723,125088.8797221112
968786,125088.8797221112
968788,125088.8797221112
968812,125088.8797221112
968839,125088.8797221112
968898,125088.8797221112
968899,125088.8797221112
968907,125088.8797221112
968908,125088.8797221112
968942,125088.8797221112
968974,125088.8797221112
968981,125088.8797221112
968986,125088.8797221112
968991,125088.8797221112
969006,125088.8797221112
969040,125088.8797221112
969050,125088.8797221112
969082,125088.8797221112
969083,125088.8797221112
969126,125088.8797221112
969168,125088.8797221112
969211,125088.8797221112
969215,125088.8797221112
969216,125088.8797221112
969312,125088.8797221112
969313,125088.8797221112
969332,125088.8797221112
969338,125088.8797221112
969382,125088.8797221112
969384,125088.8797221112
969386,125088.8797221112
969420,125088.8797221112
969432,125088.8797221112
969434,125088.8797221112
969465,125088.8797221112
969484,125088.8797221112
969486,125088.8797221112
969510,125088.8797221112
969529,125088.8797221112
969551,125088.8797221112
969572,125088.8797221112
969592,125088.8797221112
969597,125088.8797221112
969753,125088.8797221112
969763,125088.8797221112
969791,125088.8797221112
969793,125088.8797221112
969821,125088.8797221112
969838,125088.8797221112
969862,125088.8797221112
969873,125088.8797221112
969882,125088.8797221112
969889,125088.8797221112
969891,125088.8797221112
969926,125088.8797221112
969928,125088.8797221112
969929,125088.8797221112
969933,125088.8797221112
969954,125088.8797221112
970078,125088.8797221112
970079,125088.8797221112
970210,125088.8797221112
970216,125088.8797221112
970312,125088.8797221112
970329,125088.8797221112
970398,125088.8797221112
970400,125088.8797221112
970401,125088.8797221112
970404,125088.8797221112
970405,125088.8797221112
970412,125088.8797221112
970427,125088.8797221112
970442,125088.8797221112
970459,125088.8797221112
970491,125088.8797221112
970585,125088.8797221112
970587,125088.8797221112
970654,125088.8797221112
970657,125088.8797221112
970705,125088.8797221112
970711,125088.8797221112
970714,125088.8797221112
970728,125088.8797221112
970764,125088.8797221112
970771,125088.8797221112
970786,125088.8797221112
970817,125088.8797221112
970868,125088.8797221112
970888,125088.8797221112
970947,125088.8797221112
970961,125088.8797221112
970980,125088.8797221112
970988,125088.8797221112
971011,125088.8797221112
971020,125088.8797221112
971029,125088.8797221112
971033,125088.8797221112
971083,125088.8797221112
971088,125088.8797221112
971102,125088.8797221112
971111,125088.8797221112
971160,125088.8797221112
971222,125088.8797221112
971235,125088.8797221112
971238,125088.8797221112
971248,125088.8797221112
971264,125088.8797221112
971332,125088.8797221112
971401,125088.8797221112
971433,125088.8797221112
971445,125088.8797221112
971483,125088.8797221112
971505,125088.8797221112
971510,125088.8797221112
971557,125088.8797221112
971558,125088.8797221112
971561,125088.8797221112
971563,125088.8797221112
971591,125088.8797221112
971615,125088.8797221112
971627,125088.8797221112
971633,125088.8797221112
971661,125088.8797221112
971666,125088.8797221112
971673,125088.8797221112
971685,125088.8797221112
971688,125088.8797221112
971731,125088.8797221112
971733,125088.8797221112
971748,125088.8797221112
971779,125088.8797221112
971780,125088.8797221112
971794,125088.8797221112
971800,125088.8797221112
971828,125088.8797221112
971852,125088.8797221112
971853,125088.8797221112
971869,125088.8797221112
971893,125088.8797221112
971896,125088.8797221112
971941,125088.8797221112
971953,125088.8797221112
971973,125088.8797221112
971981,125088.8797221112
972061,125088.8797221112
972062,125088.8797221112
972118,125088.8797221112
972189,125088.8797221112
972259,125088.8797221112
972279,125088.8797221112
972291,125088.8797221112
972303,125088.8797221112
972341,125088.8797221112
972396,125088.8797221112
972409,125088.8797221112
972423,125088.8797221112
972428,125088.8797221112
972438,125088.8797221112
972457,125088.8797221112
972463,125088.8797221112
972466,125088.8797221112
972471,125088.8797221112
972475,125088.8797221112
972507,125088.8797221112
972521,125088.8797221112
972525,125088.8797221112
972565,125088.8797221112
972580,125088.8797221112
972715,125088.8797221112
972769,125088.8797221112
972838,125088.8797221112
972842,125088.8797221112
972867,125088.8797221112
972923,125088.8797221112
973030,125088.8797221112
973244,125088.8797221112
973273,125088.8797221112
973296,125088.8797221112
973300,125088.8797221112
973304,125088.8797221112
973322,125088.8797221112
973360,125088.8797221112
973361,125088.8797221112
973392,125088.8797221112
973393,125088.8797221112
973399,125088.8797221112
973409,125088.8797221112
973625,125088.8797221112
973626,125088.8797221112
973674,125088.8797221112
973790,125088.8797221112
973799,125088.8797221112
973800,125088.8797221112
973808,125088.8797221112
973816,125088.8797221112
973848,125088.8797221112
973849,125088.8797221112
973850,125088.8797221112
973852,125088.8797221112
973913,125088.8797221112
973914,125088.8797221112
973919,125088.8797221112
973923,125088.8797221112
973931,125088.8797221112
973933,125088.8797221112
973936,125088.8797221112
973937,125088.8797221112
973938,125088.8797221112
973939,125088.8797221112
973974,125088.8797221112
973997,125088.8797221112
973998,125088.8797221112
974004,125088.8797221112
974009,125088.8797221112
974010,125088.8797221112
974011,125088.8797221112
974029,125088.8797221112
974044,125088.8797221112
974062,125088.8797221112
974122,125088.8797221112
974123,125088.8797221112
974125,125088.8797221112
974128,125088.8797221112
974129,125088.8797221112
974130,125088.8797221112
974132,125088.8797221112
974138,125088.8797221112
974182,125088.8797221112
974209,125088.8797221112
974288,125088.8797221112
974291,125088.8797221112
974321,125088.8797221112
974325,125088.8797221112
974329,125088.8797221112
974335,125088.8797221112
974337,125088.8797221112
974363,125088.8797221112
974365,125088.8797221112
974370,125088.8797221112
974406,125088.8797221112
974407,125088.8797221112
974432,125088.8797221112
974460,125088.8797221112
974472,125088.8797221112
974498,125088.8797221112
974527,125088.8797221112
974566,125088.8797221112
974570,125088.8797221112
974571,125088.8797221112
974605,125088.8797221112
974625,125088.8797221112
974627,125088.8797221112
974737,125088.8797221112
974748,125088.8797221112
974756,125088.8797221112
974802,125088.8797221112
974803,125088.8797221112
974848,125088.8797221112
974863,125088.8797221112
974957,125088.8797221112
974995,125088.8797221112
975004,125088.8797221112
975034,125088.8797221112
975045,125088.8797221112
975064,125088.8797221112
975094,125088.8797221112
975113,125088.8797221112
975121,125088.8797221112
975142,125088.8797221112
975189,125088.8797221112
975204,125088.8797221112
975684,125088.8797221112
975738,125088.8797221112
975893,125088.8797221112
975960,125088.8797221112
975965,125088.8797221112
975971,125088.8797221112
975973,125088.8797221112
976102,125088.8797221112
976136,125088.8797221112
976176,125088.8797221112
976194,125088.8797221112
976223,125088.8797221112
976790,125088.8797221112
976796,125088.8797221112
976831,125088.8797221112
976844,125088.8797221112
976846,125088.8797221112
976869,125088.8797221112
976876,125088.8797221112
976942,125088.8797221112
976948,125088.8797221112
977106,125088.8797221112
977126,125088.8797221112
977160,125088.8797221112
977222,125088.8797221112
977224,125088.8797221112
977232,125088.8797221112
977312,125088.8797221112
977316,125088.8797221112
977321,125088.8797221112
977324,125088.8797221112
977326,125088.8797221112
977344,125088.8797221112
977374,125088.8797221112
977376,125088.8797221112
977377,125088.8797221112
977379,125088.8797221112
977412,125088.8797221112
977458,125088.8797221112
977460,125088.8797221112
977464,125088.8797221112
977488,125088.8797221112
977506,125088.8797221112
977613,125088.8797221112
977650,125088.8797221112
977652,125088.8797221112
977653,125088.8797221112
977658,125088.8797221112
977661,125088.8797221112
977687,125088.8797221112
977726,125088.8797221112
977754,125088.8797221112
977778,125088.8797221112
977783,125088.8797221112
977790,125088.8797221112
977815,125088.8797221112
977816,125088.8797221112
977850,125088.8797221112
977854,125088.8797221112
977860,125088.8797221112
977892,125088.8797221112
977893,125088.8797221112
977908,125088.8797221112
977923,125088.8797221112
977960,125088.8797221112
977971,125088.8797221112
978147,125088.8797221112
978197,125088.8797221112
978202,125088.8797221112
978203,125088.8797221112
978279,125088.8797221112
978321,125088.8797221112
978322,125088.8797221112
978325,125088.8797221112
978329,125088.8797221112
978331,125088.8797221112
978334,125088.8797221112
978348,125088.8797221112
978375,125088.8797221112
978425,125088.8797221112
978427,125088.8797221112
978429,125088.8797221112
978432,125088.8797221112
978444,125088.8797221112
978449,125088.8797221112
978673,125088.8797221112
978695,125088.8797221112
978730,125088.8797221112
978731,125088.8797221112
978753,125088.8797221112
978765,125088.8797221112
978789,125088.8797221112
978795,125088.8797221112
978858,125088.8797221112
978906,125088.8797221112
978909,125088.8797221112
978910,125088.8797221112
978912,125088.8797221112
978935,125088.8797221112
978958,125088.8797221112
978959,125088.8797221112
978999,125088.8797221112
979014,125088.8797221112
979050,125088.8797221112
979051,125088.8797221112
979084,125088.8797221112
979101,125088.8797221112
979108,125088.8797221112
979121,125088.8797221112
979131,125088.8797221112
979175,125088.8797221112
979191,125088.8797221112
979243,125088.8797221112
979248,125088.8797221112
979249,125088.8797221112
979256,125088.8797221112
979279,125088.8797221112
979282,125088.8797221112
979283,125088.8797221112
979319,125088.8797221112
979358,125088.8797221112
979369,125088.8797221112
979393,125088.8797221112
979403,125088.8797221112
979443,125088.8797221112
979445,125088.8797221112
979447,125088.8797221112
979449,125088.8797221112
979453,125088.8797221112
979457,125088.8797221112
979458,125088.8797221112
979468,125088.8797221112
979551,125088.8797221112
979584,125088.8797221112
979587,125088.8797221112
979595,125088.8797221112
979642,125088.8797221112
979659,125088.8797221112
979665,125088.8797221112
979679,125088.8797221112
979743,125088.8797221112
979750,125088.8797221112
979751,125088.8797221112
979812,125088.8797221112
979832,125088.8797221112
979837,125088.8797221112
979853,125088.8797221112
979854,125088.8797221112
979931,125088.8797221112
980083,125088.8797221112
980197,125088.8797221112
980233,125088.8797221112
980239,125088.8797221112
980240,125088.8797221112
980273,125088.8797221112
980329,125088.8797221112
980330,125088.8797221112
980349,125088.8797221112
980411,125088.8797221112
980460,125088.8797221112
980526,125088.8797221112
980552,125088.8797221112
980564,125088.8797221112
980566,125088.8797221112
980601,125088.8797221112
980692,125088.8797221112
980751,125088.8797221112
980849,125088.8797221112
980863,125088.8797221112
980864,125088.8797221112
980867,125088.8797221112
980942,125088.8797221112
980981,125088.8797221112
981136,125088.8797221112
981167,125088.8797221112
981169,125088.8797221112
981268,125088.8797221112
981269,125088.8797221112
981270,125088.8797221112
981332,125088.8797221112
981380,125088.8797221112
981464,125088.8797221112
981671,125088.8797221112
981683,125088.8797221112
981684,125088.8797221112
981685,125088.8797221112
981689,125088.8797221112
981696,125088.8797221112
981697,125088.8797221112
981698,125088.8797221112
981699,125088.8797221112
981714,125088.8797221112
981742,125088.8797221112
981894,125088.8797221112
981947,125088.8797221112
982012,125088.8797221112
982055,125088.8797221112
982274,125088.8797221112
982285,125088.8797221112
983029,125088.8797221112
983030,125088.8797221112
983126,125088.8797221112
983170,125088.8797221112
983293,125088.8797221112
983294,125088.8797221112
983298,125088.8797221112
983374,125088.8797221112
983378,125088.8797221112
983651,125088.8797221112
983752,125088.8797221112
984096,125088.8797221112
984122,125088.8797221112
984320,125088.8797221112
984322,125088.8797221112
984733,125088.8797221112
984734,125088.8797221112
984768,125088.8797221112
984892,125088.8797221112
985039,125088.8797221112
985041,125088.8797221112
985042,125088.8797221112
985043,125088.8797221112
985119,125088.8797221112
985151,125088.8797221112
985154,125088.8797221112
985156,125088.8797221112
985159,125088.8797221112
985161,125088.8797221112
985165,125088.8797221112
985166,125088.8797221112
985167,125088.8797221112
985313,125088.8797221112
985320,125088.8797221112
985337,125088.8797221112
985364,125088.8797221112
985407,125088.8797221112
985520,125088.8797221112
985545,125088.8797221112
985670,125088.8797221112
985683,125088.8797221112
985684,125088.8797221112
985767,125088.8797221112
985811,125088.8797221112
985813,125088.8797221112
985814,125088.8797221112
985815,125088.8797221112
985818,125088.8797221112
985840,125088.8797221112
985841,125088.8797221112
985981,125088.8797221112
986056,125088.8797221112
986103,125088.8797221112
986115,125088.8797221112
986139,125088.8797221112
986207,125088.8797221112
986208,125088.8797221112
986212,125088.8797221112
986213,125088.8797221112
986214,125088.8797221112
986274,125088.8797221112
986275,125088.8797221112
986390,125088.8797221112
986417,125088.8797221112
986512,125088.8797221112
986616,125088.8797221112
986618,125088.8797221112
987237,125088.8797221112
987240,125088.8797221112
987247,125088.8797221112
987346,125088.8797221112
987563,125088.8797221112
987614,125088.8797221112
987631,125088.8797221112
987671,125088.8797221112
987844,125088.8797221112
987916,125088.8797221112
987959,125088.8797221112
988030,125088.8797221112
988085,125088.8797221112
988120,125088.8797221112
988128,125088.8797221112
988131,125088.8797221112
988330,125088.8797221112
988404,125088.8797221112
988522,125088.8797221112
988664,125088.8797221112
988763,125088.8797221112
988798,125088.8797221112
988844,125088.8797221112
988874,125088.8797221112
988876,125088.8797221112
988929,125088.8797221112
988942,125088.8797221112
988993,125088.8797221112
989061,125088.8797221112
989298,125088.8797221112
989301,125088.8797221112
989302,125088.8797221112
989305,125088.8797221112
989372,125088.8797221112
989373,125088.8797221112
989378,125088.8797221112
989379,125088.8797221112
989380,125088.8797221112
989419,125088.8797221112
989524,125088.8797221112
989588,125088.8797221112
989589,125088.8797221112
989592,125088.8797221112
989593,125088.8797221112
989666,125088.8797221112
989733,125088.8797221112
989814,125088.8797221112
989873,125088.8797221112
989876,125088.8797221112
989903,125088.8797221112
989933,125088.8797221112
989942,125088.8797221112
989988,125088.8797221112
989990,125088.8797221112
989996,125088.8797221112
990011,125088.8797221112
990133,125088.8797221112
990149,125088.8797221112
990150,125088.8797221112
990151,125088.8797221112
990152,125088.8797221112
990166,125088.8797221112
990272,125088.8797221112
990286,125088.8797221112
990330,125088.8797221112
991069,125088.8797221112
991073,125088.8797221112
991157,125088.8797221112
991199,125088.8797221112
991266,125088.8797221112
991272,125088.8797221112
991278,125088.8797221112
991349,125088.8797221112
991352,125088.8797221112
991425,125088.8797221112
991464,125088.8797221112
991467,125088.8797221112
991468,125088.8797221112
991469,125088.8797221112
991475,125088.8797221112
991477,125088.8797221112
991480,125088.8797221112
991487,125088.8797221112
991490,125088.8797221112
991616,125088.8797221112
991701,125088.8797221112
991703,125088.8797221112
991720,125088.8797221112
991738,125088.8797221112
991812,125088.8797221112
991825,125088.8797221112
991826,125088.8797221112
991832,125088.8797221112
991836,125088.8797221112
991895,125088.8797221112
991908,125088.8797221112
991913,125088.8797221112
991940,125088.8797221112
992565,125088.8797221112
992574,125088.8797221112
992717,125088.8797221112
992721,125088.8797221112
992722,125088.8797221112
992724,125088.8797221112
992726,125088.8797221112
992727,125088.8797221112
992728,125088.8797221112
992745,125088.8797221112
992746,125088.8797221112
992775,125088.8797221112
992783,125088.8797221112
992832,125088.8797221112
992874,125088.8797221112
992899,125088.8797221112
992904,125088.8797221112
992948,125088.8797221112
992977,125088.8797221112
992988,125088.8797221112
993216,125088.8797221112
993459,125088.8797221112
993468,125088.8797221112
993509,125088.8797221112
993527,125088.8797221112
994032,125088.8797221112
994088,125088.8797221112
994215,125088.8797221112
994299,125088.8797221112
994506,125088.8797221112
994507,125088.8797221112
994530,125088.8797221112
994764,125088.8797221112
994812,125088.8797221112
994814,125088.8797221112
994834,125088.8797221112
994906,125088.8797221112
994936,125088.8797221112
994956,125088.8797221112
994960,125088.8797221112
994983,125088.8797221112
994991,125088.8797221112
994995,125088.8797221112
995000,125088.8797221112
995001,125088.8797221112
995007,125088.8797221112
995008,125088.8797221112
995021,125088.8797221112
995031,125088.8797221112
995035,125088.8797221112
995036,125088.8797221112
995042,125088.8797221112
995044,125088.8797221112
995055,125088.8797221112
995057,125088.8797221112
995076,125088.8797221112
995118,125088.8797221112
995133,125088.8797221112
995142,125088.8797221112
995260,125088.8797221112
995313,125088.8797221112
995352,125088.8797221112
995366,125088.8797221112
995437,125088.8797221112
995479,125088.8797221112
995619,125088.8797221112
995646,125088.8797221112
995669,125088.8797221112
995780,125088.8797221112
995874,125088.8797221112
995916,125088.8797221112
995946,125088.8797221112
995947,125088.8797221112
995948,125088.8797221112
996053,125088.8797221112
996103,125088.8797221112
996178,125088.8797221112
996180,125088.8797221112
996184,125088.8797221112
996364,125088.8797221112
996473,125088.8797221112
996581,125088.8797221112
996796,125088.8797221112
996804,125088.8797221112
997041,125088.8797221112
997166,125088.8797221112
997167,125088.8797221112
997168,125088.8797221112
997186,125088.8797221112
997196,125088.8797221112
997244,125088.8797221112
997245,125088.8797221112
997392,125088.8797221112
997403,125088.8797221112
997443,125088.8797221112
997541,125088.8797221112
997542,125088.8797221112
997691,125088.8797221112
997755,125088.8797221112
997773,125088.8797221112
997774,125088.8797221112
997795,125088.8797221112
997808,125088.8797221112
997935,125088.8797221112
998092,125088.8797221112
998095,125088.8797221112
998098,125088.8797221112
998275,125088.8797221112
998276,125088.8797221112
998376,125088.8797221112
998498,125088.8797221112
998564,125088.8797221112
998567,125088.8797221112
998574,125088.8797221112
998575,125088.8797221112
998577,125088.8797221112
998615,125088.8797221112
998616,125088.8797221112
998620,125088.8797221112
998621,125088.8797221112
998622,125088.8797221112
998624,125088.8797221112
998645,125088.8797221112
998646,125088.8797221112
998649,125088.8797221112
998650,125088.8797221112
998651,125088.8797221112
998862,125088.8797221112
998925,125088.8797221112
999025,125088.8797221112
999050,125088.8797221112
999543,125088.8797221112
999625,125088.8797221112
999712,125088.8797221112
999754,125088.8797221112
999960,125088.8797221112
1000541,125088.8797221112
1000644,125088.8797221112
1000692,125088.8797221112
1000727,125088.8797221112
1001116,125088.8797221112
1001294,125088.8797221112
1001409,125088.8797221112
1001421,125088.8797221112
1001616,125088.8797221112
1001945,125088.8797221112
1001991,125088.8797221112
1002183,125088.8797221112
1002319,125088.8797221112
1002326,125088.8797221112
1002411,125088.8797221112
1002412,125088.8797221112
1002571,125088.8797221112
1002606,125088.8797221112
1002607,125088.8797221112
1002626,125088.8797221112
1002643,125088.8797221112
1002658,125088.8797221112
1002678,125088.8797221112
1002694,125088.8797221112
1002727,125088.8797221112
1002742,125088.8797221112
1002822,125088.8797221112
1002827,125088.8797221112
1002861,125088.8797221112
1002863,125088.8797221112
1002864,125088.8797221112
1002865,125088.8797221112
1003030,125088.8797221112
1003043,125088.8797221112
1003047,125088.8797221112
1003089,125088.8797221112
1003171,125088.8797221112
1003257,125088.8797221112
1003435,125088.8797221112
1003611,125088.8797221112
1003612,125088.8797221112
1003619,125088.8797221112
1003639,125088.8797221112
1003692,125088.8797221112
1003816,125088.8797221112
1003817,125088.8797221112
1003836,125088.8797221112
1003840,125088.8797221112
1003859,125088.8797221112
1003902,125088.8797221112
1003907,125088.8797221112
1003940,125088.8797221112
1003956,125088.8797221112
1003974,125088.8797221112
1003976,125088.8797221112
1003980,125088.8797221112
1003985,125088.8797221112
1003988,125088.8797221112
1004037,125088.8797221112
1004051,125088.8797221112
1004069,125088.8797221112
1004074,125088.8797221112
1004075,125088.8797221112
1004084,125088.8797221112
1004189,125088.8797221112
1004217,125088.8797221112
1004262,125088.8797221112
1004284,125088.8797221112
1004331,125088.8797221112
1004336,125088.8797221112
1004413,125088.8797221112
1004421,125088.8797221112
1004490,125088.8797221112
1004566,125088.8797221112
1004579,125088.8797221112
1004675,125088.8797221112
1004832,125088.8797221112
1004935,125088.8797221112
1005039,125088.8797221112
1005060,125088.8797221112
1005124,125088.8797221112
1005127,125088.8797221112
1005128,125088.8797221112
1005129,125088.8797221112
1005130,125088.8797221112
1005132,125088.8797221112
1005134,125088.8797221112
1005138,125088.8797221112
1005236,125088.8797221112
1005238,125088.8797221112
1005262,125088.8797221112
1005413,125088.8797221112
1005464,125088.8797221112
1005466,125088.8797221112
1005467,125088.8797221112
1005547,125088.8797221112
1005674,125088.8797221112
1005675,125088.8797221112
1005710,125088.8797221112
1005732,125088.8797221112
1005936,125088.8797221112
1005980,125088.8797221112
1005986,125088.8797221112
1005987,125088.8797221112
1006073,125088.8797221112
1006141,125088.8797221112
1006421,125088.8797221112
1006494,125088.8797221112
1006532,125088.8797221112
1006557,125088.8797221112
1006674,125088.8797221112
1006675,125088.8797221112
1006761,125088.8797221112
1006797,125088.8797221112
1006798,125088.8797221112
1006876,125088.8797221112
1006880,125088.8797221112
1006988,125088.8797221112
1007061,125088.8797221112
1007082,125088.8797221112
1007101,125088.8797221112
1007108,125088.8797221112
1007109,125088.8797221112
1007172,125088.8797221112
1007233,125088.8797221112
1007235,125088.8797221112
1007239,125088.8797221112
1007271,125088.8797221112
1007352,125088.8797221112
1007401,125088.8797221112
1007430,125088.8797221112
1007571,125088.8797221112
1007600,125088.8797221112
1007789,125088.8797221112
1007797,125088.8797221112
1007830,125088.8797221112
1007849,125088.8797221112
1007856,125088.8797221112
1007857,125088.8797221112
1007917,125088.8797221112
1007967,125088.8797221112
1007994,125088.8797221112
1008148,125088.8797221112
1008157,125088.8797221112
1008169,125088.8797221112
1008170,125088.8797221112
1008173,125088.8797221112
1008307,125088.8797221112
1008308,125088.8797221112
1008352,125088.8797221112
1008357,125088.8797221112
1008358,125088.8797221112
1008361,125088.8797221112
1008386,125088.8797221112
1008418,125088.8797221112
1008428,125088.8797221112
1008433,125088.8797221112
1008501,125088.8797221112
1008510,125088.8797221112
1008550,125088.8797221112
1008563,125088.8797221112
1008564,125088.8797221112
1008595,125088.8797221112
1008641,125088.8797221112
1008677,125088.8797221112
1008707,125088.8797221112
1008732,125088.8797221112
1008734,125088.8797221112
1008741,125088.8797221112
1008744,125088.8797221112
1008749,125088.8797221112
1008759,125088.8797221112
1008760,125088.8797221112
1008803,125088.8797221112
1008804,125088.8797221112
1008805,125088.8797221112
1008829,125088.8797221112
1008833,125088.8797221112
1008838,125088.8797221112
1008855,125088.8797221112
1008862,125088.8797221112
1008878,125088.8797221112
1008892,125088.8797221112
1008914,125088.8797221112
1008927,125088.8797221112
1008932,125088.8797221112
1009016,125088.8797221112
1009077,125088.8797221112
1009084,125088.8797221112
1009088,125088.8797221112
1009218,125088.8797221112
1009229,125088.8797221112
1009308,125088.8797221112
1009310,125088.8797221112
1009337,125088.8797221112
1009366,125088.8797221112
1009424,125088.8797221112
1009487,125088.8797221112
1009509,125088.8797221112
1009510,125088.8797221112
1009517,125088.8797221112
1009520,125088.8797221112
1009528,125088.8797221112
1009530,125088.8797221112
1009531,125088.8797221112
1009532,125088.8797221112
1009533,125088.8797221112
1009534,125088.8797221112
1009535,125088.8797221112
1009590,125088.8797221112
1009596,125088.8797221112
1009672,125088.8797221112
1009736,125088.8797221112
1009859,125088.8797221112
1009864,125088.8797221112
1009866,125088.8797221112
1009891,125088.8797221112
1009942,125088.8797221112
1009948,125088.8797221112
1009965,125088.8797221112
1009970,125088.8797221112
1010054,125088.8797221112
1010066,125088.8797221112
1010068,125088.8797221112
1010069,125088.8797221112
1010104,125088.8797221112
1010110,125088.8797221112
1010185,125088.8797221112
1010186,125088.8797221112
1010276,125088.8797221112
1010411,125088.8797221112
1010542,125088.8797221112
1010544,125088.8797221112
1010584,125088.8797221112
1010592,125088.8797221112
1010667,125088.8797221112
1010678,125088.8797221112
1010679,125088.8797221112
1010680,125088.8797221112
1010686,125088.8797221112
1010704,125088.8797221112
1010740,125088.8797221112
1010833,125088.8797221112
1010913,125088.8797221112
1010950,125088.8797221112
1010951,125088.8797221112
1010980,125088.8797221112
1010999,125088.8797221112
1011028,125088.8797221112
1011032,125088.8797221112
1011122,125088.8797221112
1011132,125088.8797221112
1011134,125088.8797221112
1011135,125088.8797221112
1011148,125088.8797221112
1011150,125088.8797221112
1011203,125088.8797221112
1011204,125088.8797221112
1011275,125088.8797221112
1011335,125088.8797221112
1011414,125088.8797221112
1011429,125088.8797221112
1011430,125088.8797221112
1011489,125088.8797221112
1011573,125088.8797221112
1011574,125088.8797221112
1011701,125088.8797221112
1011778,125088.8797221112
1011854,125088.8797221112
1011914,125088.8797221112
1012038,125088.8797221112
1012128,125088.8797221112
1012273,125088.8797221112
1012311,125088.8797221112
1012320,125088.8797221112
1012331,125088.8797221112
1012332,125088.8797221112
1012339,125088.8797221112
1012507,125088.8797221112
1012542,125088.8797221112
1012574,125088.8797221112
1012587,125088.8797221112
1012712,125088.8797221112
1012714,125088.8797221112
1012716,125088.8797221112
1012752,125088.8797221112
1012830,125088.8797221112
1012898,125088.8797221112
1012945,125088.8797221112
1013031,125088.8797221112
1013155,125088.8797221112
1013161,125088.8797221112
1013177,125088.8797221112
1013187,125088.8797221112
1013234,125088.8797221112
1013244,125088.8797221112
1013288,125088.8797221112
1013290,125088.8797221112
1013352,125088.8797221112
1013443,125088.8797221112
1013494,125088.8797221112
1013507,125088.8797221112
1013544,125088.8797221112
1013547,125088.8797221112
1013630,125088.8797221112
1013704,125088.8797221112
1013740,125088.8797221112
1013742,125088.8797221112
1013743,125088.8797221112
1013786,125088.8797221112
1013962,125088.8797221112
1014083,125088.8797221112
1014108,125088.8797221112
1014164,125088.8797221112
1014237,125088.8797221112
1014240,125088.8797221112
1014368,125088.8797221112
1014476,125088.8797221112
1014483,125088.8797221112
1014498,125088.8797221112
1014551,125088.8797221112
1014571,125088.8797221112
1014624,125088.8797221112
1014635,125088.8797221112
1014637,125088.8797221112
1014638,125088.8797221112
1014641,125088.8797221112
1014665,125088.8797221112
1014669,125088.8797221112
1014738,125088.8797221112
1014928,125088.8797221112
1014999,125088.8797221112
1015031,125088.8797221112
1015103,125088.8797221112
1015125,125088.8797221112
1015134,125088.8797221112
1015243,125088.8797221112
1015347,125088.8797221112
1015350,125088.8797221112
1015360,125088.8797221112
1015361,125088.8797221112
1015366,125088.8797221112
1015403,125088.8797221112
1015482,125088.8797221112
1015484,125088.8797221112
1015485,125088.8797221112
1015486,125088.8797221112
1015502,125088.8797221112
1015524,125088.8797221112
1015534,125088.8797221112
1015540,125088.8797221112
1015557,125088.8797221112
1015579,125088.8797221112
1015597,125088.8797221112
1015681,125088.8797221112
1015697,125088.8797221112
1015714,125088.8797221112
1015804,125088.8797221112
1015824,125088.8797221112
1015843,125088.8797221112
1015872,125088.8797221112
1015908,125088.8797221112
1015909,125088.8797221112
1015911,125088.8797221112
1015919,125088.8797221112
1015920,125088.8797221112
1016040,125088.8797221112
1016042,125088.8797221112
1016098,125088.8797221112
1016117,125088.8797221112
1016413,125088.8797221112
1016734,125088.8797221112
1016888,125088.8797221112
1016927,125088.8797221112
1017116,125088.8797221112
1017118,125088.8797221112
1017166,125088.8797221112
1017176,125088.8797221112
1017264,125088.8797221112
1017383,125088.8797221112
1017418,125088.8797221112
1017424,125088.8797221112
1017427,125088.8797221112
1017428,125088.8797221112
1017503,125088.8797221112
1017563,125088.8797221112
1017579,125088.8797221112
1017600,125088.8797221112
1017626,125088.8797221112
1017637,125088.8797221112
1017693,125088.8797221112
1017750,125088.8797221112
1017763,125088.8797221112
1017782,125088.8797221112
1017792,125088.8797221112
1017846,125088.8797221112
1017992,125088.8797221112
1017998,125088.8797221112
1018079,125088.8797221112
1018135,125088.8797221112
1018136,125088.8797221112
1018166,125088.8797221112
1018229,125088.8797221112
1018248,125088.8797221112
1018257,125088.8797221112
1018417,125088.8797221112
1018421,125088.8797221112
1018428,125088.8797221112
1018486,125088.8797221112
1018523,125088.8797221112
1018598,125088.8797221112
1018621,125088.8797221112
1018671,125088.8797221112
1018822,125088.8797221112
1018943,125088.8797221112
1019039,125088.8797221112
1019057,125088.8797221112
1019062,125088.8797221112
1019149,125088.8797221112
1019151,125088.8797221112
1019206,125088.8797221112
1019298,125088.8797221112
1019309,125088.8797221112
1019343,125088.8797221112
1019366,125088.8797221112
1019367,125088.8797221112
1019432,125088.8797221112
1019561,125088.8797221112
1019575,125088.8797221112
1019659,125088.8797221112
1019668,125088.8797221112
1019672,125088.8797221112
1019681,125088.8797221112
1019683,125088.8797221112
1019686,125088.8797221112
1019696,125088.8797221112
1019720,125088.8797221112
1019763,125088.8797221112
1019835,125088.8797221112
1019872,125088.8797221112
1019903,125088.8797221112
1019908,125088.8797221112
1019958,125088.8797221112
1020047,125088.8797221112
1020124,125088.8797221112
1020278,125088.8797221112
1020508,125088.8797221112
1020554,125088.8797221112
1020672,125088.8797221112
1020673,125088.8797221112
1020745,125088.8797221112
1020844,125088.8797221112
1021039,125088.8797221112
1021263,125088.8797221112
1021316,125088.8797221112
1021412,125088.8797221112
1021444,125088.8797221112
1021447,125088.8797221112
1021453,125088.8797221112
1021485,125088.8797221112
1021500,125088.8797221112
1021509,125088.8797221112
1021520,125088.8797221112
1021560,125088.8797221112
1021605,125088.8797221112
1021606,125088.8797221112
1021607,125088.8797221112
1021749,125088.8797221112
1021765,125088.8797221112
1021768,125088.8797221112
1021770,125088.8797221112
1021833,125088.8797221112
1021834,125088.8797221112
1021855,125088.8797221112
1021973,125088.8797221112
1022085,125088.8797221112
1022163,125088.8797221112
1022166,125088.8797221112
1022273,125088.8797221112
1022312,125088.8797221112
1022388,125088.8797221112
1022399,125088.8797221112
1022582,125088.8797221112
1022587,125088.8797221112
1022588,125088.8797221112
1022596,125088.8797221112
1022614,125088.8797221112
1022695,125088.8797221112
1022704,125088.8797221112
1022715,125088.8797221112
1022716,125088.8797221112
1022717,125088.8797221112
1022718,125088.8797221112
1022719,125088.8797221112
1022721,125088.8797221112
1022750,125088.8797221112
1022753,125088.8797221112
1022755,125088.8797221112
1022756,125088.8797221112
1022760,125088.8797221112
1022781,125088.8797221112
1022782,125088.8797221112
1022787,125088.8797221112
1022790,125088.8797221112
1022794,125088.8797221112
1022795,125088.8797221112
1022796,125088.8797221112
1022798,125088.8797221112
1022800,125088.8797221112
1022801,125088.8797221112
1022802,125088.8797221112
1022844,125088.8797221112
1022848,125088.8797221112
1022960,125088.8797221112
1023168,125088.8797221112
1023169,125088.8797221112
1023172,125088.8797221112
1023173,125088.8797221112
1023209,125088.8797221112
1023230,125088.8797221112
1023304,125088.8797221112
1023340,125088.8797221112
1023351,125088.8797221112
1023393,125088.8797221112
1023450,125088.8797221112
1023458,125088.8797221112
1023465,125088.8797221112
1023468,125088.8797221112
1023501,125088.8797221112
1023505,125088.8797221112
1023508,125088.8797221112
1023511,125088.8797221112
1023512,125088.8797221112
1023513,125088.8797221112
1023514,125088.8797221112
1023518,125088.8797221112
1023520,125088.8797221112
1023521,125088.8797221112
1023552,125088.8797221112
1023559,125088.8797221112
1023590,125088.8797221112
1023664,125088.8797221112
1023676,125088.8797221112
1023677,125088.8797221112
1023744,125088.8797221112
1023764,125088.8797221112
1023774,125088.8797221112
1024012,125088.8797221112
1024071,125088.8797221112
1024126,125088.8797221112
1024133,125088.8797221112
1024324,125088.8797221112
1024371,125088.8797221112
1024444,125088.8797221112
1024449,125088.8797221112
1024456,125088.8797221112
1024463,125088.8797221112
1024474,125088.8797221112
1024477,125088.8797221112
1024508,125088.8797221112
1024529,125088.8797221112
1024536,125088.8797221112
1024590,125088.8797221112
1024625,125088.8797221112
1024628,125088.8797221112
1024636,125088.8797221112
1062270,125088.8797221112
1062278,125088.8797221112
1062287,125088.8797221112
1062389,125088.8797221112
1062404,125088.8797221112
1062442,125088.8797221112
1062482,125088.8797221112
1062512,125088.8797221112
1062516,125088.8797221112
1062537,125088.8797221112
1062557,125088.8797221112
1062572,125088.8797221112
1062643,125088.8797221112
1062645,125088.8797221112
1062676,125088.8797221112
1062691,125088.8797221112
1062714,125088.8797221112
1062737,125088.8797221112
1062839,125088.8797221112
1062840,125088.8797221112
1062844,125088.8797221112
1062946,125088.8797221112
1062972,125088.8797221112
1062991,125088.8797221112
1063009,125088.8797221112
1063010,125088.8797221112
1063011,125088.8797221112
1063045,125088.8797221112
1063050,125088.8797221112
1063051,125088.8797221112
1063070,125088.8797221112
1063106,125088.8797221112
1063130,125088.8797221112
1063217,125088.8797221112
1063317,125088.8797221112
1063480,125088.8797221112
1063535,125088.8797221112
1063601,125088.8797221112
1063668,125088.8797221112
1063704,125088.8797221112
1063829,125088.8797221112
1063862,125088.8797221112
1063906,125088.8797221112
1063923,125088.8797221112
1064029,125088.8797221112
1064042,125088.8797221112
1064047,125088.8797221112
1064050,125088.8797221112
1064059,125088.8797221112
1064061,125088.8797221112
1064082,125088.8797221112
1064093,125088.8797221112
1064155,125088.8797221112
1064165,125088.8797221112
1064170,125088.8797221112
1064189,125088.8797221112
1064253,125088.8797221112
1064260,125088.8797221112
1064263,125088.8797221112
1064289,125088.8797221112
1064327,125088.8797221112
1064340,125088.8797221112
1064342,125088.8797221112
1064347,125088.8797221112
1064358,125088.8797221112
1064389,125088.8797221112
1064391,125088.8797221112
1064393,125088.8797221112
1064415,125088.8797221112
1064420,125088.8797221112
1064421,125088.8797221112
1064424,125088.8797221112
1064425,125088.8797221112
1064433,125088.8797221112
1064438,125088.8797221112
1064469,125088.8797221112
1064535,125088.8797221112
1064536,125088.8797221112
1064538,125088.8797221112
1064539,125088.8797221112
1064552,125088.8797221112
1064556,125088.8797221112
1064605,125088.8797221112
1064632,125088.8797221112
1064660,125088.8797221112
1064707,125088.8797221112
1064708,125088.8797221112
1064709,125088.8797221112
1064715,125088.8797221112
1064718,125088.8797221112
1064724,125088.8797221112
1064774,125088.8797221112
1064782,125088.8797221112
1064786,125088.8797221112
1064791,125088.8797221112
1064836,125088.8797221112
1064856,125088.8797221112
1064863,125088.8797221112
1064870,125088.8797221112
1064872,125088.8797221112
1064873,125088.8797221112
1064904,125088.8797221112
1064906,125088.8797221112
1064997,125088.8797221112
1064998,125088.8797221112
1065033,125088.8797221112
1065055,125088.8797221112
1065146,125088.8797221112
1065162,125088.8797221112
1065164,125088.8797221112
1065198,125088.8797221112
1065199,125088.8797221112
1065201,125088.8797221112
1065202,125088.8797221112
1065203,125088.8797221112
1065246,125088.8797221112
1065262,125088.8797221112
1065274,125088.8797221112
1065275,125088.8797221112
1065297,125088.8797221112
1065304,125088.8797221112
1065320,125088.8797221112
1065322,125088.8797221112
1065328,125088.8797221112
1065359,125088.8797221112
1065372,125088.8797221112
1065374,125088.8797221112
1065377,125088.8797221112
1065396,125088.8797221112
1065406,125088.8797221112
1065413,125088.8797221112
1065448,125088.8797221112
1065477,125088.8797221112
1065483,125088.8797221112
1065488,125088.8797221112
1065529,125088.8797221112
1065572,125088.8797221112
1065607,125088.8797221112
1065613,125088.8797221112
1065615,125088.8797221112
1065617,125088.8797221112
1065619,125088.8797221112
1065621,125088.8797221112
1065641,125088.8797221112
1065658,125088.8797221112
1065662,125088.8797221112
1065702,125088.8797221112
1065761,125088.8797221112
1065771,125088.8797221112
1065835,125088.8797221112
1065838,125088.8797221112
1065848,125088.8797221112
1065852,125088.8797221112
1065855,125088.8797221112
1065857,125088.8797221112
1065859,125088.8797221112
1065883,125088.8797221112
1065901,125088.8797221112
1065927,125088.8797221112
1065939,125088.8797221112
1065940,125088.8797221112
1065970,125088.8797221112
1065973,125088.8797221112
1066009,125088.8797221112
1066029,125088.8797221112
1066035,125088.8797221112
1066052,125088.8797221112
1066060,125088.8797221112
1066082,125088.8797221112
1066109,125088.8797221112
1066119,125088.8797221112
1066134,125088.8797221112
1066159,125088.8797221112
1066160,125088.8797221112
1066161,125088.8797221112
1066162,125088.8797221112
1066163,125088.8797221112
1066170,125088.8797221112
1066171,125088.8797221112
1066172,125088.8797221112
1066174,125088.8797221112
1066191,125088.8797221112
1066194,125088.8797221112
1066245,125088.8797221112
1066361,125088.8797221112
1066365,125088.8797221112
1066375,125088.8797221112
1066378,125088.8797221112
1066379,125088.8797221112
1066409,125088.8797221112
1066413,125088.8797221112
1066448,125088.8797221112
1066476,125088.8797221112
1066524,125088.8797221112
1066548,125088.8797221112
1066602,125088.8797221112
1066603,125088.8797221112
1066605,125088.8797221112
1066643,125088.8797221112
1066644,125088.8797221112
1066664,125088.8797221112
1066730,125088.8797221112
1066734,125088.8797221112
1066736,125088.8797221112
1066759,125088.8797221112
1066761,125088.8797221112
1066772,125088.8797221112
1066792,125088.8797221112
1066795,125088.8797221112
1066832,125088.8797221112
1066845,125088.8797221112
1066847,125088.8797221112
1066938,125088.8797221112
1066944,125088.8797221112
1066988,125088.8797221112
1066996,125088.8797221112
1067005,125088.8797221112
1067009,125088.8797221112
1067011,125088.8797221112
1067037,125088.8797221112
1067063,125088.8797221112
1067064,125088.8797221112
1067088,125088.8797221112
1067115,125088.8797221112
1067119,125088.8797221112
1067291,125088.8797221112
1067363,125088.8797221112
1067374,125088.8797221112
1067395,125088.8797221112
1067402,125088.8797221112
1067412,125088.8797221112
1067425,125088.8797221112
1067428,125088.8797221112
1067430,125088.8797221112
1067435,125088.8797221112
1067478,125088.8797221112
1067512,125088.8797221112
1067533,125088.8797221112
1067536,125088.8797221112
1067549,125088.8797221112
1067555,125088.8797221112
1067557,125088.8797221112
1067570,125088.8797221112
1067575,125088.8797221112
1067577,125088.8797221112
1067578,125088.8797221112
1067584,125088.8797221112
1067596,125088.8797221112
1067598,125088.8797221112
1067614,125088.8797221112
1067631,125088.8797221112
1067649,125088.8797221112
1067652,125088.8797221112
1067687,125088.8797221112
1067688,125088.8797221112
1067704,125088.8797221112
1067705,125088.8797221112
1067731,125088.8797221112
1067746,125088.8797221112
1067756,125088.8797221112
1067777,125088.8797221112
1067793,125088.8797221112
1067808,125088.8797221112
1067821,125088.8797221112
1067834,125088.8797221112
1067846,125088.8797221112
1067850,125088.8797221112
1067853,125088.8797221112
1067863,125088.8797221112
1067913,125088.8797221112
1067914,125088.8797221112
1067962,125088.8797221112
1067999,125088.8797221112
1068022,125088.8797221112
1068055,125088.8797221112
1068076,125088.8797221112
1068078,125088.8797221112
1068136,125088.8797221112
1068137,125088.8797221112
1068155,125088.8797221112
1068157,125088.8797221112
1068158,125088.8797221112
1068173,125088.8797221112
1068240,125088.8797221112
1068266,125088.8797221112
1068324,125088.8797221112
1068360,125088.8797221112
1068386,125088.8797221112
1068396,125088.8797221112
1068406,125088.8797221112
1068409,125088.8797221112
1068414,125088.8797221112
1068466,125088.8797221112
1068489,125088.8797221112
1068501,125088.8797221112
1068520,125088.8797221112
1068533,125088.8797221112
1068611,125088.8797221112
1068645,125088.8797221112
1068683,125088.8797221112
1068685,125088.8797221112
1068698,125088.8797221112
1068703,125088.8797221112
1068737,125088.8797221112
1068751,125088.8797221112
1068752,125088.8797221112
1068797,125088.8797221112
1068824,125088.8797221112
1068840,125088.8797221112
1068894,125088.8797221112
1068949,125088.8797221112
1068954,125088.8797221112
1068960,125088.8797221112
1069002,125088.8797221112
1069029,125088.8797221112
1069034,125088.8797221112
1069058,125088.8797221112
1069115,125088.8797221112
1069117,125088.8797221112
1069137,125088.8797221112
1069138,125088.8797221112
1069204,125088.8797221112
1069246,125088.8797221112
1069293,125088.8797221112
1069308,125088.8797221112
1069388,125088.8797221112
1069416,125088.8797221112
1069429,125088.8797221112
1069430,125088.8797221112
1069489,125088.8797221112
1069539,125088.8797221112
1069541,125088.8797221112
1069543,125088.8797221112
1069544,125088.8797221112
1069545,125088.8797221112
1069602,125088.8797221112
1069619,125088.8797221112
1069633,125088.8797221112
1069662,125088.8797221112
1069672,125088.8797221112
1069673,125088.8797221112
1069712,125088.8797221112
1069750,125088.8797221112
1069782,125088.8797221112
1069813,125088.8797221112
1069835,125088.8797221112
1069857,125088.8797221112
1069881,125088.8797221112
1069973,125088.8797221112
1069981,125088.8797221112
1069982,125088.8797221112
1070002,125088.8797221112
1070067,125088.8797221112
1070070,125088.8797221112
1070084,125088.8797221112
1070089,125088.8797221112
1070103,125088.8797221112
1070165,125088.8797221112
1070183,125088.8797221112
1070185,125088.8797221112
1070208,125088.8797221112
1070245,125088.8797221112
1070308,125088.8797221112
1070362,125088.8797221112
1070374,125088.8797221112
1070378,125088.8797221112
1070388,125088.8797221112
1070394,125088.8797221112
1070438,125088.8797221112
1070454,125088.8797221112
1070455,125088.8797221112
1070456,125088.8797221112
1070463,125088.8797221112
1070467,125088.8797221112
1070469,125088.8797221112
1070498,125088.8797221112
1070501,125088.8797221112
1070516,125088.8797221112
1070554,125088.8797221112
1070570,125088.8797221112
1070573,125088.8797221112
1070643,125088.8797221112
1070656,125088.8797221112
1070675,125088.8797221112
1070677,125088.8797221112
1070707,125088.8797221112
1070760,125088.8797221112
1070770,125088.8797221112
1070862,125088.8797221112
1070866,125088.8797221112
1070907,125088.8797221112
1070916,125088.8797221112
1071031,125088.8797221112
1071038,125088.8797221112
1071042,125088.8797221112
1071045,125088.8797221112
1071046,125088.8797221112
1071118,125088.8797221112
1071145,125088.8797221112
1071161,125088.8797221112
1071166,125088.8797221112
1071202,125088.8797221112
1071335,125088.8797221112
1071349,125088.8797221112
1071350,125088.8797221112
1071356,125088.8797221112
1071357,125088.8797221112
1071360,125088.8797221112
1071370,125088.8797221112
1071376,125088.8797221112
1071378,125088.8797221112
1071390,125088.8797221112
1071413,125088.8797221112
1071414,125088.8797221112
1071415,125088.8797221112
1071419,125088.8797221112
1071427,125088.8797221112
1071430,125088.8797221112
1071434,125088.8797221112
1071481,125088.8797221112
1071503,125088.8797221112
1071504,125088.8797221112
1071532,125088.8797221112
1071537,125088.8797221112
1071551,125088.8797221112
1071574,125088.8797221112
1071613,125088.8797221112
1071621,125088.8797221112
1071651,125088.8797221112
1071653,125088.8797221112
1071669,125088.8797221112
1071704,125088.8797221112
1071722,125088.8797221112
1071727,125088.8797221112
1071737,125088.8797221112
1071740,125088.8797221112
1071782,125088.8797221112
1071889,125088.8797221112
1071899,125088.8797221112
1071920,125088.8797221112
1071948,125088.8797221112
1071950,125088.8797221112
1071983,125088.8797221112
1071997,125088.8797221112
1072066,125088.8797221112
1072080,125088.8797221112
1072081,125088.8797221112
1072086,125088.8797221112
1072176,125088.8797221112
1072178,125088.8797221112
1072201,125088.8797221112
1072204,125088.8797221112
1072219,125088.8797221112
1072229,125088.8797221112
1072242,125088.8797221112
1072245,125088.8797221112
1072249,125088.8797221112
1072259,125088.8797221112
1072306,125088.8797221112
1072320,125088.8797221112
1072326,125088.8797221112
1072334,125088.8797221112
1072345,125088.8797221112
1072353,125088.8797221112
1072382,125088.8797221112
1072387,125088.8797221112
1072403,125088.8797221112
1072484,125088.8797221112
1072487,125088.8797221112
1072490,125088.8797221112
1072493,125088.8797221112
1072503,125088.8797221112
1072536,125088.8797221112
1072548,125088.8797221112
1072599,125088.8797221112
1072627,125088.8797221112
1072632,125088.8797221112
1072681,125088.8797221112
1072729,125088.8797221112
1072752,125088.8797221112
1072775,125088.8797221112
1072776,125088.8797221112
1072779,125088.8797221112
1072780,125088.8797221112
1072784,125088.8797221112
1072800,125088.8797221112
1072809,125088.8797221112
1072819,125088.8797221112
1072842,125088.8797221112
1072873,125088.8797221112
1072880,125088.8797221112
1072894,125088.8797221112
1072901,125088.8797221112
1072913,125088.8797221112
1072929,125088.8797221112
1072973,125088.8797221112
1073092,125088.8797221112
1073108,125088.8797221112
1073195,125088.8797221112
1073200,125088.8797221112
1073209,125088.8797221112
1073215,125088.8797221112
1073216,125088.8797221112
1073217,125088.8797221112
1073218,125088.8797221112
1073219,125088.8797221112
1073220,125088.8797221112
1073221,125088.8797221112
1073222,125088.8797221112
1073223,125088.8797221112
1073224,125088.8797221112
1073225,125088.8797221112
1073226,125088.8797221112
1073228,125088.8797221112
1073229,125088.8797221112
1073234,125088.8797221112
1073238,125088.8797221112
1073240,125088.8797221112
1073251,125088.8797221112
1073388,125088.8797221112
1073391,125088.8797221112
1073420,125088.8797221112
1073428,125088.8797221112
1073465,125088.8797221112
1073471,125088.8797221112
1073484,125088.8797221112
1073529,125088.8797221112
1073563,125088.8797221112
1073604,125088.8797221112
1073621,125088.8797221112
1073622,125088.8797221112
1073626,125088.8797221112
1073663,125088.8797221112
1073675,125088.8797221112
1073681,125088.8797221112
1073695,125088.8797221112
1073753,125088.8797221112
1073779,125088.8797221112
1073844,125088.8797221112
1073846,125088.8797221112
1074053,125088.8797221112
1074196,125088.8797221112
1074279,125088.8797221112
1074340,125088.8797221112
1074532,125088.8797221112
1074540,125088.8797221112
1074548,125088.8797221112
1074550,125088.8797221112
1074554,125088.8797221112
1074575,125088.8797221112
1074579,125088.8797221112
1074603,125088.8797221112
1074607,125088.8797221112
1074608,125088.8797221112
1074643,125088.8797221112
1074677,125088.8797221112
1074682,125088.8797221112
1074697,125088.8797221112
1074710,125088.8797221112
1074741,125088.8797221112
1074816,125088.8797221112
1074821,125088.8797221112
1074882,125088.8797221112
1074943,125088.8797221112
1074946,125088.8797221112
1074968,125088.8797221112
1074991,125088.8797221112
1075071,125088.8797221112
1075075,125088.8797221112
1075078,125088.8797221112
1075192,125088.8797221112
1075221,125088.8797221112
1075262,125088.8797221112
1075320,125088.8797221112
1075321,125088.8797221112
1075527,125088.8797221112
1075555,125088.8797221112
1075566,125088.8797221112
1075576,125088.8797221112
1075621,125088.8797221112
1075623,125088.8797221112
1075669,125088.8797221112
1075694,125088.8797221112
1075794,125088.8797221112
1075855,125088.8797221112
1075875,125088.8797221112
1075876,125088.8797221112
1075878,125088.8797221112
1075902,125088.8797221112
1075981,125088.8797221112
1076017,125088.8797221112
1076028,125088.8797221112
1076116,125088.8797221112
1076133,125088.8797221112
1076153,125088.8797221112
1076223,125088.8797221112
1076232,125088.8797221112
1076237,125088.8797221112
1076242,125088.8797221112
1076246,125088.8797221112
1076250,125088.8797221112
1076256,125088.8797221112
1076265,125088.8797221112
1076270,125088.8797221112
1076275,125088.8797221112
1076282,125088.8797221112
1076297,125088.8797221112
1076314,125088.8797221112
1076342,125088.8797221112
1076353,125088.8797221112
1076399,125088.8797221112
1076400,125088.8797221112
1076410,125088.8797221112
1076411,125088.8797221112
1076419,125088.8797221112
1076451,125088.8797221112
1076453,125088.8797221112
1076479,125088.8797221112
1076502,125088.8797221112
1076505,125088.8797221112
1076512,125088.8797221112
1076516,125088.8797221112
1076615,125088.8797221112
1076618,125088.8797221112
1076619,125088.8797221112
1076637,125088.8797221112
1076655,125088.8797221112
1076670,125088.8797221112
1076672,125088.8797221112
1076751,125088.8797221112
1076780,125088.8797221112
1076822,125088.8797221112
1076837,125088.8797221112
1076848,125088.8797221112
1076851,125088.8797221112
1076867,125088.8797221112
1076870,125088.8797221112
1076873,125088.8797221112
1076877,125088.8797221112
1076899,125088.8797221112
1076928,125088.8797221112
1076931,125088.8797221112
1077002,125088.8797221112
1077007,125088.8797221112
1077008,125088.8797221112
1077013,125088.8797221112
1077024,125088.8797221112
1077043,125088.8797221112
1077056,125088.8797221112
1077067,125088.8797221112
1077162,125088.8797221112
1077187,125088.8797221112
1077265,125088.8797221112
1077596,125088.8797221112
1077624,125088.8797221112
1077752,125088.8797221112
1077787,125088.8797221112
1077884,125088.8797221112
1078098,125088.8797221112
1078219,125088.8797221112
1078257,125088.8797221112
1078341,125088.8797221112
1078355,125088.8797221112
1078360,125088.8797221112
1078409,125088.8797221112
1078431,125088.8797221112
1078454,125088.8797221112
1078476,125088.8797221112
1078477,125088.8797221112
1078497,125088.8797221112
1078545,125088.8797221112
1078556,125088.8797221112
1078564,125088.8797221112
1078585,125088.8797221112
1078640,125088.8797221112
1078648,125088.8797221112
1078660,125088.8797221112
1078685,125088.8797221112
1078699,125088.8797221112
1078723,125088.8797221112
1078725,125088.8797221112
1078736,125088.8797221112
1078773,125088.8797221112
1078806,125088.8797221112
1078814,125088.8797221112
1078885,125088.8797221112
1078899,125088.8797221112
1078908,125088.8797221112
1078969,125088.8797221112
1079020,125088.8797221112
1079036,125088.8797221112
1079059,125088.8797221112
1079068,125088.8797221112
1079153,125088.8797221112
1079183,125088.8797221112
1079230,125088.8797221112
1079254,125088.8797221112
1079277,125088.8797221112
1079282,125088.8797221112
1079294,125088.8797221112
1079320,125088.8797221112
1079334,125088.8797221112
1079343,125088.8797221112
1079356,125088.8797221112
1079382,125088.8797221112
1079459,125088.8797221112
1079463,125088.8797221112
1079464,125088.8797221112
1079479,125088.8797221112
1079483,125088.8797221112
1079497,125088.8797221112
1079498,125088.8797221112
1079503,125088.8797221112
1079504,125088.8797221112
1079528,125088.8797221112
1079568,125088.8797221112
1079600,125088.8797221112
1079607,125088.8797221112
1079608,125088.8797221112
1079612,125088.8797221112
1079618,125088.8797221112
1079705,125088.8797221112
1079766,125088.8797221112
1079842,125088.8797221112
1079850,125088.8797221112
1079853,125088.8797221112
1079868,125088.8797221112
1079892,125088.8797221112
1079895,125088.8797221112
1079928,125088.8797221112
1079992,125088.8797221112
1079994,125088.8797221112
1079995,125088.8797221112
1080005,125088.8797221112
1080008,125088.8797221112
1080010,125088.8797221112
1080011,125088.8797221112
1080015,125088.8797221112
1080025,125088.8797221112
1080028,125088.8797221112
1080030,125088.8797221112
1080032,125088.8797221112
1080034,125088.8797221112
1080037,125088.8797221112
1080063,125088.8797221112
1080064,125088.8797221112
1080065,125088.8797221112
1080066,125088.8797221112
1080069,125088.8797221112
1080072,125088.8797221112
1080077,125088.8797221112
1080111,125088.8797221112
1080133,125088.8797221112
1080147,125088.8797221112
1080162,125088.8797221112
1080187,125088.8797221112
1080200,125088.8797221112
1080279,125088.8797221112
1080290,125088.8797221112
1080292,125088.8797221112
1080299,125088.8797221112
1080327,125088.8797221112
1080328,125088.8797221112
1080332,125088.8797221112
1080334,125088.8797221112
1080342,125088.8797221112
1080343,125088.8797221112
1080364,125088.8797221112
1080379,125088.8797221112
1080382,125088.8797221112
1080383,125088.8797221112
1080399,125088.8797221112
1080401,125088.8797221112
1080426,125088.8797221112
1080440,125088.8797221112
1080450,125088.8797221112
1080465,125088.8797221112
1080482,125088.8797221112
1080485,125088.8797221112
1080507,125088.8797221112
1080562,125088.8797221112
1080606,125088.8797221112
1080621,125088.8797221112
1080633,125088.8797221112
1080663,125088.8797221112
1080670,125088.8797221112
1080752,125088.8797221112
1080755,125088.8797221112
1080757,125088.8797221112
1080776,125088.8797221112
1080802,125088.8797221112
1080807,125088.8797221112
1080836,125088.8797221112
1080849,125088.8797221112
1080858,125088.8797221112
1080859,125088.8797221112
1080914,125088.8797221112
1080921,125088.8797221112
1080937,125088.8797221112
1080977,125088.8797221112
1080980,125088.8797221112
1080983,125088.8797221112
1081011,125088.8797221112
1081038,125088.8797221112
1081055,125088.8797221112
1081112,125088.8797221112
1081125,125088.8797221112
1081153,125088.8797221112
1081170,125088.8797221112
1081201,125088.8797221112
1081232,125088.8797221112
1081267,125088.8797221112
1081351,125088.8797221112
1081356,125088.8797221112
1081395,125088.8797221112
1081435,125088.8797221112
1081436,125088.8797221112
1081442,125088.8797221112
1081472,125088.8797221112
1081487,125088.8797221112
1081508,125088.8797221112
1081512,125088.8797221112
1081528,125088.8797221112
1081552,125088.8797221112
1081575,125088.8797221112
1081706,125088.8797221112
1081782,125088.8797221112
1081785,125088.8797221112
1081787,125088.8797221112
1081832,125088.8797221112
1081833,125088.8797221112
1081838,125088.8797221112
1081841,125088.8797221112
1081843,125088.8797221112
1081844,125088.8797221112
1081848,125088.8797221112
1081869,125088.8797221112
1081902,125088.8797221112
1081903,125088.8797221112
1081908,125088.8797221112
1081924,125088.8797221112
1081936,125088.8797221112
1081949,125088.8797221112
1081970,125088.8797221112
1082039,125088.8797221112
1082045,125088.8797221112
1082046,125088.8797221112
1082048,125088.8797221112
1082118,125088.8797221112
1082145,125088.8797221112
1082147,125088.8797221112
1082163,125088.8797221112
1082251,125088.8797221112
1082254,125088.8797221112
1082255,125088.8797221112
1082327,125088.8797221112
1082342,125088.8797221112
1082343,125088.8797221112
1082360,125088.8797221112
1082376,125088.8797221112
1082382,125088.8797221112
1082390,125088.8797221112
1082417,125088.8797221112
1082420,125088.8797221112
1082432,125088.8797221112
1082441,125088.8797221112
1082442,125088.8797221112
1082461,125088.8797221112
1082482,125088.8797221112
1082483,125088.8797221112
1082488,125088.8797221112
1082504,125088.8797221112
1082508,125088.8797221112
1082533,125088.8797221112
1082548,125088.8797221112
1082549,125088.8797221112
1082586,125088.8797221112
1082640,125088.8797221112
1082677,125088.8797221112
1082833,125088.8797221112
1082840,125088.8797221112
1082846,125088.8797221112
1082857,125088.8797221112
1082863,125088.8797221112
1082867,125088.8797221112
1082927,125088.8797221112
1082928,125088.8797221112
1082958,125088.8797221112
1083026,125088.8797221112
1083029,125088.8797221112
1083052,125088.8797221112
1083095,125088.8797221112
1083118,125088.8797221112
1083122,125088.8797221112
1083137,125088.8797221112
1083208,125088.8797221112
1083251,125088.8797221112
1083264,125088.8797221112
1083284,125088.8797221112
1083291,125088.8797221112
1083296,125088.8797221112
1083300,125088.8797221112
1083303,125088.8797221112
1083345,125088.8797221112
1083382,125088.8797221112
1083388,125088.8797221112
1083392,125088.8797221112
1083402,125088.8797221112
1083405,125088.8797221112
1083495,125088.8797221112
1083545,125088.8797221112
1086147,125088.8797221112
1086216,125088.8797221112
1086243,125088.8797221112
1086254,125088.8797221112
1086282,125088.8797221112
1086309,125088.8797221112
1086312,125088.8797221112
1086333,125088.8797221112
1086344,125088.8797221112
1086616,125088.8797221112
1086670,125088.8797221112
1086770,125088.8797221112
1086802,125088.8797221112
1086813,125088.8797221112
1086818,125088.8797221112
1086819,125088.8797221112
1086820,125088.8797221112
1086826,125088.8797221112
1086827,125088.8797221112
1086842,125088.8797221112
1086844,125088.8797221112
1086846,125088.8797221112
1086847,125088.8797221112
1086848,125088.8797221112
1086864,125088.8797221112
1086917,125088.8797221112
1086918,125088.8797221112
1086963,125088.8797221112
1086991,125088.8797221112
1086999,125088.8797221112
1087035,125088.8797221112
1087054,125088.8797221112
1087111,125088.8797221112
1087112,125088.8797221112
1087115,125088.8797221112
1087116,125088.8797221112
1087132,125088.8797221112
1087135,125088.8797221112
1087193,125088.8797221112
1087235,125088.8797221112
1087237,125088.8797221112
1087238,125088.8797221112
1087241,125088.8797221112
1087288,125088.8797221112
1087329,125088.8797221112
1087340,125088.8797221112
1087346,125088.8797221112
1087349,125088.8797221112
1087375,125088.8797221112
1087389,125088.8797221112
1087406,125088.8797221112
1087423,125088.8797221112
1087432,125088.8797221112
1093650,125088.8797221112
1093654,125088.8797221112
1093657,125088.8797221112
1093659,125088.8797221112
1093661,125088.8797221112
1093675,125088.8797221112
1093684,125088.8797221112
1093703,125088.8797221112
1093710,125088.8797221112
1093711,125088.8797221112
1093718,125088.8797221112
1093725,125088.8797221112
1093808,125088.8797221112
1093813,125088.8797221112
1093816,125088.8797221112
1093817,125088.8797221112
1093845,125088.8797221112
1093848,125088.8797221112
1093904,125088.8797221112
1093906,125088.8797221112
1093909,125088.8797221112
1093920,125088.8797221112
1093958,125088.8797221112
1093960,125088.8797221112
1094005,125088.8797221112
1094008,125088.8797221112
1094012,125088.8797221112
1094018,125088.8797221112
1094108,125088.8797221112
1094111,125088.8797221112
1094126,125088.8797221112
1094128,125088.8797221112
1094133,125088.8797221112
1094136,125088.8797221112
1094142,125088.8797221112
1094151,125088.8797221112
1094174,125088.8797221112
1094196,125088.8797221112
1094198,125088.8797221112
1094232,125088.8797221112
1094299,125088.8797221112
1094334,125088.8797221112
1094348,125088.8797221112
1094353,125088.8797221112
1094362,125088.8797221112
1094412,125088.8797221112
1094416,125088.8797221112
1094419,125088.8797221112
1094463,125088.8797221112
1094464,125088.8797221112
1094519,125088.8797221112
1094530,125088.8797221112
1094531,125088.8797221112
1094538,125088.8797221112
1094590,125088.8797221112
1094633,125088.8797221112
1094660,125088.8797221112
1094668,125088.8797221112
1094694,125088.8797221112
1094714,125088.8797221112
1094717,125088.8797221112
1094747,125088.8797221112
1094771,125088.8797221112
1094773,125088.8797221112
1094779,125088.8797221112
1094810,125088.8797221112
1094817,125088.8797221112
1094818,125088.8797221112
1094822,125088.8797221112
1094855,125088.8797221112
1094858,125088.8797221112
1094864,125088.8797221112
1094895,125088.8797221112
1094910,125088.8797221112
1094939,125088.8797221112
1094960,125088.8797221112
1095019,125088.8797221112
1095021,125088.8797221112
1095025,125088.8797221112
1095029,125088.8797221112
1095031,125088.8797221112
1095067,125088.8797221112
1095105,125088.8797221112
1095126,125088.8797221112
1095135,125088.8797221112
1095139,125088.8797221112
1095146,125088.8797221112
1095292,125088.8797221112
1095313,125088.8797221112
1095326,125088.8797221112
1095334,125088.8797221112
1095343,125088.8797221112
1095383,125088.8797221112
1095399,125088.8797221112
1095416,125088.8797221112
1095448,125088.8797221112
1095478,125088.8797221112
1095480,125088.8797221112
1095496,125088.8797221112
1095500,125088.8797221112
1095529,125088.8797221112
1095536,125088.8797221112
1095552,125088.8797221112
1095588,125088.8797221112
1095624,125088.8797221112
1095650,125088.8797221112
1095691,125088.8797221112
1095735,125088.8797221112
1095799,125088.8797221112
1095804,125088.8797221112
1095810,125088.8797221112
1095827,125088.8797221112
1095841,125088.8797221112
1095853,125088.8797221112
1095860,125088.8797221112
1095866,125088.8797221112
1095906,125088.8797221112
1095907,125088.8797221112
1095926,125088.8797221112
1095949,125088.8797221112
1096078,125088.8797221112
1096079,125088.8797221112
1096090,125088.8797221112
1096148,125088.8797221112
1096213,125088.8797221112
1096235,125088.8797221112
1096271,125088.8797221112
1096279,125088.8797221112
1096316,125088.8797221112
1096318,125088.8797221112
1096335,125088.8797221112
1096339,125088.8797221112
1096405,125088.8797221112
1096417,125088.8797221112
1096464,125088.8797221112
1096480,125088.8797221112
1096484,125088.8797221112
1096513,125088.8797221112
1096539,125088.8797221112
1096546,125088.8797221112
1096550,125088.8797221112
1096556,125088.8797221112
1096573,125088.8797221112
1096583,125088.8797221112
1096585,125088.8797221112
1096590,125088.8797221112
1096593,125088.8797221112
1096600,125088.8797221112
1096627,125088.8797221112
1096631,125088.8797221112
1096691,125088.8797221112
1096700,125088.8797221112
1096716,125088.8797221112
1096723,125088.8797221112
1096749,125088.8797221112
1096777,125088.8797221112
1096784,125088.8797221112
1096858,125088.8797221112
1096873,125088.8797221112
1096921,125088.8797221112
1096936,125088.8797221112
1096968,125088.8797221112
1096972,125088.8797221112
1097023,125088.8797221112
1097024,125088.8797221112
1097040,125088.8797221112
1097041,125088.8797221112
1097045,125088.8797221112
1097078,125088.8797221112
1097079,125088.8797221112
1097082,125088.8797221112
1097084,125088.8797221112
1097102,125088.8797221112
1097259,125088.8797221112
1097283,125088.8797221112
1097365,125088.8797221112
1097366,125088.8797221112
1097476,125088.8797221112
1097499,125088.8797221112
1097500,125088.8797221112
1097511,125088.8797221112
1097514,125088.8797221112
1097544,125088.8797221112
1097562,125088.8797221112
1097569,125088.8797221112
1097597,125088.8797221112
1097609,125088.8797221112
1097635,125088.8797221112
1097650,125088.8797221112
1097655,125088.8797221112
1097659,125088.8797221112
1097664,125088.8797221112
1097673,125088.8797221112
1097675,125088.8797221112
1097698,125088.8797221112
1097718,125088.8797221112
1097755,125088.8797221112
1097767,125088.8797221112
1097777,125088.8797221112
1097778,125088.8797221112
1097795,125088.8797221112
1097861,125088.8797221112
1097886,125088.8797221112
1097887,125088.8797221112
1097888,125088.8797221112
1097928,125088.8797221112
1097949,125088.8797221112
1097975,125088.8797221112
1097993,125088.8797221112
1097994,125088.8797221112
1098066,125088.8797221112
1098122,125088.8797221112
1098125,125088.8797221112
1098140,125088.8797221112
1098199,125088.8797221112
1098213,125088.8797221112
1098215,125088.8797221112
1098219,125088.8797221112
1098228,125088.8797221112
1098252,125088.8797221112
1098268,125088.8797221112
1098275,125088.8797221112
1098362,125088.8797221112
1098365,125088.8797221112
1098396,125088.8797221112
1098468,125088.8797221112
1098495,125088.8797221112
1098569,125088.8797221112
1098588,125088.8797221112
1098633,125088.8797221112
1098693,125088.8797221112
1098698,125088.8797221112
1098706,125088.8797221112
1098771,125088.8797221112
1098971,125088.8797221112
1098987,125088.8797221112
1098991,125088.8797221112
1098994,125088.8797221112
1099004,125088.8797221112
1099021,125088.8797221112
1099030,125088.8797221112
1099038,125088.8797221112
1099039,125088.8797221112
1099045,125088.8797221112
1099133,125088.8797221112
1099137,125088.8797221112
1099153,125088.8797221112
1099180,125088.8797221112
1099183,125088.8797221112
1099184,125088.8797221112
1099199,125088.8797221112
1099315,125088.8797221112
1099316,125088.8797221112
1099320,125088.8797221112
1099323,125088.8797221112
1099326,125088.8797221112
1099329,125088.8797221112
1099335,125088.8797221112
1099338,125088.8797221112
1099342,125088.8797221112
1099350,125088.8797221112
1099351,125088.8797221112
1099359,125088.8797221112
1099364,125088.8797221112
1099366,125088.8797221112
1099382,125088.8797221112
1099383,125088.8797221112
1099407,125088.8797221112
1099414,125088.8797221112
1099441,125088.8797221112
1099447,125088.8797221112
1099465,125088.8797221112
1099469,125088.8797221112
1099488,125088.8797221112
1099520,125088.8797221112
1099562,125088.8797221112
1099567,125088.8797221112
1099623,125088.8797221112
1099651,125088.8797221112
1099664,125088.8797221112
1099665,125088.8797221112
1099671,125088.8797221112
1099702,125088.8797221112
1099722,125088.8797221112
1099725,125088.8797221112
1099726,125088.8797221112
1099728,125088.8797221112
1099729,125088.8797221112
1099734,125088.8797221112
1099740,125088.8797221112
1099743,125088.8797221112
1099768,125088.8797221112
1099774,125088.8797221112
1099796,125088.8797221112
1099815,125088.8797221112
1099837,125088.8797221112
1099916,125088.8797221112
1099928,125088.8797221112
1099941,125088.8797221112
1099946,125088.8797221112
1099948,125088.8797221112
1099950,125088.8797221112
1099972,125088.8797221112
1099995,125088.8797221112
1099996,125088.8797221112
1100056,125088.8797221112
1100076,125088.8797221112
1100169,125088.8797221112
1100171,125088.8797221112
1100178,125088.8797221112
1100189,125088.8797221112
1100191,125088.8797221112
1100192,125088.8797221112
1100194,125088.8797221112
1100205,125088.8797221112
1100224,125088.8797221112
1100257,125088.8797221112
1100317,125088.8797221112
1100329,125088.8797221112
1100345,125088.8797221112
1100388,125088.8797221112
1100391,125088.8797221112
1100460,125088.8797221112
1100509,125088.8797221112
1100516,125088.8797221112
1100532,125088.8797221112
1100537,125088.8797221112
1100548,125088.8797221112
1100583,125088.8797221112
1100596,125088.8797221112
1100601,125088.8797221112
1100611,125088.8797221112
1100619,125088.8797221112
1100658,125088.8797221112
1100660,125088.8797221112
1100674,125088.8797221112
1100682,125088.8797221112
1100692,125088.8797221112
1100719,125088.8797221112
1100743,125088.8797221112
1100780,125088.8797221112
1100810,125088.8797221112
1100829,125088.8797221112
1100840,125088.8797221112
1100852,125088.8797221112
1100865,125088.8797221112
1100897,125088.8797221112
1100931,125088.8797221112
1100932,125088.8797221112
1100938,125088.8797221112
1100944,125088.8797221112
1100945,125088.8797221112
1100946,125088.8797221112
1100947,125088.8797221112
1100948,125088.8797221112
1100953,125088.8797221112
1100955,125088.8797221112
1100957,125088.8797221112
1100960,125088.8797221112
1100962,125088.8797221112
1100984,125088.8797221112
1100985,125088.8797221112
1101003,125088.8797221112
1101004,125088.8797221112
1101005,125088.8797221112
1101006,125088.8797221112
1101007,125088.8797221112
1101012,125088.8797221112
1101064,125088.8797221112
1101073,125088.8797221112
1101084,125088.8797221112
1101086,125088.8797221112
1101094,125088.8797221112
1101102,125088.8797221112
1101127,125088.8797221112
1101173,125088.8797221112
1101180,125088.8797221112
1101202,125088.8797221112
1101203,125088.8797221112
1101207,125088.8797221112
1101208,125088.8797221112
1101232,125088.8797221112
1101240,125088.8797221112
1101252,125088.8797221112
1101258,125088.8797221112
1101263,125088.8797221112
1101276,125088.8797221112
1101292,125088.8797221112
1101294,125088.8797221112
1101303,125088.8797221112
1101319,125088.8797221112
1101326,125088.8797221112
1101330,125088.8797221112
1101331,125088.8797221112
1101333,125088.8797221112
1101335,125088.8797221112
1101351,125088.8797221112
1101378,125088.8797221112
1101418,125088.8797221112
1101423,125088.8797221112
1101428,125088.8797221112
1101517,125088.8797221112
1101591,125088.8797221112
1101616,125088.8797221112
1101739,125088.8797221112
1101759,125088.8797221112
1101799,125088.8797221112
1101800,125088.8797221112
1101801,125088.8797221112
1101814,125088.8797221112
1101859,125088.8797221112
1101869,125088.8797221112
1101901,125088.8797221112
1101931,125088.8797221112
1101932,125088.8797221112
1101976,125088.8797221112
1102031,125088.8797221112
1102046,125088.8797221112
1102066,125088.8797221112
1102090,125088.8797221112
1102112,125088.8797221112
1102117,125088.8797221112
1102119,125088.8797221112
1102123,125088.8797221112
1102135,125088.8797221112
1102169,125088.8797221112
1102170,125088.8797221112
1102240,125088.8797221112
1102248,125088.8797221112
1102273,125088.8797221112
1102307,125088.8797221112
1102332,125088.8797221112
1102413,125088.8797221112
1102414,125088.8797221112
1102415,125088.8797221112
1102416,125088.8797221112
1102417,125088.8797221112
1102422,125088.8797221112
1102423,125088.8797221112
1102430,125088.8797221112
1102431,125088.8797221112
1102434,125088.8797221112
1102452,125088.8797221112
1102470,125088.8797221112
1102505,125088.8797221112
1102509,125088.8797221112
1102527,125088.8797221112
1102537,125088.8797221112
1102564,125088.8797221112
1102603,125088.8797221112
1102608,125088.8797221112
1102646,125088.8797221112
1102647,125088.8797221112
1102650,125088.8797221112
1102655,125088.8797221112
1102657,125088.8797221112
1102660,125088.8797221112
1102685,125088.8797221112
1102688,125088.8797221112
1102699,125088.8797221112
1102704,125088.8797221112
1102705,125088.8797221112
1102728,125088.8797221112
1102735,125088.8797221112
1102750,125088.8797221112
1102770,125088.8797221112
1102790,125088.8797221112
1102797,125088.8797221112
1102800,125088.8797221112
1102806,125088.8797221112
1102844,125088.8797221112
1102862,125088.8797221112
1102908,125088.8797221112
1102909,125088.8797221112
1102959,125088.8797221112
1102970,125088.8797221112
1102986,125088.8797221112
1103044,125088.8797221112
1103076,125088.8797221112
1103095,125088.8797221112
1103226,125088.8797221112
1103227,125088.8797221112
1103228,125088.8797221112
1103229,125088.8797221112
1103249,125088.8797221112
1103253,125088.8797221112
1103258,125088.8797221112
1103264,125088.8797221112
1103265,125088.8797221112
1103278,125088.8797221112
1103279,125088.8797221112
1103282,125088.8797221112
1103361,125088.8797221112
1103386,125088.8797221112
1103396,125088.8797221112
1103402,125088.8797221112
1103403,125088.8797221112
1103404,125088.8797221112
1103418,125088.8797221112
1103419,125088.8797221112
1103431,125088.8797221112
1103481,125088.8797221112
1103489,125088.8797221112
1103584,125088.8797221112
1103598,125088.8797221112
1103600,125088.8797221112
1103604,125088.8797221112
1103606,125088.8797221112
1103614,125088.8797221112
1103646,125088.8797221112
1103668,125088.8797221112
1103669,125088.8797221112
1103678,125088.8797221112
1103711,125088.8797221112
1103726,125088.8797221112
1103731,125088.8797221112
1103735,125088.8797221112
1103741,125088.8797221112
1103838,125088.8797221112
1103903,125088.8797221112
1103914,125088.8797221112
1103991,125088.8797221112
1103997,125088.8797221112
1104005,125088.8797221112
1104027,125088.8797221112
1104035,125088.8797221112
1104045,125088.8797221112
1104073,125088.8797221112
1104122,125088.8797221112
1104123,125088.8797221112
1104132,125088.8797221112
1104247,125088.8797221112
1104252,125088.8797221112
1104265,125088.8797221112
1104276,125088.8797221112
1104292,125088.8797221112
1104347,125088.8797221112
1104357,125088.8797221112
1104358,125088.8797221112
1104369,125088.8797221112
1104944,125088.8797221112
1104946,125088.8797221112
1104949,125088.8797221112
1104951,125088.8797221112
1104953,125088.8797221112
1104955,125088.8797221112
1104972,125088.8797221112
1105018,125088.8797221112
1105021,125088.8797221112
1105024,125088.8797221112
1105025,125088.8797221112
1105044,125088.8797221112
1105046,125088.8797221112
1105047,125088.8797221112
1105050,125088.8797221112
1105051,125088.8797221112
1105052,125088.8797221112
1105053,125088.8797221112
1105071,125088.8797221112
1105081,125088.8797221112
1105207,125088.8797221112
1105210,125088.8797221112
1105265,125088.8797221112
1105266,125088.8797221112
1105267,125088.8797221112
1105268,125088.8797221112
1105280,125088.8797221112
1105281,125088.8797221112
1105282,125088.8797221112
1105376,125088.8797221112
1105429,125088.8797221112
1105465,125088.8797221112
1105493,125088.8797221112
1105496,125088.8797221112
1105557,125088.8797221112
1105558,125088.8797221112
1105575,125088.8797221112
1105576,125088.8797221112
1105581,125088.8797221112
1105621,125088.8797221112
1105622,125088.8797221112
1105698,125088.8797221112
1105699,125088.8797221112
1105700,125088.8797221112
1105702,125088.8797221112
1105705,125088.8797221112
1105706,125088.8797221112
1105711,125088.8797221112
1105799,125088.8797221112
1105802,125088.8797221112
1105803,125088.8797221112
1105805,125088.8797221112
1105806,125088.8797221112
1105807,125088.8797221112
1105828,125088.8797221112
1105830,125088.8797221112
1105831,125088.8797221112
1105832,125088.8797221112
1105849,125088.8797221112
1105855,125088.8797221112
1105898,125088.8797221112
1105899,125088.8797221112
1105935,125088.8797221112
1105989,125088.8797221112
1106068,125088.8797221112
1106069,125088.8797221112
1106073,125088.8797221112
1106085,125088.8797221112
1106086,125088.8797221112
1106135,125088.8797221112
1106164,125088.8797221112
1106193,125088.8797221112
1106196,125088.8797221112
1106244,125088.8797221112
1106253,125088.8797221112
1106256,125088.8797221112
1106586,125088.8797221112
1106587,125088.8797221112
1106588,125088.8797221112
1106589,125088.8797221112
1106600,125088.8797221112
1106608,125088.8797221112
1106715,125088.8797221112
1106789,125088.8797221112
1106790,125088.8797221112
1106791,125088.8797221112
1106792,125088.8797221112
1106793,125088.8797221112
1106794,125088.8797221112
1106869,125088.8797221112
1106954,125088.8797221112
1107205,125088.8797221112
1107331,125088.8797221112
1107333,125088.8797221112
1107389,125088.8797221112
1107390,125088.8797221112
1107392,125088.8797221112
1107394,125088.8797221112
1107395,125088.8797221112
1107469,125088.8797221112
1107483,125088.8797221112
1107491,125088.8797221112
1107667,125088.8797221112
1107772,125088.8797221112
1107775,125088.8797221112
1107785,125088.8797221112
1107786,125088.8797221112
1107787,125088.8797221112
1202392,125088.8797221112
1202393,125088.8797221112
1202395,125088.8797221112
1202440,125088.8797221112
1202550,125088.8797221112
1202552,125088.8797221112
1202577,125088.8797221112
1202580,125088.8797221112
1202842,125088.8797221112
1202844,125088.8797221112
1202860,125088.8797221112
1202861,125088.8797221112
1202869,125088.8797221112
1202876,125088.8797221112
1202892,125088.8797221112
1202903,125088.8797221112
1214273,125088.8797221112
1214280,125088.8797221112
1214445,125088.8797221112
1214448,125088.8797221112
1214449,125088.8797221112
1214464,125088.8797221112
1214572,125088.8797221112
1214574,125088.8797221112
1214584,125088.8797221112
1214608,125088.8797221112
1214640,125088.8797221112
1214643,125088.8797221112
1214651,125088.8797221112
1214652,125088.8797221112
1214657,125088.8797221112
1214661,125088.8797221112
1214673,125088.8797221112
1214675,125088.8797221112
1214679,125088.8797221112
1214703,125088.8797221112
1215040,125088.8797221112
1215050,125088.8797221112
1215134,125088.8797221112
1215138,125088.8797221112
1215362,125088.8797221112
1215366,125088.8797221112
1215368,125088.8797221112
1215369,125088.8797221112
1215374,125088.8797221112
1215388,125088.8797221112
1215448,125088.8797221112
1215451,125088.8797221112
1215486,125088.8797221112
1215488,125088.8797221112
1215496,125088.8797221112
1215498,125088.8797221112
1215555,125088.8797221112
1215556,125088.8797221112
1215560,125088.8797221112
1215573,125088.8797221112
1215591,125088.8797221112
1215596,125088.8797221112
1215746,125088.8797221112
1215748,125088.8797221112
1215754,125088.8797221112
1215756,125088.8797221112
1215758,125088.8797221112
1215761,125088.8797221112
1215762,125088.8797221112
1215766,125088.8797221112
1215767,125088.8797221112
1215776,125088.8797221112
1215784,125088.8797221112
1215791,125088.8797221112
1215796,125088.8797221112
1215797,125088.8797221112
1215798,125088.8797221112
1215806,125088.8797221112
1215810,125088.8797221112
1216439,125088.8797221112
1217024,125088.8797221112
1217029,125088.8797221112
1217034,125088.8797221112
1217036,125088.8797221112
1217037,125088.8797221112
1217038,125088.8797221112
1217233,125088.8797221112
1217234,125088.8797221112
1217247,125088.8797221112
1217248,125088.8797221112
1217250,125088.8797221112
1217540,125088.8797221112
1217556,125088.8797221112
1217557,125088.8797221112
1217559,125088.8797221112
1217578,125088.8797221112
1217875,125088.8797221112
1217881,125088.8797221112
1219303,125088.8797221112
1219356,125088.8797221112
1219361,125088.8797221112
1219426,125088.8797221112
1219482,125088.8797221112
1219492,125088.8797221112
1219515,125088.8797221112
1219518,125088.8797221112
1219520,125088.8797221112
1219620,125088.8797221112
1219653,125088.8797221112
1219665,125088.8797221112
1219668,125088.8797221112
1219670,125088.8797221112
1219706,125088.8797221112
1219714,125088.8797221112
1219756,125088.8797221112
1220007,125088.8797221112
1220137,125088.8797221112
1220139,125088.8797221112
1220671,125088.8797221112
1220690,125088.8797221112
1220731,125088.8797221112
1220732,125088.8797221112
1220739,125088.8797221112
1222082,125088.8797221112
1222084,125088.8797221112
1222087,125088.8797221112
1222182,125088.8797221112
1222183,125088.8797221112
1222194,125088.8797221112
1222252,125088.8797221112
1223720,125088.8797221112
1223812,125088.8797221112
1223816,125088.8797221112
1223827,125088.8797221112
1223836,125088.8797221112
1223838,125088.8797221112
1223841,125088.8797221112
1223860,125088.8797221112
1223861,125088.8797221112
1223863,125088.8797221112
1223867,125088.8797221112
1223875,125088.8797221112
1223892,125088.8797221112
1223897,125088.8797221112
1224003,125088.8797221112
1224006,125088.8797221112
1224010,125088.8797221112
1224014,125088.8797221112
1224033,125088.8797221112
1224068,125088.8797221112
1224071,125088.8797221112
1224121,125088.8797221112
1224146,125088.8797221112
1224153,125088.8797221112
1224653,125088.8797221112
1224668,125088.8797221112
1224776,125088.8797221112
1224788,125088.8797221112
1225148,125088.8797221112
1225155,125088.8797221112
1225157,125088.8797221112
1225159,125088.8797221112
1225238,125088.8797221112
1225323,125088.8797221112
1225362,125088.8797221112
1225363,125088.8797221112
1225376,125088.8797221112
1225378,125088.8797221112
1225818,125088.8797221112
1226392,125088.8797221112
1226394,125088.8797221112
1226516,125088.8797221112
1226517,125088.8797221112
1226741,125088.8797221112
1226743,125088.8797221112
1226745,125088.8797221112
1226748,125088.8797221112
1226749,125088.8797221112
1226782,125088.8797221112
1226789,125088.8797221112
1226799,125088.8797221112
1226860,125088.8797221112
1226867,125088.8797221112
1226963,125088.8797221112
1227068,125088.8797221112
1227072,125088.8797221112
1227075,125088.8797221112
1227080,125088.8797221112
1227083,125088.8797221112
1227087,125088.8797221112
1227113,125088.8797221112
1227115,125088.8797221112
1227127,125088.8797221112
1227165,125088.8797221112
1227292,125088.8797221112
1227294,125088.8797221112
1227296,125088.8797221112
1227675,125088.8797221112
1227679,125088.8797221112
1227680,125088.8797221112
1227687,125088.8797221112
1227690,125088.8797221112
1227707,125088.8797221112
1227708,125088.8797221112
1227709,125088.8797221112
1227720,125088.8797221112
1227815,125088.8797221112
1227857,125088.8797221112
1227859,125088.8797221112
1227865,125088.8797221112
1227902,125088.8797221112
1227904,125088.8797221112
1227921,125088.8797221112
1227928,125088.8797221112
1227948,125088.8797221112
1227951,125088.8797221112
1228096,125088.8797221112
1228098,125088.8797221112
1228597,125088.8797221112
1228622,125088.8797221112
1228630,125088.8797221112
1228639,125088.8797221112
1228640,125088.8797221112
1228821,125088.8797221112
1228828,125088.8797221112
1228829,125088.8797221112
1228966,125088.8797221112
1228972,125088.8797221112
1228973,125088.8797221112
1228974,125088.8797221112
1228985,125088.8797221112
1229013,125088.8797221112
1229016,125088.8797221112
1229018,125088.8797221112
1229020,125088.8797221112
1229022,125088.8797221112
1229028,125088.8797221112
1229030,125088.8797221112
1229031,125088.8797221112
1229038,125088.8797221112
1229176,125088.8797221112
1229188,125088.8797221112
1229190,125088.8797221112
1229201,125088.8797221112
1229212,125088.8797221112
1229218,125088.8797221112
1229220,125088.8797221112
1229224,125088.8797221112
1229225,125088.8797221112
1229462,125088.8797221112
1229540,125088.8797221112
1229541,125088.8797221112
1229591,125088.8797221112
1229597,125088.8797221112
1229598,125088.8797221112
1230015,125088.8797221112
1230020,125088.8797221112
1230030,125088.8797221112
1230031,125088.8797221112
1230037,125088.8797221112
1230038,125088.8797221112
1230039,125088.8797221112
1230040,125088.8797221112
1230045,125088.8797221112
1230070,125088.8797221112
1231407,125088.8797221112
1231410,125088.8797221112
1231549,125088.8797221112
1231551,125088.8797221112
1231558,125088.8797221112
1231661,125088.8797221112
1231688,125088.8797221112
1231696,125088.8797221112
1231704,125088.8797221112
1231710,125088.8797221112
1231711,125088.8797221112
1231719,125088.8797221112
1231753,125088.8797221112
1231846,125088.8797221112
1231908,125088.8797221112
1231938,125088.8797221112
1231982,125088.8797221112
1232000,125088.8797221112
1232001,125088.8797221112
1232002,125088.8797221112
1232475,125088.8797221112
1232477,125088.8797221112
1232484,125088.8797221112
1232490,125088.8797221112
1232637,125088.8797221112
1232646,125088.8797221112
1232662,125088.8797221112
1233033,125088.8797221112
1233038,125088.8797221112
1233250,125088.8797221112
1233263,125088.8797221112
1233265,125088.8797221112
1233268,125088.8797221112
1233307,125088.8797221112
1233314,125088.8797221112
1233329,125088.8797221112
1233345,125088.8797221112
1233349,125088.8797221112
1233447,125088.8797221112
1233450,125088.8797221112
1233453,125088.8797221112
1233462,125088.8797221112
1233465,125088.8797221112
1233471,125088.8797221112
1233474,125088.8797221112
1233479,125088.8797221112
1233487,125088.8797221112
1233488,125088.8797221112
1233490,125088.8797221112
1233493,125088.8797221112
1233495,125088.8797221112
1233497,125088.8797221112
1233542,125088.8797221112
1233552,125088.8797221112
1233557,125088.8797221112
1233567,125088.8797221112
1233568,125088.8797221112
1233569,125088.8797221112
1233683,125088.8797221112
1233764,125088.8797221112
1233861,125088.8797221112
1233877,125088.8797221112
1233987,125088.8797221112
1233989,125088.8797221112
1234069,125088.8797221112
1234103,125088.8797221112
1234104,125088.8797221112
1234343,125088.8797221112
1234348,125088.8797221112
1234349,125088.8797221112
1234495,125088.8797221112
1234496,125088.8797221112
1234497,125088.8797221112
1234499,125088.8797221112
1234515,125088.8797221112
1234516,125088.8797221112
1234528,125088.8797221112
1234612,125088.8797221112
1234760,125088.8797221112
1234763,125088.8797221112
1234766,125088.8797221112
1234772,125088.8797221112
1234818,125088.8797221112
1235137,125088.8797221112
1235157,125088.8797221112
1235163,125088.8797221112
1235168,125088.8797221112
1235169,125088.8797221112
1235170,125088.8797221112
1235228,125088.8797221112
1235244,125088.8797221112
1235266,125088.8797221112
1235290,125088.8797221112
1235294,125088.8797221112
1235303,125088.8797221112
1235312,125088.8797221112
1235314,125088.8797221112
1235337,125088.8797221112
1235354,125088.8797221112
1235360,125088.8797221112
1235386,125088.8797221112
1235538,125088.8797221112
1235542,125088.8797221112
1235546,125088.8797221112
1235552,125088.8797221112
1235662,125088.8797221112
1235678,125088.8797221112
1235679,125088.8797221112
1235688,125088.8797221112
1235689,125088.8797221112
1235741,125088.8797221112
1235742,125088.8797221112
1235744,125088.8797221112
1235745,125088.8797221112
1235746,125088.8797221112
1235747,125088.8797221112
1235786,125088.8797221112
1235796,125088.8797221112
1235824,125088.8797221112
1235825,125088.8797221112
1235874,125088.8797221112
1235885,125088.8797221112
1235886,125088.8797221112
1235887,125088.8797221112
1235916,125088.8797221112
1235996,125088.8797221112
1235997,125088.8797221112
1236001,125088.8797221112
1236007,125088.8797221112
1236009,125088.8797221112
1236010,125088.8797221112
1236082,125088.8797221112
1236126,125088.8797221112
1236137,125088.8797221112
1236150,125088.8797221112
1236152,125088.8797221112
1236160,125088.8797221112
1236162,125088.8797221112
1236183,125088.8797221112
1236186,125088.8797221112
1236189,125088.8797221112
1236201,125088.8797221112
1236353,125088.8797221112
1236355,125088.8797221112
1236463,125088.8797221112
1236479,125088.8797221112
1236480,125088.8797221112
1236822,125088.8797221112
1236911,125088.8797221112
1236986,125088.8797221112
1236991,125088.8797221112
1236993,125088.8797221112
1237029,125088.8797221112
1237033,125088.8797221112
1237049,125088.8797221112
1237051,125088.8797221112
1237164,125088.8797221112
1237170,125088.8797221112
1237492,125088.8797221112
1237495,125088.8797221112
1237545,125088.8797221112
1237979,125088.8797221112
1237998,125088.8797221112
1238015,125088.8797221112
1238100,125088.8797221112
1238115,125088.8797221112
1238129,125088.8797221112
1238182,125088.8797221112
1238190,125088.8797221112
1238195,125088.8797221112
1238198,125088.8797221112
1238207,125088.8797221112
1238213,125088.8797221112
1238216,125088.8797221112
1238226,125088.8797221112
1238229,125088.8797221112
1238231,125088.8797221112
1238232,125088.8797221112
1238237,125088.8797221112
1238241,125088.8797221112
1238242,125088.8797221112
1238244,125088.8797221112
1238245,125088.8797221112
1238258,125088.8797221112
1238259,125088.8797221112
1238261,125088.8797221112
1238263,125088.8797221112
1238264,125088.8797221112
1238384,125088.8797221112
1238386,125088.8797221112
1238419,125088.8797221112
1238422,125088.8797221112
1238435,125088.8797221112
1238439,125088.8797221112
1238572,125088.8797221112
1238582,125088.8797221112
1238589,125088.8797221112
1238614,125088.8797221112
1238793,125088.8797221112
1238800,125088.8797221112
1238802,125088.8797221112
1238807,125088.8797221112
1238812,125088.8797221112
1238813,125088.8797221112
1238814,125088.8797221112
1238827,125088.8797221112
1238834,125088.8797221112
1238964,125088.8797221112
1238965,125088.8797221112
1239003,125088.8797221112
1239006,125088.8797221112
1239029,125088.8797221112
1239054,125088.8797221112
1239062,125088.8797221112
1239067,125088.8797221112
1239078,125088.8797221112
1239100,125088.8797221112
1239106,125088.8797221112
1239112,125088.8797221112
1239158,125088.8797221112
1239160,125088.8797221112
1239161,125088.8797221112
1239162,125088.8797221112
1239239,125088.8797221112
1239260,125088.8797221112
1239261,125088.8797221112
1239271,125088.8797221112
1239276,125088.8797221112
1239278,125088.8797221112
1239294,125088.8797221112
1239313,125088.8797221112
1239402,125088.8797221112
1239482,125088.8797221112
1239483,125088.8797221112
1239484,125088.8797221112
1239485,125088.8797221112
1239490,125088.8797221112
1239519,125088.8797221112
1239527,125088.8797221112
1239532,125088.8797221112
1239533,125088.8797221112
1239534,125088.8797221112
1239535,125088.8797221112
1239537,125088.8797221112
1239558,125088.8797221112
1239566,125088.8797221112
1239568,125088.8797221112
1239577,125088.8797221112
1239578,125088.8797221112
1239585,125088.8797221112
1239589,125088.8797221112
1239598,125088.8797221112
1239601,125088.8797221112
1239963,125088.8797221112
1239978,125088.8797221112
1239994,125088.8797221112
1240122,125088.8797221112
1240137,125088.8797221112
1240202,125088.8797221112
1240229,125088.8797221112
1240235,125088.8797221112
1240281,125088.8797221112
1240283,125088.8797221112
1240338,125088.8797221112
1240418,125088.8797221112
1240441,125088.8797221112
1240442,125088.8797221112
1240444,125088.8797221112
1240448,125088.8797221112
1240464,125088.8797221112
1240465,125088.8797221112
1240498,125088.8797221112
1240504,125088.8797221112
1240505,125088.8797221112
1240516,125088.8797221112
1240535,125088.8797221112
1240539,125088.8797221112
1240540,125088.8797221112
1240617,125088.8797221112
1240649,125088.8797221112
1240720,125088.8797221112
1240728,125088.8797221112
1240735,125088.8797221112
1240736,125088.8797221112
1240977,125088.8797221112
1240979,125088.8797221112
1241045,125088.8797221112
1241069,125088.8797221112
1241079,125088.8797221112
1241087,125088.8797221112
1241091,125088.8797221112
1241093,125088.8797221112
1241095,125088.8797221112
1241101,125088.8797221112
1241103,125088.8797221112
1241115,125088.8797221112
1241117,125088.8797221112
1241128,125088.8797221112
1241130,125088.8797221112
1241139,125088.8797221112
1241151,125088.8797221112
1241289,125088.8797221112
1241295,125088.8797221112
1241453,125088.8797221112
1241454,125088.8797221112
1241459,125088.8797221112
1241460,125088.8797221112
1241478,125088.8797221112
1241488,125088.8797221112
1241744,125088.8797221112
1241746,125088.8797221112
1241753,125088.8797221112
1241756,125088.8797221112
1241757,125088.8797221112
1241760,125088.8797221112
1241761,125088.8797221112
1241764,125088.8797221112
1241795,125088.8797221112
1241796,125088.8797221112
1241798,125088.8797221112
1241803,125088.8797221112
1241804,125088.8797221112
1241807,125088.8797221112
1241810,125088.8797221112
1241813,125088.8797221112
1241826,125088.8797221112
1241833,125088.8797221112
1241834,125088.8797221112
1241837,125088.8797221112
1241842,125088.8797221112
1241843,125088.8797221112
1241897,125088.8797221112
1241913,125088.8797221112
1241975,125088.8797221112
1241978,125088.8797221112
1241980,125088.8797221112
1241981,125088.8797221112
1241983,125088.8797221112
1242077,125088.8797221112
1242080,125088.8797221112
1242082,125088.8797221112
1242090,125088.8797221112
1242092,125088.8797221112
1242118,125088.8797221112
1242119,125088.8797221112
1242131,125088.8797221112
1242132,125088.8797221112
1242135,125088.8797221112
1242139,125088.8797221112
70723,92313.93069532562
71009,124884.44100229596
71030,115386.18926228058
71670,125266.0175767459
71671,125266.0175767459
71694,150177.13587113266
71697,92313.93069532562
71717,150128.69929420567
71727,127771.93013302796
71785,116769.28356667286
72264,105109.60453949834
72276,150059.77677722805
72325,140307.35894947418
72326,92715.83305937497
72327,149820.05276204363
72548,150182.24637159423
72571,148540.72165446638
72713,138957.12037853
696861,126954.65577601384
696875,94614.80776760675
696882,116162.20830041202
