id,price
264893,107721.17472483877
264899,107721.17472483877
264910,107721.17472483877
264915,107721.17472483877
264919,107721.17472483877
264928,107721.17472483877
264932,107721.17472483877
264935,107721.17472483877
264939,107721.17472483877
264944,107721.17472483877
264954,107721.17472483877
264955,107721.17472483877
264969,207843.61562266856
264978,107721.17472483877
264983,107721.17472483877
264984,107721.17472483877
264985,107721.17472483877
265031,107721.17472483877
265032,107721.17472483877
265058,110029.12755686589
265066,107721.17472483877
265068,107721.17472483877
265069,119180.59082668961
265070,107721.17472483877
265077,107721.17472483877
265090,239632.1072519911
265094,107721.17472483877
265101,107721.17472483877
265102,107721.17472483877
265105,107721.17472483877
265106,107721.17472483877
265108,107721.17472483877
265115,107721.17472483877
265147,107721.17472483877
265152,107721.17472483877
265153,107721.17472483877
265170,107721.17472483877
265176,107721.17472483877
265187,107721.17472483877
265189,107721.17472483877
265198,107721.17472483877
265225,119180.59082668961
265233,116369.66270470421
265237,107721.17472483877
265253,181732.48710637723
265280,182556.8067403452
265287,154719.29263809006
265293,183105.71954254655
265296,181881.16783383492
265307,181881.16783383492
265308,181881.16783383492
265312,136117.23511930552
265313,153860.2146146682
265314,181225.06402657152
265315,181881.16783383492
265320,166288.24792359953
265333,175640.7870569672
265346,166288.24792359953
265351,181881.16783383492
265356,181225.06402657152
265357,154719.29263809006
265358,166288.24792359953
265363,181225.06402657152
265369,142096.7393797599
265372,182556.8067403452
265402,181881.16783383492
265406,136117.23511930552
265420,181225.06402657152
265436,142096.7393797599
265438,181225.06402657152
265442,181881.16783383492
265449,181881.16783383492
265452,181881.16783383492
265455,163190.56625469073
265461,181881.16783383492
265465,181881.16783383492
265481,149977.87358633726
265488,182556.8067403452
265501,136117.23511930552
265514,181881.16783383492
265515,181225.06402657152
265516,175736.37899582606
265517,163479.58631414437
265526,217192.02999417667
265533,181225.06402657152
265539,181881.16783383492
265543,142096.7393797599
265544,151706.0595328476
265556,166897.9096103181
265559,157416.0773341855
265561,133762.89993645973
265584,193070.07530812922
265586,167485.03889941954
265587,167485.03889941954
265588,156458.56906993804
265593,180189.9028824984
265596,165722.7504497329
265607,168330.67879599862
265608,165722.7504497329
265610,167436.31769455076
265613,149107.69704613945
265653,134938.0590970449
265663,167436.31769455076
265669,136241.82425315568
265675,165722.7504497329
265699,165722.7504497329
265701,136241.82425315568
265703,149829.8009932664
265704,149829.8009932664
265743,149829.8009932664
265748,168330.67879599862
265759,167436.31769455076
265795,136117.23511930552
265797,157416.0773341855
265805,167610.92841591922
265806,168330.67879599862
265810,166897.9096103181
265819,166897.9096103181
265820,167436.31769455076
265833,181541.58126328661
265834,166897.9096103181
265843,193364.7119325825
265851,193857.58486586832
265862,193364.7119325825
265864,193614.8101908318
265869,220698.79942535964
265887,193857.58486586832
265907,220032.69445212343
265913,205102.46164515265
265921,217951.4075396459
265923,193614.8101908318
265925,193364.7119325825
265957,194469.92478376246
265958,226174.03432870086
265960,220698.79942535964
265963,217951.4075396459
265969,225522.7780305699
266004,225522.7780305699
266028,194469.92478376246
266029,220032.69445212343
266032,217951.4075396459
266034,217951.4075396459
266055,196380.5308084117
266075,220698.79942535964
266077,220698.79942535964
266080,194469.92478376246
266093,226174.03432870086
266094,202046.57039248728
266100,217951.4075396459
266116,217951.4075396459
266129,167436.31769455076
266144,143913.3759803071
266160,143913.3759803071
266165,142934.06882333293
266196,142495.0224483927
266199,217951.4075396459
266202,217951.4075396459
266210,142495.0224483927
266211,145572.08864273826
266213,217951.4075396459
266218,167436.31769455076
266219,208772.2428148451
266220,167436.31769455076
266234,143913.3759803071
266241,181673.87585283426
266248,142495.0224483927
266251,167436.31769455076
266256,149107.69704613945
266259,167436.31769455076
266274,220032.69445212343
266275,167436.31769455076
266276,167436.31769455076
266279,146168.2166541753
266280,144510.10256748283
266281,202806.00478781565
266299,217951.4075396459
266300,143913.3759803071
266305,149107.69704613945
266314,202665.86431364145
266315,167436.31769455076
266329,144352.4223552473
266332,136117.23511930552
266350,137958.0622036817
266368,136887.87503325922
266375,142759.0275322389
266381,142759.0275322389
266382,137958.0622036817
266393,136887.87503325922
266394,142759.0275322389
266402,136887.87503325922
266406,168330.67879599862
266423,142759.0275322389
266424,142759.0275322389
266438,142759.0275322389
266454,136117.23511930552
266463,142759.0275322389
266465,180712.2291664218
266479,136887.87503325922
266480,137958.0622036817
266485,142759.0275322389
266486,137958.0622036817
266496,142759.0275322389
266508,142759.0275322389
266510,142759.0275322389
266511,142759.0275322389
266512,142759.0275322389
266514,142759.0275322389
266517,142759.0275322389
266539,142759.0275322389
266542,142759.0275322389
266545,142759.0275322389
266548,142759.0275322389
266550,142759.0275322389
266556,142759.0275322389
266559,142759.0275322389
266565,142759.0275322389
266568,142759.0275322389
266569,142759.0275322389
266575,142759.0275322389
266580,142759.0275322389
266581,142759.0275322389
266582,142759.0275322389
266583,142759.0275322389
266602,205422.20754751735
266606,175614.8709460276
266618,182369.07908692115
266619,200458.82934441656
266620,177667.498828504
266624,200458.82934441656
266626,175773.7089712049
266662,171822.14803097027
266667,204825.4809603416
266668,182369.07908692115
266677,360642.1020350875
266681,181288.89796481418
266682,149103.41618370044
266690,197963.12273701228
266694,149103.41618370044
266695,149103.41618370044
266698,241973.54716216435
266699,201508.38467875042
266727,205422.20754751735
266729,360252.4351692492
266731,200035.87079405927
266732,358641.6630685547
266740,225798.87788851294
266744,181297.4411397306
266748,317213.4097220578
266768,181515.73671825358
266770,192972.27729361574
266771,200458.82934441656
266778,181426.56214542763
266779,280916.97067098704
266781,177073.31967304536
266785,149542.46255864066
266809,182369.07908692115
266819,319213.8486885906
266821,182369.07908692115
266824,175614.8709460276
266830,200458.82934441656
266831,182369.07908692115
266845,177667.498828504
266846,167436.31769455076
266847,167436.31769455076
266851,193070.07530812922
266858,167436.31769455076
266859,167436.31769455076
266862,167436.31769455076
266863,167436.31769455076
266864,167436.31769455076
266872,193070.07530812922
266875,191923.965578493
266877,167436.31769455076
266882,167436.31769455076
266883,193070.07530812922
266886,167436.31769455076
266918,167436.31769455076
266919,167436.31769455076
266920,167436.31769455076
266953,193070.07530812922
266954,167436.31769455076
266955,166787.2047483494
266957,167436.31769455076
266965,167436.31769455076
266966,167436.31769455076
266969,167436.31769455076
266984,158781.11591455463
266989,193070.07530812922
266990,167436.31769455076
267015,193070.07530812922
267016,193070.07530812922
267017,193070.07530812922
267018,167436.31769455076
267019,167436.31769455076
267020,167436.31769455076
267025,166787.2047483494
267028,167436.31769455076
267041,167436.31769455076
267054,193070.07530812922
267082,167436.31769455076
267084,193070.07530812922
267085,193070.07530812922
267103,136887.87503325922
267104,136887.87503325922
267106,136117.23511930552
267113,136117.23511930552
267126,136117.23511930552
267128,136117.23511930552
267131,136117.23511930552
267138,136117.23511930552
267147,137958.0622036817
267153,136117.23511930552
267154,136117.23511930552
267171,136117.23511930552
267173,136117.23511930552
267188,136117.23511930552
267198,136117.23511930552
267199,136117.23511930552
267218,168715.28598109275
267220,165836.0264758723
267221,160596.8485257948
267245,168715.28598109275
267247,168715.28598109275
267248,181056.84819986694
267249,168715.28598109275
267253,170869.46374040202
267269,169254.49724119387
267271,180065.9332091142
267274,168988.80822442696
267281,181881.16783383492
267303,168715.28598109275
267305,181056.84819986694
267306,166511.66538238258
267307,168715.28598109275
267309,160596.8485257948
267311,172407.82301604317
267312,168988.80822442696
267315,181056.84819986694
267331,181881.16783383492
267338,168715.28598109275
267342,175124.59753209245
267344,169254.49724119387
267346,181056.84819986694
267366,181056.84819986694
267369,168715.28598109275
267371,168715.28598109275
267375,168715.28598109275
267376,168715.28598109275
267379,164399.42683949767
267381,165836.0264758723
267382,172681.34525937735
267407,181881.16783383492
267422,165622.60868350146
267424,165836.0264758723
267428,168715.28598109275
267431,165836.0264758723
267434,167325.40032829205
267437,168715.28598109275
267438,160596.8485257948
267439,162843.45235200986
267440,165836.0264758723
267441,170113.57526461576
267443,181056.84819986694
267460,181543.63180599775
267463,204425.0576019608
267494,180589.6697993269
267510,181255.77477256305
267515,182768.83919651926
267520,180589.6697993269
267522,205091.162575197
267523,204425.0576019608
267524,179739.4733616291
267544,180589.6697993269
267546,182539.01821768945
267551,182791.53871442762
267553,186096.67220602304
267563,180589.6697993269
267584,182125.4337411914
267585,182539.01821768945
267587,180589.6697993269
267598,180589.6697993269
267602,182768.83919651926
267614,204425.0576019608
267617,182768.83919651926
267619,204425.0576019608
267620,180589.6697993269
267623,180589.6697993269
267627,179739.4733616291
267633,182918.89348528653
267644,182768.83919651926
267667,114318.49469697155
267738,173010.12483443547
267740,168421.4247588261
267743,107721.17472483877
267778,157163.7712756991
267779,173010.12483443547
267799,138141.75989329765
267800,169559.29453275536
267814,138141.75989329765
267816,138141.75989329765
267833,138141.75989329765
267834,157163.7712756991
267836,138141.75989329765
267847,136013.9370005451
267858,139459.15659243974
267891,157015.71748062057
267896,139459.15659243974
267899,138141.75989329765
267900,136013.9370005451
267902,139459.15659243974
267908,139459.15659243974
267924,138141.75989329765
267933,138141.75989329765
267936,163581.9416974759
267939,136013.9370005451
267941,155516.92355581117
267942,136013.9370005451
267967,138141.75989329765
267970,155516.92355581117
267980,137037.15354372023
267990,155516.92355581117
267992,138141.75989329765
267994,137876.3669142417
267995,136013.9370005451
267999,136013.9370005451
268003,155516.92355581117
268020,137876.3669142417
268033,138141.75989329765
268041,168421.4247588261
268056,188167.7437088616
268067,169078.65146682356
268070,185243.49644417054
268071,175633.37161490592
268121,138141.75989329765
268144,170099.3731829777
268145,185243.49644417054
268147,190480.844220536
268149,182375.32089091162
268150,190480.844220536
268157,177343.78079717603
268159,169752.71783239397
268161,171333.05877329435
268175,189258.94207956505
268189,187332.15523164842
268208,184828.28071013096
308905,168715.28598109275
312310,262805.1839572889
312331,193070.07530812922
695165,145447.55256861422
695166,147461.01420736223
695170,138141.75989329765
695176,138141.75989329765
695178,167436.31769455076
695181,167436.31769455076
695183,193070.07530812922
695185,143913.3759803071
695196,175614.8709460276
695203,136117.23511930552
695205,145087.14320452933
695207,108876.49219270855
695236,149107.69704613945
695238,149107.69704613945
695252,136117.23511930552
695257,152426.68341962344
713635,185556.36224239098
714108,185556.36224239098
714284,185556.36224239098
714645,185556.36224239098
714753,185556.36224239098
714863,185556.36224239098
714924,185556.36224239098
715132,185556.36224239098
715405,185556.36224239098
715433,185556.36224239098
715694,185556.36224239098
715746,185556.36224239098
715898,185556.36224239098
715902,185556.36224239098
715996,185556.36224239098
716065,185556.36224239098
716097,185556.36224239098
716329,185556.36224239098
716360,185556.36224239098
716377,185556.36224239098
716484,185556.36224239098
716541,185556.36224239098
716634,185556.36224239098
716888,185556.36224239098
717017,185556.36224239098
717109,185556.36224239098
717307,185556.36224239098
717459,185556.36224239098
717524,185556.36224239098
717568,185556.36224239098
717688,185556.36224239098
717690,185556.36224239098
717797,185556.36224239098
717829,185556.36224239098
717945,185556.36224239098
717983,185556.36224239098
718276,185556.36224239098
718584,185556.36224239098
718617,185556.36224239098
718717,185556.36224239098
718867,185556.36224239098
718943,185556.36224239098
718997,185556.36224239098
719116,185556.36224239098
719132,185556.36224239098
719287,185556.36224239098
719579,185556.36224239098
719846,185556.36224239098
719893,185556.36224239098
720041,185556.36224239098
720088,185556.36224239098
720180,185556.36224239098
720249,185556.36224239098
720261,185556.36224239098
720293,185556.36224239098
720364,185556.36224239098
720455,185556.36224239098
720564,185556.36224239098
720679,185556.36224239098
720725,185556.36224239098
720817,185556.36224239098
720854,185556.36224239098
720920,185556.36224239098
721130,185556.36224239098
721266,185556.36224239098
721531,185556.36224239098
721844,185556.36224239098
721882,185556.36224239098
722050,185556.36224239098
722151,185556.36224239098
722225,185556.36224239098
722264,185556.36224239098
722516,185556.36224239098
722520,185556.36224239098
722594,185556.36224239098
722649,185556.36224239098
722769,185556.36224239098
724397,185556.36224239098
724457,185556.36224239098
724486,185556.36224239098
724488,185556.36224239098
724574,185556.36224239098
724620,185556.36224239098
724674,185556.36224239098
724767,185556.36224239098
724786,185556.36224239098
724908,185556.36224239098
725124,185556.36224239098
725211,185556.36224239098
725280,185556.36224239098
725364,185556.36224239098
725393,185556.36224239098
725425,185556.36224239098
725455,185556.36224239098
725547,185556.36224239098
725814,185556.36224239098
725829,185556.36224239098
725999,185556.36224239098
726088,185556.36224239098
726214,185556.36224239098
726348,185556.36224239098
726542,185556.36224239098
726620,185556.36224239098
726910,185556.36224239098
727068,185556.36224239098
727229,185556.36224239098
727458,185556.36224239098
727699,185556.36224239098
728077,185556.36224239098
728089,185556.36224239098
728272,185556.36224239098
728553,185556.36224239098
728592,185556.36224239098
728640,185556.36224239098
728663,185556.36224239098
729105,185556.36224239098
729267,185556.36224239098
729622,185556.36224239098
730128,185556.36224239098
730298,185556.36224239098
730619,185556.36224239098
730712,185556.36224239098
731061,185556.36224239098
731131,185556.36224239098
731142,185556.36224239098
731240,185556.36224239098
731527,185556.36224239098
731655,185556.36224239098
731841,185556.36224239098
731925,185556.36224239098
732382,185556.36224239098
732568,185556.36224239098
732810,185556.36224239098
732969,185556.36224239098
733029,185556.36224239098
733077,185556.36224239098
733091,185556.36224239098
733208,185556.36224239098
733226,185556.36224239098
733230,185556.36224239098
733238,185556.36224239098
733347,185556.36224239098
733542,185556.36224239098
734153,185556.36224239098
734154,185556.36224239098
734176,185556.36224239098
734212,185556.36224239098
734217,185556.36224239098
734258,185556.36224239098
734334,185556.36224239098
734397,185556.36224239098
734666,185556.36224239098
734674,185556.36224239098
734675,185556.36224239098
734724,185556.36224239098
734919,185556.36224239098
735058,185556.36224239098
735319,185556.36224239098
735691,185556.36224239098
735730,185556.36224239098
735875,185556.36224239098
736019,185556.36224239098
736274,185556.36224239098
736752,185556.36224239098
736842,185556.36224239098
736845,185556.36224239098
736880,185556.36224239098
737208,185556.36224239098
737501,185556.36224239098
737652,185556.36224239098
737722,185556.36224239098
738039,185556.36224239098
738057,185556.36224239098
738082,185556.36224239098
738665,185556.36224239098
738841,185556.36224239098
739007,185556.36224239098
739075,185556.36224239098
739255,185556.36224239098
739492,185556.36224239098
740378,185556.36224239098
740535,185556.36224239098
741340,185556.36224239098
741408,185556.36224239098
741684,185556.36224239098
742269,185556.36224239098
742430,185556.36224239098
742608,185556.36224239098
742744,185556.36224239098
742791,185556.36224239098
742826,185556.36224239098
742881,185556.36224239098
742899,185556.36224239098
743231,185556.36224239098
743527,185556.36224239098
743534,185556.36224239098
743562,185556.36224239098
743664,185556.36224239098
743926,185556.36224239098
744027,185556.36224239098
744337,185556.36224239098
744508,185556.36224239098
744690,185556.36224239098
745006,185556.36224239098
745047,185556.36224239098
745193,185556.36224239098
745245,185556.36224239098
745515,185556.36224239098
746017,185556.36224239098
746053,185556.36224239098
746265,185556.36224239098
746355,185556.36224239098
746375,185556.36224239098
746382,185556.36224239098
746483,185556.36224239098
746772,185556.36224239098
746949,185556.36224239098
746954,185556.36224239098
746984,185556.36224239098
748310,185556.36224239098
748476,185556.36224239098
748712,185556.36224239098
748736,185556.36224239098
748773,185556.36224239098
748803,185556.36224239098
749336,185556.36224239098
749657,185556.36224239098
749755,185556.36224239098
749845,185556.36224239098
750054,185556.36224239098
750136,185556.36224239098
750580,185556.36224239098
750771,185556.36224239098
751301,185556.36224239098
751365,185556.36224239098
751450,185556.36224239098
751496,185556.36224239098
751560,185556.36224239098
751799,185556.36224239098
751846,185556.36224239098
751847,185556.36224239098
751897,185556.36224239098
751958,185556.36224239098
751960,185556.36224239098
752204,185556.36224239098
752309,185556.36224239098
752365,185556.36224239098
752608,185556.36224239098
752648,185556.36224239098
752691,185556.36224239098
752814,185556.36224239098
752877,185556.36224239098
753069,185556.36224239098
753118,185556.36224239098
753224,185556.36224239098
753227,185556.36224239098
753248,185556.36224239098
753391,185556.36224239098
753482,185556.36224239098
753516,185556.36224239098
753532,185556.36224239098
753563,185556.36224239098
753651,185556.36224239098
753842,185556.36224239098
754089,185556.36224239098
754090,185556.36224239098
754125,185556.36224239098
754506,185556.36224239098
754620,185556.36224239098
754630,185556.36224239098
754802,185556.36224239098
754861,185556.36224239098
754927,185556.36224239098
754936,185556.36224239098
755034,185556.36224239098
755072,185556.36224239098
755075,185556.36224239098
755879,185556.36224239098
756141,185556.36224239098
757137,185556.36224239098
757268,185556.36224239098
757525,185556.36224239098
757552,185556.36224239098
757671,185556.36224239098
757699,185556.36224239098
757723,185556.36224239098
757778,185556.36224239098
757807,185556.36224239098
757810,185556.36224239098
758073,185556.36224239098
758157,185556.36224239098
758385,185556.36224239098
758409,185556.36224239098
758503,185556.36224239098
758531,185556.36224239098
758589,185556.36224239098
758722,185556.36224239098
758785,185556.36224239098
758793,185556.36224239098
758855,185556.36224239098
758943,185556.36224239098
758961,185556.36224239098
759020,185556.36224239098
759066,185556.36224239098
759073,185556.36224239098
759076,185556.36224239098
759330,185556.36224239098
760184,185556.36224239098
760381,185556.36224239098
760382,185556.36224239098
760545,185556.36224239098
760920,185556.36224239098
767749,185556.36224239098
767766,185556.36224239098
767960,185556.36224239098
768051,185556.36224239098
771578,185556.36224239098
771667,185556.36224239098
771785,185556.36224239098
771860,185556.36224239098
772094,185556.36224239098
772238,185556.36224239098
772563,185556.36224239098
772956,185556.36224239098
773061,185556.36224239098
773111,185556.36224239098
773288,185556.36224239098
773498,185556.36224239098
773599,185556.36224239098
773705,185556.36224239098
773905,185556.36224239098
773965,185556.36224239098
773973,185556.36224239098
774075,185556.36224239098
774236,185556.36224239098
774296,185556.36224239098
774423,185556.36224239098
774558,185556.36224239098
774559,185556.36224239098
774858,185556.36224239098
774859,185556.36224239098
774860,185556.36224239098
774861,185556.36224239098
774863,185556.36224239098
774864,185556.36224239098
774865,185556.36224239098
774866,185556.36224239098
774870,185556.36224239098
774874,185556.36224239098
774908,185556.36224239098
774914,185556.36224239098
775168,185556.36224239098
775205,185556.36224239098
775210,185556.36224239098
775320,185556.36224239098
775438,185556.36224239098
775442,185556.36224239098
775443,185556.36224239098
775444,185556.36224239098
775445,185556.36224239098
775447,185556.36224239098
775448,185556.36224239098
775554,185556.36224239098
775555,185556.36224239098
775586,185556.36224239098
775612,185556.36224239098
775729,185556.36224239098
775785,185556.36224239098
775911,185556.36224239098
776126,185556.36224239098
776220,185556.36224239098
776281,185556.36224239098
776537,185556.36224239098
776718,185556.36224239098
776786,185556.36224239098
777092,185556.36224239098
777265,185556.36224239098
777365,185556.36224239098
777442,185556.36224239098
777610,185556.36224239098
777612,185556.36224239098
777763,185556.36224239098
777818,185556.36224239098
778020,185556.36224239098
792324,185556.36224239098
792630,185556.36224239098
792713,185556.36224239098
792725,185556.36224239098
792887,185556.36224239098
792939,185556.36224239098
793005,185556.36224239098
793008,185556.36224239098
793066,185556.36224239098
793127,185556.36224239098
793161,185556.36224239098
793409,185556.36224239098
793475,185556.36224239098
793537,185556.36224239098
793642,185556.36224239098
793661,185556.36224239098
793768,185556.36224239098
793977,185556.36224239098
793978,185556.36224239098
794009,185556.36224239098
794521,185556.36224239098
794522,185556.36224239098
794646,185556.36224239098
794657,185556.36224239098
794681,185556.36224239098
794957,185556.36224239098
795043,185556.36224239098
795214,185556.36224239098
795458,185556.36224239098
795504,185556.36224239098
795614,185556.36224239098
795689,185556.36224239098
795690,185556.36224239098
795749,185556.36224239098
795780,185556.36224239098
796046,185556.36224239098
796093,185556.36224239098
796230,185556.36224239098
796239,185556.36224239098
796407,185556.36224239098
796414,185556.36224239098
796526,185556.36224239098
796611,185556.36224239098
796612,185556.36224239098
796693,185556.36224239098
796941,185556.36224239098
797000,185556.36224239098
797301,185556.36224239098
797320,185556.36224239098
797501,185556.36224239098
797556,185556.36224239098
797602,185556.36224239098
797607,185556.36224239098
797650,185556.36224239098
797759,185556.36224239098
797840,185556.36224239098
797920,185556.36224239098
797955,185556.36224239098
797986,185556.36224239098
798122,185556.36224239098
798154,185556.36224239098
799016,185556.36224239098
799634,185556.36224239098
799788,185556.36224239098
800114,185556.36224239098
800138,185556.36224239098
800424,185556.36224239098
800449,185556.36224239098
800510,185556.36224239098
800532,185556.36224239098
800541,185556.36224239098
800609,185556.36224239098
800668,185556.36224239098
800744,185556.36224239098
800866,185556.36224239098
800903,185556.36224239098
800916,185556.36224239098
801752,185556.36224239098
801804,185556.36224239098
801847,185556.36224239098
801858,185556.36224239098
802128,185556.36224239098
802258,185556.36224239098
802295,185556.36224239098
802341,185556.36224239098
802386,185556.36224239098
802424,185556.36224239098
802445,185556.36224239098
802668,185556.36224239098
802700,185556.36224239098
802704,185556.36224239098
802728,185556.36224239098
802910,185556.36224239098
803292,185556.36224239098
803311,185556.36224239098
803329,185556.36224239098
803374,185556.36224239098
803536,185556.36224239098
803639,185556.36224239098
804024,185556.36224239098
804212,185556.36224239098
804231,185556.36224239098
804291,185556.36224239098
804531,185556.36224239098
804598,185556.36224239098
804627,185556.36224239098
804631,185556.36224239098
804637,185556.36224239098
804655,185556.36224239098
804744,185556.36224239098
804766,185556.36224239098
804807,185556.36224239098
805014,185556.36224239098
805098,185556.36224239098
805194,185556.36224239098
805373,185556.36224239098
805394,185556.36224239098
805486,185556.36224239098
805500,185556.36224239098
805630,185556.36224239098
805757,185556.36224239098
806068,185556.36224239098
806144,185556.36224239098
806361,185556.36224239098
806422,185556.36224239098
806448,185556.36224239098
806622,185556.36224239098
806748,185556.36224239098
806977,185556.36224239098
806994,185556.36224239098
807158,185556.36224239098
807182,185556.36224239098
807185,185556.36224239098
807247,185556.36224239098
807280,185556.36224239098
807366,185556.36224239098
807797,185556.36224239098
808029,185556.36224239098
808116,185556.36224239098
808193,185556.36224239098
808317,185556.36224239098
808398,185556.36224239098
808402,185556.36224239098
808665,185556.36224239098
808694,185556.36224239098
809040,185556.36224239098
809598,185556.36224239098
809658,185556.36224239098
810178,185556.36224239098
810217,185556.36224239098
810247,185556.36224239098
810250,185556.36224239098
810315,185556.36224239098
810593,185556.36224239098
810694,185556.36224239098
810750,185556.36224239098
810752,185556.36224239098
810823,185556.36224239098
811013,185556.36224239098
811014,185556.36224239098
811029,185556.36224239098
811033,185556.36224239098
811079,185556.36224239098
811149,185556.36224239098
811154,185556.36224239098
811318,185556.36224239098
811572,185556.36224239098
811752,185556.36224239098
811825,185556.36224239098
811863,185556.36224239098
811890,185556.36224239098
812013,185556.36224239098
812020,185556.36224239098
812190,185556.36224239098
812277,185556.36224239098
812281,185556.36224239098
812496,185556.36224239098
813366,185556.36224239098
813513,185556.36224239098
813541,185556.36224239098
813723,185556.36224239098
813854,185556.36224239098
813900,185556.36224239098
813905,185556.36224239098
813991,185556.36224239098
814439,185556.36224239098
814562,185556.36224239098
814741,185556.36224239098
814748,185556.36224239098
814792,185556.36224239098
814808,185556.36224239098
814955,185556.36224239098
815240,185556.36224239098
815395,185556.36224239098
815501,185556.36224239098
815512,185556.36224239098
815573,185556.36224239098
815588,185556.36224239098
815670,185556.36224239098
815688,185556.36224239098
815690,185556.36224239098
815696,185556.36224239098
815763,185556.36224239098
815988,185556.36224239098
816064,185556.36224239098
816242,185556.36224239098
816290,185556.36224239098
816334,185556.36224239098
816744,185556.36224239098
816890,185556.36224239098
816995,185556.36224239098
816999,185556.36224239098
817070,185556.36224239098
817184,185556.36224239098
817220,185556.36224239098
817222,185556.36224239098
817335,185556.36224239098
817398,185556.36224239098
817401,185556.36224239098
817469,185556.36224239098
817478,185556.36224239098
817485,185556.36224239098
849254,185556.36224239098
849335,185556.36224239098
849583,185556.36224239098
849628,185556.36224239098
849715,185556.36224239098
849938,185556.36224239098
850070,185556.36224239098
850071,185556.36224239098
850074,185556.36224239098
850143,185556.36224239098
850650,185556.36224239098
850688,185556.36224239098
850706,185556.36224239098
851200,185556.36224239098
851362,185556.36224239098
851404,185556.36224239098
851791,185556.36224239098
851810,185556.36224239098
851844,185556.36224239098
851885,185556.36224239098
851929,185556.36224239098
852009,185556.36224239098
852060,185556.36224239098
852108,185556.36224239098
852166,185556.36224239098
852210,185556.36224239098
852356,185556.36224239098
852727,185556.36224239098
852786,185556.36224239098
852794,185556.36224239098
852798,185556.36224239098
852811,185556.36224239098
852983,185556.36224239098
853152,185556.36224239098
853212,185556.36224239098
853308,185556.36224239098
853360,185556.36224239098
853400,185556.36224239098
853448,185556.36224239098
853547,185556.36224239098
853738,185556.36224239098
853999,185556.36224239098
854058,185556.36224239098
854206,185556.36224239098
854316,185556.36224239098
854372,185556.36224239098
854548,185556.36224239098
854627,185556.36224239098
854717,185556.36224239098
854804,185556.36224239098
854850,185556.36224239098
855254,185556.36224239098
855290,185556.36224239098
855591,185556.36224239098
855835,185556.36224239098
856006,185556.36224239098
856174,185556.36224239098
856192,185556.36224239098
856247,185556.36224239098
856511,185556.36224239098
856637,185556.36224239098
856638,185556.36224239098
856646,185556.36224239098
856699,185556.36224239098
856869,185556.36224239098
856903,185556.36224239098
857014,185556.36224239098
857021,185556.36224239098
857337,185556.36224239098
857466,185556.36224239098
857561,185556.36224239098
857715,185556.36224239098
857930,185556.36224239098
857933,185556.36224239098
857984,185556.36224239098
858020,185556.36224239098
858115,185556.36224239098
858187,185556.36224239098
858284,185556.36224239098
858313,185556.36224239098
858343,185556.36224239098
858367,185556.36224239098
858368,185556.36224239098
858391,185556.36224239098
858467,185556.36224239098
858620,185556.36224239098
858789,185556.36224239098
858910,185556.36224239098
858923,185556.36224239098
858925,185556.36224239098
859089,185556.36224239098
859208,185556.36224239098
859213,185556.36224239098
859448,185556.36224239098
859735,185556.36224239098
859737,185556.36224239098
859952,185556.36224239098
860006,185556.36224239098
860132,185556.36224239098
860301,185556.36224239098
860323,185556.36224239098
860335,185556.36224239098
860364,185556.36224239098
860502,185556.36224239098
860548,185556.36224239098
860582,185556.36224239098
860748,185556.36224239098
860775,185556.36224239098
860948,185556.36224239098
861031,185556.36224239098
861333,185556.36224239098
861384,185556.36224239098
861474,185556.36224239098
861714,185556.36224239098
861731,185556.36224239098
861732,185556.36224239098
861737,185556.36224239098
861820,185556.36224239098
861885,185556.36224239098
862030,185556.36224239098
862188,185556.36224239098
862261,185556.36224239098
862281,185556.36224239098
862618,185556.36224239098
862788,185556.36224239098
862799,185556.36224239098
862968,185556.36224239098
862970,185556.36224239098
862972,185556.36224239098
863013,185556.36224239098
863030,185556.36224239098
863134,185556.36224239098
863308,185556.36224239098
863598,185556.36224239098
863775,185556.36224239098
863870,185556.36224239098
863876,185556.36224239098
863878,185556.36224239098
863962,185556.36224239098
864003,185556.36224239098
864031,185556.36224239098
864076,185556.36224239098
864259,185556.36224239098
864264,185556.36224239098
864392,185556.36224239098
864413,185556.36224239098
864696,185556.36224239098
864957,185556.36224239098
864967,185556.36224239098
865059,185556.36224239098
865088,185556.36224239098
865172,185556.36224239098
865294,185556.36224239098
865295,185556.36224239098
865397,185556.36224239098
865837,185556.36224239098
865915,185556.36224239098
865988,185556.36224239098
866170,185556.36224239098
866219,185556.36224239098
866221,185556.36224239098
866233,185556.36224239098
866670,185556.36224239098
866690,185556.36224239098
866710,185556.36224239098
866832,185556.36224239098
866953,185556.36224239098
867179,185556.36224239098
867437,185556.36224239098
867463,185556.36224239098
867734,185556.36224239098
867910,185556.36224239098
868080,185556.36224239098
868188,185556.36224239098
868288,185556.36224239098
868374,185556.36224239098
868833,185556.36224239098
869107,185556.36224239098
869128,185556.36224239098
869129,185556.36224239098
869138,185556.36224239098
869231,185556.36224239098
869299,185556.36224239098
869366,185556.36224239098
869499,185556.36224239098
869632,185556.36224239098
869658,185556.36224239098
869693,185556.36224239098
870083,185556.36224239098
870420,185556.36224239098
870666,185556.36224239098
870737,185556.36224239098
870738,185556.36224239098
870742,185556.36224239098
870773,185556.36224239098
870921,185556.36224239098
871140,185556.36224239098
871143,185556.36224239098
871239,185556.36224239098
871264,185556.36224239098
871783,185556.36224239098
871887,185556.36224239098
872186,185556.36224239098
872351,185556.36224239098
872453,185556.36224239098
872615,185556.36224239098
873114,185556.36224239098
873126,185556.36224239098
873173,185556.36224239098
873306,185556.36224239098
874035,185556.36224239098
874087,185556.36224239098
874106,185556.36224239098
874111,185556.36224239098
874132,185556.36224239098
874172,185556.36224239098
874299,185556.36224239098
874301,185556.36224239098
874678,185556.36224239098
875005,185556.36224239098
875040,185556.36224239098
875084,185556.36224239098
875343,185556.36224239098
875373,185556.36224239098
875694,185556.36224239098
875715,185556.36224239098
875883,185556.36224239098
875956,185556.36224239098
876188,185556.36224239098
876243,185556.36224239098
876248,185556.36224239098
876298,185556.36224239098
876348,185556.36224239098
876525,185556.36224239098
876573,185556.36224239098
876658,185556.36224239098
876802,185556.36224239098
877045,185556.36224239098
877057,185556.36224239098
877061,185556.36224239098
877082,185556.36224239098
877159,185556.36224239098
877356,185556.36224239098
877405,185556.36224239098
877586,185556.36224239098
877678,185556.36224239098
877695,185556.36224239098
877858,185556.36224239098
877986,185556.36224239098
877992,185556.36224239098
877993,185556.36224239098
877999,185556.36224239098
878136,185556.36224239098
878160,185556.36224239098
878162,185556.36224239098
878163,185556.36224239098
878164,185556.36224239098
878185,185556.36224239098
878259,185556.36224239098
878329,185556.36224239098
878421,185556.36224239098
878447,185556.36224239098
878983,185556.36224239098
879011,185556.36224239098
879025,185556.36224239098
879202,185556.36224239098
879262,185556.36224239098
879410,185556.36224239098
879445,185556.36224239098
879490,185556.36224239098
879704,185556.36224239098
879837,185556.36224239098
879874,185556.36224239098
879899,185556.36224239098
879907,185556.36224239098
880010,185556.36224239098
880022,185556.36224239098
880054,185556.36224239098
880204,185556.36224239098
880277,185556.36224239098
880443,185556.36224239098
880473,185556.36224239098
880481,185556.36224239098
880488,185556.36224239098
880535,185556.36224239098
880552,185556.36224239098
880554,185556.36224239098
880659,185556.36224239098
880698,185556.36224239098
880710,185556.36224239098
880760,185556.36224239098
880910,185556.36224239098
881195,185556.36224239098
881204,185556.36224239098
881269,185556.36224239098
881271,185556.36224239098
881536,185556.36224239098
881648,185556.36224239098
881673,185556.36224239098
881944,185556.36224239098
882063,185556.36224239098
882221,185556.36224239098
882324,185556.36224239098
882337,185556.36224239098
882438,185556.36224239098
882778,185556.36224239098
882904,185556.36224239098
882962,185556.36224239098
883438,185556.36224239098
883576,185556.36224239098
883600,185556.36224239098
883704,185556.36224239098
883831,185556.36224239098
884093,185556.36224239098
884099,185556.36224239098
884231,185556.36224239098
884499,185556.36224239098
884561,185556.36224239098
884563,185556.36224239098
884654,185556.36224239098
917473,185556.36224239098
917675,185556.36224239098
917724,185556.36224239098
918021,185556.36224239098
918033,185556.36224239098
918035,185556.36224239098
918495,185556.36224239098
918508,185556.36224239098
918559,185556.36224239098
918632,185556.36224239098
918906,185556.36224239098
918909,185556.36224239098
918921,185556.36224239098
919282,185556.36224239098
919294,185556.36224239098
919346,185556.36224239098
919348,185556.36224239098
919349,185556.36224239098
919389,185556.36224239098
919475,185556.36224239098
919477,185556.36224239098
919478,185556.36224239098
919577,185556.36224239098
919708,185556.36224239098
919726,185556.36224239098
919736,185556.36224239098
919757,185556.36224239098
919778,185556.36224239098
919891,185556.36224239098
919997,185556.36224239098
920012,185556.36224239098
920013,185556.36224239098
920137,185556.36224239098
920258,185556.36224239098
920314,185556.36224239098
920322,185556.36224239098
922004,185556.36224239098
922014,185556.36224239098
922214,185556.36224239098
922244,185556.36224239098
1024686,185556.36224239098
1024698,185556.36224239098
1024801,185556.36224239098
1025018,185556.36224239098
1025058,185556.36224239098
1025061,185556.36224239098
1025080,185556.36224239098
1025173,185556.36224239098
1025211,185556.36224239098
1025298,185556.36224239098
1025315,185556.36224239098
1025346,185556.36224239098
1025350,185556.36224239098
1026050,185556.36224239098
1026150,185556.36224239098
1026439,185556.36224239098
1026667,185556.36224239098
1026670,185556.36224239098
1026853,185556.36224239098
1026857,185556.36224239098
1027120,185556.36224239098
1027152,185556.36224239098
1027154,185556.36224239098
1027285,185556.36224239098
1027287,185556.36224239098
1027289,185556.36224239098
1027304,185556.36224239098
1027312,185556.36224239098
1027564,185556.36224239098
1027908,185556.36224239098
1028089,185556.36224239098
1028529,185556.36224239098
1028591,185556.36224239098
1028658,185556.36224239098
1028708,185556.36224239098
1028749,185556.36224239098
1028829,185556.36224239098
1028874,185556.36224239098
1029454,185556.36224239098
1029472,185556.36224239098
1029518,185556.36224239098
1029744,185556.36224239098
1029859,185556.36224239098
1030059,185556.36224239098
1030097,185556.36224239098
1030101,185556.36224239098
1030123,185556.36224239098
1030203,185556.36224239098
1030283,185556.36224239098
1030444,185556.36224239098
1030455,185556.36224239098
1030459,185556.36224239098
1030503,185556.36224239098
1030736,185556.36224239098
1030804,185556.36224239098
1030937,185556.36224239098
1031066,185556.36224239098
1031181,185556.36224239098
1031311,185556.36224239098
1031478,185556.36224239098
1031619,185556.36224239098
1031690,185556.36224239098
1031854,185556.36224239098
1031858,185556.36224239098
1031906,185556.36224239098
1031920,185556.36224239098
1031942,185556.36224239098
1032259,185556.36224239098
1032333,185556.36224239098
1032385,185556.36224239098
1032393,185556.36224239098
1032599,185556.36224239098
1032620,185556.36224239098
1032637,185556.36224239098
1032669,185556.36224239098
1032731,185556.36224239098
1032777,185556.36224239098
1032887,185556.36224239098
1032923,185556.36224239098
1032932,185556.36224239098
1033063,185556.36224239098
1033091,185556.36224239098
1033395,185556.36224239098
1033445,185556.36224239098
1033457,185556.36224239098
1033533,185556.36224239098
1033712,185556.36224239098
1033894,185556.36224239098
1033932,185556.36224239098
1033937,185556.36224239098
1033988,185556.36224239098
1033989,185556.36224239098
1034003,185556.36224239098
1034012,185556.36224239098
1034047,185556.36224239098
1034062,185556.36224239098
1034064,185556.36224239098
1034065,185556.36224239098
1034066,185556.36224239098
1034068,185556.36224239098
1034078,185556.36224239098
1034088,185556.36224239098
1034300,185556.36224239098
1034363,185556.36224239098
1034496,185556.36224239098
1034605,185556.36224239098
1034670,185556.36224239098
1034716,185556.36224239098
1034718,185556.36224239098
1034778,185556.36224239098
1034779,185556.36224239098
1034803,185556.36224239098
1034837,185556.36224239098
1034944,185556.36224239098
1035106,185556.36224239098
1035111,185556.36224239098
1035166,185556.36224239098
1035490,185556.36224239098
1035494,185556.36224239098
1035524,185556.36224239098
1035548,185556.36224239098
1035564,185556.36224239098
1035605,185556.36224239098
1035785,185556.36224239098
1035893,185556.36224239098
1036037,185556.36224239098
1036072,185556.36224239098
1036103,185556.36224239098
1036226,185556.36224239098
1037508,185556.36224239098
1037509,185556.36224239098
1037613,185556.36224239098
1037615,185556.36224239098
1037616,185556.36224239098
1037617,185556.36224239098
1037619,185556.36224239098
1037699,185556.36224239098
1037850,185556.36224239098
1037908,185556.36224239098
1038175,185556.36224239098
1038180,185556.36224239098
1038183,185556.36224239098
1038322,185556.36224239098
1038432,185556.36224239098
1038447,185556.36224239098
1038448,185556.36224239098
1038494,185556.36224239098
1038509,185556.36224239098
1038512,185556.36224239098
1038516,185556.36224239098
1038517,185556.36224239098
1038532,185556.36224239098
1038541,185556.36224239098
1038551,185556.36224239098
1038600,185556.36224239098
1038788,185556.36224239098
1038956,185556.36224239098
1038957,185556.36224239098
1039041,185556.36224239098
1039176,185556.36224239098
1039208,185556.36224239098
1039427,185556.36224239098
1039430,185556.36224239098
1039434,185556.36224239098
1039449,185556.36224239098
1039523,185556.36224239098
1039795,185556.36224239098
1039810,185556.36224239098
1039879,185556.36224239098
1040038,185556.36224239098
1040077,185556.36224239098
1040154,185556.36224239098
1040155,185556.36224239098
1040245,185556.36224239098
1040616,185556.36224239098
1040659,185556.36224239098
1040829,185556.36224239098
1040841,185556.36224239098
1041077,185556.36224239098
1041312,185556.36224239098
1041324,185556.36224239098
1041354,185556.36224239098
1041377,185556.36224239098
1041469,185556.36224239098
1041480,185556.36224239098
1041501,185556.36224239098
1041515,185556.36224239098
1041815,185556.36224239098
1041945,185556.36224239098
1041997,185556.36224239098
1042010,185556.36224239098
1042250,185556.36224239098
1042254,185556.36224239098
1042365,185556.36224239098
1042421,185556.36224239098
1042710,185556.36224239098
1043106,185556.36224239098
1043116,185556.36224239098
1043117,185556.36224239098
1043349,185556.36224239098
1043369,185556.36224239098
1043413,185556.36224239098
1043475,185556.36224239098
1043480,185556.36224239098
1043482,185556.36224239098
1043492,185556.36224239098
1043501,185556.36224239098
1043542,185556.36224239098
1043603,185556.36224239098
1043620,185556.36224239098
1043688,185556.36224239098
1043779,185556.36224239098
1043799,185556.36224239098
1043891,185556.36224239098
1043892,185556.36224239098
1043945,185556.36224239098
1044186,185556.36224239098
1044193,185556.36224239098
1044204,185556.36224239098
1044205,185556.36224239098
1044215,185556.36224239098
1044236,185556.36224239098
1044277,185556.36224239098
1044296,185556.36224239098
1044297,185556.36224239098
1044356,185556.36224239098
1044456,185556.36224239098
1044496,185556.36224239098
1044569,185556.36224239098
1044700,185556.36224239098
1044742,185556.36224239098
1044802,185556.36224239098
1044803,185556.36224239098
1044813,185556.36224239098
1044832,185556.36224239098
1044867,185556.36224239098
1045016,185556.36224239098
1045148,185556.36224239098
1045209,185556.36224239098
1045223,185556.36224239098
1045320,185556.36224239098
1045323,185556.36224239098
1045414,185556.36224239098
1045572,185556.36224239098
1045573,185556.36224239098
1045595,185556.36224239098
1045679,185556.36224239098
1045724,185556.36224239098
1045725,185556.36224239098
1045730,185556.36224239098
1045799,185556.36224239098
1045886,185556.36224239098
1045930,185556.36224239098
1045955,185556.36224239098
1045981,185556.36224239098
1046127,185556.36224239098
1046209,185556.36224239098
1046212,185556.36224239098
1046225,185556.36224239098
1046231,185556.36224239098
1046257,185556.36224239098
1046283,185556.36224239098
1046328,185556.36224239098
1046331,185556.36224239098
1046356,185556.36224239098
1046430,185556.36224239098
1046462,185556.36224239098
1046488,185556.36224239098
1046498,185556.36224239098
1046576,185556.36224239098
1046593,185556.36224239098
1046597,185556.36224239098
1046633,185556.36224239098
1046719,185556.36224239098
1046832,185556.36224239098
1046844,185556.36224239098
1046861,185556.36224239098
1046862,185556.36224239098
1046875,185556.36224239098
1046947,185556.36224239098
1046952,185556.36224239098
1046992,185556.36224239098
1047083,185556.36224239098
1047115,185556.36224239098
1047118,185556.36224239098
1047172,185556.36224239098
1047190,185556.36224239098
1047193,185556.36224239098
1047257,185556.36224239098
1047273,185556.36224239098
1047480,185556.36224239098
1047498,185556.36224239098
1047543,185556.36224239098
1047617,185556.36224239098
1047712,185556.36224239098
1047901,185556.36224239098
1047986,185556.36224239098
1048124,185556.36224239098
1048181,185556.36224239098
1048203,185556.36224239098
1048241,185556.36224239098
1048292,185556.36224239098
1048310,185556.36224239098
1048513,185556.36224239098
1048631,185556.36224239098
1049174,185556.36224239098
1049242,185556.36224239098
1049249,185556.36224239098
1049252,185556.36224239098
1049305,185556.36224239098
1049306,185556.36224239098
1049317,185556.36224239098
1049322,185556.36224239098
1049326,185556.36224239098
1049334,185556.36224239098
1049336,185556.36224239098
1049377,185556.36224239098
1049418,185556.36224239098
1049447,185556.36224239098
1049476,185556.36224239098
1049480,185556.36224239098
1049490,185556.36224239098
1049498,185556.36224239098
1049499,185556.36224239098
1049504,185556.36224239098
1049505,185556.36224239098
1049521,185556.36224239098
1049551,185556.36224239098
1049557,185556.36224239098
1049586,185556.36224239098
1049673,185556.36224239098
1049674,185556.36224239098
1049684,185556.36224239098
1049721,185556.36224239098
1049728,185556.36224239098
1049744,185556.36224239098
1049769,185556.36224239098
1049783,185556.36224239098
1049881,185556.36224239098
1049888,185556.36224239098
1049902,185556.36224239098
1049929,185556.36224239098
1050083,185556.36224239098
1050117,185556.36224239098
1050132,185556.36224239098
1050134,185556.36224239098
1050140,185556.36224239098
1050208,185556.36224239098
1050240,185556.36224239098
1050279,185556.36224239098
1050338,185556.36224239098
1050362,185556.36224239098
1050433,185556.36224239098
1050457,185556.36224239098
1050501,185556.36224239098
1050574,185556.36224239098
1050594,185556.36224239098
1050656,185556.36224239098
1050862,185556.36224239098
1050863,185556.36224239098
1050909,185556.36224239098
1050939,185556.36224239098
1050946,185556.36224239098
1050995,185556.36224239098
1051015,185556.36224239098
1051038,185556.36224239098
1051097,185556.36224239098
1051130,185556.36224239098
1051148,185556.36224239098
1051151,185556.36224239098
1051239,185556.36224239098
1051244,185556.36224239098
1051288,185556.36224239098
1051313,185556.36224239098
1051314,185556.36224239098
1051354,185556.36224239098
1051440,185556.36224239098
1051504,185556.36224239098
1051585,185556.36224239098
1051651,185556.36224239098
1051887,185556.36224239098
1051929,185556.36224239098
1052048,185556.36224239098
1052213,185556.36224239098
1052363,185556.36224239098
1052422,185556.36224239098
1052438,185556.36224239098
1052484,185556.36224239098
1052505,185556.36224239098
1052581,185556.36224239098
1052622,185556.36224239098
1052708,185556.36224239098
1052827,185556.36224239098
1052838,185556.36224239098
1052871,185556.36224239098
1052891,185556.36224239098
1053088,185556.36224239098
1053226,185556.36224239098
1053352,185556.36224239098
1053730,185556.36224239098
1053935,185556.36224239098
1054083,185556.36224239098
1054093,185556.36224239098
1054179,185556.36224239098
1054262,185556.36224239098
1054334,185556.36224239098
1054358,185556.36224239098
1054564,185556.36224239098
1054624,185556.36224239098
1054633,185556.36224239098
1054796,185556.36224239098
1054801,185556.36224239098
1054937,185556.36224239098
1054961,185556.36224239098
1055035,185556.36224239098
1055041,185556.36224239098
1055092,185556.36224239098
1055135,185556.36224239098
1055232,185556.36224239098
1055233,185556.36224239098
1055361,185556.36224239098
1055407,185556.36224239098
1055408,185556.36224239098
1055462,185556.36224239098
1055471,185556.36224239098
1055681,185556.36224239098
1055727,185556.36224239098
1055783,185556.36224239098
1055884,185556.36224239098
1055885,185556.36224239098
1055936,185556.36224239098
1055950,185556.36224239098
1055976,185556.36224239098
1056019,185556.36224239098
1056287,185556.36224239098
1056414,185556.36224239098
1056599,185556.36224239098
1056744,185556.36224239098
1056825,185556.36224239098
1056826,185556.36224239098
1056908,185556.36224239098
1056914,185556.36224239098
1056944,185556.36224239098
1057065,185556.36224239098
1057090,185556.36224239098
1057091,185556.36224239098
1057148,185556.36224239098
1057149,185556.36224239098
1057150,185556.36224239098
1057151,185556.36224239098
1057152,185556.36224239098
1057153,185556.36224239098
1057234,185556.36224239098
1057297,185556.36224239098
1057375,185556.36224239098
1057507,185556.36224239098
1057887,185556.36224239098
1057947,185556.36224239098
1057950,185556.36224239098
1057955,185556.36224239098
1057965,185556.36224239098
1058044,185556.36224239098
1058078,185556.36224239098
1058101,185556.36224239098
1058176,185556.36224239098
1058333,185556.36224239098
1058334,185556.36224239098
1058599,185556.36224239098
1058796,185556.36224239098
1058801,185556.36224239098
1058802,185556.36224239098
1058822,185556.36224239098
1058928,185556.36224239098
1058931,185556.36224239098
1059002,185556.36224239098
1059048,185556.36224239098
1059114,185556.36224239098
1059119,185556.36224239098
1059129,185556.36224239098
1059188,185556.36224239098
1059376,185556.36224239098
1059388,185556.36224239098
1059539,185556.36224239098
1059545,185556.36224239098
1059547,185556.36224239098
1059555,185556.36224239098
1059586,185556.36224239098
1059624,185556.36224239098
1059665,185556.36224239098
1059675,185556.36224239098
1059677,185556.36224239098
1059748,185556.36224239098
1059846,185556.36224239098
1059865,185556.36224239098
1059892,185556.36224239098
1059967,185556.36224239098
1059984,185556.36224239098
1059989,185556.36224239098
1060018,185556.36224239098
1060098,185556.36224239098
1060175,185556.36224239098
1060194,185556.36224239098
1060278,185556.36224239098
1060355,185556.36224239098
1060363,185556.36224239098
1060389,185556.36224239098
1060551,185556.36224239098
1060564,185556.36224239098
1060584,185556.36224239098
1060585,185556.36224239098
1060754,185556.36224239098
1060785,185556.36224239098
1060795,185556.36224239098
1060797,185556.36224239098
1060800,185556.36224239098
1060854,185556.36224239098
1060907,185556.36224239098
1060916,185556.36224239098
1060943,185556.36224239098
1060944,185556.36224239098
1061025,185556.36224239098
1061064,185556.36224239098
1061103,185556.36224239098
1061329,185556.36224239098
1061352,185556.36224239098
1061419,185556.36224239098
1061472,185556.36224239098
1061474,185556.36224239098
1061489,185556.36224239098
1061521,185556.36224239098
1061613,185556.36224239098
1061628,185556.36224239098
1061716,185556.36224239098
1061773,185556.36224239098
1061906,185556.36224239098
1061981,185556.36224239098
1062059,185556.36224239098
1062062,185556.36224239098
1062154,185556.36224239098
1062179,185556.36224239098
1062215,185556.36224239098
1062231,185556.36224239098
1062234,185556.36224239098
1062235,185556.36224239098
1062237,185556.36224239098
1150057,185556.36224239098
1150061,185556.36224239098
1150062,185556.36224239098
1150302,185556.36224239098
1150304,185556.36224239098
1150307,185556.36224239098
1150308,185556.36224239098
1150312,185556.36224239098
1150313,185556.36224239098
1150315,185556.36224239098
1150318,185556.36224239098
1150709,185556.36224239098
1150711,185556.36224239098
1150714,185556.36224239098
1150716,185556.36224239098
1150721,185556.36224239098
1150722,185556.36224239098
1150723,185556.36224239098
1150727,185556.36224239098
1150729,185556.36224239098
1150732,185556.36224239098
1150733,185556.36224239098
1150739,185556.36224239098
1150741,185556.36224239098
1150744,185556.36224239098
1150751,185556.36224239098
1158788,185556.36224239098
1158790,185556.36224239098
1158794,185556.36224239098
1158798,185556.36224239098
1158802,185556.36224239098
1158803,185556.36224239098
1158804,185556.36224239098
1158972,185556.36224239098
1158973,185556.36224239098
1158979,185556.36224239098
1158980,185556.36224239098
1158982,185556.36224239098
1159208,185556.36224239098
1159224,185556.36224239098
1159254,185556.36224239098
1159717,185556.36224239098
1159725,185556.36224239098
1159755,185556.36224239098
1159756,185556.36224239098
1159757,185556.36224239098
1159758,185556.36224239098
1159760,185556.36224239098
1159762,185556.36224239098
1159764,185556.36224239098
1160340,185556.36224239098
1160342,185556.36224239098
1160347,185556.36224239098
1160348,185556.36224239098
1160352,185556.36224239098
1160353,185556.36224239098
1160357,185556.36224239098
1160368,185556.36224239098
1160370,185556.36224239098
1160372,185556.36224239098
1160628,185556.36224239098
1160633,185556.36224239098
1160635,185556.36224239098
1160642,185556.36224239098
1160644,185556.36224239098
1160646,185556.36224239098
1160651,185556.36224239098
1160652,185556.36224239098
1160659,185556.36224239098
1160663,185556.36224239098
1160877,185556.36224239098
1160879,185556.36224239098
1160881,185556.36224239098
1160884,185556.36224239098
1160887,185556.36224239098
1160891,185556.36224239098
1160892,185556.36224239098
1160893,185556.36224239098
1160897,185556.36224239098
1160900,185556.36224239098
1160901,185556.36224239098
1160903,185556.36224239098
1160909,185556.36224239098
1160910,185556.36224239098
1160913,185556.36224239098
1160916,185556.36224239098
1162333,185556.36224239098
1162334,185556.36224239098
1162374,185556.36224239098
1162376,185556.36224239098
1162380,185556.36224239098
1162381,185556.36224239098
1162382,185556.36224239098
1162385,185556.36224239098
1162386,185556.36224239098
1162638,185556.36224239098
1162639,185556.36224239098
1162640,185556.36224239098
1162641,185556.36224239098
1162643,185556.36224239098
1162707,185556.36224239098
1162708,185556.36224239098
1162764,185556.36224239098
1162899,185556.36224239098
1162918,185556.36224239098
1162924,185556.36224239098
1162925,185556.36224239098
1162926,185556.36224239098
1162927,185556.36224239098
1163023,185556.36224239098
1163027,185556.36224239098
1163028,185556.36224239098
1163039,185556.36224239098
1163040,185556.36224239098
1163042,185556.36224239098
1163043,185556.36224239098
1163044,185556.36224239098
1163047,185556.36224239098
1163050,185556.36224239098
1163083,185556.36224239098
1163086,185556.36224239098
1163089,185556.36224239098
1163090,185556.36224239098
1163091,185556.36224239098
1163092,185556.36224239098
1163093,185556.36224239098
1163095,185556.36224239098
1163096,185556.36224239098
1163264,185556.36224239098
1163271,185556.36224239098
1164020,185556.36224239098
1164022,185556.36224239098
1164028,185556.36224239098
1164565,185556.36224239098
1164567,185556.36224239098
1164571,185556.36224239098
1164576,185556.36224239098
1164578,185556.36224239098
1164580,185556.36224239098
1164581,185556.36224239098
1164582,185556.36224239098
1164583,185556.36224239098
1164617,185556.36224239098
1164618,185556.36224239098
1164622,185556.36224239098
1164625,185556.36224239098
1164627,185556.36224239098
1164629,185556.36224239098
1164911,185556.36224239098
1164914,185556.36224239098
1164916,185556.36224239098
1164936,185556.36224239098
1164938,185556.36224239098
1164940,185556.36224239098
1167361,185556.36224239098
1167364,185556.36224239098
1167369,185556.36224239098
1167373,185556.36224239098
1167374,185556.36224239098
1167375,185556.36224239098
1167383,185556.36224239098
1167385,185556.36224239098
1167387,185556.36224239098
1167388,185556.36224239098
1167392,185556.36224239098
1167397,185556.36224239098
1167398,185556.36224239098
1167399,185556.36224239098
1167401,185556.36224239098
1167402,185556.36224239098
1167403,185556.36224239098
1167404,185556.36224239098
1167405,185556.36224239098
1167406,185556.36224239098
1167407,185556.36224239098
1167409,185556.36224239098
1167410,185556.36224239098
1167411,185556.36224239098
1167412,185556.36224239098
1167413,185556.36224239098
1167414,185556.36224239098
1167426,185556.36224239098
1167429,185556.36224239098
1167430,185556.36224239098
1167431,185556.36224239098
1167437,185556.36224239098
1167439,185556.36224239098
1171188,185556.36224239098
1171191,185556.36224239098
1171194,185556.36224239098
1171195,185556.36224239098
1171196,185556.36224239098
1171200,185556.36224239098
1171201,185556.36224239098
1171203,185556.36224239098
1171204,185556.36224239098
1171205,185556.36224239098
1171362,185556.36224239098
1171367,185556.36224239098
1172945,185556.36224239098
1172952,185556.36224239098
1173341,185556.36224239098
1173343,185556.36224239098
1173347,185556.36224239098
1173351,185556.36224239098
1173353,185556.36224239098
1173355,185556.36224239098
1173356,185556.36224239098
1173358,185556.36224239098
1173362,185556.36224239098
1173364,185556.36224239098
1174252,185556.36224239098
1174253,185556.36224239098
1174258,185556.36224239098
1174265,185556.36224239098
1174280,185556.36224239098
1174393,185556.36224239098
1174395,185556.36224239098
1174396,185556.36224239098
1174397,185556.36224239098
1174398,185556.36224239098
1174400,185556.36224239098
1174404,185556.36224239098
1174405,185556.36224239098
1174407,185556.36224239098
1174456,185556.36224239098
1174460,185556.36224239098
1174462,185556.36224239098
1174465,185556.36224239098
1174466,185556.36224239098
1174468,185556.36224239098
1174469,185556.36224239098
1174471,185556.36224239098
1174472,185556.36224239098
1174473,185556.36224239098
1174475,185556.36224239098
1174491,185556.36224239098
1174496,185556.36224239098
1174501,185556.36224239098
1174592,185556.36224239098
1174593,185556.36224239098
1174595,185556.36224239098
1174596,185556.36224239098
1174598,185556.36224239098
1174599,185556.36224239098
1174602,185556.36224239098
1174607,185556.36224239098
1174608,185556.36224239098
1174732,185556.36224239098
1174738,185556.36224239098
1174742,185556.36224239098
1174743,185556.36224239098
1174748,185556.36224239098
1175538,185556.36224239098
1175539,185556.36224239098
1175543,185556.36224239098
1175547,185556.36224239098
1175548,185556.36224239098
1175550,185556.36224239098
1176289,185556.36224239098
1176758,185556.36224239098
1176759,185556.36224239098
1176764,185556.36224239098
1176772,185556.36224239098
1177110,185556.36224239098
1177116,185556.36224239098
1177118,185556.36224239098
1177121,185556.36224239098
1177122,185556.36224239098
1177125,185556.36224239098
1177822,185556.36224239098
1178019,185556.36224239098
1178024,185556.36224239098
1179391,185556.36224239098
1179392,185556.36224239098
1179393,185556.36224239098
1179512,185556.36224239098
1179513,185556.36224239098
1179516,185556.36224239098
1179517,185556.36224239098
1179518,185556.36224239098
1179526,185556.36224239098
1179527,185556.36224239098
1179540,185556.36224239098
1179542,185556.36224239098
1179543,185556.36224239098
1179546,185556.36224239098
1179548,185556.36224239098
1179552,185556.36224239098
1179554,185556.36224239098
1179555,185556.36224239098
1179557,185556.36224239098
1179944,185556.36224239098
1179948,185556.36224239098
1179949,185556.36224239098
1179952,185556.36224239098
1179953,185556.36224239098
1179955,185556.36224239098
1180044,185556.36224239098
1180046,185556.36224239098
1180047,185556.36224239098
1180048,185556.36224239098
1180049,185556.36224239098
1180050,185556.36224239098
1180051,185556.36224239098
1180053,185556.36224239098
1180054,185556.36224239098
1180056,185556.36224239098
1180060,185556.36224239098
1180070,185556.36224239098
1180073,185556.36224239098
1180078,185556.36224239098
1180080,185556.36224239098
1180241,185556.36224239098
1180242,185556.36224239098
1180243,185556.36224239098
1180251,185556.36224239098
1180253,185556.36224239098
1180254,185556.36224239098
1180255,185556.36224239098
1180257,185556.36224239098
1180452,185556.36224239098
1180461,185556.36224239098
1180464,185556.36224239098
1180465,185556.36224239098
1180466,185556.36224239098
1180467,185556.36224239098
1180469,185556.36224239098
1180471,185556.36224239098
1180472,185556.36224239098
1180474,185556.36224239098
1180479,185556.36224239098
1180481,185556.36224239098
1180482,185556.36224239098
1180484,185556.36224239098
1180485,185556.36224239098
1180487,185556.36224239098
1180619,185556.36224239098
1180622,185556.36224239098
1180628,185556.36224239098
1180629,185556.36224239098
1180630,185556.36224239098
1180701,185556.36224239098
1180702,185556.36224239098
1180704,185556.36224239098
1180707,185556.36224239098
1180708,185556.36224239098
1180711,185556.36224239098
1180712,185556.36224239098
1180716,185556.36224239098
1180717,185556.36224239098
1180732,185556.36224239098
1180733,185556.36224239098
1180734,185556.36224239098
1180735,185556.36224239098
1180738,185556.36224239098
1180739,185556.36224239098
1180741,185556.36224239098
1180743,185556.36224239098
1180744,185556.36224239098
1180748,185556.36224239098
1180749,185556.36224239098
1180770,185556.36224239098
1180771,185556.36224239098
1180774,185556.36224239098
1180777,185556.36224239098
1180938,185556.36224239098
1180945,185556.36224239098
1180951,185556.36224239098
1180954,185556.36224239098
1180967,185556.36224239098
1180976,185556.36224239098
1180977,185556.36224239098
1181989,185556.36224239098
1182023,185556.36224239098
1182025,185556.36224239098
1182026,185556.36224239098
1182030,185556.36224239098
1182033,185556.36224239098
1182314,185556.36224239098
1182315,185556.36224239098
1182316,185556.36224239098
1182317,185556.36224239098
1182321,185556.36224239098
1182322,185556.36224239098
1182323,185556.36224239098
1182628,185556.36224239098
1182650,185556.36224239098
1182652,185556.36224239098
1182654,185556.36224239098
1182655,185556.36224239098
1182744,185556.36224239098
1182745,185556.36224239098
1182746,185556.36224239098
1182748,185556.36224239098
1182749,185556.36224239098
1182754,185556.36224239098
1182756,185556.36224239098
1182757,185556.36224239098
1183211,185556.36224239098
1183213,185556.36224239098
1183689,185556.36224239098
1183690,185556.36224239098
1183691,185556.36224239098
1183692,185556.36224239098
1184185,185556.36224239098
1184271,185556.36224239098
1184272,185556.36224239098
1184678,185556.36224239098
1184679,185556.36224239098
1184680,185556.36224239098
1184730,185556.36224239098
1184731,185556.36224239098
1184772,185556.36224239098
1184775,185556.36224239098
1184780,185556.36224239098
1184783,185556.36224239098
1184806,185556.36224239098
1184809,185556.36224239098
1184956,185556.36224239098
1185123,185556.36224239098
1185129,185556.36224239098
1185141,185556.36224239098
1185144,185556.36224239098
1185145,185556.36224239098
1185150,185556.36224239098
1185316,185556.36224239098
1185317,185556.36224239098
1185326,185556.36224239098
1185328,185556.36224239098
1185330,185556.36224239098
1185331,185556.36224239098
1185722,185556.36224239098
1185744,185556.36224239098
1185746,185556.36224239098
1185748,185556.36224239098
1185818,185556.36224239098
1185819,185556.36224239098
1186256,185556.36224239098
1186257,185556.36224239098
1186258,185556.36224239098
1186260,185556.36224239098
1186261,185556.36224239098
1186284,185556.36224239098
1186288,185556.36224239098
1186368,185556.36224239098
1186370,185556.36224239098
1186371,185556.36224239098
1186373,185556.36224239098
1186374,185556.36224239098
1186376,185556.36224239098
1186379,185556.36224239098
1186380,185556.36224239098
1186827,185556.36224239098
1186830,185556.36224239098
1186831,185556.36224239098
1186832,185556.36224239098
1186834,185556.36224239098
1186835,185556.36224239098
1186837,185556.36224239098
1186840,185556.36224239098
1187587,185556.36224239098
1187625,185556.36224239098
1187626,185556.36224239098
1187628,185556.36224239098
1187839,185556.36224239098
1187840,185556.36224239098
1187842,185556.36224239098
1187843,185556.36224239098
1187844,185556.36224239098
1187851,185556.36224239098
1187853,185556.36224239098
1187854,185556.36224239098
1188373,185556.36224239098
1188428,185556.36224239098
1188429,185556.36224239098
1188430,185556.36224239098
1188431,185556.36224239098
1188439,185556.36224239098
1188440,185556.36224239098
1188442,185556.36224239098
1188484,185556.36224239098
1188485,185556.36224239098
1188487,185556.36224239098
1188488,185556.36224239098
1188490,185556.36224239098
1188493,185556.36224239098
1188499,185556.36224239098
1188519,185556.36224239098
1188531,185556.36224239098
1188535,185556.36224239098
1188538,185556.36224239098
1188539,185556.36224239098
1188577,185556.36224239098
1188578,185556.36224239098
1188581,185556.36224239098
1189583,185556.36224239098
1189587,185556.36224239098
1189590,185556.36224239098
1189593,185556.36224239098
1189594,185556.36224239098
1189595,185556.36224239098
1189596,185556.36224239098
1189599,185556.36224239098
1189600,185556.36224239098
1189603,185556.36224239098
1189605,185556.36224239098
1189606,185556.36224239098
1189610,185556.36224239098
1189611,185556.36224239098
1191966,185556.36224239098
1191971,185556.36224239098
1191972,185556.36224239098
1192091,185556.36224239098
1192096,185556.36224239098
1192970,185556.36224239098
1192973,185556.36224239098
1193162,185556.36224239098
1193163,185556.36224239098
1193168,185556.36224239098
1193169,185556.36224239098
1193170,185556.36224239098
1193171,185556.36224239098
1193543,185556.36224239098
1193676,185556.36224239098
1193751,185556.36224239098
1193761,185556.36224239098
1193775,185556.36224239098
1193777,185556.36224239098
1193779,185556.36224239098
1193782,185556.36224239098
1193783,185556.36224239098
1193836,185556.36224239098
1193848,185556.36224239098
1193849,185556.36224239098
1193850,185556.36224239098
1193855,185556.36224239098
1193857,185556.36224239098
1193859,185556.36224239098
1193861,185556.36224239098
1193862,185556.36224239098
1193863,185556.36224239098
1193864,185556.36224239098
1193866,185556.36224239098
1193915,185556.36224239098
1193925,185556.36224239098
1193927,185556.36224239098
1193952,185556.36224239098
1193953,185556.36224239098
1193954,185556.36224239098
1193955,185556.36224239098
1193956,185556.36224239098
1193957,185556.36224239098
1194415,185556.36224239098
1194922,185556.36224239098
1194977,185556.36224239098
1195222,185556.36224239098
1195223,185556.36224239098
1195224,185556.36224239098
1195225,185556.36224239098
1195425,185556.36224239098
1195426,185556.36224239098
1195432,185556.36224239098
1195891,185556.36224239098
1195892,185556.36224239098
1195893,185556.36224239098
1195900,185556.36224239098
1195901,185556.36224239098
1195903,185556.36224239098
1196019,185556.36224239098
1196842,185556.36224239098
1196844,185556.36224239098
1196847,185556.36224239098
1196872,185556.36224239098
1196892,185556.36224239098
1196893,185556.36224239098
1196894,185556.36224239098
1196895,185556.36224239098
1196904,185556.36224239098
1196912,185556.36224239098
1196913,185556.36224239098
1196993,185556.36224239098
1196994,185556.36224239098
1196998,185556.36224239098
1196999,185556.36224239098
1197000,185556.36224239098
1197002,185556.36224239098
1197106,185556.36224239098
1197107,185556.36224239098
1197108,185556.36224239098
1197166,185556.36224239098
1197209,185556.36224239098
1197214,185556.36224239098
1197215,185556.36224239098
1197216,185556.36224239098
1197253,185556.36224239098
1197256,185556.36224239098
1197309,185556.36224239098
1197311,185556.36224239098
1197315,185556.36224239098
1197316,185556.36224239098
1197321,185556.36224239098
1197322,185556.36224239098
1197323,185556.36224239098
1197324,185556.36224239098
1197325,185556.36224239098
1197326,185556.36224239098
1197328,185556.36224239098
1197329,185556.36224239098
1197331,185556.36224239098
1197345,185556.36224239098
1197351,185556.36224239098
1197462,185556.36224239098
1197463,185556.36224239098
1197465,185556.36224239098
1197467,185556.36224239098
1197469,185556.36224239098
1197470,185556.36224239098
1197502,185556.36224239098
1197549,185556.36224239098
1197570,185556.36224239098
1197627,185556.36224239098
1197672,185556.36224239098
1197859,185556.36224239098
1197860,185556.36224239098
1197977,185556.36224239098
1197978,185556.36224239098
1198019,185556.36224239098
1198021,185556.36224239098
1198337,185556.36224239098
1198358,185556.36224239098
1198364,185556.36224239098
1198365,185556.36224239098
1198366,185556.36224239098
1198367,185556.36224239098
1198368,185556.36224239098
1198369,185556.36224239098
1198373,185556.36224239098
1198446,185556.36224239098
1198450,185556.36224239098
1198451,185556.36224239098
1198452,185556.36224239098
1198453,185556.36224239098
1198457,185556.36224239098
1198621,185556.36224239098
1198645,185556.36224239098
1198649,185556.36224239098
1198650,185556.36224239098
1198664,185556.36224239098
1198665,185556.36224239098
1198669,185556.36224239098
1198670,185556.36224239098
1198671,185556.36224239098
1198760,185556.36224239098
1198766,185556.36224239098
1198768,185556.36224239098
1198771,185556.36224239098
1198773,185556.36224239098
715273,185556.36224239098
717643,185556.36224239098
720473,185556.36224239098
722274,185556.36224239098
722610,185556.36224239098
722632,185556.36224239098
724293,185556.36224239098
724296,185556.36224239098
724367,185556.36224239098
724383,185556.36224239098
724402,185556.36224239098
724436,185556.36224239098
724693,185556.36224239098
725035,185556.36224239098
726164,185556.36224239098
728018,185556.36224239098
728963,185556.36224239098
730396,185556.36224239098
730570,185556.36224239098
732096,185556.36224239098
732455,185556.36224239098
733749,185556.36224239098
739805,185556.36224239098
762985,185556.36224239098
765024,185556.36224239098
766318,185556.36224239098
767291,185556.36224239098
768075,185556.36224239098
768187,185556.36224239098
768450,185556.36224239098
768818,185556.36224239098
775095,185556.36224239098
777984,185556.36224239098
780334,185556.36224239098
782037,185556.36224239098
783338,185556.36224239098
788907,185556.36224239098
791183,185556.36224239098
791186,185556.36224239098
800871,185556.36224239098
805218,185556.36224239098
808371,185556.36224239098
810903,185556.36224239098
813910,185556.36224239098
814295,185556.36224239098
816599,185556.36224239098
817980,185556.36224239098
818854,185556.36224239098
821034,185556.36224239098
822425,185556.36224239098
823206,185556.36224239098
823722,185556.36224239098
824962,185556.36224239098
827620,185556.36224239098
829106,185556.36224239098
829983,185556.36224239098
835034,185556.36224239098
835905,185556.36224239098
836853,185556.36224239098
836965,185556.36224239098
837221,185556.36224239098
837226,185556.36224239098
837310,185556.36224239098
837312,185556.36224239098
837322,185556.36224239098
837364,185556.36224239098
837447,185556.36224239098
837450,185556.36224239098
837480,185556.36224239098
837481,185556.36224239098
837534,185556.36224239098
837603,185556.36224239098
837604,185556.36224239098
837695,185556.36224239098
837700,185556.36224239098
838738,185556.36224239098
838739,185556.36224239098
838747,185556.36224239098
839708,185556.36224239098
839728,185556.36224239098
839729,185556.36224239098
839750,185556.36224239098
839751,185556.36224239098
839752,185556.36224239098
839753,185556.36224239098
839754,185556.36224239098
839789,185556.36224239098
839793,185556.36224239098
839796,185556.36224239098
840813,185556.36224239098
843860,185556.36224239098
844526,185556.36224239098
844543,185556.36224239098
844754,185556.36224239098
846486,185556.36224239098
847164,185556.36224239098
848484,185556.36224239098
936754,185556.36224239098
937863,185556.36224239098
937904,185556.36224239098
938417,185556.36224239098
938423,185556.36224239098
938603,185556.36224239098
938622,185556.36224239098
939544,185556.36224239098
940696,185556.36224239098
942465,185556.36224239098
942737,185556.36224239098
943019,185556.36224239098
943421,185556.36224239098
945655,185556.36224239098
947947,185556.36224239098
949288,185556.36224239098
952129,185556.36224239098
952131,185556.36224239098
952904,185556.36224239098
953479,185556.36224239098
954602,185556.36224239098
954929,185556.36224239098
955982,185556.36224239098
958924,185556.36224239098
959475,185556.36224239098
960089,185556.36224239098
960166,185556.36224239098
961081,185556.36224239098
961152,185556.36224239098
961156,185556.36224239098
963917,185556.36224239098
963924,185556.36224239098
963928,185556.36224239098
964509,185556.36224239098
965003,185556.36224239098
967216,185556.36224239098
967710,185556.36224239098
967711,185556.36224239098
967715,185556.36224239098
968678,185556.36224239098
969661,185556.36224239098
970940,185556.36224239098
971513,185556.36224239098
972147,185556.36224239098
972176,185556.36224239098
972866,185556.36224239098
974942,185556.36224239098
974954,185556.36224239098
976609,185556.36224239098
978142,185556.36224239098
978273,185556.36224239098
978277,185556.36224239098
978278,185556.36224239098
978281,185556.36224239098
978860,185556.36224239098
979110,185556.36224239098
979112,185556.36224239098
979516,185556.36224239098
980337,185556.36224239098
980476,185556.36224239098
982006,185556.36224239098
983877,185556.36224239098
983878,185556.36224239098
983879,185556.36224239098
985387,185556.36224239098
985462,185556.36224239098
985808,185556.36224239098
986398,185556.36224239098
987620,185556.36224239098
988304,185556.36224239098
988676,185556.36224239098
989018,185556.36224239098
995698,185556.36224239098
995822,185556.36224239098
1002393,185556.36224239098
1003195,185556.36224239098
1003292,185556.36224239098
1003326,185556.36224239098
1003655,185556.36224239098
1003662,185556.36224239098
1003847,185556.36224239098
1006131,185556.36224239098
1008419,185556.36224239098
1008432,185556.36224239098
1008509,185556.36224239098
1008929,185556.36224239098
1009457,185556.36224239098
1010167,185556.36224239098
1010251,185556.36224239098
1010311,185556.36224239098
1011035,185556.36224239098
1011899,185556.36224239098
1013203,185556.36224239098
1013464,185556.36224239098
1013942,185556.36224239098
1014952,185556.36224239098
1015519,185556.36224239098
1018488,185556.36224239098
1018565,185556.36224239098
1018830,185556.36224239098
1019163,185556.36224239098
1019257,185556.36224239098
1019258,185556.36224239098
1022427,185556.36224239098
1023024,185556.36224239098
1024198,185556.36224239098
1024386,185556.36224239098
1024633,185556.36224239098
1065813,185556.36224239098
1066642,185556.36224239098
1066903,185556.36224239098
1068872,185556.36224239098
1071707,185556.36224239098
1072579,185556.36224239098
1072606,185556.36224239098
1073519,185556.36224239098
1073733,185556.36224239098
1074535,185556.36224239098
1075895,185556.36224239098
1076216,185556.36224239098
1076517,185556.36224239098
1076917,185556.36224239098
1077573,185556.36224239098
1078672,185556.36224239098
1080081,185556.36224239098
1080084,185556.36224239098
1080177,185556.36224239098
1080179,185556.36224239098
1080180,185556.36224239098
1080182,185556.36224239098
1080646,185556.36224239098
1081890,185556.36224239098
1082838,185556.36224239098
1082935,185556.36224239098
1083177,185556.36224239098
1083187,185556.36224239098
1093683,185556.36224239098
1094194,185556.36224239098
1097426,185556.36224239098
1098571,185556.36224239098
1102741,185556.36224239098
1102778,185556.36224239098
1224860,185556.36224239098
1224861,185556.36224239098
1224864,185556.36224239098
1224865,185556.36224239098
1224868,185556.36224239098
1224877,185556.36224239098
1229111,185556.36224239098
1229116,185556.36224239098
1229118,185556.36224239098
1235951,185556.36224239098
1235954,185556.36224239098
1236545,185556.36224239098
1236554,185556.36224239098
1236560,185556.36224239098
1239168,185556.36224239098
1239172,185556.36224239098
1239175,185556.36224239098
1239178,185556.36224239098
1239179,185556.36224239098
1239182,185556.36224239098
1239184,185556.36224239098
1241221,185556.36224239098
1241227,185556.36224239098
1241228,185556.36224239098
96029,223794.40141147212
96056,222211.86384931582
96065,222211.86384931582
96072,222211.86384931582
96079,222211.86384931582
96099,222211.86384931582
96100,222211.86384931582
96136,222211.86384931582
96137,222211.86384931582
96138,222211.86384931582
96140,222211.86384931582
96142,222211.86384931582
96143,222211.86384931582
96193,222211.86384931582
96202,222211.86384931582
96206,222211.86384931582
96207,222211.86384931582
96224,222211.86384931582
96225,222211.86384931582
96227,222211.86384931582
96302,222211.86384931582
96318,222211.86384931582
96339,222211.86384931582
96369,222211.86384931582
96417,222211.86384931582
96432,222211.86384931582
96464,222211.86384931582
96467,222211.86384931582
96471,222211.86384931582
96476,209462.14039032164
96477,209462.14039032164
96481,206604.2269991532
96486,222211.86384931582
96487,222211.86384931582
96515,223794.40141147212
96547,222211.86384931582
96571,222211.86384931582
96574,222211.86384931582
96593,223794.40141147212
96606,222211.86384931582
96648,223794.40141147212
96654,223794.40141147212
96656,222211.86384931582
96661,223794.40141147212
96662,222211.86384931582
96664,211636.24284956045
96668,222211.86384931582
96669,222211.86384931582
96672,222211.86384931582
96678,222211.86384931582
96679,223794.40141147212
96683,223794.40141147212
96713,222211.86384931582
96715,222211.86384931582
96735,222211.86384931582
96742,209462.14039032164
96750,222211.86384931582
96751,223794.40141147212
96758,223794.40141147212
96760,222211.86384931582
96762,223794.40141147212
96765,223794.40141147212
96771,223794.40141147212
96772,223794.40141147212
96782,222211.86384931582
96790,206604.2269991532
96791,222211.86384931582
96816,223794.40141147212
96819,207365.4940712577
96821,222211.86384931582
96838,222211.86384931582
96862,223794.40141147212
96863,223794.40141147212
96869,207365.4940712577
96875,222211.86384931582
96876,222211.86384931582
96896,222211.86384931582
96897,220032.69445212343
96937,222211.86384931582
96946,222211.86384931582
96952,207365.4940712577
96957,222211.86384931582
96986,223794.40141147212
96988,222211.86384931582
96990,222211.86384931582
97005,226174.03432870086
97065,220032.69445212343
97071,209462.14039032164
97077,211636.24284956045
97081,222211.86384931582
97083,222211.86384931582
97093,222211.86384931582
97097,222211.86384931582
97122,209462.14039032164
97125,222211.86384931582
97126,222211.86384931582
97127,222211.86384931582
97129,222211.86384931582
97133,220698.79942535964
97137,222211.86384931582
97139,222211.86384931582
97140,222211.86384931582
97144,222211.86384931582
97146,222211.86384931582
97148,222211.86384931582
97149,222211.86384931582
97152,222211.86384931582
97154,222211.86384931582
97155,222211.86384931582
97161,223794.40141147212
97166,222211.86384931582
97194,222211.86384931582
97210,222211.86384931582
97213,222211.86384931582
97215,222211.86384931582
97217,222211.86384931582
97224,222211.86384931582
97226,211636.24284956045
97229,222211.86384931582
97235,222211.86384931582
97250,223794.40141147212
97263,222211.86384931582
97269,222211.86384931582
97312,222211.86384931582
97318,222211.86384931582
97327,222211.86384931582
97336,222211.86384931582
97447,222211.86384931582
97449,222211.86384931582
97467,222211.86384931582
97482,222211.86384931582
97495,222211.86384931582
97527,222211.86384931582
97531,223794.40141147212
97533,222211.86384931582
97545,222211.86384931582
97550,223794.40141147212
97555,209462.14039032164
97562,211636.24284956045
97564,211636.24284956045
97565,211636.24284956045
97566,211636.24284956045
97573,222211.86384931582
97575,222211.86384931582
97578,209462.14039032164
97579,209462.14039032164
97580,209462.14039032164
97582,209462.14039032164
97583,209462.14039032164
97584,209462.14039032164
97585,209462.14039032164
97586,209462.14039032164
97589,222211.86384931582
97590,222211.86384931582
97677,222211.86384931582
97680,222211.86384931582
97681,222211.86384931582
97686,222211.86384931582
97687,222211.86384931582
97690,222211.86384931582
97692,222211.86384931582
97696,222211.86384931582
97698,222211.86384931582
97699,222211.86384931582
97701,222211.86384931582
97704,223794.40141147212
97707,223794.40141147212
97729,209462.14039032164
97807,223794.40141147212
97808,222211.86384931582
97858,222211.86384931582
97859,222211.86384931582
97861,223794.40141147212
97879,223794.40141147212
97881,223794.40141147212
97885,223794.40141147212
97888,223794.40141147212
97897,221560.60755118486
97907,211636.24284956045
97911,222211.86384931582
97914,222211.86384931582
97927,209462.14039032164
97943,222211.86384931582
97949,206604.2269991532
97967,222211.86384931582
97988,222211.86384931582
97989,223794.40141147212
97990,222211.86384931582
97991,223794.40141147212
97993,222211.86384931582
97996,223794.40141147212
97997,223794.40141147212
97998,222211.86384931582
97999,222211.86384931582
98001,222211.86384931582
98014,222211.86384931582
98016,220698.79942535964
98036,211636.24284956045
98054,207365.4940712577
98063,222211.86384931582
98082,222211.86384931582
98083,222211.86384931582
98085,222211.86384931582
98086,222211.86384931582
98087,223794.40141147212
98090,222211.86384931582
98095,222211.86384931582
98103,222211.86384931582
98108,222211.86384931582
98119,211636.24284956045
98149,206604.2269991532
98164,223794.40141147212
98167,223794.40141147212
98168,222211.86384931582
98204,212402.51014099267
98248,222211.86384931582
98249,223794.40141147212
98257,222211.86384931582
98276,223794.40141147212
98293,222211.86384931582
98301,222211.86384931582
98308,222211.86384931582
98357,223794.40141147212
98358,222211.86384931582
98366,222211.86384931582
98394,222211.86384931582
98400,222211.86384931582
98403,223794.40141147212
98412,223794.40141147212
98413,222211.86384931582
98433,222211.86384931582
98450,211636.24284956045
98451,222211.86384931582
98452,207365.4940712577
98455,222211.86384931582
98462,222211.86384931582
98475,222211.86384931582
98499,222211.86384931582
98525,223794.40141147212
98526,223794.40141147212
98528,221560.60755118486
98531,207365.4940712577
98544,222211.86384931582
98553,222211.86384931582
98573,209462.14039032164
98582,209462.14039032164
98584,209462.14039032164
98585,209462.14039032164
98589,222211.86384931582
98593,222211.86384931582
98596,207282.97099312925
98648,222211.86384931582
98652,222211.86384931582
98653,222211.86384931582
98654,211636.24284956045
98656,209462.14039032164
98710,222211.86384931582
98754,222211.86384931582
98770,223794.40141147212
98780,222211.86384931582
98781,222211.86384931582
98782,222211.86384931582
98789,222211.86384931582
98804,223794.40141147212
98822,223794.40141147212
98823,212402.51014099267
98828,222211.86384931582
98842,206604.2269991532
98843,222211.86384931582
98846,222211.86384931582
98862,223794.40141147212
98863,222211.86384931582
98869,207365.4940712577
98870,207365.4940712577
98874,211636.24284956045
98876,222211.86384931582
98878,222211.86384931582
98883,222211.86384931582
98895,222211.86384931582
98899,222211.86384931582
98900,222211.86384931582
98901,222211.86384931582
98902,222211.86384931582
98905,223794.40141147212
98929,220698.79942535964
98948,221560.60755118486
98979,222211.86384931582
99010,211636.24284956045
99022,222211.86384931582
99035,223794.40141147212
99043,222211.86384931582
99044,222211.86384931582
99048,222211.86384931582
99051,222211.86384931582
99087,222211.86384931582
99098,222211.86384931582
99102,222211.86384931582
99104,222211.86384931582
99105,222211.86384931582
99114,222211.86384931582
99148,220698.79942535964
99163,207365.4940712577
99168,222211.86384931582
99198,222211.86384931582
99200,222211.86384931582
99205,223794.40141147212
99273,222211.86384931582
99277,223794.40141147212
99292,222211.86384931582
99293,222211.86384931582
99298,222211.86384931582
99300,222211.86384931582
99304,222211.86384931582
99305,222211.86384931582
99316,222211.86384931582
99319,211636.24284956045
99341,222211.86384931582
99344,209462.14039032164
99356,222211.86384931582
99360,222211.86384931582
99361,222211.86384931582
99389,222211.86384931582
99399,223794.40141147212
99400,222211.86384931582
99401,207365.4940712577
99421,222211.86384931582
99429,222211.86384931582
99433,221409.98243154128
99436,222211.86384931582
99439,223794.40141147212
99442,223794.40141147212
99450,211636.24284956045
99451,222211.86384931582
99460,222211.86384931582
99475,222211.86384931582
99480,222211.86384931582
99483,222211.86384931582
99529,223794.40141147212
99532,220698.79942535964
99542,222211.86384931582
99575,222211.86384931582
99583,222211.86384931582
99597,209462.14039032164
99601,222211.86384931582
99603,222211.86384931582
99624,209462.14039032164
99625,222211.86384931582
99651,222211.86384931582
99655,222211.86384931582
99673,222211.86384931582
99694,222211.86384931582
99697,222211.86384931582
99698,222211.86384931582
99714,209462.14039032164
99716,222211.86384931582
99717,222211.86384931582
99718,222211.86384931582
99719,222211.86384931582
99728,222211.86384931582
99736,222211.86384931582
99739,218495.29805593973
99751,220698.79942535964
99759,229554.97690338534
99760,220698.79942535964
99761,222211.86384931582
99765,222211.86384931582
99769,174617.97844505176
99812,228116.74747002954
99817,249986.27900822592
99855,262043.19641201012
99868,107721.17472483877
99869,107721.17472483877
99874,107721.17472483877
99895,107721.17472483877
99897,235776.58802690965
99980,196867.90892925582
99982,196867.90892925582
99984,202368.8032852773
99985,247797.37101302366
99990,148897.69803464643
99991,196867.90892925582
100086,226182.024066717
100110,316720.04731438105
100115,194064.6757145571
100118,194064.6757145571
100119,194064.6757145571
100122,194064.6757145571
100125,194064.6757145571
100126,194064.6757145571
100127,194064.6757145571
100129,194064.6757145571
100130,194064.6757145571
100134,194064.6757145571
100136,194064.6757145571
100156,227516.14790649628
100157,146183.82422621924
100169,228116.74747002954
100171,107721.17472483877
100179,119180.59082668961
100187,116369.66270470421
100192,129977.28612607338
100193,129977.28612607338
100219,154910.20816729256
100243,107721.17472483877
100244,107721.17472483877
100289,194064.6757145571
100297,194064.6757145571
100310,316720.04731438105
100312,275354.2979520104
100327,107721.17472483877
100378,107721.17472483877
100422,107721.17472483877
100447,119180.59082668961
100513,203837.70403927666
100520,110853.0925113817
100532,107721.17472483877
100534,107721.17472483877
100537,107721.17472483877
100550,107721.17472483877
100557,117844.16137089129
100564,107721.17472483877
100571,164885.2779383242
100575,164885.2779383242
100595,148897.69803464643
100596,262805.1839572889
100620,272351.1788489671
100621,262805.1839572889
100648,283398.05505149736
100652,110853.0925113817
100661,305502.9314518364
100677,226334.60164836224
100678,247797.37101302366
100681,245914.63150236147
100708,107721.17472483877
100709,107721.17472483877
100723,279082.5165933432
100730,228116.74747002954
100733,110853.0925113817
100735,110853.0925113817
100736,110853.0925113817
100744,159233.66969159857
100755,110853.0925113817
100774,107721.17472483877
100800,161795.8905151962
100805,107721.17472483877
100812,164885.2779383242
100813,164885.2779383242
100819,115255.59868404569
100821,235776.58802690965
100866,148897.69803464643
100906,311773.8825950091
100942,283111.85523829976
100950,107721.17472483877
101142,167440.72510771992
101185,107721.17472483877
101191,316720.04731438105
101193,272298.3536738903
101283,107721.17472483877
101287,107721.17472483877
101300,196867.90892925582
101308,107721.17472483877
101316,107721.17472483877
101318,196867.90892925582
101326,107721.17472483877
101402,240858.787556074
101456,115255.59868404569
101469,107721.17472483877
101478,276979.8731772138
101486,164885.2779383242
101499,290209.1882730487
101501,107721.17472483877
101506,164885.2779383242
101512,107721.17472483877
101514,115255.59868404569
101515,115255.59868404569
101527,107721.17472483877
101552,116369.66270470421
101571,107721.17472483877
101583,107721.17472483877
101600,107721.17472483877
101601,107721.17472483877
101603,107721.17472483877
101614,107721.17472483877
101619,325848.33321228524
101642,184158.89339058736
101673,107721.17472483877
101680,316720.04731438105
101694,110853.0925113817
101702,110853.0925113817
101707,286623.00557776383
101720,107721.17472483877
101755,107721.17472483877
101770,107721.17472483877
101780,262703.54134261975
101785,107721.17472483877
101817,164885.2779383242
101913,107721.17472483877
101915,107721.17472483877
101919,109795.2626875708
101976,109795.2626875708
101987,107721.17472483877
102114,107721.17472483877
102116,175737.657032295
102197,194064.6757145571
102198,171626.83861104102
102217,242435.3618193737
102252,164885.2779383242
102299,279282.1216706033
102330,110853.0925113817
102350,110853.0925113817
102352,110853.0925113817
102353,110853.0925113817
102404,107721.17472483877
102405,107721.17472483877
102415,107721.17472483877
102420,164885.2779383242
102442,107721.17472483877
102475,276979.8731772138
102479,265953.5765162832
102511,247797.37101302366
102568,107721.17472483877
102580,148897.69803464643
102593,249060.43325975764
102598,110853.0925113817
102607,107721.17472483877
102637,107721.17472483877
102792,107721.17472483877
102794,107721.17472483877
102837,107721.17472483877
102890,119180.59082668961
102905,107721.17472483877
102910,107721.17472483877
102922,107721.17472483877
102985,107721.17472483877
103028,107721.17472483877
103115,107721.17472483877
103132,110853.0925113817
103138,119180.59082668961
103179,110853.0925113817
103199,109795.2626875708
103244,110853.0925113817
103246,110853.0925113817
103276,198133.1653208674
103283,107721.17472483877
103313,107721.17472483877
103362,262030.78216524716
103392,280602.307208021
103395,107721.17472483877
103428,148897.69803464643
103436,154910.20816729256
103463,107721.17472483877
103493,194469.92478376246
103495,327975.5207189723
103498,327975.5207189723
103504,194469.92478376246
103524,202046.57039248728
103527,322062.3272114717
103530,193977.05185047665
103532,164885.2779383242
103534,193977.05185047665
103540,164885.2779383242
103547,194469.92478376246
103555,164148.70873475558
103556,317334.7013773437
103557,164885.2779383242
103567,192821.00044782364
103568,194469.92478376246
103571,193977.05185047665
103577,193977.05185047665
103578,194469.92478376246
103579,204548.21448085227
103595,164148.70873475558
103601,193977.05185047665
103603,193977.05185047665
103604,193977.05185047665
103608,164885.2779383242
103614,173335.96138263174
103620,164885.2779383242
103625,194469.92478376246
103627,194469.92478376246
103678,194469.92478376246
103679,193977.05185047665
103685,344999.5034985007
103716,299320.010101305
103720,194469.92478376246
103778,194469.92478376246
103780,330647.25038865546
103785,334964.30799218523
103787,199058.98480370335
103815,148897.69803464643
103816,194469.92478376246
103821,194469.92478376246
103836,194469.92478376246
103845,194469.92478376246
103851,193977.05185047665
103858,194469.92478376246
103859,200448.2756589042
103862,192821.00044782364
103866,164885.2779383242
103873,164148.70873475558
103876,193313.87338110947
103879,194469.92478376246
103885,164885.2779383242
103889,164885.2779383242
103898,194469.92478376246
103899,194469.92478376246
103909,193977.05185047665
103911,193977.05185047665
103920,168873.58069771368
103927,194469.92478376246
103933,194469.92478376246
103946,193977.05185047665
103949,194469.92478376246
103950,193977.05185047665
103965,164148.70873475558
103997,193313.87338110947
104017,193977.05185047665
104028,156584.40554214967
104068,194469.92478376246
104077,193977.05185047665
104098,193977.05185047665
104099,194469.92478376246
104103,164148.70873475558
104135,193313.87338110947
104141,194469.92478376246
104148,194469.92478376246
104149,194469.92478376246
104151,194469.92478376246
104154,194469.92478376246
104161,194469.92478376246
104163,194469.92478376246
104165,194469.92478376246
104195,194469.92478376246
104205,194469.92478376246
104218,311279.98492514895
104238,164148.70873475558
104245,194469.92478376246
104248,194469.92478376246
104252,199061.67367871493
104265,194469.92478376246
104266,207596.86869548805
104273,193313.87338110947
104274,194469.92478376246
104286,334964.30799218523
104290,194469.92478376246
104293,334964.30799218523
104299,164885.2779383242
104309,164885.2779383242
104326,194469.92478376246
104345,330915.1486358966
104359,194469.92478376246
104368,193977.05185047665
104379,346228.9678282257
104381,194469.92478376246
104403,164148.70873475558
104414,164885.2779383242
104417,192821.00044782364
104419,194469.92478376246
104431,200448.2756589042
104439,164885.2779383242
104445,193313.87338110947
104447,194469.92478376246
104451,242760.2208625693
104454,164885.2779383242
104456,157830.05041240616
104465,194469.92478376246
104473,194469.92478376246
104489,302467.41427163535
104492,207779.0899323513
104513,195952.32862768564
104517,194469.92478376246
104519,148897.69803464643
104523,168873.58069771368
104524,194469.92478376246
104526,148897.69803464643
104533,194469.92478376246
104538,194469.92478376246
104539,194469.92478376246
104545,164885.2779383242
104561,194469.92478376246
104598,194469.92478376246
104599,194469.92478376246
104611,302467.41427163535
104613,164885.2779383242
104623,194469.92478376246
104627,329801.786442933
104628,117556.27561249438
104629,329801.786442933
104630,329801.786442933
104640,329801.786442933
104641,329801.786442933
104642,329801.786442933
104665,148897.69803464643
104804,200448.2756589042
104847,338916.72229164524
104861,204548.21448085227
104862,194469.92478376246
104863,207596.86869548805
104896,194469.92478376246
104899,194469.92478376246
104901,164885.2779383242
104906,164885.2779383242
104922,194469.92478376246
104924,194469.92478376246
104925,194469.92478376246
104930,164885.2779383242
104935,195952.32862768564
104936,196559.84608605376
104964,194469.92478376246
104965,194469.92478376246
104970,197145.61953454476
104973,197145.61953454476
104975,194469.92478376246
104979,164885.2779383242
104995,193977.05185047665
104996,193977.05185047665
104998,164885.2779383242
104999,164885.2779383242
105000,164885.2779383242
105024,194469.92478376246
105029,193977.05185047665
105037,193977.05185047665
105038,339823.0445702429
105039,194469.92478376246
105049,355976.2573389753
105057,194469.92478376246
105061,194469.92478376246
105065,193977.05185047665
105076,193977.05185047665
105091,194469.92478376246
105116,193977.05185047665
105136,194469.92478376246
105143,193977.05185047665
105151,317466.74684506876
105160,164148.70873475558
105162,193313.87338110947
105170,194469.92478376246
105172,194469.92478376246
105179,194469.92478376246
105184,194469.92478376246
105185,195952.32862768564
105197,164885.2779383242
105202,203628.576920319
105231,337543.5016711448
105232,268975.5798901795
105235,194469.92478376246
105249,204548.21448085227
105258,164885.2779383242
105259,347273.4420786554
105272,193977.05185047665
105287,164148.70873475558
105293,168873.58069771368
105304,194469.92478376246
105314,193977.05185047665
105315,194469.92478376246
105328,194469.92478376246
105341,194469.92478376246
105344,193977.05185047665
105349,194469.92478376246
105350,317334.7013773437
105351,194469.92478376246
105362,194469.92478376246
105376,194469.92478376246
105386,192821.00044782364
105392,360063.7338001534
105401,194469.92478376246
105409,194469.92478376246
105414,194469.92478376246
105418,360063.7338001534
105419,195952.32862768564
105425,194469.92478376246
105440,194469.92478376246
105447,164148.70873475558
105448,164148.70873475558
105452,325848.33321228524
105463,194469.92478376246
105464,194469.92478376246
105465,194469.92478376246
105524,193977.05185047665
105526,164885.2779383242
105531,200448.2756589042
105536,342101.8509217698
105557,334964.30799218523
105633,194469.92478376246
105635,193313.87338110947
105637,194469.92478376246
105674,194469.92478376246
105681,200448.2756589042
105703,197145.61953454476
105704,197145.61953454476
105705,197145.61953454476
105706,203527.64594146798
105711,204548.21448085227
105712,204548.21448085227
105719,193977.05185047665
105728,194469.92478376246
105734,194469.92478376246
105735,193313.87338110947
105745,194469.92478376246
105749,355653.29174081667
105764,194469.92478376246
105765,343906.21022052533
105768,194469.92478376246
105772,194469.92478376246
105778,194469.92478376246
105779,193977.05185047665
105785,194469.92478376246
105790,193313.87338110947
105806,194469.92478376246
105827,194469.92478376246
105831,329801.786442933
105845,194469.92478376246
105848,193977.05185047665
105852,194469.92478376246
105865,344812.532499123
105874,194469.92478376246
105906,194469.92478376246
105910,317466.74684506876
105915,164148.70873475558
105929,166792.44003232647
105945,200448.2756589042
105946,194469.92478376246
105947,168225.29562232026
105948,194469.92478376246
105954,194469.92478376246
105990,193977.05185047665
106000,194469.92478376246
106016,194469.92478376246
106030,164148.70873475558
106034,193977.05185047665
106035,164148.70873475558
106040,360063.7338001534
106074,164885.2779383242
106139,194469.92478376246
106142,194469.92478376246
106155,193977.05185047665
106168,200448.2756589042
106177,317417.92781752313
106183,194469.92478376246
106184,195952.32862768564
106185,194469.92478376246
106201,194469.92478376246
106215,193977.05185047665
106233,194469.92478376246
106235,193977.05185047665
106236,198699.48094522048
106239,194469.92478376246
106241,311279.98492514895
106242,311279.98492514895
106243,194469.92478376246
106254,212631.52632195194
106259,164148.70873475558
106263,194469.92478376246
106281,200448.2756589042
106282,360063.7338001534
106292,194469.92478376246
106294,192821.00044782364
106343,117556.27561249438
106356,193977.05185047665
106359,194469.92478376246
106360,194469.92478376246
106362,194469.92478376246
106390,164148.70873475558
106391,199061.67367871493
106398,195952.32862768564
106442,164885.2779383242
106449,193977.05185047665
106456,194469.92478376246
106458,194469.92478376246
106467,194469.92478376246
106512,193977.05185047665
106522,194469.92478376246
106565,339020.64402036375
106572,193977.05185047665
106579,193977.05185047665
106587,194469.92478376246
106591,193313.87338110947
106599,325897.15223983093
106604,194469.92478376246
106618,193977.05185047665
106647,316501.79184581235
106654,339480.5683302823
106665,194469.92478376246
106668,316501.79184581235
106678,193313.87338110947
106685,194469.92478376246
106707,194469.92478376246
106727,194469.92478376246
106760,193070.07530812922
106776,193070.07530812922
106780,192437.31040295237
106781,167436.31769455076
106783,167436.31769455076
106784,167436.31769455076
106790,167436.31769455076
106792,167436.31769455076
106819,167436.31769455076
106835,167436.31769455076
106845,187753.43968653516
106849,187753.43968653516
106857,167436.31769455076
106858,167436.31769455076
106860,167436.31769455076
106862,193070.07530812922
106871,193070.07530812922
106881,193070.07530812922
106896,193070.07530812922
106900,167436.31769455076
106902,167436.31769455076
106907,168346.89070729847
106918,193070.07530812922
106925,167436.31769455076
106927,167436.31769455076
106929,167436.31769455076
106934,167436.31769455076
106948,167436.31769455076
106949,164110.80071495924
106951,171782.136033411
106954,167436.31769455076
106965,167436.31769455076
106975,193070.07530812922
106990,166787.2047483494
106992,167436.31769455076
107003,167436.31769455076
107004,172887.80778841258
107015,167436.31769455076
107016,167436.31769455076
107035,167436.31769455076
107058,164110.80071495924
107062,167436.31769455076
107071,193070.07530812922
107086,164110.80071495924
107093,167436.31769455076
107100,167436.31769455076
107122,193070.07530812922
107268,167436.31769455076
107275,167436.31769455076
107357,167436.31769455076
107361,167436.31769455076
107393,167436.31769455076
107395,193070.07530812922
107412,167436.31769455076
107416,167436.31769455076
107428,167436.31769455076
107452,167436.31769455076
107454,193070.07530812922
107464,167436.31769455076
107467,167436.31769455076
107469,167436.31769455076
107470,167436.31769455076
107472,167436.31769455076
107473,167436.31769455076
107487,193070.07530812922
107489,193070.07530812922
107495,167436.31769455076
107497,171749.9380144833
107501,167436.31769455076
107506,167311.02399635743
107510,167311.02399635743
107520,167436.31769455076
107551,187122.01829443016
107556,167436.31769455076
107572,167436.31769455076
107584,167436.31769455076
107594,167436.31769455076
107595,167436.31769455076
107601,167436.31769455076
107614,167436.31769455076
107616,193070.07530812922
107617,167436.31769455076
107619,193070.07530812922
107621,193070.07530812922
107650,190790.8108569827
107656,167436.31769455076
107678,167436.31769455076
107680,171749.9380144833
107684,167436.31769455076
107687,167436.31769455076
107690,192437.31040295237
107692,192437.31040295237
107693,192437.31040295237
107694,192437.31040295237
107695,192437.31040295237
107702,167436.31769455076
107712,190790.8108569827
107718,167436.31769455076
107722,167436.31769455076
107757,171782.136033411
107762,193070.07530812922
107769,164110.80071495924
107770,164110.80071495924
107771,193070.07530812922
107776,193070.07530812922
107778,190790.8108569827
107788,192437.31040295237
107792,167436.31769455076
107812,167436.31769455076
107831,167436.31769455076
107832,193070.07530812922
107863,172887.80778841258
107871,193070.07530812922
107873,193070.07530812922
107874,193070.07530812922
107875,193070.07530812922
107906,193070.07530812922
107915,193070.07530812922
107916,193070.07530812922
107917,193070.07530812922
107918,193070.07530812922
107919,193070.07530812922
107920,193070.07530812922
107998,193070.07530812922
108021,160103.28779082166
108137,171782.136033411
108190,167436.31769455076
108231,167436.31769455076
108235,167436.31769455076
108237,167436.31769455076
108246,190790.8108569827
108272,193070.07530812922
108277,176332.08303319992
108281,171749.9380144833
108283,193070.07530812922
108285,167436.31769455076
108340,181541.58126328661
108343,167436.31769455076
108401,187122.01829443016
108406,190790.8108569827
108408,185474.17523538857
108410,167436.31769455076
108429,193070.07530812922
108444,192437.31040295237
108447,192437.31040295237
108465,193070.07530812922
108468,167436.31769455076
108479,193070.07530812922
108496,190790.8108569827
108505,193070.07530812922
108512,167436.31769455076
108518,181541.58126328661
108519,192437.31040295237
108524,167436.31769455076
108527,167436.31769455076
108528,167436.31769455076
108545,167436.31769455076
108548,167436.31769455076
108551,193070.07530812922
108557,167436.31769455076
108558,193070.07530812922
108574,167436.31769455076
108580,193070.07530812922
108581,193070.07530812922
108589,167436.31769455076
108654,167436.31769455076
108658,193070.07530812922
108757,167436.31769455076
108771,167436.31769455076
108778,167436.31769455076
108802,167436.31769455076
108814,193070.07530812922
108816,171749.9380144833
108817,193070.07530812922
108832,167436.31769455076
108855,167436.31769455076
108867,181541.58126328661
108886,167436.31769455076
108900,167436.31769455076
108916,167311.02399635743
108948,167436.31769455076
108960,167436.31769455076
108962,167436.31769455076
108983,193070.07530812922
108984,193070.07530812922
108992,167436.31769455076
108993,167436.31769455076
109002,167436.31769455076
109051,193070.07530812922
109135,167436.31769455076
109157,167436.31769455076
109160,190676.00944466173
109175,167436.31769455076
109189,193070.07530812922
109236,193070.07530812922
109250,193070.07530812922
109251,193070.07530812922
109254,167436.31769455076
109323,167436.31769455076
109368,164110.80071495924
109384,167436.31769455076
109388,167436.31769455076
109389,193070.07530812922
109414,167436.31769455076
109434,164110.80071495924
109448,193070.07530812922
109454,193070.07530812922
109455,193070.07530812922
109456,193070.07530812922
109478,167436.31769455076
109488,193070.07530812922
109499,167436.31769455076
109504,167436.31769455076
109509,167436.31769455076
109523,167436.31769455076
109524,167436.31769455076
109525,167436.31769455076
109526,167436.31769455076
109534,193070.07530812922
109546,167436.31769455076
109566,167436.31769455076
109570,167436.31769455076
109577,167436.31769455076
109586,193070.07530812922
109589,167436.31769455076
109597,167436.31769455076
109608,145572.08864273826
109624,143913.3759803071
109633,206031.50447726014
109634,145572.08864273826
109650,217951.4075396459
109651,217951.4075396459
109653,217951.4075396459
109654,217951.4075396459
109656,202044.73771571115
109658,217951.4075396459
109659,145572.08864273826
109661,145572.08864273826
109667,217951.4075396459
109672,217951.4075396459
109673,217951.4075396459
109674,217951.4075396459
109675,217951.4075396459
109690,217951.4075396459
109698,145133.042267798
109703,206031.50447726014
109710,173373.69760635038
109711,205523.77770480988
109724,181166.14908038397
109729,217951.4075396459
109736,143913.3759803071
109777,205102.46164515265
109778,181166.14908038397
109779,196380.5308084117
109780,162907.0640196935
109781,205523.77770480988
109794,217951.4075396459
109860,205523.77770480988
109861,145572.08864273826
109867,217951.4075396459
109868,217951.4075396459
109876,217951.4075396459
109891,142495.0224483927
109896,217951.4075396459
109903,198363.85937577672
109905,217951.4075396459
109915,217951.4075396459
109925,144825.16098457522
109959,198363.85937577672
109962,202044.73771571115
109985,193614.8101908318
109986,193614.8101908318
110001,193614.8101908318
110013,205523.77770480988
110024,205523.77770480988
110041,144510.10256748283
110055,217951.4075396459
110056,217951.4075396459
110060,217951.4075396459
110065,181166.14908038397
110079,208772.2428148451
110092,217951.4075396459
110099,198363.85937577672
110108,143913.3759803071
110121,217951.4075396459
110130,203427.13138574592
110132,217951.4075396459
110135,217951.4075396459
110136,217951.4075396459
110137,217951.4075396459
110138,217951.4075396459
110139,217951.4075396459
110148,217951.4075396459
110150,217951.4075396459
110158,217951.4075396459
110160,143913.3759803071
110161,143913.3759803071
110180,203427.13138574592
110223,145572.08864273826
110226,217951.4075396459
110236,144510.10256748283
110248,217951.4075396459
110295,162310.33743251776
110319,143913.3759803071
110327,181166.14908038397
110330,217951.4075396459
110335,217951.4075396459
110345,206031.50447726014
110348,145572.08864273826
110349,145572.08864273826
110351,205102.46164515265
110355,203173.59108609174
110365,198363.85937577672
110380,162310.33743251776
110387,217951.4075396459
110392,217951.4075396459
110393,162310.33743251776
110403,143913.3759803071
110452,203173.59108609174
110462,198363.85937577672
110538,194168.0698339139
110626,196380.5308084117
110628,196380.5308084117
110631,145572.08864273826
110642,217951.4075396459
110672,144825.16098457522
110695,196380.5308084117
110698,143913.3759803071
110716,217951.4075396459
110725,217951.4075396459
110733,144825.16098457522
110742,203173.59108609174
110743,202044.73771571115
110747,217951.4075396459
110758,213631.98893376478
110769,217951.4075396459
110780,162749.383807458
110790,144825.16098457522
110791,144825.16098457522
110792,198363.85937577672
110795,144825.16098457522
110796,143913.3759803071
110797,143913.3759803071
110798,143913.3759803071
110803,217951.4075396459
110807,193614.8101908318
110817,217951.4075396459
110824,144825.16098457522
110854,217951.4075396459
110872,203173.59108609174
110875,144352.4223552473
110883,202665.86431364145
110902,193614.8101908318
110903,193614.8101908318
110912,205523.77770480988
110914,217951.4075396459
110923,144510.10256748283
110934,217951.4075396459
110938,208772.2428148451
110939,208772.2428148451
110945,217951.4075396459
110948,215461.0973637538
110949,215461.0973637538
110964,162907.0640196935
110980,143913.3759803071
110983,145133.042267798
110992,217951.4075396459
110993,217951.4075396459
110999,217951.4075396459
111000,217951.4075396459
111001,217951.4075396459
111003,217951.4075396459
111005,217951.4075396459
111008,217951.4075396459
111009,217951.4075396459
111014,143913.3759803071
111018,217951.4075396459
111023,143913.3759803071
111031,208772.2428148451
111035,217951.4075396459
111054,143091.7490355684
111059,217951.4075396459
111079,143913.3759803071
111113,217951.4075396459
111114,217951.4075396459
111117,217951.4075396459
111118,217951.4075396459
111119,217951.4075396459
111120,217951.4075396459
111122,217951.4075396459
111123,217951.4075396459
111124,217951.4075396459
111125,217951.4075396459
111127,217951.4075396459
111129,144510.10256748283
111143,205523.77770480988
111147,217951.4075396459
111148,217951.4075396459
111166,162310.33743251776
111167,217951.4075396459
111168,217951.4075396459
111191,143913.3759803071
111196,144825.16098457522
111197,144825.16098457522
111199,143913.3759803071
111208,217951.4075396459
111216,174597.04281567768
111252,202044.73771571115
111255,143913.3759803071
111319,217951.4075396459
111384,217951.4075396459
111386,202044.73771571115
111388,217951.4075396459
111389,217951.4075396459
111394,193614.8101908318
111395,193614.8101908318
111435,193614.8101908318
111446,149829.8009932664
111457,196380.5308084117
111459,217951.4075396459
111463,217951.4075396459
111477,198363.85937577672
111496,143913.3759803071
111506,217951.4075396459
111507,144510.10256748283
111510,144825.16098457522
111512,143913.3759803071
111523,193614.8101908318
111530,198363.85937577672
111531,217951.4075396459
111534,206031.50447726014
111538,143091.7490355684
111554,203934.8581581962
111573,217951.4075396459
111590,217951.4075396459
111598,217951.4075396459
111608,217951.4075396459
111611,181166.14908038397
111621,203173.59108609174
111628,217951.4075396459
111629,217951.4075396459
111633,146243.5145164896
111636,217951.4075396459
111637,217951.4075396459
111658,217951.4075396459
111665,198363.85937577672
111697,217951.4075396459
111703,217951.4075396459
111774,162907.0640196935
111775,217951.4075396459
111820,162907.0640196935
111839,177651.0518120481
111846,217951.4075396459
111850,217951.4075396459
111856,183155.91166839947
111860,217951.4075396459
111865,167436.31769455076
111883,217951.4075396459
111884,217951.4075396459
111885,217951.4075396459
111894,217951.4075396459
111915,212090.60955414906
111924,205102.46164515265
111939,215461.0973637538
111954,193614.8101908318
111965,143913.3759803071
111970,217951.4075396459
111976,143913.3759803071
111987,217951.4075396459
111988,217951.4075396459
112051,198363.85937577672
112063,217951.4075396459
112068,193614.8101908318
112075,145572.08864273826
112157,217951.4075396459
112162,217951.4075396459
112163,217951.4075396459
112227,217951.4075396459
112230,217951.4075396459
112247,196380.5308084117
112271,193614.8101908318
112297,202044.73771571115
112315,143913.3759803071
112335,206604.2269991532
112353,209462.14039032164
112355,228790.272554427
112367,209462.14039032164
112375,211636.24284956045
112378,211636.24284956045
112388,207997.6693567449
112412,209877.5036893456
112424,224714.44524622697
112431,207365.4940712577
112465,209462.14039032164
112466,209462.14039032164
112474,209462.14039032164
112486,209462.14039032164
112510,207997.6693567449
112511,207997.6693567449
112512,207997.6693567449
112657,222211.86384931582
112663,222211.86384931582
112673,209462.14039032164
112680,207365.4940712577
112681,206604.2269991532
112694,222211.86384931582
112696,207997.6693567449
112713,207997.6693567449
112716,209877.5036893456
112718,209877.5036893456
112720,207997.6693567449
112726,207997.6693567449
112744,207997.6693567449
112748,207997.6693567449
112755,206604.2269991532
112757,228790.272554427
112780,206604.2269991532
112793,227257.61415693664
112796,222211.86384931582
112816,214909.51953975286
112822,211636.24284956045
112823,211636.24284956045
112825,211636.24284956045
112828,228790.272554427
112851,224714.44524622697
112872,212402.51014099267
112874,222211.86384931582
112921,227257.61415693664
112925,211636.24284956045
112926,207997.6693567449
112928,211636.24284956045
112929,211636.24284956045
112930,211636.24284956045
112933,224714.44524622697
112938,208297.94154310928
112960,207997.6693567449
112963,207997.6693567449
112970,207997.6693567449
112974,222211.86384931582
112986,207365.4940712577
112987,207365.4940712577
113022,207997.6693567449
113037,212402.51014099267
113109,207997.6693567449
113113,211636.24284956045
113114,211636.24284956045
113163,206604.2269991532
113169,206604.2269991532
113181,209877.5036893456
113206,207365.4940712577
113207,207365.4940712577
113230,207365.4940712577
113231,222211.86384931582
113246,210855.58274791337
113248,207365.4940712577
113313,206604.2269991532
113314,206604.2269991532
113315,206604.2269991532
113320,207997.6693567449
113322,207997.6693567449
113323,207997.6693567449
113326,207997.6693567449
113329,207997.6693567449
113465,222211.86384931582
113468,211636.24284956045
113478,207997.6693567449
113488,211636.24284956045
113491,207365.4940712577
113503,206604.2269991532
113552,208297.94154310928
113568,207365.4940712577
113608,207997.6693567449
113613,206604.2269991532
113616,206604.2269991532
113617,206604.2269991532
113630,207997.6693567449
113644,209462.14039032164
113645,209462.14039032164
113657,228790.272554427
113662,222211.86384931582
113668,212735.41708051405
113703,207997.6693567449
113704,207997.6693567449
113706,222211.86384931582
113711,208183.32728445568
113750,212402.51014099267
113752,206604.2269991532
113762,222211.86384931582
113804,211636.24284956045
113809,224714.44524622697
113813,207365.4940712577
113831,206604.2269991532
113871,209462.14039032164
113884,207997.6693567449
113888,206604.2269991532
113890,206604.2269991532
113909,209877.5036893456
113922,222211.86384931582
113950,211636.24284956045
113957,222211.86384931582
113995,209877.5036893456
114001,209877.5036893456
114002,209877.5036893456
114007,207365.4940712577
114030,207997.6693567449
114031,207997.6693567449
114139,207365.4940712577
114172,211636.24284956045
114187,211636.24284956045
114200,206604.2269991532
114204,206604.2269991532
114217,207365.4940712577
114242,207365.4940712577
114253,208572.83536550307
114266,208758.93642884944
114276,207997.6693567449
114334,207997.6693567449
114335,207997.6693567449
114336,207997.6693567449
114337,209877.5036893456
114377,212735.41708051405
114379,222211.86384931582
114396,211636.24284956045
114401,207365.4940712577
114405,208183.32728445568
114407,208183.32728445568
114431,211636.24284956045
114432,211636.24284956045
114440,207997.6693567449
114449,209462.14039032164
114454,207997.6693567449
114458,228790.272554427
114461,207997.6693567449
114468,224714.44524622697
114560,207997.6693567449
114619,206604.2269991532
114634,206604.2269991532
114649,211636.24284956045
114650,206604.2269991532
114658,206604.2269991532
114661,224714.44524622697
114676,206604.2269991532
114684,227257.61415693664
114688,209877.5036893456
114690,222211.86384931582
114698,222211.86384931582
114702,207997.6693567449
114711,208572.83536550307
114717,207997.6693567449
114721,206604.2269991532
114728,207365.4940712577
114732,206604.2269991532
114736,207365.4940712577
114748,207997.6693567449
114764,222211.86384931582
114780,207997.6693567449
114781,206604.2269991532
114790,206604.2269991532
114804,207997.6693567449
114809,224714.44524622697
114812,212735.41708051405
114816,207997.6693567449
114839,206604.2269991532
114847,207365.4940712577
114884,227257.61415693664
114886,222211.86384931582
114887,222211.86384931582
114893,228790.272554427
114904,113737.70759540213
114941,136013.9370005451
114950,138385.9012044477
114969,161316.71808263613
114993,117556.27561249438
114997,135813.67526140684
115004,164885.2779383242
115020,134915.2342124412
115025,110853.0925113817
115027,134346.63511620567
115078,117556.27561249438
115080,117556.27561249438
115081,117556.27561249438
115082,117556.27561249438
115085,117556.27561249438
115086,117556.27561249438
115087,117556.27561249438
115088,117556.27561249438
115093,161316.71808263613
115098,110853.0925113817
115099,110853.0925113817
115100,110853.0925113817
115178,107721.17472483877
115179,107721.17472483877
115181,107721.17472483877
115243,161316.71808263613
115261,109323.4173426733
115279,110853.0925113817
115316,107721.17472483877
115318,107721.17472483877
115360,117425.09576460216
115394,134915.2342124412
115403,135813.67526140684
115408,110853.0925113817
115412,107721.17472483877
115417,107721.17472483877
115418,107721.17472483877
115422,107721.17472483877
115479,164885.2779383242
115480,164885.2779383242
115481,164885.2779383242
115482,164885.2779383242
115483,164885.2779383242
115485,164885.2779383242
115488,164885.2779383242
115505,107721.17472483877
115506,107721.17472483877
115507,107721.17472483877
115508,107721.17472483877
115509,107721.17472483877
115510,107721.17472483877
115511,107721.17472483877
115512,107721.17472483877
115514,107721.17472483877
115515,107721.17472483877
115516,107721.17472483877
115517,107721.17472483877
115528,107721.17472483877
115536,107721.17472483877
115537,107721.17472483877
115538,107721.17472483877
115539,107721.17472483877
115541,107721.17472483877
115542,107721.17472483877
115543,107721.17472483877
115544,107721.17472483877
115545,107721.17472483877
115548,109323.4173426733
115551,107721.17472483877
115552,107721.17472483877
115553,107721.17472483877
115554,107721.17472483877
115555,107721.17472483877
115559,110853.0925113817
115597,110853.0925113817
115598,110853.0925113817
115642,107721.17472483877
115652,110853.0925113817
115780,108729.37084632592
115818,107721.17472483877
115896,107721.17472483877
115898,107721.17472483877
115900,107721.17472483877
115902,107721.17472483877
115910,164885.2779383242
115927,107721.17472483877
115980,164885.2779383242
115983,147862.26445490977
116008,107721.17472483877
116056,110853.0925113817
116064,107721.17472483877
116065,107721.17472483877
116066,107721.17472483877
116067,107721.17472483877
116068,107721.17472483877
116069,107721.17472483877
116071,107721.17472483877
116072,107721.17472483877
116094,110853.0925113817
116099,107721.17472483877
116105,140382.7869806218
116152,164885.2779383242
116154,164885.2779383242
116173,107721.17472483877
116174,107721.17472483877
116175,107721.17472483877
116176,107721.17472483877
116178,107721.17472483877
116179,107721.17472483877
116189,107721.17472483877
116190,107721.17472483877
116196,107721.17472483877
116197,107721.17472483877
116198,107721.17472483877
116199,107721.17472483877
116205,110853.0925113817
116269,110853.0925113817
116350,108729.37084632592
116434,109323.4173426733
116435,107721.17472483877
116446,109323.4173426733
116471,140382.7869806218
116501,107721.17472483877
116506,107721.17472483877
116507,107721.17472483877
116508,107721.17472483877
116509,107721.17472483877
116547,107721.17472483877
116562,108729.37084632592
116581,110853.0925113817
116634,109323.4173426733
116635,109323.4173426733
116661,107721.17472483877
116675,136013.9370005451
116690,138385.9012044477
116706,109323.4173426733
116787,107721.17472483877
116890,107721.17472483877
116909,109323.4173426733
116920,137037.15354372023
116926,166787.2047483494
116932,136318.33155316336
116934,163581.9416974759
116937,148843.49399758579
116940,148843.49399758579
116941,148843.49399758579
116942,148843.49399758579
116944,148843.49399758579
116945,157245.6605316372
116947,137876.3669142417
116948,137876.3669142417
116950,159373.48342438976
116957,166787.2047483494
116958,166787.2047483494
116959,166787.2047483494
116960,136013.9370005451
116981,136013.9370005451
116988,136013.9370005451
116992,136013.9370005451
117046,166787.2047483494
117055,136318.33155316336
117076,136013.9370005451
117077,136013.9370005451
117078,136013.9370005451
117093,164148.70873475558
117127,136318.33155316336
117128,136318.33155316336
117137,155516.92355581117
117140,166787.2047483494
117145,159373.48342438976
117174,157245.6605316372
117188,159373.48342438976
117201,166787.2047483494
117212,164148.70873475558
117216,144544.64054257178
117220,136318.33155316336
117222,136318.33155316336
117224,136318.33155316336
117225,136318.33155316336
117226,136318.33155316336
117227,137037.15354372023
117232,136318.33155316336
117236,136013.9370005451
117238,164148.70873475558
117239,138141.75989329765
117245,136013.9370005451
117246,166787.2047483494
117247,166787.2047483494
117253,166787.2047483494
117263,137876.3669142417
117265,163363.36154232186
117272,137037.15354372023
117275,155346.84168929153
117278,136013.9370005451
117288,166787.2047483494
117290,136013.9370005451
117313,154887.894587868
117317,136013.9370005451
117318,136013.9370005451
117325,136013.9370005451
117326,136013.9370005451
117328,136013.9370005451
117331,136013.9370005451
117333,136013.9370005451
117335,136013.9370005451
117345,136013.9370005451
117346,136013.9370005451
117349,138141.75989329765
117359,136013.9370005451
117365,136318.33155316336
117374,166787.2047483494
117416,136318.33155316336
117511,136013.9370005451
117513,136013.9370005451
117514,136013.9370005451
117589,136013.9370005451
117619,136318.33155316336
117632,154887.894587868
117680,136013.9370005451
117682,136013.9370005451
117688,137037.15354372023
117714,136318.33155316336
117716,136013.9370005451
117718,136013.9370005451
117719,136013.9370005451
117746,136318.33155316336
117750,138141.75989329765
117752,136013.9370005451
117759,166787.2047483494
117772,136013.9370005451
117777,160103.28779082166
117785,136013.9370005451
117788,136013.9370005451
117796,160412.03817468512
117797,159220.51432624564
117803,136013.9370005451
117808,136013.9370005451
117810,154887.894587868
117821,166787.2047483494
117846,166787.2047483494
117847,166787.2047483494
117848,166787.2047483494
117849,166787.2047483494
117850,166787.2047483494
117851,166787.2047483494
117853,136013.9370005451
117875,156149.36788851913
117888,157015.71748062057
117900,136013.9370005451
117903,157245.6605316372
117906,136013.9370005451
117917,136013.9370005451
117918,155516.92355581117
117919,155516.92355581117
117925,139459.15659243974
117927,154887.894587868
117931,136013.9370005451
117935,157644.7464485637
117945,166787.2047483494
117953,157245.6605316372
117956,136013.9370005451
117964,136013.9370005451
117965,136013.9370005451
117966,136013.9370005451
117967,136013.9370005451
117968,136013.9370005451
117969,136013.9370005451
117970,136013.9370005451
117974,136013.9370005451
117984,136013.9370005451
117999,136013.9370005451
118001,166787.2047483494
118006,136013.9370005451
118010,154887.894587868
118020,166787.2047483494
118023,163770.21988267082
118027,136013.9370005451
118030,157015.71748062057
118048,136013.9370005451
118049,136013.9370005451
118056,136318.33155316336
118060,164148.70873475558
118061,136013.9370005451
118062,166787.2047483494
118067,136013.9370005451
118091,136318.33155316336
118094,136318.33155316336
118095,137037.15354372023
118096,136318.33155316336
118097,136318.33155316336
118098,136318.33155316336
118099,137037.15354372023
118100,136318.33155316336
118101,136318.33155316336
118104,136013.9370005451
118109,135812.56918499115
118116,136013.9370005451
118118,136013.9370005451
118125,166787.2047483494
118126,166787.2047483494
118130,166787.2047483494
118132,166787.2047483494
118133,166787.2047483494
118141,166787.2047483494
118148,137876.3669142417
118149,137876.3669142417
118151,137037.15354372023
118157,157550.05508425547
118163,136013.9370005451
118165,156050.79721990984
118168,166787.2047483494
118169,166787.2047483494
118170,166787.2047483494
118178,166787.2047483494
118180,155516.92355581117
118182,155516.92355581117
118186,137876.3669142417
118192,159373.48342438976
118196,137037.15354372023
118198,164148.70873475558
118209,136013.9370005451
118218,136013.9370005451
118229,136013.9370005451
118230,136013.9370005451
118244,136013.9370005451
118250,137617.94064528964
118255,166787.2047483494
118316,136013.9370005451
118319,136013.9370005451
118320,136013.9370005451
118323,167436.31769455076
118437,167436.31769455076
118449,163581.9416974759
118461,157550.05508425547
118491,136013.9370005451
118511,138141.75989329765
118533,138141.75989329765
118555,137876.3669142417
118562,136318.33155316336
118575,136013.9370005451
118578,163770.21988267082
118589,136013.9370005451
118590,136013.9370005451
118612,136013.9370005451
118617,136318.33155316336
118627,137876.3669142417
118637,136013.9370005451
118646,137876.3669142417
118647,137876.3669142417
118650,164148.70873475558
118659,157550.05508425547
118668,166787.2047483494
118669,136013.9370005451
118701,136013.9370005451
118704,166787.2047483494
118826,136013.9370005451
118866,163581.9416974759
118867,136013.9370005451
118869,136013.9370005451
118870,136013.9370005451
118871,136013.9370005451
118872,136013.9370005451
118881,163581.9416974759
118893,166787.2047483494
118894,136318.33155316336
118897,166787.2047483494
118899,136318.33155316336
118908,136013.9370005451
118923,159373.48342438976
118944,154887.894587868
118965,166787.2047483494
118987,157550.05508425547
119087,136013.9370005451
119092,157015.71748062057
119098,166787.2047483494
119099,166787.2047483494
119143,136013.9370005451
119180,136013.9370005451
119190,136013.9370005451
119207,136013.9370005451
119217,166787.2047483494
119236,167436.31769455076
119246,167436.31769455076
119247,191922.1369600518
119248,163737.5098015057
119251,167436.31769455076
119252,167436.31769455076
119255,167436.31769455076
119259,167436.31769455076
119262,193265.09931453783
119264,167436.31769455076
119275,167436.31769455076
119284,167436.31769455076
119285,167436.31769455076
119291,167436.31769455076
119294,167436.31769455076
119305,167436.31769455076
119306,190515.6539211578
119311,163679.8281540095
119326,164296.88246732173
119328,167436.31769455076
119334,167436.31769455076
119338,167436.31769455076
119341,167436.31769455076
119343,166787.2047483494
119345,167436.31769455076
119346,167436.31769455076
119348,167436.31769455076
119351,167436.31769455076
119374,167436.31769455076
119389,163947.8012751418
119397,163947.8012751418
119398,163947.8012751418
119401,163947.8012751418
119402,167436.31769455076
119403,163947.8012751418
119406,167436.31769455076
119446,163891.84863065465
119505,163837.12241955032
119514,163837.12241955032
119515,163837.12241955032
119516,163837.12241955032
119529,167436.31769455076
119549,163947.8012751418
119561,167436.31769455076
119562,164684.55145434197
119567,163947.8012751418
119572,193614.8101908318
119573,167436.31769455076
119574,167436.31769455076
119575,167436.31769455076
119590,167436.31769455076
119591,167436.31769455076
119605,205743.73836712516
119606,205743.73836712516
119608,209236.62998390928
119609,197987.52840928172
119611,211262.0660869985
119613,193265.09931453783
119621,167436.31769455076
119637,193614.8101908318
119641,166787.2047483494
119647,167436.31769455076
119648,167436.31769455076
119649,167436.31769455076
119650,193614.8101908318
119656,167436.31769455076
119657,167436.31769455076
119658,167436.31769455076
119673,167436.31769455076
119676,167436.31769455076
119680,167436.31769455076
119683,167436.31769455076
119685,193265.09931453783
119703,193265.09931453783
119709,167436.31769455076
119712,166787.2047483494
119724,167436.31769455076
119731,167436.31769455076
119733,167436.31769455076
119735,167436.31769455076
119748,190515.6539211578
119750,190515.6539211578
119754,167436.31769455076
119759,167436.31769455076
119765,191922.1369600518
119768,167436.31769455076
119770,167436.31769455076
119771,167436.31769455076
119792,167436.31769455076
119794,167436.31769455076
119796,167436.31769455076
119798,164296.88246732173
119804,167436.31769455076
119809,167436.31769455076
119811,164296.88246732173
119813,167436.31769455076
119821,167436.31769455076
119824,167436.31769455076
119825,167436.31769455076
119826,167436.31769455076
119830,167436.31769455076
119831,167436.31769455076
119832,167436.31769455076
119833,167436.31769455076
119834,167436.31769455076
119835,167436.31769455076
119842,167436.31769455076
119847,163891.84863065465
119848,167436.31769455076
119857,167436.31769455076
119871,167436.31769455076
119872,167436.31769455076
119873,167436.31769455076
119876,167436.31769455076
119884,193614.8101908318
119931,167436.31769455076
119932,167436.31769455076
119933,167436.31769455076
119934,167436.31769455076
119937,167436.31769455076
119938,167436.31769455076
119939,167436.31769455076
119944,167436.31769455076
120014,163891.84863065465
120072,166787.2047483494
120077,167436.31769455076
120105,167436.31769455076
120107,167436.31769455076
120111,167436.31769455076
120124,163770.21988267082
120132,193265.09931453783
120133,163947.8012751418
120141,167436.31769455076
120165,193265.09931453783
120166,193265.09931453783
120169,167436.31769455076
120176,191922.1369600518
120177,191922.1369600518
120180,167436.31769455076
120181,167436.31769455076
120193,167436.31769455076
120194,167436.31769455076
120196,167436.31769455076
120205,167436.31769455076
120206,167436.31769455076
120207,162749.383807458
120208,162749.383807458
120218,191922.1369600518
120223,193614.8101908318
120231,163770.21988267082
120261,167436.31769455076
120262,167436.31769455076
120263,166787.2047483494
120269,167436.31769455076
120273,167436.31769455076
120279,167436.31769455076
120295,163770.21988267082
120298,162749.383807458
120302,190515.6539211578
120304,190515.6539211578
120305,190515.6539211578
120306,190515.6539211578
120311,190515.6539211578
120312,190515.6539211578
120314,167436.31769455076
120320,167436.31769455076
120326,167436.31769455076
120327,164148.70873475558
120337,164148.70873475558
120338,164148.70873475558
120339,164148.70873475558
120348,167436.31769455076
120349,167436.31769455076
120350,167436.31769455076
120363,164296.88246732173
120365,167436.31769455076
120371,167436.31769455076
120372,167436.31769455076
120378,193265.09931453783
120381,193265.09931453783
120383,167436.31769455076
120385,167436.31769455076
120414,163947.8012751418
120415,163947.8012751418
120417,167436.31769455076
120419,167436.31769455076
120421,167436.31769455076
120499,162142.44638794445
120500,166787.2047483494
120501,193614.8101908318
120515,166787.2047483494
120516,167436.31769455076
120545,167436.31769455076
120548,167436.31769455076
120561,167436.31769455076
120562,167436.31769455076
120564,167436.31769455076
120569,193265.09931453783
120590,193614.8101908318
120591,193614.8101908318
120592,163947.8012751418
120593,167436.31769455076
120596,167436.31769455076
120597,164148.70873475558
120608,167436.31769455076
120609,167436.31769455076
120614,193265.09931453783
120615,193265.09931453783
120616,193265.09931453783
120629,193265.09931453783
120642,191922.1369600518
120643,167436.31769455076
120646,191922.1369600518
120672,193614.8101908318
120675,163682.33934232997
120676,167436.31769455076
120678,162749.383807458
120687,167436.31769455076
120688,167436.31769455076
120689,167436.31769455076
120691,167436.31769455076
120692,167436.31769455076
120702,167436.31769455076
120715,190515.6539211578
120720,190515.6539211578
120735,162310.33743251776
120743,167436.31769455076
120744,162749.383807458
120745,167436.31769455076
120749,167436.31769455076
120756,165396.92565327464
120769,167436.31769455076
120803,167436.31769455076
120810,167436.31769455076
120822,167436.31769455076
120832,191922.1369600518
120833,191922.1369600518
120844,162749.383807458
120851,167436.31769455076
120886,167436.31769455076
120887,167436.31769455076
120895,193614.8101908318
120903,167436.31769455076
120905,167436.31769455076
120906,167436.31769455076
120910,162749.383807458
120916,167436.31769455076
120918,167436.31769455076
120920,167436.31769455076
120922,167436.31769455076
120924,167436.31769455076
120925,167436.31769455076
120926,167436.31769455076
120960,167436.31769455076
120970,167436.31769455076
120976,167436.31769455076
121014,171233.56489611545
121019,193614.8101908318
121021,166787.2047483494
121025,193614.8101908318
121030,184047.74685566712
121038,179739.4733616291
121041,183917.5028088306
121042,186096.67220602304
121043,186096.67220602304
121045,186096.67220602304
121046,186096.67220602304
121047,186096.67220602304
121048,186096.67220602304
121049,186096.67220602304
121050,186096.67220602304
121051,186096.67220602304
121061,180589.6697993269
121062,180589.6697993269
121064,180589.6697993269
121068,204425.0576019608
121070,204425.0576019608
121085,180589.6697993269
121097,181673.87585283426
121150,183917.5028088306
121158,181543.63180599775
121159,179739.4733616291
121169,181543.63180599775
121172,183540.02008321683
121187,180589.6697993269
121189,184782.30083526723
121192,204425.0576019608
121193,204425.0576019608
121195,182768.83919651926
121204,184583.60778206683
121208,184047.74685566712
121210,183917.5028088306
121219,184304.60313838383
121224,180589.6697993269
121235,186096.67220602304
121236,186096.67220602304
121238,186096.67220602304
121239,186096.67220602304
121240,186096.67220602304
121241,186096.67220602304
121242,186096.67220602304
121243,186096.67220602304
121244,180589.6697993269
121246,182395.0190537058
121249,184047.74685566712
121251,184583.60778206683
121256,184583.60778206683
121257,184583.60778206683
121258,184583.60778206683
121264,181255.77477256305
121265,180589.6697993269
121270,183722.80120319012
121274,179739.4733616291
121280,184304.60313838383
121282,183722.80120319012
121283,180589.6697993269
121286,180589.6697993269
121295,182768.83919651926
121296,184047.74685566712
121299,181673.87585283426
121300,181255.77477256305
121301,183917.5028088306
121307,181673.87585283426
121308,181673.87585283426
121311,182768.83919651926
121315,183917.5028088306
121320,179739.4733616291
121321,186096.67220602304
121323,204425.0576019608
121324,204425.0576019608
121331,204425.0576019608
121333,204425.0576019608
121335,204425.0576019608
121337,179739.4733616291
121338,179739.4733616291
121339,179739.4733616291
121343,179739.4733616291
121346,183917.5028088306
121347,183917.5028088306
121348,183917.5028088306
121350,183917.5028088306
121351,183917.5028088306
121352,183917.5028088306
121364,204425.0576019608
121365,204425.0576019608
121373,183917.5028088306
121375,179739.4733616291
121376,182255.6777880279
121377,183917.5028088306
121385,183917.5028088306
121397,182255.6777880279
121400,184583.60778206683
121402,180589.6697993269
121408,180589.6697993269
121444,178610.6199912485
121452,181747.95101557765
121455,180589.6697993269
121538,183917.5028088306
121544,182255.6777880279
121597,183917.5028088306
121647,179231.7465891788
121688,183540.02008321683
121697,179739.4733616291
121707,183917.5028088306
121708,183917.5028088306
121710,179739.4733616291
121716,178610.6199912485
121723,182918.89348528653
121739,179739.4733616291
121742,179739.4733616291
121746,179739.4733616291
121751,180589.6697993269
121756,182768.83919651926
121757,183269.23641131102
121765,182768.83919651926
121766,182768.83919651926
121767,182768.83919651926
121771,186096.67220602304
121777,182125.4337411914
121781,179231.7465891788
121787,180589.6697993269
121788,182255.6777880279
121793,184304.60313838383
121802,179739.4733616291
121807,183917.5028088306
121822,186096.67220602304
121824,183917.5028088306
121825,180589.6697993269
121826,180589.6697993269
121829,182255.6777880279
121843,184583.60778206683
121847,184583.60778206683
121848,184583.60778206683
121849,182768.83919651926
121850,183843.07422200206
121854,181255.77477256305
121857,181543.63180599775
121868,181543.63180599775
121878,182768.83919651926
121884,182255.6777880279
121892,180589.6697993269
121899,181747.95101557765
121900,181747.95101557765
121901,181747.95101557765
121909,182768.83919651926
121923,183061.12402694198
121927,181663.9048248097
121930,180589.6697993269
121932,180589.6697993269
121935,180589.6697993269
121941,184583.60778206683
121944,183917.5028088306
121948,183917.5028088306
121954,179739.4733616291
121964,184304.60313838383
121966,183917.5028088306
121970,179231.7465891788
121984,183917.5028088306
121993,181543.63180599775
122033,179231.7465891788
122036,205091.162575197
122044,178610.6199912485
122165,186096.67220602304
122166,186096.67220602304
122167,180589.6697993269
122168,181663.9048248097
122169,181663.9048248097
122195,180589.6697993269
122197,182768.83919651926
122214,183540.02008321683
122219,181543.63180599775
122225,184583.60778206683
122241,183917.5028088306
122249,181543.63180599775
122262,183540.02008321683
122277,181543.63180599775
122282,182255.6777880279
122294,184583.60778206683
122299,182395.0190537058
122302,182255.6777880279
122311,183917.5028088306
122313,181543.63180599775
122315,180589.6697993269
122318,179739.4733616291
122321,181286.42209919592
122322,181286.42209919592
122323,181543.63180599775
122330,204425.0576019608
122331,204425.0576019608
122332,204425.0576019608
122333,204425.0576019608
122337,181747.95101557765
122340,180589.6697993269
122347,183917.5028088306
122350,180589.6697993269
122351,183269.23641131102
122362,183917.5028088306
122370,184583.60778206683
122371,184583.60778206683
122373,184583.60778206683
122377,186096.67220602304
122382,182768.83919651926
122398,204425.0576019608
122404,183722.80120319012
122405,183917.5028088306
122410,185445.41590789205
122411,179739.4733616291
122412,182395.0190537058
122434,178610.6199912485
122442,179739.4733616291
122454,183917.5028088306
122458,183917.5028088306
122459,183917.5028088306
122467,183917.5028088306
122472,204425.0576019608
122474,183917.5028088306
122475,179231.7465891788
122500,181673.87585283426
122559,184047.74685566712
122560,181663.9048248097
122561,180589.6697993269
122586,180589.6697993269
122599,184583.60778206683
122602,182225.64871246106
122614,181543.63180599775
122616,181543.63180599775
122622,182255.6777880279
122637,182768.83919651926
122644,182768.83919651926
122647,180589.6697993269
122665,184583.60778206683
122667,182768.83919651926
122669,181255.77477256305
122687,183917.5028088306
122695,181255.77477256305
122699,204425.0576019608
122701,180589.6697993269
122703,181543.63180599775
122744,184047.74685566712
122752,182125.4337411914
122762,184047.74685566712
122768,204425.0576019608
122783,183917.5028088306
122784,204425.0576019608
122787,183917.5028088306
122788,180589.6697993269
122792,181673.87585283426
122881,183917.5028088306
122882,180589.6697993269
122900,133887.48907030988
122901,133887.48907030988
122902,133887.48907030988
122903,133887.48907030988
122904,133887.48907030988
122909,181515.49125904276
122927,167436.31769455076
122928,167436.31769455076
122929,167436.31769455076
122932,167436.31769455076
122934,167436.31769455076
122935,167436.31769455076
122947,167436.31769455076
122969,193070.07530812922
122987,167436.31769455076
123070,167436.31769455076
123079,168346.89070729847
123083,168346.89070729847
123092,133887.48907030988
123093,133887.48907030988
123094,133887.48907030988
123095,133887.48907030988
123129,133887.48907030988
123153,181515.49125904276
123165,157416.0773341855
123176,181515.49125904276
123196,166897.9096103181
123248,157416.0773341855
123310,167436.31769455076
123311,167436.31769455076
123312,167436.31769455076
123323,167436.31769455076
123325,167436.31769455076
123326,167436.31769455076
123327,167436.31769455076
123328,167436.31769455076
123331,167436.31769455076
123335,167436.31769455076
123338,167436.31769455076
123400,133762.89993645973
123480,190790.8108569827
123558,156458.56906993804
123572,193070.07530812922
123576,156458.56906993804
123579,193070.07530812922
123580,193070.07530812922
123588,149829.8009932664
123592,149829.8009932664
123595,187122.01829443016
123605,191008.8960729414
123612,167436.31769455076
123620,133887.48907030988
123623,133887.48907030988
123624,133887.48907030988
123657,149107.69704613945
123658,149107.69704613945
123686,133887.48907030988
123734,167436.31769455076
123749,159173.63469351834
123759,133762.89993645973
123760,166897.9096103181
123767,190790.8108569827
123768,190790.8108569827
123808,160131.1429577658
123815,167610.92841591922
123825,149829.8009932664
123835,190790.8108569827
123868,167436.31769455076
123869,167436.31769455076
123870,167436.31769455076
123874,167436.31769455076
123877,167436.31769455076
123892,190790.8108569827
123898,133762.89993645973
123900,165722.7504497329
123903,193070.07530812922
123905,187122.01829443016
124032,167436.31769455076
124034,156458.56906993804
124036,167436.31769455076
124038,187122.01829443016
124039,187122.01829443016
124044,193070.07530812922
124059,149829.8009932664
124070,133887.48907030988
124071,133887.48907030988
124072,133887.48907030988
124073,133887.48907030988
124074,133887.48907030988
124094,149107.69704613945
124096,167436.31769455076
124109,167436.31769455076
124118,187122.01829443016
124125,191008.8960729414
124138,167436.31769455076
124178,167436.31769455076
124187,167610.92841591922
124197,193070.07530812922
124213,166897.9096103181
124214,167436.31769455076
124228,166897.9096103181
124263,149107.69704613945
124339,190676.00944466173
124357,193070.07530812922
124364,167610.92841591922
124380,193070.07530812922
124392,149829.8009932664
124494,135651.077902646
124500,193070.07530812922
124536,167436.31769455076
124537,167436.31769455076
124540,190790.8108569827
124548,167436.31769455076
124597,167436.31769455076
124642,190790.8108569827
124646,165722.7504497329
124648,165722.7504497329
124662,167436.31769455076
124688,220698.79942535964
124693,220032.69445212343
124707,220032.69445212343
124714,217951.4075396459
124716,220698.79942535964
124731,217951.4075396459
124737,220698.79942535964
124747,220032.69445212343
124759,217951.4075396459
124777,220032.69445212343
124787,220698.79942535964
124796,217951.4075396459
124799,220032.69445212343
124813,217951.4075396459
124819,220032.69445212343
124894,220032.69445212343
124915,220698.79942535964
124962,220698.79942535964
124978,220032.69445212343
124993,220698.79942535964
125005,220032.69445212343
125014,217951.4075396459
125016,220698.79942535964
125020,220698.79942535964
125023,217951.4075396459
125027,220032.69445212343
125044,220032.69445212343
125045,220032.69445212343
125046,217951.4075396459
125050,220032.69445212343
125072,220032.69445212343
125073,220698.79942535964
125086,217951.4075396459
125100,220698.79942535964
125117,220032.69445212343
125118,220032.69445212343
125120,220032.69445212343
125125,217951.4075396459
125130,220698.79942535964
125134,220032.69445212343
125136,220032.69445212343
125141,220698.79942535964
125188,221409.98243154128
125200,220032.69445212343
125203,220698.79942535964
125204,220032.69445212343
125275,217951.4075396459
125291,220698.79942535964
125317,220698.79942535964
125332,220032.69445212343
125345,220032.69445212343
125351,220698.79942535964
125357,220698.79942535964
125359,217951.4075396459
125375,220698.79942535964
125380,220698.79942535964
125404,217951.4075396459
125406,221560.60755118486
125422,220698.79942535964
125431,220032.69445212343
125433,220032.69445212343
125434,217951.4075396459
125435,217951.4075396459
125444,220698.79942535964
125466,220032.69445212343
125506,220698.79942535964
125546,217951.4075396459
125554,222211.86384931582
125568,217951.4075396459
125569,217951.4075396459
125573,220032.69445212343
125579,220698.79942535964
125581,217951.4075396459
125583,220032.69445212343
125587,217951.4075396459
125596,217951.4075396459
125618,220032.69445212343
125621,220698.79942535964
125632,217951.4075396459
125639,221409.98243154128
125642,220032.69445212343
125645,217951.4075396459
125694,220032.69445212343
125695,220698.79942535964
125696,221560.60755118486
125714,217951.4075396459
125716,221560.60755118486
125727,217951.4075396459
125734,220032.69445212343
125736,217951.4075396459
125739,220032.69445212343
125744,222211.86384931582
125756,220032.69445212343
125764,220698.79942535964
125766,220698.79942535964
125776,220698.79942535964
125777,220698.79942535964
125783,220698.79942535964
125784,220698.79942535964
125791,220698.79942535964
125822,221409.98243154128
125824,220698.79942535964
125828,217951.4075396459
125829,217951.4075396459
125841,220032.69445212343
309591,222211.86384931582
309611,211636.24284956045
309613,222211.86384931582
309658,223794.40141147212
309661,223794.40141147212
309667,222211.86384931582
309669,223794.40141147212
309678,220032.69445212343
309692,222211.86384931582
309700,207365.4940712577
309707,223794.40141147212
309714,222211.86384931582
309731,221560.60755118486
309734,207365.4940712577
309735,222211.86384931582
309770,316050.3115159661
309817,217951.4075396459
309819,181663.9048248097
320845,217951.4075396459
320872,217951.4075396459
320929,217951.4075396459
320931,217951.4075396459
320932,217951.4075396459
320937,217951.4075396459
320938,217951.4075396459
320940,217951.4075396459
320948,217951.4075396459
320950,217951.4075396459
320954,217951.4075396459
320969,220032.69445212343
320974,217951.4075396459
320998,217951.4075396459
321002,217951.4075396459
321004,217951.4075396459
321023,198363.85937577672
321055,217951.4075396459
321067,217951.4075396459
321080,217951.4075396459
321083,217951.4075396459
321122,217951.4075396459
321127,217951.4075396459
321128,217951.4075396459
321229,217951.4075396459
321231,217951.4075396459
321249,217951.4075396459
321250,217951.4075396459
321258,217951.4075396459
321259,217951.4075396459
321260,217951.4075396459
321262,217951.4075396459
321270,217951.4075396459
321272,217951.4075396459
321278,220032.69445212343
321286,217951.4075396459
321288,217951.4075396459
321289,217951.4075396459
321307,217951.4075396459
321311,217951.4075396459
321316,217951.4075396459
321317,217951.4075396459
321318,217951.4075396459
321319,217951.4075396459
321321,217951.4075396459
321322,217951.4075396459
321323,217951.4075396459
321324,217951.4075396459
321340,217951.4075396459
321346,217951.4075396459
321352,217951.4075396459
321392,217951.4075396459
321393,217951.4075396459
321399,217951.4075396459
321407,217951.4075396459
321428,217951.4075396459
321429,217951.4075396459
321431,217951.4075396459
321455,217951.4075396459
321463,217951.4075396459
321480,217951.4075396459
321540,217951.4075396459
321551,217951.4075396459
321559,217951.4075396459
321561,217951.4075396459
321567,218650.98388941784
321568,217951.4075396459
321570,217951.4075396459
321573,217951.4075396459
321574,217951.4075396459
321575,217951.4075396459
321577,217951.4075396459
321581,217951.4075396459
321582,217951.4075396459
321583,217951.4075396459
321595,217951.4075396459
321616,217951.4075396459
321656,217951.4075396459
321674,217951.4075396459
321677,217951.4075396459
321730,217951.4075396459
321734,217951.4075396459
321736,217951.4075396459
321737,217951.4075396459
321739,193614.8101908318
321747,220032.69445212343
321749,217951.4075396459
321757,217951.4075396459
321758,217951.4075396459
321762,217951.4075396459
321817,217951.4075396459
321831,217951.4075396459
321834,217951.4075396459
321874,217951.4075396459
321877,217951.4075396459
321883,217951.4075396459
321903,217951.4075396459
321918,217951.4075396459
321940,217951.4075396459
321942,217951.4075396459
321949,205898.80948297543
321950,193364.7119325825
321960,193614.8101908318
321961,193614.8101908318
321965,193614.8101908318
321975,198363.85937577672
321980,194469.92478376246
321989,193614.8101908318
321990,194410.84450895042
322003,164148.70873475558
322025,205102.46164515265
322027,217951.4075396459
322029,193614.8101908318
322038,197520.1895599797
322041,194469.92478376246
322042,194469.92478376246
322045,193614.8101908318
322046,193614.8101908318
322092,198363.85937577672
322107,193977.05185047665
322110,194469.92478376246
322111,198363.85937577672
322112,198363.85937577672
322114,198363.85937577672
322115,198363.85937577672
322116,193857.58486586832
322119,198363.85937577672
322121,199503.5181273447
322132,198363.85937577672
322133,198363.85937577672
322144,193857.58486586832
322156,199061.67367871493
322181,164148.70873475558
322197,193857.58486586832
322220,194469.92478376246
322244,193614.8101908318
322256,193614.8101908318
322271,193614.8101908318
322281,205898.80948297543
322300,193614.8101908318
322304,193614.8101908318
322310,164148.70873475558
322330,193614.8101908318
322332,193614.8101908318
322335,205102.46164515265
322339,193614.8101908318
322360,195018.36196731855
322362,193614.8101908318
322436,194469.92478376246
322445,194469.92478376246
322476,194469.92478376246
322494,164148.70873475558
322500,198363.85937577672
322501,198363.85937577672
322505,196380.5308084117
322517,193857.58486586832
322518,194469.92478376246
322526,194469.92478376246
322527,193614.8101908318
322531,194469.92478376246
322533,193857.58486586832
322534,194469.92478376246
322536,194469.92478376246
322548,193364.7119325825
322553,193614.8101908318
322579,194469.92478376246
322583,199503.5181273447
322591,194469.92478376246
322610,193977.05185047665
322620,193614.8101908318
322630,193364.7119325825
322645,217951.4075396459
322651,194469.92478376246
322653,199503.5181273447
322671,193857.58486586832
322695,198363.85937577672
322712,194469.92478376246
322715,164148.70873475558
322732,193614.8101908318
322741,193364.7119325825
322744,199061.67367871493
322757,198363.85937577672
322769,193364.7119325825
322786,193614.8101908318
322789,215348.20717353997
322800,168225.29562232026
322807,164148.70873475558
322808,198363.85937577672
322810,193857.58486586832
322816,193857.58486586832
322833,193614.8101908318
322871,198363.85937577672
322980,198363.85937577672
322981,193857.58486586832
322983,198363.85937577672
322984,198363.85937577672
322985,198363.85937577672
322986,198363.85937577672
322987,198363.85937577672
322990,198363.85937577672
323000,193614.8101908318
323002,217951.4075396459
323011,198363.85937577672
323013,194469.92478376246
323017,194469.92478376246
323032,193614.8101908318
323066,198363.85937577672
323069,199503.5181273447
323077,193857.58486586832
323085,193857.58486586832
323088,217951.4075396459
323101,202683.8193887595
323102,193857.58486586832
323122,193857.58486586832
323169,164148.70873475558
323189,198877.60503729258
323192,164148.70873475558
323194,193614.8101908318
323197,197520.1895599797
323198,193614.8101908318
323233,194410.84450895042
323254,215348.20717353997
323308,194469.92478376246
323310,198363.85937577672
323318,193364.7119325825
323325,193364.7119325825
323330,194469.92478376246
323339,193614.8101908318
323342,194469.92478376246
323349,193614.8101908318
323382,164148.70873475558
323396,193857.58486586832
323403,193977.05185047665
323412,194469.92478376246
323413,193614.8101908318
323421,194469.92478376246
323425,164148.70873475558
323433,202046.57039248728
323434,168225.29562232026
323446,193364.7119325825
323459,193614.8101908318
323487,193614.8101908318
323518,194469.92478376246
323536,193364.7119325825
323549,194469.92478376246
323552,193614.8101908318
323608,193364.7119325825
323617,205102.46164515265
323622,200448.2756589042
323629,193857.58486586832
323656,215348.20717353997
323664,164148.70873475558
323668,193857.58486586832
323678,198363.85937577672
323703,193614.8101908318
323710,193857.58486586832
323722,194469.92478376246
323723,194469.92478376246
323780,193614.8101908318
323792,196380.5308084117
323831,216538.62195580624
323894,217951.4075396459
323911,193614.8101908318
323917,193614.8101908318
323926,193614.8101908318
323944,193614.8101908318
324001,193614.8101908318
324006,194168.0698339139
324023,193614.8101908318
324032,194168.0698339139
324058,217951.4075396459
324078,217951.4075396459
324079,193614.8101908318
324118,193614.8101908318
324146,193614.8101908318
324152,194775.58729228203
324158,313361.9697717585
324160,268975.5798901795
324236,272684.9060901116
324287,351281.86364857346
324306,354690.5603657415
324371,353904.5428491852
324381,227816.7187482559
324395,268975.5798901795
324415,356355.1421078229
324417,321471.3268481215
324418,321471.3268481215
324454,268975.5798901795
324455,268072.47692011716
324497,200448.2756589042
324557,351281.86364857346
324596,313361.9697717585
324605,351281.86364857346
324608,351281.86364857346
324616,195952.32862768564
324628,353904.5428491852
324634,354690.5603657415
324666,195952.32862768564
324716,268975.5798901795
324721,363810.221290954
324723,303798.7203743618
324784,268975.5798901795
324797,354690.5603657415
324814,268975.5798901795
324819,200448.2756589042
324846,351281.86364857346
324904,324445.62264988
324941,287068.01114421495
325010,361359.62203231617
325044,356355.1421078229
325045,268975.5798901795
695288,167436.31769455076
695340,136013.9370005451
695354,164148.70873475558
695495,107721.17472483877
695510,140382.7869806218
695519,329933.79468088155
695520,329933.79468088155
695565,193070.07530812922
695596,193070.07530812922
695610,193070.07530812922
695611,193070.07530812922
695614,167436.31769455076
695615,193070.07530812922
695631,167311.02399635743
695794,143913.3759803071
695813,183722.80120319012
695828,213631.98893376478
695877,217951.4075396459
696061,209462.14039032164
696119,209462.14039032164
696129,227257.61415693664
696183,145087.14320452933
696223,214795.94321845382
696268,167436.31769455076
696269,167436.31769455076
696272,167436.31769455076
696273,167436.31769455076
696329,167436.31769455076
696334,167436.31769455076
696336,167436.31769455076
696337,167436.31769455076
696338,167436.31769455076
696339,167436.31769455076
696340,167436.31769455076
696352,167436.31769455076
696357,167436.31769455076
696508,149103.41618370044
696512,149474.14691491437
696609,182017.53632809198
696610,202044.73771571115
696645,149107.69704613945
712644,185556.36224239098
712653,185556.36224239098
712676,185556.36224239098
712685,185556.36224239098
712690,185556.36224239098
712692,185556.36224239098
712748,185556.36224239098
712750,185556.36224239098
712751,185556.36224239098
712768,185556.36224239098
712776,185556.36224239098
712780,185556.36224239098
712788,185556.36224239098
712794,185556.36224239098
712816,185556.36224239098
712817,185556.36224239098
712818,185556.36224239098
712823,185556.36224239098
712835,185556.36224239098
712852,185556.36224239098
712858,185556.36224239098
712871,185556.36224239098
712880,185556.36224239098
712881,185556.36224239098
712890,185556.36224239098
712901,185556.36224239098
712917,185556.36224239098
712999,185556.36224239098
713027,185556.36224239098
713050,185556.36224239098
713084,185556.36224239098
713098,185556.36224239098
713109,185556.36224239098
713127,185556.36224239098
713151,185556.36224239098
713157,185556.36224239098
713159,185556.36224239098
713160,185556.36224239098
713169,185556.36224239098
713182,185556.36224239098
713190,185556.36224239098
713192,185556.36224239098
713197,185556.36224239098
713213,185556.36224239098
713216,185556.36224239098
713247,185556.36224239098
713251,185556.36224239098
713264,185556.36224239098
713309,185556.36224239098
713319,185556.36224239098
713341,185556.36224239098
713350,185556.36224239098
713375,185556.36224239098
713391,185556.36224239098
713394,185556.36224239098
713420,185556.36224239098
713421,185556.36224239098
713429,185556.36224239098
713432,185556.36224239098
713434,185556.36224239098
713437,185556.36224239098
713469,185556.36224239098
713476,185556.36224239098
713477,185556.36224239098
713501,185556.36224239098
713507,185556.36224239098
713536,185556.36224239098
713544,185556.36224239098
713560,185556.36224239098
713580,185556.36224239098
713651,185556.36224239098
713656,185556.36224239098
713740,185556.36224239098
713800,185556.36224239098
713801,185556.36224239098
713806,185556.36224239098
713820,185556.36224239098
713823,185556.36224239098
713847,185556.36224239098
713864,185556.36224239098
713866,185556.36224239098
713868,185556.36224239098
713878,185556.36224239098
713881,185556.36224239098
713897,185556.36224239098
713934,185556.36224239098
713939,185556.36224239098
713950,185556.36224239098
713991,185556.36224239098
713993,185556.36224239098
714003,185556.36224239098
714017,185556.36224239098
714021,185556.36224239098
714026,185556.36224239098
714064,185556.36224239098
714174,185556.36224239098
714196,185556.36224239098
714262,185556.36224239098
714353,185556.36224239098
714369,185556.36224239098
714374,185556.36224239098
714385,185556.36224239098
714393,185556.36224239098
714398,185556.36224239098
714412,185556.36224239098
714415,185556.36224239098
714417,185556.36224239098
714430,185556.36224239098
714507,185556.36224239098
714555,185556.36224239098
714586,185556.36224239098
714587,185556.36224239098
714609,185556.36224239098
714636,185556.36224239098
714676,185556.36224239098
714689,185556.36224239098
714713,185556.36224239098
714721,185556.36224239098
714725,185556.36224239098
714774,185556.36224239098
714784,185556.36224239098
714821,185556.36224239098
714833,185556.36224239098
714858,185556.36224239098
714864,185556.36224239098
714871,185556.36224239098
714874,185556.36224239098
714890,185556.36224239098
714911,185556.36224239098
714930,185556.36224239098
714957,185556.36224239098
714970,185556.36224239098
715017,185556.36224239098
715034,185556.36224239098
715036,185556.36224239098
715051,185556.36224239098
715078,185556.36224239098
715080,185556.36224239098
715127,185556.36224239098
715142,185556.36224239098
715176,185556.36224239098
715189,185556.36224239098
715195,185556.36224239098
715196,185556.36224239098
715264,185556.36224239098
715291,185556.36224239098
715295,185556.36224239098
715297,185556.36224239098
715305,185556.36224239098
715309,185556.36224239098
715319,185556.36224239098
715321,185556.36224239098
715381,185556.36224239098
715383,185556.36224239098
715402,185556.36224239098
715413,185556.36224239098
715440,185556.36224239098
715490,185556.36224239098
715496,185556.36224239098
715529,185556.36224239098
715546,185556.36224239098
715580,185556.36224239098
715584,185556.36224239098
715594,185556.36224239098
715611,185556.36224239098
715628,185556.36224239098
715643,185556.36224239098
715645,185556.36224239098
715666,185556.36224239098
715669,185556.36224239098
715756,185556.36224239098
715761,185556.36224239098
715771,185556.36224239098
715775,185556.36224239098
715779,185556.36224239098
715783,185556.36224239098
715789,185556.36224239098
715799,185556.36224239098
715801,185556.36224239098
715802,185556.36224239098
715816,185556.36224239098
715819,185556.36224239098
715854,185556.36224239098
715885,185556.36224239098
715904,185556.36224239098
715909,185556.36224239098
715926,185556.36224239098
715960,185556.36224239098
715975,185556.36224239098
715987,185556.36224239098
715991,185556.36224239098
716004,185556.36224239098
716016,185556.36224239098
716034,185556.36224239098
716036,185556.36224239098
716062,185556.36224239098
716088,185556.36224239098
716090,185556.36224239098
716098,185556.36224239098
716112,185556.36224239098
716122,185556.36224239098
716135,185556.36224239098
716165,185556.36224239098
716198,185556.36224239098
716225,185556.36224239098
716229,185556.36224239098
716230,185556.36224239098
716233,185556.36224239098
716243,185556.36224239098
716251,185556.36224239098
716252,185556.36224239098
716270,185556.36224239098
716289,185556.36224239098
716355,185556.36224239098
716367,185556.36224239098
716371,185556.36224239098
716379,185556.36224239098
716381,185556.36224239098
716388,185556.36224239098
716430,185556.36224239098
716437,185556.36224239098
716439,185556.36224239098
716453,185556.36224239098
716459,185556.36224239098
716475,185556.36224239098
716495,185556.36224239098
716516,185556.36224239098
716564,185556.36224239098
716566,185556.36224239098
716646,185556.36224239098
716652,185556.36224239098
716677,185556.36224239098
716680,185556.36224239098
716696,185556.36224239098
716716,185556.36224239098
716750,185556.36224239098
716759,185556.36224239098
716761,185556.36224239098
716822,185556.36224239098
716839,185556.36224239098
716905,185556.36224239098
716942,185556.36224239098
716964,185556.36224239098
717008,185556.36224239098
717022,185556.36224239098
717046,185556.36224239098
717110,185556.36224239098
717123,185556.36224239098
717146,185556.36224239098
717179,185556.36224239098
717184,185556.36224239098
717187,185556.36224239098
717188,185556.36224239098
717189,185556.36224239098
717195,185556.36224239098
717197,185556.36224239098
717227,185556.36224239098
717270,185556.36224239098
717303,185556.36224239098
717333,185556.36224239098
717335,185556.36224239098
717342,185556.36224239098
717358,185556.36224239098
717374,185556.36224239098
717386,185556.36224239098
717417,185556.36224239098
717491,185556.36224239098
717502,185556.36224239098
717549,185556.36224239098
717570,185556.36224239098
717574,185556.36224239098
717602,185556.36224239098
717626,185556.36224239098
717630,185556.36224239098
717635,185556.36224239098
717641,185556.36224239098
717648,185556.36224239098
717652,185556.36224239098
717689,185556.36224239098
717727,185556.36224239098
717783,185556.36224239098
717808,185556.36224239098
717824,185556.36224239098
717869,185556.36224239098
717986,185556.36224239098
717995,185556.36224239098
717997,185556.36224239098
717999,185556.36224239098
718069,185556.36224239098
718109,185556.36224239098
718113,185556.36224239098
718134,185556.36224239098
718135,185556.36224239098
718144,185556.36224239098
718171,185556.36224239098
718212,185556.36224239098
718229,185556.36224239098
718242,185556.36224239098
718310,185556.36224239098
718329,185556.36224239098
718331,185556.36224239098
718349,185556.36224239098
718436,185556.36224239098
718506,185556.36224239098
718581,185556.36224239098
718620,185556.36224239098
718648,185556.36224239098
718653,185556.36224239098
718675,185556.36224239098
718683,185556.36224239098
718696,185556.36224239098
718697,185556.36224239098
718773,185556.36224239098
718786,185556.36224239098
718806,185556.36224239098
718811,185556.36224239098
718812,185556.36224239098
718841,185556.36224239098
718869,185556.36224239098
718891,185556.36224239098
718902,185556.36224239098
718919,185556.36224239098
718930,185556.36224239098
718970,185556.36224239098
719018,185556.36224239098
719060,185556.36224239098
719062,185556.36224239098
719065,185556.36224239098
719076,185556.36224239098
719091,185556.36224239098
719120,185556.36224239098
719146,185556.36224239098
719186,185556.36224239098
719188,185556.36224239098
719197,185556.36224239098
719201,185556.36224239098
719203,185556.36224239098
719208,185556.36224239098
719210,185556.36224239098
719216,185556.36224239098
719224,185556.36224239098
719246,185556.36224239098
719258,185556.36224239098
719300,185556.36224239098
719334,185556.36224239098
719360,185556.36224239098
719377,185556.36224239098
719415,185556.36224239098
719424,185556.36224239098
719429,185556.36224239098
719445,185556.36224239098
719446,185556.36224239098
719469,185556.36224239098
719503,185556.36224239098
719537,185556.36224239098
719593,185556.36224239098
719616,185556.36224239098
719642,185556.36224239098
719655,185556.36224239098
719693,185556.36224239098
719720,185556.36224239098
719747,185556.36224239098
719748,185556.36224239098
719754,185556.36224239098
719784,185556.36224239098
719794,185556.36224239098
719802,185556.36224239098
719806,185556.36224239098
719810,185556.36224239098
719812,185556.36224239098
719828,185556.36224239098
719833,185556.36224239098
719882,185556.36224239098
719895,185556.36224239098
719909,185556.36224239098
719971,185556.36224239098
720043,185556.36224239098
720108,185556.36224239098
720119,185556.36224239098
720163,185556.36224239098
720166,185556.36224239098
720188,185556.36224239098
720194,185556.36224239098
720274,185556.36224239098
720292,185556.36224239098
720296,185556.36224239098
720304,185556.36224239098
720323,185556.36224239098
720342,185556.36224239098
720348,185556.36224239098
720379,185556.36224239098
720386,185556.36224239098
720388,185556.36224239098
720393,185556.36224239098
720398,185556.36224239098
720403,185556.36224239098
720409,185556.36224239098
720440,185556.36224239098
720450,185556.36224239098
720481,185556.36224239098
720530,185556.36224239098
720534,185556.36224239098
720549,185556.36224239098
720550,185556.36224239098
720609,185556.36224239098
720629,185556.36224239098
720646,185556.36224239098
720649,185556.36224239098
720659,185556.36224239098
720745,185556.36224239098
720753,185556.36224239098
720789,185556.36224239098
720879,185556.36224239098
720899,185556.36224239098
720909,185556.36224239098
720925,185556.36224239098
720932,185556.36224239098
720950,185556.36224239098
720956,185556.36224239098
720964,185556.36224239098
720970,185556.36224239098
720997,185556.36224239098
721019,185556.36224239098
721074,185556.36224239098
721104,185556.36224239098
721128,185556.36224239098
721132,185556.36224239098
721135,185556.36224239098
721138,185556.36224239098
721169,185556.36224239098
721241,185556.36224239098
721303,185556.36224239098
721327,185556.36224239098
721355,185556.36224239098
721380,185556.36224239098
721384,185556.36224239098
721403,185556.36224239098
721426,185556.36224239098
721462,185556.36224239098
721473,185556.36224239098
721548,185556.36224239098
721568,185556.36224239098
721574,185556.36224239098
721579,185556.36224239098
721598,185556.36224239098
721634,185556.36224239098
721647,185556.36224239098
721701,185556.36224239098
721727,185556.36224239098
721746,185556.36224239098
721751,185556.36224239098
721773,185556.36224239098
721806,185556.36224239098
721859,185556.36224239098
721869,185556.36224239098
721922,185556.36224239098
722035,185556.36224239098
722036,185556.36224239098
722125,185556.36224239098
722131,185556.36224239098
722173,185556.36224239098
722181,185556.36224239098
722212,185556.36224239098
722250,185556.36224239098
722257,185556.36224239098
722262,185556.36224239098
722278,185556.36224239098
722288,185556.36224239098
722289,185556.36224239098
722312,185556.36224239098
722332,185556.36224239098
722333,185556.36224239098
722344,185556.36224239098
722356,185556.36224239098
722360,185556.36224239098
722388,185556.36224239098
722430,185556.36224239098
722458,185556.36224239098
722486,185556.36224239098
722515,185556.36224239098
722557,185556.36224239098
722582,185556.36224239098
722592,185556.36224239098
722603,185556.36224239098
722611,185556.36224239098
722612,185556.36224239098
722613,185556.36224239098
722617,185556.36224239098
722639,185556.36224239098
722669,185556.36224239098
722794,185556.36224239098
722805,185556.36224239098
722979,185556.36224239098
722991,185556.36224239098
722996,185556.36224239098
723017,185556.36224239098
723054,185556.36224239098
723133,185556.36224239098
723238,185556.36224239098
723261,185556.36224239098
723269,185556.36224239098
723341,185556.36224239098
723364,185556.36224239098
723370,185556.36224239098
723418,185556.36224239098
723439,185556.36224239098
723497,185556.36224239098
723503,185556.36224239098
723527,185556.36224239098
723559,185556.36224239098
723569,185556.36224239098
723575,185556.36224239098
723590,185556.36224239098
723636,185556.36224239098
723646,185556.36224239098
723662,185556.36224239098
723694,185556.36224239098
723703,185556.36224239098
723705,185556.36224239098
723726,185556.36224239098
723746,185556.36224239098
723756,185556.36224239098
723769,185556.36224239098
723775,185556.36224239098
723789,185556.36224239098
723793,185556.36224239098
723826,185556.36224239098
723846,185556.36224239098
723856,185556.36224239098
723936,185556.36224239098
723944,185556.36224239098
723996,185556.36224239098
724017,185556.36224239098
724019,185556.36224239098
724048,185556.36224239098
724049,185556.36224239098
724059,185556.36224239098
724070,185556.36224239098
724209,185556.36224239098
724225,185556.36224239098
724230,185556.36224239098
724234,185556.36224239098
724247,185556.36224239098
724249,185556.36224239098
724273,185556.36224239098
724294,185556.36224239098
724309,185556.36224239098
724315,185556.36224239098
724343,185556.36224239098
724348,185556.36224239098
724352,185556.36224239098
724357,185556.36224239098
724385,185556.36224239098
724424,185556.36224239098
724532,185556.36224239098
724560,185556.36224239098
724606,185556.36224239098
724640,185556.36224239098
724671,185556.36224239098
724797,185556.36224239098
724820,185556.36224239098
724847,185556.36224239098
724947,185556.36224239098
724960,185556.36224239098
724977,185556.36224239098
724987,185556.36224239098
725073,185556.36224239098
725121,185556.36224239098
725177,185556.36224239098
725180,185556.36224239098
725186,185556.36224239098
725367,185556.36224239098
725435,185556.36224239098
725481,185556.36224239098
725560,185556.36224239098
725581,185556.36224239098
725620,185556.36224239098
725646,185556.36224239098
725648,185556.36224239098
725681,185556.36224239098
725683,185556.36224239098
725741,185556.36224239098
725753,185556.36224239098
725778,185556.36224239098
725811,185556.36224239098
725875,185556.36224239098
725997,185556.36224239098
726011,185556.36224239098
726050,185556.36224239098
726064,185556.36224239098
726121,185556.36224239098
726144,185556.36224239098
726145,185556.36224239098
726174,185556.36224239098
726332,185556.36224239098
726351,185556.36224239098
726359,185556.36224239098
726443,185556.36224239098
726459,185556.36224239098
726460,185556.36224239098
726461,185556.36224239098
726470,185556.36224239098
726488,185556.36224239098
726491,185556.36224239098
726518,185556.36224239098
726642,185556.36224239098
726643,185556.36224239098
726678,185556.36224239098
726698,185556.36224239098
726797,185556.36224239098
726850,185556.36224239098
726887,185556.36224239098
726898,185556.36224239098
726904,185556.36224239098
726915,185556.36224239098
726976,185556.36224239098
727014,185556.36224239098
727021,185556.36224239098
727064,185556.36224239098
727101,185556.36224239098
727114,185556.36224239098
727129,185556.36224239098
727142,185556.36224239098
727160,185556.36224239098
727168,185556.36224239098
727178,185556.36224239098
727188,185556.36224239098
727198,185556.36224239098
727202,185556.36224239098
727275,185556.36224239098
727322,185556.36224239098
727334,185556.36224239098
727345,185556.36224239098
727359,185556.36224239098
727364,185556.36224239098
727433,185556.36224239098
727438,185556.36224239098
727490,185556.36224239098
727503,185556.36224239098
727540,185556.36224239098
727542,185556.36224239098
727585,185556.36224239098
727593,185556.36224239098
727615,185556.36224239098
727627,185556.36224239098
727655,185556.36224239098
727691,185556.36224239098
727694,185556.36224239098
727811,185556.36224239098
727895,185556.36224239098
728058,185556.36224239098
728078,185556.36224239098
728243,185556.36224239098
728309,185556.36224239098
728352,185556.36224239098
728363,185556.36224239098
728364,185556.36224239098
728431,185556.36224239098
728500,185556.36224239098
728503,185556.36224239098
728529,185556.36224239098
728582,185556.36224239098
728586,185556.36224239098
728694,185556.36224239098
728709,185556.36224239098
728713,185556.36224239098
728796,185556.36224239098
728798,185556.36224239098
728926,185556.36224239098
728950,185556.36224239098
728966,185556.36224239098
728985,185556.36224239098
729017,185556.36224239098
729075,185556.36224239098
729111,185556.36224239098
729119,185556.36224239098
729136,185556.36224239098
729148,185556.36224239098
729174,185556.36224239098
729177,185556.36224239098
729181,185556.36224239098
729203,185556.36224239098
729210,185556.36224239098
729226,185556.36224239098
729265,185556.36224239098
729341,185556.36224239098
729380,185556.36224239098
729400,185556.36224239098
729445,185556.36224239098
729455,185556.36224239098
729464,185556.36224239098
729510,185556.36224239098
729514,185556.36224239098
729528,185556.36224239098
729536,185556.36224239098
729540,185556.36224239098
729554,185556.36224239098
729607,185556.36224239098
729608,185556.36224239098
729625,185556.36224239098
729641,185556.36224239098
729644,185556.36224239098
729663,185556.36224239098
729721,185556.36224239098
729768,185556.36224239098
729773,185556.36224239098
729782,185556.36224239098
729789,185556.36224239098
729812,185556.36224239098
729831,185556.36224239098
729845,185556.36224239098
729990,185556.36224239098
730059,185556.36224239098
730106,185556.36224239098
730114,185556.36224239098
730131,185556.36224239098
730151,185556.36224239098
730265,185556.36224239098
730294,185556.36224239098
730332,185556.36224239098
730363,185556.36224239098
730414,185556.36224239098
730524,185556.36224239098
730596,185556.36224239098
730640,185556.36224239098
730686,185556.36224239098
730881,185556.36224239098
730894,185556.36224239098
730939,185556.36224239098
731035,185556.36224239098
731059,185556.36224239098
731100,185556.36224239098
731187,185556.36224239098
731206,185556.36224239098
731217,185556.36224239098
731226,185556.36224239098
731245,185556.36224239098
731327,185556.36224239098
731364,185556.36224239098
731419,185556.36224239098
731420,185556.36224239098
731429,185556.36224239098
731450,185556.36224239098
731474,185556.36224239098
731507,185556.36224239098
731508,185556.36224239098
731588,185556.36224239098
731696,185556.36224239098
731757,185556.36224239098
731801,185556.36224239098
731833,185556.36224239098
731851,185556.36224239098
731874,185556.36224239098
732027,185556.36224239098
732100,185556.36224239098
732211,185556.36224239098
732262,185556.36224239098
732403,185556.36224239098
732408,185556.36224239098
732440,185556.36224239098
732456,185556.36224239098
732495,185556.36224239098
732512,185556.36224239098
732513,185556.36224239098
732518,185556.36224239098
732657,185556.36224239098
732818,185556.36224239098
732911,185556.36224239098
732929,185556.36224239098
732954,185556.36224239098
732965,185556.36224239098
732970,185556.36224239098
732998,185556.36224239098
733071,185556.36224239098
733086,185556.36224239098
733135,185556.36224239098
733209,185556.36224239098
733485,185556.36224239098
733560,185556.36224239098
733655,185556.36224239098
733708,185556.36224239098
733722,185556.36224239098
733753,185556.36224239098
733774,185556.36224239098
733855,185556.36224239098
733856,185556.36224239098
733903,185556.36224239098
733907,185556.36224239098
733919,185556.36224239098
734011,185556.36224239098
734023,185556.36224239098
734094,185556.36224239098
734149,185556.36224239098
734159,185556.36224239098
734160,185556.36224239098
734181,185556.36224239098
734275,185556.36224239098
734658,185556.36224239098
734708,185556.36224239098
734725,185556.36224239098
734836,185556.36224239098
735000,185556.36224239098
735007,185556.36224239098
735055,185556.36224239098
735124,185556.36224239098
735158,185556.36224239098
735189,185556.36224239098
735216,185556.36224239098
735230,185556.36224239098
735232,185556.36224239098
735250,185556.36224239098
735298,185556.36224239098
735355,185556.36224239098
735484,185556.36224239098
735490,185556.36224239098
735491,185556.36224239098
735493,185556.36224239098
735505,185556.36224239098
735533,185556.36224239098
735555,185556.36224239098
735561,185556.36224239098
735562,185556.36224239098
735614,185556.36224239098
735627,185556.36224239098
735634,185556.36224239098
735698,185556.36224239098
735797,185556.36224239098
735802,185556.36224239098
735891,185556.36224239098
735983,185556.36224239098
736002,185556.36224239098
736030,185556.36224239098
736051,185556.36224239098
736089,185556.36224239098
736143,185556.36224239098
736169,185556.36224239098
736175,185556.36224239098
736225,185556.36224239098
736311,185556.36224239098
736320,185556.36224239098
736337,185556.36224239098
736397,185556.36224239098
736443,185556.36224239098
736489,185556.36224239098
736635,185556.36224239098
736651,185556.36224239098
736721,185556.36224239098
736740,185556.36224239098
736799,185556.36224239098
736983,185556.36224239098
737015,185556.36224239098
737075,185556.36224239098
737150,185556.36224239098
737209,185556.36224239098
737263,185556.36224239098
737285,185556.36224239098
737397,185556.36224239098
737458,185556.36224239098
737514,185556.36224239098
737665,185556.36224239098
737976,185556.36224239098
738028,185556.36224239098
738143,185556.36224239098
738160,185556.36224239098
738192,185556.36224239098
738314,185556.36224239098
738320,185556.36224239098
738381,185556.36224239098
738406,185556.36224239098
738433,185556.36224239098
738489,185556.36224239098
738491,185556.36224239098
738574,185556.36224239098
738723,185556.36224239098
738880,185556.36224239098
738920,185556.36224239098
739033,185556.36224239098
739042,185556.36224239098
739182,185556.36224239098
739254,185556.36224239098
739359,185556.36224239098
739360,185556.36224239098
739364,185556.36224239098
739430,185556.36224239098
739497,185556.36224239098
739563,185556.36224239098
739581,185556.36224239098
739670,185556.36224239098
739702,185556.36224239098
739717,185556.36224239098
739824,185556.36224239098
740070,185556.36224239098
740158,185556.36224239098
740377,185556.36224239098
740499,185556.36224239098
740572,185556.36224239098
740609,185556.36224239098
740798,185556.36224239098
740914,185556.36224239098
740915,185556.36224239098
740917,185556.36224239098
740932,185556.36224239098
740974,185556.36224239098
740993,185556.36224239098
740998,185556.36224239098
741000,185556.36224239098
741002,185556.36224239098
741008,185556.36224239098
741036,185556.36224239098
741047,185556.36224239098
741111,185556.36224239098
741171,185556.36224239098
741174,185556.36224239098
741203,185556.36224239098
741205,185556.36224239098
741232,185556.36224239098
741270,185556.36224239098
741294,185556.36224239098
741312,185556.36224239098
741313,185556.36224239098
741329,185556.36224239098
741401,185556.36224239098
741416,185556.36224239098
741433,185556.36224239098
741457,185556.36224239098
741533,185556.36224239098
741591,185556.36224239098
741682,185556.36224239098
741699,185556.36224239098
741808,185556.36224239098
741810,185556.36224239098
741811,185556.36224239098
741813,185556.36224239098
741824,185556.36224239098
741842,185556.36224239098
741844,185556.36224239098
741999,185556.36224239098
742049,185556.36224239098
742278,185556.36224239098
742444,185556.36224239098
742500,185556.36224239098
742512,185556.36224239098
742534,185556.36224239098
742552,185556.36224239098
742592,185556.36224239098
742595,185556.36224239098
742813,185556.36224239098
742839,185556.36224239098
743024,185556.36224239098
743072,185556.36224239098
743084,185556.36224239098
743131,185556.36224239098
743197,185556.36224239098
743226,185556.36224239098
743233,185556.36224239098
743243,185556.36224239098
743310,185556.36224239098
743424,185556.36224239098
743645,185556.36224239098
743678,185556.36224239098
743689,185556.36224239098
743736,185556.36224239098
743938,185556.36224239098
744009,185556.36224239098
744134,185556.36224239098
744142,185556.36224239098
744196,185556.36224239098
744806,185556.36224239098
744824,185556.36224239098
744870,185556.36224239098
744879,185556.36224239098
744924,185556.36224239098
745039,185556.36224239098
745099,185556.36224239098
745109,185556.36224239098
745286,185556.36224239098
745287,185556.36224239098
745364,185556.36224239098
745581,185556.36224239098
745614,185556.36224239098
745630,185556.36224239098
745696,185556.36224239098
745726,185556.36224239098
745763,185556.36224239098
745819,185556.36224239098
745898,185556.36224239098
745924,185556.36224239098
745960,185556.36224239098
746269,185556.36224239098
746297,185556.36224239098
746353,185556.36224239098
746361,185556.36224239098
746390,185556.36224239098
746450,185556.36224239098
746513,185556.36224239098
746565,185556.36224239098
746720,185556.36224239098
746732,185556.36224239098
746769,185556.36224239098
746790,185556.36224239098
746846,185556.36224239098
746847,185556.36224239098
746901,185556.36224239098
747013,185556.36224239098
747015,185556.36224239098
747085,185556.36224239098
747090,185556.36224239098
747139,185556.36224239098
747310,185556.36224239098
747474,185556.36224239098
747521,185556.36224239098
747537,185556.36224239098
747736,185556.36224239098
747743,185556.36224239098
747759,185556.36224239098
747810,185556.36224239098
747995,185556.36224239098
748013,185556.36224239098
748040,185556.36224239098
748058,185556.36224239098
748060,185556.36224239098
748073,185556.36224239098
748106,185556.36224239098
748145,185556.36224239098
748150,185556.36224239098
748172,185556.36224239098
748287,185556.36224239098
748308,185556.36224239098
748311,185556.36224239098
748429,185556.36224239098
748523,185556.36224239098
748544,185556.36224239098
748713,185556.36224239098
748836,185556.36224239098
748845,185556.36224239098
748856,185556.36224239098
748895,185556.36224239098
748962,185556.36224239098
749165,185556.36224239098
749218,185556.36224239098
749232,185556.36224239098
749255,185556.36224239098
749452,185556.36224239098
749483,185556.36224239098
749497,185556.36224239098
749502,185556.36224239098
749504,185556.36224239098
749521,185556.36224239098
749571,185556.36224239098
749671,185556.36224239098
749821,185556.36224239098
749975,185556.36224239098
750049,185556.36224239098
750155,185556.36224239098
750174,185556.36224239098
750408,185556.36224239098
750418,185556.36224239098
750441,185556.36224239098
750475,185556.36224239098
750559,185556.36224239098
750579,185556.36224239098
750669,185556.36224239098
750683,185556.36224239098
750740,185556.36224239098
750956,185556.36224239098
751319,185556.36224239098
751352,185556.36224239098
751396,185556.36224239098
751416,185556.36224239098
751421,185556.36224239098
751442,185556.36224239098
751459,185556.36224239098
751587,185556.36224239098
751714,185556.36224239098
751886,185556.36224239098
751971,185556.36224239098
752242,185556.36224239098
752254,185556.36224239098
752310,185556.36224239098
752576,185556.36224239098
752705,185556.36224239098
752895,185556.36224239098
752914,185556.36224239098
752994,185556.36224239098
753036,185556.36224239098
753099,185556.36224239098
753188,185556.36224239098
753196,185556.36224239098
753234,185556.36224239098
753289,185556.36224239098
753295,185556.36224239098
753297,185556.36224239098
753387,185556.36224239098
753393,185556.36224239098
753395,185556.36224239098
753397,185556.36224239098
753399,185556.36224239098
753402,185556.36224239098
753404,185556.36224239098
753405,185556.36224239098
753406,185556.36224239098
753602,185556.36224239098
753948,185556.36224239098
754108,185556.36224239098
754112,185556.36224239098
754292,185556.36224239098
754384,185556.36224239098
754763,185556.36224239098
754978,185556.36224239098
754995,185556.36224239098
755014,185556.36224239098
755055,185556.36224239098
755065,185556.36224239098
755138,185556.36224239098
755226,185556.36224239098
755447,185556.36224239098
755448,185556.36224239098
755575,185556.36224239098
755674,185556.36224239098
755809,185556.36224239098
755892,185556.36224239098
756308,185556.36224239098
756620,185556.36224239098
756836,185556.36224239098
757366,185556.36224239098
757425,185556.36224239098
757539,185556.36224239098
757668,185556.36224239098
757758,185556.36224239098
757792,185556.36224239098
757925,185556.36224239098
757991,185556.36224239098
758122,185556.36224239098
758135,185556.36224239098
758325,185556.36224239098
758344,185556.36224239098
758410,185556.36224239098
758601,185556.36224239098
758674,185556.36224239098
758911,185556.36224239098
759246,185556.36224239098
759339,185556.36224239098
759621,185556.36224239098
759656,185556.36224239098
759823,185556.36224239098
759982,185556.36224239098
760071,185556.36224239098
760135,185556.36224239098
760172,185556.36224239098
760262,185556.36224239098
760514,185556.36224239098
760522,185556.36224239098
760523,185556.36224239098
760607,185556.36224239098
760760,185556.36224239098
760878,185556.36224239098
761015,185556.36224239098
761078,185556.36224239098
761137,185556.36224239098
761182,185556.36224239098
761221,185556.36224239098
761226,185556.36224239098
761245,185556.36224239098
761273,185556.36224239098
761281,185556.36224239098
761297,185556.36224239098
761298,185556.36224239098
761312,185556.36224239098
761418,185556.36224239098
761437,185556.36224239098
761449,185556.36224239098
761451,185556.36224239098
761462,185556.36224239098
761597,185556.36224239098
761616,185556.36224239098
761631,185556.36224239098
761638,185556.36224239098
761660,185556.36224239098
761662,185556.36224239098
761734,185556.36224239098
761737,185556.36224239098
761773,185556.36224239098
761775,185556.36224239098
761781,185556.36224239098
761783,185556.36224239098
761870,185556.36224239098
761928,185556.36224239098
762020,185556.36224239098
762104,185556.36224239098
762106,185556.36224239098
762135,185556.36224239098
762140,185556.36224239098
762146,185556.36224239098
762260,185556.36224239098
762277,185556.36224239098
762395,185556.36224239098
762467,185556.36224239098
762485,185556.36224239098
762509,185556.36224239098
762528,185556.36224239098
762572,185556.36224239098
762642,185556.36224239098
762673,185556.36224239098
762782,185556.36224239098
762792,185556.36224239098
762828,185556.36224239098
762848,185556.36224239098
762862,185556.36224239098
762894,185556.36224239098
762903,185556.36224239098
762924,185556.36224239098
762929,185556.36224239098
762937,185556.36224239098
762941,185556.36224239098
762951,185556.36224239098
762959,185556.36224239098
762965,185556.36224239098
762986,185556.36224239098
763016,185556.36224239098
763021,185556.36224239098
763034,185556.36224239098
763065,185556.36224239098
763068,185556.36224239098
763073,185556.36224239098
763090,185556.36224239098
763152,185556.36224239098
763153,185556.36224239098
763212,185556.36224239098
763270,185556.36224239098
763279,185556.36224239098
763299,185556.36224239098
763300,185556.36224239098
763314,185556.36224239098
763332,185556.36224239098
763333,185556.36224239098
763334,185556.36224239098
763337,185556.36224239098
763338,185556.36224239098
763348,185556.36224239098
763349,185556.36224239098
763351,185556.36224239098
763389,185556.36224239098
763421,185556.36224239098
763424,185556.36224239098
763429,185556.36224239098
763431,185556.36224239098
763433,185556.36224239098
763435,185556.36224239098
763438,185556.36224239098
763439,185556.36224239098
763446,185556.36224239098
763447,185556.36224239098
763448,185556.36224239098
763449,185556.36224239098
763450,185556.36224239098
763452,185556.36224239098
763453,185556.36224239098
763454,185556.36224239098
763457,185556.36224239098
763458,185556.36224239098
763460,185556.36224239098
763464,185556.36224239098
763466,185556.36224239098
763528,185556.36224239098
763572,185556.36224239098
763575,185556.36224239098
763576,185556.36224239098
763591,185556.36224239098
763627,185556.36224239098
763628,185556.36224239098
763629,185556.36224239098
763631,185556.36224239098
763633,185556.36224239098
763634,185556.36224239098
763653,185556.36224239098
763684,185556.36224239098
763733,185556.36224239098
763744,185556.36224239098
763764,185556.36224239098
763781,185556.36224239098
763788,185556.36224239098
763797,185556.36224239098
763842,185556.36224239098
763856,185556.36224239098
763925,185556.36224239098
763942,185556.36224239098
764037,185556.36224239098
764042,185556.36224239098
764044,185556.36224239098
764047,185556.36224239098
764052,185556.36224239098
764103,185556.36224239098
764132,185556.36224239098
764192,185556.36224239098
764215,185556.36224239098
764263,185556.36224239098
764332,185556.36224239098
764347,185556.36224239098
764361,185556.36224239098
764368,185556.36224239098
764413,185556.36224239098
764414,185556.36224239098
764496,185556.36224239098
764544,185556.36224239098
764737,185556.36224239098
764777,185556.36224239098
764797,185556.36224239098
764822,185556.36224239098
764827,185556.36224239098
764828,185556.36224239098
764836,185556.36224239098
764862,185556.36224239098
764907,185556.36224239098
764910,185556.36224239098
764922,185556.36224239098
764946,185556.36224239098
764999,185556.36224239098
765049,185556.36224239098
765056,185556.36224239098
765097,185556.36224239098
765112,185556.36224239098
765115,185556.36224239098
765282,185556.36224239098
765294,185556.36224239098
765352,185556.36224239098
765358,185556.36224239098
765365,185556.36224239098
765396,185556.36224239098
765440,185556.36224239098
765475,185556.36224239098
765494,185556.36224239098
765496,185556.36224239098
765520,185556.36224239098
765527,185556.36224239098
765571,185556.36224239098
765572,185556.36224239098
765599,185556.36224239098
765625,185556.36224239098
765669,185556.36224239098
765676,185556.36224239098
765686,185556.36224239098
765756,185556.36224239098
765760,185556.36224239098
765768,185556.36224239098
765786,185556.36224239098
765832,185556.36224239098
765840,185556.36224239098
765853,185556.36224239098
765854,185556.36224239098
765869,185556.36224239098
765883,185556.36224239098
765884,185556.36224239098
765913,185556.36224239098
765938,185556.36224239098
766020,185556.36224239098
766039,185556.36224239098
766052,185556.36224239098
766076,185556.36224239098
766102,185556.36224239098
766103,185556.36224239098
766106,185556.36224239098
766110,185556.36224239098
766114,185556.36224239098
766137,185556.36224239098
766140,185556.36224239098
766142,185556.36224239098
766151,185556.36224239098
766163,185556.36224239098
766185,185556.36224239098
766212,185556.36224239098
766222,185556.36224239098
766225,185556.36224239098
766250,185556.36224239098
766251,185556.36224239098
766253,185556.36224239098
766259,185556.36224239098
766272,185556.36224239098
766300,185556.36224239098
766328,185556.36224239098
766392,185556.36224239098
766404,185556.36224239098
766416,185556.36224239098
766459,185556.36224239098
766463,185556.36224239098
766464,185556.36224239098
766479,185556.36224239098
766501,185556.36224239098
766550,185556.36224239098
766648,185556.36224239098
766782,185556.36224239098
766785,185556.36224239098
766808,185556.36224239098
766824,185556.36224239098
766883,185556.36224239098
766891,185556.36224239098
766923,185556.36224239098
766951,185556.36224239098
766977,185556.36224239098
766984,185556.36224239098
766998,185556.36224239098
767008,185556.36224239098
767009,185556.36224239098
767047,185556.36224239098
767056,185556.36224239098
767092,185556.36224239098
767132,185556.36224239098
767229,185556.36224239098
767253,185556.36224239098
767260,185556.36224239098
767290,185556.36224239098
767319,185556.36224239098
767321,185556.36224239098
767366,185556.36224239098
767405,185556.36224239098
767407,185556.36224239098
767409,185556.36224239098
767414,185556.36224239098
767465,185556.36224239098
767487,185556.36224239098
767512,185556.36224239098
767558,185556.36224239098
767705,185556.36224239098
767856,185556.36224239098
768002,185556.36224239098
768343,185556.36224239098
768717,185556.36224239098
768790,185556.36224239098
768981,185556.36224239098
769002,185556.36224239098
769155,185556.36224239098
769216,185556.36224239098
769226,185556.36224239098
769575,185556.36224239098
769599,185556.36224239098
769768,185556.36224239098
769812,185556.36224239098
769898,185556.36224239098
769957,185556.36224239098
770294,185556.36224239098
770295,185556.36224239098
770484,185556.36224239098
770520,185556.36224239098
770523,185556.36224239098
770558,185556.36224239098
770682,185556.36224239098
770744,185556.36224239098
770751,185556.36224239098
770765,185556.36224239098
770777,185556.36224239098
770786,185556.36224239098
770972,185556.36224239098
771112,185556.36224239098
771113,185556.36224239098
771117,185556.36224239098
771118,185556.36224239098
771333,185556.36224239098
771397,185556.36224239098
771816,185556.36224239098
771858,185556.36224239098
772028,185556.36224239098
772107,185556.36224239098
772213,185556.36224239098
772214,185556.36224239098
774481,185556.36224239098
774546,185556.36224239098
774699,185556.36224239098
774950,185556.36224239098
775137,185556.36224239098
775139,185556.36224239098
775393,185556.36224239098
775537,185556.36224239098
775560,185556.36224239098
775652,185556.36224239098
775907,185556.36224239098
776742,185556.36224239098
776780,185556.36224239098
776781,185556.36224239098
776783,185556.36224239098
776981,185556.36224239098
777103,185556.36224239098
777106,185556.36224239098
777107,185556.36224239098
777108,185556.36224239098
777110,185556.36224239098
777117,185556.36224239098
777118,185556.36224239098
777121,185556.36224239098
777123,185556.36224239098
777125,185556.36224239098
777210,185556.36224239098
777453,185556.36224239098
777462,185556.36224239098
777464,185556.36224239098
777489,185556.36224239098
777572,185556.36224239098
778274,185556.36224239098
778564,185556.36224239098
778634,185556.36224239098
778678,185556.36224239098
778689,185556.36224239098
778791,185556.36224239098
778830,185556.36224239098
778851,185556.36224239098
778906,185556.36224239098
778948,185556.36224239098
778949,185556.36224239098
778952,185556.36224239098
778953,185556.36224239098
778956,185556.36224239098
778970,185556.36224239098
778976,185556.36224239098
779003,185556.36224239098
779077,185556.36224239098
779114,185556.36224239098
779141,185556.36224239098
779149,185556.36224239098
779215,185556.36224239098
779288,185556.36224239098
779384,185556.36224239098
779391,185556.36224239098
779392,185556.36224239098
779393,185556.36224239098
779705,185556.36224239098
779738,185556.36224239098
779782,185556.36224239098
779867,185556.36224239098
779904,185556.36224239098
779938,185556.36224239098
779977,185556.36224239098
779984,185556.36224239098
780002,185556.36224239098
780020,185556.36224239098
780073,185556.36224239098
780093,185556.36224239098
780095,185556.36224239098
780214,185556.36224239098
780253,185556.36224239098
780353,185556.36224239098
780376,185556.36224239098
780395,185556.36224239098
780419,185556.36224239098
780420,185556.36224239098
780421,185556.36224239098
780564,185556.36224239098
780596,185556.36224239098
780669,185556.36224239098
780694,185556.36224239098
780702,185556.36224239098
780715,185556.36224239098
780724,185556.36224239098
780846,185556.36224239098
780856,185556.36224239098
780863,185556.36224239098
780900,185556.36224239098
780951,185556.36224239098
781145,185556.36224239098
781275,185556.36224239098
781371,185556.36224239098
781416,185556.36224239098
781559,185556.36224239098
781563,185556.36224239098
781572,185556.36224239098
781698,185556.36224239098
781700,185556.36224239098
781825,185556.36224239098
781843,185556.36224239098
781844,185556.36224239098
781845,185556.36224239098
781846,185556.36224239098
781854,185556.36224239098
781859,185556.36224239098
781860,185556.36224239098
781866,185556.36224239098
781946,185556.36224239098
781982,185556.36224239098
782181,185556.36224239098
782201,185556.36224239098
782394,185556.36224239098
782416,185556.36224239098
782443,185556.36224239098
782452,185556.36224239098
782561,185556.36224239098
782627,185556.36224239098
782642,185556.36224239098
782665,185556.36224239098
782671,185556.36224239098
782675,185556.36224239098
782693,185556.36224239098
782705,185556.36224239098
782706,185556.36224239098
782708,185556.36224239098
782717,185556.36224239098
782722,185556.36224239098
782761,185556.36224239098
782782,185556.36224239098
782785,185556.36224239098
782849,185556.36224239098
782946,185556.36224239098
783038,185556.36224239098
783051,185556.36224239098
783056,185556.36224239098
783125,185556.36224239098
783130,185556.36224239098
783231,185556.36224239098
783260,185556.36224239098
783421,185556.36224239098
783512,185556.36224239098
783559,185556.36224239098
783604,185556.36224239098
783607,185556.36224239098
783636,185556.36224239098
783654,185556.36224239098
783811,185556.36224239098
783914,185556.36224239098
783951,185556.36224239098
783978,185556.36224239098
783979,185556.36224239098
784000,185556.36224239098
784012,185556.36224239098
784167,185556.36224239098
784275,185556.36224239098
784431,185556.36224239098
784568,185556.36224239098
784570,185556.36224239098
784737,185556.36224239098
784762,185556.36224239098
784768,185556.36224239098
784842,185556.36224239098
785009,185556.36224239098
785082,185556.36224239098
785261,185556.36224239098
785408,185556.36224239098
785455,185556.36224239098
785514,185556.36224239098
785588,185556.36224239098
785808,185556.36224239098
785820,185556.36224239098
785970,185556.36224239098
785973,185556.36224239098
786182,185556.36224239098
786183,185556.36224239098
786346,185556.36224239098
786447,185556.36224239098
786450,185556.36224239098
786451,185556.36224239098
786452,185556.36224239098
786456,185556.36224239098
786457,185556.36224239098
786484,185556.36224239098
786521,185556.36224239098
786587,185556.36224239098
786628,185556.36224239098
786831,185556.36224239098
786859,185556.36224239098
787068,185556.36224239098
787151,185556.36224239098
787208,185556.36224239098
787215,185556.36224239098
787216,185556.36224239098
787276,185556.36224239098
787281,185556.36224239098
787289,185556.36224239098
787291,185556.36224239098
787331,185556.36224239098
787343,185556.36224239098
787361,185556.36224239098
787369,185556.36224239098
787382,185556.36224239098
787385,185556.36224239098
787401,185556.36224239098
787405,185556.36224239098
787411,185556.36224239098
787454,185556.36224239098
787485,185556.36224239098
787486,185556.36224239098
787489,185556.36224239098
787490,185556.36224239098
787528,185556.36224239098
787529,185556.36224239098
787533,185556.36224239098
787535,185556.36224239098
787538,185556.36224239098
787555,185556.36224239098
787614,185556.36224239098
787634,185556.36224239098
787684,185556.36224239098
787868,185556.36224239098
788008,185556.36224239098
788356,185556.36224239098
788577,185556.36224239098
788645,185556.36224239098
788730,185556.36224239098
788820,185556.36224239098
788990,185556.36224239098
788994,185556.36224239098
789179,185556.36224239098
789327,185556.36224239098
789333,185556.36224239098
789339,185556.36224239098
789374,185556.36224239098
789389,185556.36224239098
789555,185556.36224239098
789568,185556.36224239098
789619,185556.36224239098
789638,185556.36224239098
789709,185556.36224239098
789843,185556.36224239098
789881,185556.36224239098
789964,185556.36224239098
789966,185556.36224239098
790026,185556.36224239098
790038,185556.36224239098
790115,185556.36224239098
790170,185556.36224239098
790184,185556.36224239098
790414,185556.36224239098
790625,185556.36224239098
790725,185556.36224239098
790798,185556.36224239098
790912,185556.36224239098
790918,185556.36224239098
790939,185556.36224239098
791067,185556.36224239098
791077,185556.36224239098
791182,185556.36224239098
791219,185556.36224239098
791221,185556.36224239098
791296,185556.36224239098
791314,185556.36224239098
791379,185556.36224239098
791445,185556.36224239098
791581,185556.36224239098
791589,185556.36224239098
791600,185556.36224239098
791608,185556.36224239098
791617,185556.36224239098
791813,185556.36224239098
791869,185556.36224239098
791870,185556.36224239098
792315,185556.36224239098
792695,185556.36224239098
793171,185556.36224239098
793172,185556.36224239098
793391,185556.36224239098
793620,185556.36224239098
793722,185556.36224239098
793967,185556.36224239098
794344,185556.36224239098
794498,185556.36224239098
794573,185556.36224239098
794576,185556.36224239098
794897,185556.36224239098
794968,185556.36224239098
796060,185556.36224239098
796252,185556.36224239098
796300,185556.36224239098
796537,185556.36224239098
796582,185556.36224239098
797433,185556.36224239098
797488,185556.36224239098
797489,185556.36224239098
797540,185556.36224239098
797866,185556.36224239098
798010,185556.36224239098
798026,185556.36224239098
799178,185556.36224239098
799179,185556.36224239098
799190,185556.36224239098
799234,185556.36224239098
799315,185556.36224239098
799472,185556.36224239098
799498,185556.36224239098
799561,185556.36224239098
799652,185556.36224239098
799732,185556.36224239098
800022,185556.36224239098
800237,185556.36224239098
800456,185556.36224239098
800963,185556.36224239098
801193,185556.36224239098
801250,185556.36224239098
801281,185556.36224239098
801487,185556.36224239098
801497,185556.36224239098
801503,185556.36224239098
801504,185556.36224239098
801727,185556.36224239098
801954,185556.36224239098
802096,185556.36224239098
802163,185556.36224239098
802196,185556.36224239098
802200,185556.36224239098
802270,185556.36224239098
802271,185556.36224239098
802331,185556.36224239098
802349,185556.36224239098
802375,185556.36224239098
802688,185556.36224239098
803023,185556.36224239098
803138,185556.36224239098
803310,185556.36224239098
803839,185556.36224239098
803941,185556.36224239098
804236,185556.36224239098
804237,185556.36224239098
804318,185556.36224239098
804335,185556.36224239098
804516,185556.36224239098
804572,185556.36224239098
804611,185556.36224239098
804663,185556.36224239098
804859,185556.36224239098
805515,185556.36224239098
805577,185556.36224239098
806450,185556.36224239098
806493,185556.36224239098
806508,185556.36224239098
806655,185556.36224239098
806775,185556.36224239098
806865,185556.36224239098
806936,185556.36224239098
806937,185556.36224239098
807537,185556.36224239098
807824,185556.36224239098
807826,185556.36224239098
808024,185556.36224239098
808123,185556.36224239098
808180,185556.36224239098
808340,185556.36224239098
808644,185556.36224239098
808647,185556.36224239098
809443,185556.36224239098
809444,185556.36224239098
809711,185556.36224239098
810556,185556.36224239098
810560,185556.36224239098
810574,185556.36224239098
810705,185556.36224239098
811018,185556.36224239098
811028,185556.36224239098
811104,185556.36224239098
811659,185556.36224239098
811817,185556.36224239098
811944,185556.36224239098
812472,185556.36224239098
812587,185556.36224239098
812588,185556.36224239098
812762,185556.36224239098
812914,185556.36224239098
813322,185556.36224239098
813323,185556.36224239098
813324,185556.36224239098
813361,185556.36224239098
813430,185556.36224239098
813750,185556.36224239098
813797,185556.36224239098
813800,185556.36224239098
814059,185556.36224239098
814159,185556.36224239098
814247,185556.36224239098
814306,185556.36224239098
814308,185556.36224239098
814310,185556.36224239098
814313,185556.36224239098
814338,185556.36224239098
814378,185556.36224239098
814381,185556.36224239098
814390,185556.36224239098
814448,185556.36224239098
814449,185556.36224239098
815043,185556.36224239098
815287,185556.36224239098
815582,185556.36224239098
815585,185556.36224239098
815640,185556.36224239098
816479,185556.36224239098
816525,185556.36224239098
816552,185556.36224239098
816589,185556.36224239098
816592,185556.36224239098
816594,185556.36224239098
816608,185556.36224239098
816611,185556.36224239098
816676,185556.36224239098
816679,185556.36224239098
816850,185556.36224239098
816967,185556.36224239098
816968,185556.36224239098
816969,185556.36224239098
816972,185556.36224239098
816974,185556.36224239098
817091,185556.36224239098
817550,185556.36224239098
817647,185556.36224239098
817658,185556.36224239098
817662,185556.36224239098
817752,185556.36224239098
817883,185556.36224239098
817978,185556.36224239098
818057,185556.36224239098
818059,185556.36224239098
818170,185556.36224239098
818217,185556.36224239098
818229,185556.36224239098
818316,185556.36224239098
818405,185556.36224239098
818412,185556.36224239098
818488,185556.36224239098
818498,185556.36224239098
818519,185556.36224239098
818520,185556.36224239098
818601,185556.36224239098
818620,185556.36224239098
818629,185556.36224239098
818668,185556.36224239098
818906,185556.36224239098
818951,185556.36224239098
818981,185556.36224239098
819022,185556.36224239098
819052,185556.36224239098
819088,185556.36224239098
819090,185556.36224239098
819154,185556.36224239098
819224,185556.36224239098
819477,185556.36224239098
819505,185556.36224239098
819532,185556.36224239098
819599,185556.36224239098
819624,185556.36224239098
819689,185556.36224239098
819690,185556.36224239098
819694,185556.36224239098
819729,185556.36224239098
819737,185556.36224239098
819839,185556.36224239098
819946,185556.36224239098
820010,185556.36224239098
820047,185556.36224239098
820221,185556.36224239098
820343,185556.36224239098
820369,185556.36224239098
820444,185556.36224239098
820485,185556.36224239098
820520,185556.36224239098
820534,185556.36224239098
820549,185556.36224239098
820550,185556.36224239098
820560,185556.36224239098
820576,185556.36224239098
820608,185556.36224239098
820640,185556.36224239098
820668,185556.36224239098
820672,185556.36224239098
820758,185556.36224239098
820763,185556.36224239098
820797,185556.36224239098
820936,185556.36224239098
821001,185556.36224239098
821049,185556.36224239098
821050,185556.36224239098
821087,185556.36224239098
821251,185556.36224239098
821372,185556.36224239098
821381,185556.36224239098
821423,185556.36224239098
821616,185556.36224239098
821664,185556.36224239098
821715,185556.36224239098
821753,185556.36224239098
821791,185556.36224239098
821800,185556.36224239098
821820,185556.36224239098
821825,185556.36224239098
821826,185556.36224239098
821876,185556.36224239098
821888,185556.36224239098
821895,185556.36224239098
822024,185556.36224239098
822169,185556.36224239098
822190,185556.36224239098
822347,185556.36224239098
822354,185556.36224239098
822421,185556.36224239098
822422,185556.36224239098
822432,185556.36224239098
822445,185556.36224239098
822453,185556.36224239098
822456,185556.36224239098
822457,185556.36224239098
822552,185556.36224239098
822622,185556.36224239098
822624,185556.36224239098
822635,185556.36224239098
822656,185556.36224239098
822684,185556.36224239098
822688,185556.36224239098
822777,185556.36224239098
822785,185556.36224239098
822858,185556.36224239098
822880,185556.36224239098
822882,185556.36224239098
822883,185556.36224239098
822930,185556.36224239098
823118,185556.36224239098
823126,185556.36224239098
823190,185556.36224239098
823243,185556.36224239098
823305,185556.36224239098
823338,185556.36224239098
823411,185556.36224239098
823441,185556.36224239098
823596,185556.36224239098
823639,185556.36224239098
823761,185556.36224239098
823773,185556.36224239098
823798,185556.36224239098
823815,185556.36224239098
823830,185556.36224239098
823846,185556.36224239098
823949,185556.36224239098
823958,185556.36224239098
824041,185556.36224239098
824138,185556.36224239098
824141,185556.36224239098
824236,185556.36224239098
824250,185556.36224239098
824261,185556.36224239098
824528,185556.36224239098
824533,185556.36224239098
824564,185556.36224239098
824568,185556.36224239098
824571,185556.36224239098
824575,185556.36224239098
824602,185556.36224239098
824686,185556.36224239098
824788,185556.36224239098
824810,185556.36224239098
824857,185556.36224239098
824886,185556.36224239098
824906,185556.36224239098
825094,185556.36224239098
825107,185556.36224239098
825186,185556.36224239098
825386,185556.36224239098
825462,185556.36224239098
825470,185556.36224239098
825472,185556.36224239098
825473,185556.36224239098
825700,185556.36224239098
825862,185556.36224239098
825950,185556.36224239098
826171,185556.36224239098
826173,185556.36224239098
826309,185556.36224239098
826322,185556.36224239098
826408,185556.36224239098
826453,185556.36224239098
826522,185556.36224239098
826555,185556.36224239098
826607,185556.36224239098
826650,185556.36224239098
826863,185556.36224239098
826864,185556.36224239098
826881,185556.36224239098
826893,185556.36224239098
826896,185556.36224239098
826968,185556.36224239098
826977,185556.36224239098
827191,185556.36224239098
827214,185556.36224239098
827230,185556.36224239098
827234,185556.36224239098
827325,185556.36224239098
827359,185556.36224239098
827399,185556.36224239098
827481,185556.36224239098
827619,185556.36224239098
827688,185556.36224239098
827711,185556.36224239098
827954,185556.36224239098
828025,185556.36224239098
828031,185556.36224239098
828082,185556.36224239098
828144,185556.36224239098
828174,185556.36224239098
828265,185556.36224239098
828273,185556.36224239098
828285,185556.36224239098
828351,185556.36224239098
828477,185556.36224239098
828604,185556.36224239098
828623,185556.36224239098
828718,185556.36224239098
828750,185556.36224239098
828793,185556.36224239098
828812,185556.36224239098
828827,185556.36224239098
828862,185556.36224239098
828965,185556.36224239098
829067,185556.36224239098
829087,185556.36224239098
829171,185556.36224239098
829240,185556.36224239098
829278,185556.36224239098
829282,185556.36224239098
829293,185556.36224239098
829295,185556.36224239098
829318,185556.36224239098
829322,185556.36224239098
829336,185556.36224239098
829344,185556.36224239098
829351,185556.36224239098
829359,185556.36224239098
829367,185556.36224239098
829372,185556.36224239098
829378,185556.36224239098
829383,185556.36224239098
829389,185556.36224239098
829390,185556.36224239098
829395,185556.36224239098
829413,185556.36224239098
829417,185556.36224239098
829419,185556.36224239098
829599,185556.36224239098
829600,185556.36224239098
829612,185556.36224239098
829673,185556.36224239098
829767,185556.36224239098
829883,185556.36224239098
829947,185556.36224239098
830002,185556.36224239098
830122,185556.36224239098
830143,185556.36224239098
830151,185556.36224239098
830160,185556.36224239098
830199,185556.36224239098
830245,185556.36224239098
830262,185556.36224239098
830265,185556.36224239098
830279,185556.36224239098
830280,185556.36224239098
830333,185556.36224239098
830384,185556.36224239098
830410,185556.36224239098
830446,185556.36224239098
830448,185556.36224239098
830535,185556.36224239098
830581,185556.36224239098
830587,185556.36224239098
830702,185556.36224239098
830731,185556.36224239098
830739,185556.36224239098
830764,185556.36224239098
830772,185556.36224239098
830774,185556.36224239098
830971,185556.36224239098
831037,185556.36224239098
831091,185556.36224239098
831105,185556.36224239098
831106,185556.36224239098
831112,185556.36224239098
831247,185556.36224239098
831261,185556.36224239098
831269,185556.36224239098
831321,185556.36224239098
831459,185556.36224239098
831529,185556.36224239098
831628,185556.36224239098
831792,185556.36224239098
831881,185556.36224239098
831882,185556.36224239098
831883,185556.36224239098
831884,185556.36224239098
831910,185556.36224239098
831944,185556.36224239098
831946,185556.36224239098
831947,185556.36224239098
831949,185556.36224239098
831950,185556.36224239098
831960,185556.36224239098
831961,185556.36224239098
831974,185556.36224239098
832022,185556.36224239098
832156,185556.36224239098
832213,185556.36224239098
832254,185556.36224239098
832261,185556.36224239098
832343,185556.36224239098
832367,185556.36224239098
832436,185556.36224239098
832439,185556.36224239098
832460,185556.36224239098
832470,185556.36224239098
832511,185556.36224239098
832513,185556.36224239098
832624,185556.36224239098
832707,185556.36224239098
832726,185556.36224239098
832780,185556.36224239098
832924,185556.36224239098
832953,185556.36224239098
833013,185556.36224239098
833045,185556.36224239098
833051,185556.36224239098
833052,185556.36224239098
833055,185556.36224239098
833056,185556.36224239098
833057,185556.36224239098
833058,185556.36224239098
833091,185556.36224239098
833216,185556.36224239098
833233,185556.36224239098
833350,185556.36224239098
833459,185556.36224239098
833510,185556.36224239098
833525,185556.36224239098
833527,185556.36224239098
833554,185556.36224239098
833634,185556.36224239098
833668,185556.36224239098
833688,185556.36224239098
833789,185556.36224239098
833827,185556.36224239098
833846,185556.36224239098
833858,185556.36224239098
833886,185556.36224239098
833925,185556.36224239098
833968,185556.36224239098
834026,185556.36224239098
834042,185556.36224239098
834049,185556.36224239098
834113,185556.36224239098
834265,185556.36224239098
834280,185556.36224239098
834315,185556.36224239098
834335,185556.36224239098
834341,185556.36224239098
834343,185556.36224239098
834348,185556.36224239098
834350,185556.36224239098
834391,185556.36224239098
834443,185556.36224239098
834451,185556.36224239098
834514,185556.36224239098
834613,185556.36224239098
834616,185556.36224239098
834623,185556.36224239098
834662,185556.36224239098
834702,185556.36224239098
834746,185556.36224239098
834751,185556.36224239098
834764,185556.36224239098
834785,185556.36224239098
834788,185556.36224239098
834836,185556.36224239098
834858,185556.36224239098
834903,185556.36224239098
834917,185556.36224239098
834959,185556.36224239098
835037,185556.36224239098
835090,185556.36224239098
835122,185556.36224239098
835129,185556.36224239098
835137,185556.36224239098
835262,185556.36224239098
835290,185556.36224239098
835307,185556.36224239098
835336,185556.36224239098
835361,185556.36224239098
835388,185556.36224239098
835459,185556.36224239098
835465,185556.36224239098
835522,185556.36224239098
835523,185556.36224239098
835635,185556.36224239098
835651,185556.36224239098
835661,185556.36224239098
835673,185556.36224239098
835692,185556.36224239098
835759,185556.36224239098
835813,185556.36224239098
835814,185556.36224239098
835816,185556.36224239098
835884,185556.36224239098
835965,185556.36224239098
836013,185556.36224239098
836041,185556.36224239098
836103,185556.36224239098
836173,185556.36224239098
836254,185556.36224239098
836316,185556.36224239098
836341,185556.36224239098
836417,185556.36224239098
836550,185556.36224239098
836555,185556.36224239098
836556,185556.36224239098
836559,185556.36224239098
836561,185556.36224239098
836562,185556.36224239098
836563,185556.36224239098
836564,185556.36224239098
836566,185556.36224239098
836735,185556.36224239098
836782,185556.36224239098
836821,185556.36224239098
837005,185556.36224239098
837092,185556.36224239098
837095,185556.36224239098
837197,185556.36224239098
837467,185556.36224239098
837506,185556.36224239098
837521,185556.36224239098
837550,185556.36224239098
837592,185556.36224239098
837618,185556.36224239098
837632,185556.36224239098
837642,185556.36224239098
837658,185556.36224239098
837769,185556.36224239098
837779,185556.36224239098
837784,185556.36224239098
837831,185556.36224239098
837832,185556.36224239098
837836,185556.36224239098
837961,185556.36224239098
838054,185556.36224239098
838186,185556.36224239098
838254,185556.36224239098
838257,185556.36224239098
838287,185556.36224239098
838374,185556.36224239098
838443,185556.36224239098
838471,185556.36224239098
838609,185556.36224239098
838636,185556.36224239098
838681,185556.36224239098
838696,185556.36224239098
838729,185556.36224239098
838745,185556.36224239098
838778,185556.36224239098
838834,185556.36224239098
838840,185556.36224239098
839042,185556.36224239098
839134,185556.36224239098
839179,185556.36224239098
839299,185556.36224239098
839328,185556.36224239098
839358,185556.36224239098
839379,185556.36224239098
839481,185556.36224239098
839688,185556.36224239098
839804,185556.36224239098
839807,185556.36224239098
839857,185556.36224239098
839875,185556.36224239098
839896,185556.36224239098
839906,185556.36224239098
839907,185556.36224239098
839912,185556.36224239098
839923,185556.36224239098
839964,185556.36224239098
840015,185556.36224239098
840075,185556.36224239098
840137,185556.36224239098
840187,185556.36224239098
840267,185556.36224239098
840277,185556.36224239098
840279,185556.36224239098
840282,185556.36224239098
840284,185556.36224239098
840287,185556.36224239098
840313,185556.36224239098
840333,185556.36224239098
840334,185556.36224239098
840337,185556.36224239098
840425,185556.36224239098
840558,185556.36224239098
840569,185556.36224239098
840632,185556.36224239098
840829,185556.36224239098
840859,185556.36224239098
840895,185556.36224239098
840951,185556.36224239098
841008,185556.36224239098
841041,185556.36224239098
841075,185556.36224239098
841077,185556.36224239098
841273,185556.36224239098
841289,185556.36224239098
841313,185556.36224239098
841337,185556.36224239098
841354,185556.36224239098
841376,185556.36224239098
841400,185556.36224239098
841446,185556.36224239098
841484,185556.36224239098
841515,185556.36224239098
841521,185556.36224239098
841536,185556.36224239098
841557,185556.36224239098
841585,185556.36224239098
841696,185556.36224239098
841763,185556.36224239098
841803,185556.36224239098
841851,185556.36224239098
841869,185556.36224239098
841984,185556.36224239098
842034,185556.36224239098
842041,185556.36224239098
842044,185556.36224239098
842056,185556.36224239098
842219,185556.36224239098
842222,185556.36224239098
842243,185556.36224239098
842245,185556.36224239098
842350,185556.36224239098
842357,185556.36224239098
842459,185556.36224239098
842460,185556.36224239098
842623,185556.36224239098
842624,185556.36224239098
842791,185556.36224239098
842797,185556.36224239098
842808,185556.36224239098
842868,185556.36224239098
842953,185556.36224239098
842960,185556.36224239098
843026,185556.36224239098
843041,185556.36224239098
843066,185556.36224239098
843070,185556.36224239098
843072,185556.36224239098
843183,185556.36224239098
843192,185556.36224239098
843194,185556.36224239098
843197,185556.36224239098
843201,185556.36224239098
843205,185556.36224239098
843339,185556.36224239098
843353,185556.36224239098
843397,185556.36224239098
843417,185556.36224239098
843468,185556.36224239098
843471,185556.36224239098
843505,185556.36224239098
843512,185556.36224239098
843536,185556.36224239098
843564,185556.36224239098
843575,185556.36224239098
843622,185556.36224239098
843737,185556.36224239098
843742,185556.36224239098
843767,185556.36224239098
843770,185556.36224239098
843784,185556.36224239098
843794,185556.36224239098
843797,185556.36224239098
843906,185556.36224239098
843914,185556.36224239098
843942,185556.36224239098
843943,185556.36224239098
843979,185556.36224239098
843980,185556.36224239098
843993,185556.36224239098
844008,185556.36224239098
844035,185556.36224239098
844085,185556.36224239098
844097,185556.36224239098
844104,185556.36224239098
844109,185556.36224239098
844110,185556.36224239098
844126,185556.36224239098
844162,185556.36224239098
844165,185556.36224239098
844198,185556.36224239098
844211,185556.36224239098
844233,185556.36224239098
844310,185556.36224239098
844316,185556.36224239098
844329,185556.36224239098
844338,185556.36224239098
844468,185556.36224239098
844503,185556.36224239098
844536,185556.36224239098
844539,185556.36224239098
844564,185556.36224239098
844590,185556.36224239098
844617,185556.36224239098
844640,185556.36224239098
844716,185556.36224239098
844747,185556.36224239098
844748,185556.36224239098
844755,185556.36224239098
844762,185556.36224239098
844789,185556.36224239098
844804,185556.36224239098
844846,185556.36224239098
844847,185556.36224239098
844849,185556.36224239098
844855,185556.36224239098
844856,185556.36224239098
844857,185556.36224239098
844862,185556.36224239098
844886,185556.36224239098
844915,185556.36224239098
844925,185556.36224239098
844991,185556.36224239098
844993,185556.36224239098
845024,185556.36224239098
845033,185556.36224239098
845082,185556.36224239098
845083,185556.36224239098
845096,185556.36224239098
845106,185556.36224239098
845107,185556.36224239098
845121,185556.36224239098
845124,185556.36224239098
845155,185556.36224239098
845166,185556.36224239098
845183,185556.36224239098
845217,185556.36224239098
845244,185556.36224239098
845251,185556.36224239098
845344,185556.36224239098
845370,185556.36224239098
845397,185556.36224239098
845405,185556.36224239098
845471,185556.36224239098
845486,185556.36224239098
845528,185556.36224239098
845534,185556.36224239098
845545,185556.36224239098
845594,185556.36224239098
845685,185556.36224239098
845705,185556.36224239098
845720,185556.36224239098
845802,185556.36224239098
845879,185556.36224239098
845943,185556.36224239098
845962,185556.36224239098
846140,185556.36224239098
846147,185556.36224239098
846152,185556.36224239098
846284,185556.36224239098
846499,185556.36224239098
846556,185556.36224239098
846559,185556.36224239098
846573,185556.36224239098
846575,185556.36224239098
846768,185556.36224239098
846871,185556.36224239098
846968,185556.36224239098
847095,185556.36224239098
847100,185556.36224239098
847161,185556.36224239098
847191,185556.36224239098
847227,185556.36224239098
847230,185556.36224239098
847306,185556.36224239098
847476,185556.36224239098
847537,185556.36224239098
847657,185556.36224239098
847727,185556.36224239098
847766,185556.36224239098
847773,185556.36224239098
847809,185556.36224239098
847861,185556.36224239098
847892,185556.36224239098
847917,185556.36224239098
847950,185556.36224239098
848039,185556.36224239098
848093,185556.36224239098
848095,185556.36224239098
848112,185556.36224239098
848157,185556.36224239098
848164,185556.36224239098
848302,185556.36224239098
848330,185556.36224239098
848365,185556.36224239098
848375,185556.36224239098
848386,185556.36224239098
848437,185556.36224239098
848493,185556.36224239098
848543,185556.36224239098
848549,185556.36224239098
848623,185556.36224239098
848661,185556.36224239098
848707,185556.36224239098
848775,185556.36224239098
848843,185556.36224239098
848978,185556.36224239098
848989,185556.36224239098
849002,185556.36224239098
849024,185556.36224239098
849047,185556.36224239098
849062,185556.36224239098
849064,185556.36224239098
936612,185556.36224239098
936685,185556.36224239098
936696,185556.36224239098
936725,185556.36224239098
936735,185556.36224239098
936772,185556.36224239098
936806,185556.36224239098
936808,185556.36224239098
936854,185556.36224239098
936871,185556.36224239098
936899,185556.36224239098
936915,185556.36224239098
936923,185556.36224239098
936950,185556.36224239098
936973,185556.36224239098
937001,185556.36224239098
937003,185556.36224239098
937056,185556.36224239098
937090,185556.36224239098
937110,185556.36224239098
937130,185556.36224239098
937183,185556.36224239098
937255,185556.36224239098
937276,185556.36224239098
937318,185556.36224239098
937335,185556.36224239098
937337,185556.36224239098
937358,185556.36224239098
937360,185556.36224239098
937362,185556.36224239098
937390,185556.36224239098
937462,185556.36224239098
937472,185556.36224239098
937477,185556.36224239098
937493,185556.36224239098
937518,185556.36224239098
937519,185556.36224239098
937555,185556.36224239098
937658,185556.36224239098
937662,185556.36224239098
937663,185556.36224239098
937665,185556.36224239098
937676,185556.36224239098
937694,185556.36224239098
937735,185556.36224239098
937740,185556.36224239098
937751,185556.36224239098
937776,185556.36224239098
937780,185556.36224239098
937812,185556.36224239098
937813,185556.36224239098
937943,185556.36224239098
938043,185556.36224239098
938056,185556.36224239098
938064,185556.36224239098
938068,185556.36224239098
938080,185556.36224239098
938114,185556.36224239098
938187,185556.36224239098
938204,185556.36224239098
938206,185556.36224239098
938209,185556.36224239098
938212,185556.36224239098
938232,185556.36224239098
938233,185556.36224239098
938349,185556.36224239098
938350,185556.36224239098
938351,185556.36224239098
938354,185556.36224239098
938361,185556.36224239098
938362,185556.36224239098
938363,185556.36224239098
938433,185556.36224239098
938579,185556.36224239098
938635,185556.36224239098
938636,185556.36224239098
938637,185556.36224239098
938639,185556.36224239098
938651,185556.36224239098
938670,185556.36224239098
938703,185556.36224239098
938705,185556.36224239098
938715,185556.36224239098
938733,185556.36224239098
938812,185556.36224239098
938814,185556.36224239098
938894,185556.36224239098
938913,185556.36224239098
938938,185556.36224239098
938957,185556.36224239098
938990,185556.36224239098
939010,185556.36224239098
939028,185556.36224239098
939075,185556.36224239098
939121,185556.36224239098
939133,185556.36224239098
939146,185556.36224239098
939224,185556.36224239098
939227,185556.36224239098
939256,185556.36224239098
939297,185556.36224239098
939305,185556.36224239098
939310,185556.36224239098
939349,185556.36224239098
939360,185556.36224239098
939392,185556.36224239098
939400,185556.36224239098
939409,185556.36224239098
939411,185556.36224239098
939414,185556.36224239098
939420,185556.36224239098
939421,185556.36224239098
939438,185556.36224239098
939494,185556.36224239098
939496,185556.36224239098
939497,185556.36224239098
939501,185556.36224239098
939587,185556.36224239098
939589,185556.36224239098
939629,185556.36224239098
939636,185556.36224239098
939645,185556.36224239098
939650,185556.36224239098
939666,185556.36224239098
939669,185556.36224239098
939711,185556.36224239098
939877,185556.36224239098
939886,185556.36224239098
939890,185556.36224239098
939892,185556.36224239098
939905,185556.36224239098
939930,185556.36224239098
939935,185556.36224239098
939960,185556.36224239098
939964,185556.36224239098
939970,185556.36224239098
940066,185556.36224239098
940094,185556.36224239098
940095,185556.36224239098
940096,185556.36224239098
940118,185556.36224239098
940138,185556.36224239098
940168,185556.36224239098
940172,185556.36224239098
940240,185556.36224239098
940262,185556.36224239098
940282,185556.36224239098
940283,185556.36224239098
940336,185556.36224239098
940389,185556.36224239098
940487,185556.36224239098
940552,185556.36224239098
940571,185556.36224239098
940579,185556.36224239098
940602,185556.36224239098
940627,185556.36224239098
940735,185556.36224239098
940740,185556.36224239098
940742,185556.36224239098
940767,185556.36224239098
940788,185556.36224239098
940807,185556.36224239098
940855,185556.36224239098
940868,185556.36224239098
940875,185556.36224239098
940876,185556.36224239098
940890,185556.36224239098
940950,185556.36224239098
941026,185556.36224239098
941059,185556.36224239098
941089,185556.36224239098
941112,185556.36224239098
941121,185556.36224239098
941123,185556.36224239098
941146,185556.36224239098
941344,185556.36224239098
941346,185556.36224239098
941369,185556.36224239098
941370,185556.36224239098
941373,185556.36224239098
941384,185556.36224239098
941500,185556.36224239098
941524,185556.36224239098
941554,185556.36224239098
941713,185556.36224239098
941780,185556.36224239098
941782,185556.36224239098
941786,185556.36224239098
941790,185556.36224239098
941791,185556.36224239098
941792,185556.36224239098
941793,185556.36224239098
941797,185556.36224239098
941798,185556.36224239098
941801,185556.36224239098
941810,185556.36224239098
941826,185556.36224239098
941843,185556.36224239098
941862,185556.36224239098
941864,185556.36224239098
941867,185556.36224239098
941875,185556.36224239098
941876,185556.36224239098
941881,185556.36224239098
941883,185556.36224239098
941884,185556.36224239098
941891,185556.36224239098
941919,185556.36224239098
941959,185556.36224239098
942057,185556.36224239098
942070,185556.36224239098
942098,185556.36224239098
942103,185556.36224239098
942105,185556.36224239098
942106,185556.36224239098
942109,185556.36224239098
942111,185556.36224239098
942113,185556.36224239098
942115,185556.36224239098
942116,185556.36224239098
942130,185556.36224239098
942139,185556.36224239098
942145,185556.36224239098
942168,185556.36224239098
942177,185556.36224239098
942181,185556.36224239098
942196,185556.36224239098
942210,185556.36224239098
942217,185556.36224239098
942275,185556.36224239098
942370,185556.36224239098
942375,185556.36224239098
942383,185556.36224239098
942415,185556.36224239098
942422,185556.36224239098
942463,185556.36224239098
942469,185556.36224239098
942480,185556.36224239098
942488,185556.36224239098
942583,185556.36224239098
942628,185556.36224239098
942635,185556.36224239098
942636,185556.36224239098
942651,185556.36224239098
942653,185556.36224239098
942655,185556.36224239098
942657,185556.36224239098
942741,185556.36224239098
942753,185556.36224239098
942779,185556.36224239098
942802,185556.36224239098
942843,185556.36224239098
942844,185556.36224239098
942890,185556.36224239098
942964,185556.36224239098
942968,185556.36224239098
942969,185556.36224239098
942985,185556.36224239098
942989,185556.36224239098
942990,185556.36224239098
943022,185556.36224239098
943032,185556.36224239098
943039,185556.36224239098
943044,185556.36224239098
943112,185556.36224239098
943140,185556.36224239098
943141,185556.36224239098
943143,185556.36224239098
943145,185556.36224239098
943149,185556.36224239098
943167,185556.36224239098
943193,185556.36224239098
943238,185556.36224239098
943352,185556.36224239098
943368,185556.36224239098
943373,185556.36224239098
943397,185556.36224239098
943398,185556.36224239098
943402,185556.36224239098
943412,185556.36224239098
943473,185556.36224239098
943478,185556.36224239098
943482,185556.36224239098
943484,185556.36224239098
943489,185556.36224239098
943497,185556.36224239098
943503,185556.36224239098
943504,185556.36224239098
943505,185556.36224239098
943592,185556.36224239098
943684,185556.36224239098
943693,185556.36224239098
943696,185556.36224239098
943698,185556.36224239098
943699,185556.36224239098
943750,185556.36224239098
943756,185556.36224239098
943782,185556.36224239098
943783,185556.36224239098
943810,185556.36224239098
943821,185556.36224239098
943822,185556.36224239098
943872,185556.36224239098
943889,185556.36224239098
943928,185556.36224239098
943939,185556.36224239098
943944,185556.36224239098
943953,185556.36224239098
943954,185556.36224239098
943955,185556.36224239098
943960,185556.36224239098
943964,185556.36224239098
943968,185556.36224239098
943969,185556.36224239098
943985,185556.36224239098
944000,185556.36224239098
944002,185556.36224239098
944018,185556.36224239098
944025,185556.36224239098
944030,185556.36224239098
944101,185556.36224239098
944105,185556.36224239098
944256,185556.36224239098
944265,185556.36224239098
944289,185556.36224239098
944295,185556.36224239098
944305,185556.36224239098
944306,185556.36224239098
944312,185556.36224239098
944341,185556.36224239098
944342,185556.36224239098
944347,185556.36224239098
944360,185556.36224239098
944384,185556.36224239098
944425,185556.36224239098
944434,185556.36224239098
944435,185556.36224239098
944436,185556.36224239098
944442,185556.36224239098
944552,185556.36224239098
944568,185556.36224239098
944662,185556.36224239098
944671,185556.36224239098
944683,185556.36224239098
944887,185556.36224239098
944902,185556.36224239098
944906,185556.36224239098
944913,185556.36224239098
944921,185556.36224239098
944935,185556.36224239098
944942,185556.36224239098
944943,185556.36224239098
944955,185556.36224239098
944967,185556.36224239098
945015,185556.36224239098
945046,185556.36224239098
945082,185556.36224239098
945116,185556.36224239098
945151,185556.36224239098
945180,185556.36224239098
945181,185556.36224239098
945182,185556.36224239098
945273,185556.36224239098
945283,185556.36224239098
945305,185556.36224239098
945332,185556.36224239098
945388,185556.36224239098
945444,185556.36224239098
945448,185556.36224239098
945453,185556.36224239098
945454,185556.36224239098
945470,185556.36224239098
945495,185556.36224239098
945498,185556.36224239098
945505,185556.36224239098
945513,185556.36224239098
945554,185556.36224239098
945590,185556.36224239098
945627,185556.36224239098
945628,185556.36224239098
945629,185556.36224239098
945630,185556.36224239098
945749,185556.36224239098
945790,185556.36224239098
945801,185556.36224239098
945838,185556.36224239098
945839,185556.36224239098
945840,185556.36224239098
945843,185556.36224239098
945880,185556.36224239098
945900,185556.36224239098
945901,185556.36224239098
945902,185556.36224239098
945903,185556.36224239098
945940,185556.36224239098
945942,185556.36224239098
945945,185556.36224239098
945946,185556.36224239098
945952,185556.36224239098
945965,185556.36224239098
945967,185556.36224239098
945997,185556.36224239098
945998,185556.36224239098
946016,185556.36224239098
946307,185556.36224239098
946318,185556.36224239098
946327,185556.36224239098
946351,185556.36224239098
946358,185556.36224239098
946373,185556.36224239098
946376,185556.36224239098
946385,185556.36224239098
946386,185556.36224239098
946397,185556.36224239098
946398,185556.36224239098
946401,185556.36224239098
946403,185556.36224239098
946433,185556.36224239098
946446,185556.36224239098
946447,185556.36224239098
946448,185556.36224239098
946462,185556.36224239098
946463,185556.36224239098
946492,185556.36224239098
946496,185556.36224239098
946540,185556.36224239098
946541,185556.36224239098
946591,185556.36224239098
946601,185556.36224239098
946638,185556.36224239098
946640,185556.36224239098
946653,185556.36224239098
946678,185556.36224239098
946687,185556.36224239098
946688,185556.36224239098
946689,185556.36224239098
946716,185556.36224239098
946732,185556.36224239098
946738,185556.36224239098
946746,185556.36224239098
946779,185556.36224239098
946784,185556.36224239098
946788,185556.36224239098
946820,185556.36224239098
946836,185556.36224239098
946870,185556.36224239098
946873,185556.36224239098
946896,185556.36224239098
946944,185556.36224239098
946972,185556.36224239098
946973,185556.36224239098
947007,185556.36224239098
947031,185556.36224239098
947057,185556.36224239098
947141,185556.36224239098
947176,185556.36224239098
947187,185556.36224239098
947206,185556.36224239098
947216,185556.36224239098
947274,185556.36224239098
947300,185556.36224239098
947332,185556.36224239098
947383,185556.36224239098
947395,185556.36224239098
947405,185556.36224239098
947436,185556.36224239098
947473,185556.36224239098
947495,185556.36224239098
947530,185556.36224239098
947537,185556.36224239098
947552,185556.36224239098
947564,185556.36224239098
947584,185556.36224239098
947625,185556.36224239098
947677,185556.36224239098
947689,185556.36224239098
947698,185556.36224239098
947699,185556.36224239098
947700,185556.36224239098
947701,185556.36224239098
947702,185556.36224239098
947725,185556.36224239098
947743,185556.36224239098
947833,185556.36224239098
947872,185556.36224239098
947881,185556.36224239098
947930,185556.36224239098
947977,185556.36224239098
948034,185556.36224239098
948036,185556.36224239098
948039,185556.36224239098
948066,185556.36224239098
948107,185556.36224239098
948115,185556.36224239098
948121,185556.36224239098
948137,185556.36224239098
948148,185556.36224239098
948306,185556.36224239098
948339,185556.36224239098
948361,185556.36224239098
948386,185556.36224239098
948387,185556.36224239098
948388,185556.36224239098
948423,185556.36224239098
948470,185556.36224239098
948479,185556.36224239098
948484,185556.36224239098
948486,185556.36224239098
948598,185556.36224239098
948607,185556.36224239098
948629,185556.36224239098
948630,185556.36224239098
948631,185556.36224239098
948632,185556.36224239098
948633,185556.36224239098
948641,185556.36224239098
948643,185556.36224239098
948651,185556.36224239098
948652,185556.36224239098
948675,185556.36224239098
948740,185556.36224239098
948743,185556.36224239098
948744,185556.36224239098
948745,185556.36224239098
948774,185556.36224239098
948789,185556.36224239098
948807,185556.36224239098
948808,185556.36224239098
948809,185556.36224239098
948813,185556.36224239098
948816,185556.36224239098
948819,185556.36224239098
948830,185556.36224239098
948870,185556.36224239098
948912,185556.36224239098
948941,185556.36224239098
949105,185556.36224239098
949143,185556.36224239098
949144,185556.36224239098
949147,185556.36224239098
949248,185556.36224239098
949250,185556.36224239098
949278,185556.36224239098
949283,185556.36224239098
949293,185556.36224239098
949340,185556.36224239098
949379,185556.36224239098
949426,185556.36224239098
949427,185556.36224239098
949428,185556.36224239098
949431,185556.36224239098
949443,185556.36224239098
949474,185556.36224239098
949492,185556.36224239098
949501,185556.36224239098
949517,185556.36224239098
949518,185556.36224239098
949519,185556.36224239098
949529,185556.36224239098
949544,185556.36224239098
949545,185556.36224239098
949584,185556.36224239098
949592,185556.36224239098
949593,185556.36224239098
949627,185556.36224239098
949651,185556.36224239098
949661,185556.36224239098
949762,185556.36224239098
949815,185556.36224239098
949827,185556.36224239098
949858,185556.36224239098
949933,185556.36224239098
949934,185556.36224239098
949943,185556.36224239098
949960,185556.36224239098
950036,185556.36224239098
950037,185556.36224239098
950038,185556.36224239098
950039,185556.36224239098
950044,185556.36224239098
950060,185556.36224239098
950088,185556.36224239098
950194,185556.36224239098
950227,185556.36224239098
950234,185556.36224239098
950303,185556.36224239098
950339,185556.36224239098
950374,185556.36224239098
950378,185556.36224239098
950382,185556.36224239098
950385,185556.36224239098
950489,185556.36224239098
950576,185556.36224239098
950581,185556.36224239098
950583,185556.36224239098
950584,185556.36224239098
950585,185556.36224239098
950607,185556.36224239098
950630,185556.36224239098
950634,185556.36224239098
950664,185556.36224239098
950671,185556.36224239098
950686,185556.36224239098
950746,185556.36224239098
950751,185556.36224239098
950916,185556.36224239098
951001,185556.36224239098
951065,185556.36224239098
951129,185556.36224239098
951162,185556.36224239098
951195,185556.36224239098
951200,185556.36224239098
951201,185556.36224239098
951405,185556.36224239098
951412,185556.36224239098
951454,185556.36224239098
951460,185556.36224239098
951463,185556.36224239098
951471,185556.36224239098
951553,185556.36224239098
951564,185556.36224239098
951646,185556.36224239098
951663,185556.36224239098
951687,185556.36224239098
951692,185556.36224239098
951704,185556.36224239098
951780,185556.36224239098
951782,185556.36224239098
951915,185556.36224239098
951963,185556.36224239098
951975,185556.36224239098
951988,185556.36224239098
952013,185556.36224239098
952025,185556.36224239098
952036,185556.36224239098
952096,185556.36224239098
952268,185556.36224239098
952271,185556.36224239098
952273,185556.36224239098
952448,185556.36224239098
952466,185556.36224239098
952537,185556.36224239098
952541,185556.36224239098
952545,185556.36224239098
952546,185556.36224239098
952566,185556.36224239098
952651,185556.36224239098
952689,185556.36224239098
952699,185556.36224239098
952773,185556.36224239098
952778,185556.36224239098
952818,185556.36224239098
952900,185556.36224239098
952916,185556.36224239098
953005,185556.36224239098
953024,185556.36224239098
953047,185556.36224239098
953057,185556.36224239098
953161,185556.36224239098
953163,185556.36224239098
953176,185556.36224239098
953177,185556.36224239098
953181,185556.36224239098
953182,185556.36224239098
953227,185556.36224239098
953228,185556.36224239098
953237,185556.36224239098
953293,185556.36224239098
953325,185556.36224239098
953326,185556.36224239098
953330,185556.36224239098
953375,185556.36224239098
953481,185556.36224239098
953486,185556.36224239098
953512,185556.36224239098
953552,185556.36224239098
953564,185556.36224239098
953626,185556.36224239098
953702,185556.36224239098
953744,185556.36224239098
953778,185556.36224239098
953795,185556.36224239098
953797,185556.36224239098
953857,185556.36224239098
953894,185556.36224239098
953920,185556.36224239098
953922,185556.36224239098
953931,185556.36224239098
953965,185556.36224239098
954066,185556.36224239098
954138,185556.36224239098
954190,185556.36224239098
954216,185556.36224239098
954292,185556.36224239098
954302,185556.36224239098
954319,185556.36224239098
954351,185556.36224239098
954413,185556.36224239098
954419,185556.36224239098
954452,185556.36224239098
954503,185556.36224239098
954505,185556.36224239098
954535,185556.36224239098
954548,185556.36224239098
954563,185556.36224239098
954578,185556.36224239098
954584,185556.36224239098
954608,185556.36224239098
954615,185556.36224239098
954627,185556.36224239098
954649,185556.36224239098
954700,185556.36224239098
954717,185556.36224239098
954721,185556.36224239098
954735,185556.36224239098
954747,185556.36224239098
954762,185556.36224239098
954787,185556.36224239098
954809,185556.36224239098
954828,185556.36224239098
954831,185556.36224239098
954867,185556.36224239098
954868,185556.36224239098
954880,185556.36224239098
954892,185556.36224239098
954911,185556.36224239098
954926,185556.36224239098
954928,185556.36224239098
954955,185556.36224239098
954963,185556.36224239098
954972,185556.36224239098
954992,185556.36224239098
955082,185556.36224239098
955110,185556.36224239098
955132,185556.36224239098
955142,185556.36224239098
955152,185556.36224239098
955153,185556.36224239098
955160,185556.36224239098
955162,185556.36224239098
955164,185556.36224239098
955189,185556.36224239098
955190,185556.36224239098
955207,185556.36224239098
955287,185556.36224239098
955308,185556.36224239098
955309,185556.36224239098
955361,185556.36224239098
955376,185556.36224239098
955429,185556.36224239098
955444,185556.36224239098
955445,185556.36224239098
955456,185556.36224239098
955502,185556.36224239098
955525,185556.36224239098
955528,185556.36224239098
955541,185556.36224239098
955557,185556.36224239098
955562,185556.36224239098
955575,185556.36224239098
955601,185556.36224239098
955609,185556.36224239098
955639,185556.36224239098
955664,185556.36224239098
955682,185556.36224239098
955700,185556.36224239098
955727,185556.36224239098
955782,185556.36224239098
955786,185556.36224239098
955801,185556.36224239098
955815,185556.36224239098
955864,185556.36224239098
955926,185556.36224239098
955932,185556.36224239098
955939,185556.36224239098
955961,185556.36224239098
955974,185556.36224239098
955994,185556.36224239098
956001,185556.36224239098
956005,185556.36224239098
956031,185556.36224239098
956035,185556.36224239098
956036,185556.36224239098
956038,185556.36224239098
956042,185556.36224239098
956044,185556.36224239098
956046,185556.36224239098
956050,185556.36224239098
956051,185556.36224239098
956130,185556.36224239098
956137,185556.36224239098
956144,185556.36224239098
956156,185556.36224239098
956187,185556.36224239098
956223,185556.36224239098
956246,185556.36224239098
956263,185556.36224239098
956304,185556.36224239098
956308,185556.36224239098
956488,185556.36224239098
956523,185556.36224239098
956535,185556.36224239098
956556,185556.36224239098
956558,185556.36224239098
956600,185556.36224239098
956627,185556.36224239098
956631,185556.36224239098
956661,185556.36224239098
956687,185556.36224239098
956694,185556.36224239098
956767,185556.36224239098
956774,185556.36224239098
956907,185556.36224239098
956962,185556.36224239098
956966,185556.36224239098
957053,185556.36224239098
957065,185556.36224239098
957149,185556.36224239098
957192,185556.36224239098
957242,185556.36224239098
957408,185556.36224239098
957420,185556.36224239098
957421,185556.36224239098
957444,185556.36224239098
957446,185556.36224239098
957539,185556.36224239098
957550,185556.36224239098
957566,185556.36224239098
957573,185556.36224239098
957608,185556.36224239098
957648,185556.36224239098
957674,185556.36224239098
957675,185556.36224239098
957676,185556.36224239098
957679,185556.36224239098
957684,185556.36224239098
957685,185556.36224239098
957687,185556.36224239098
957699,185556.36224239098
957708,185556.36224239098
957709,185556.36224239098
957720,185556.36224239098
957724,185556.36224239098
957725,185556.36224239098
957749,185556.36224239098
957758,185556.36224239098
957793,185556.36224239098
957840,185556.36224239098
957852,185556.36224239098
957875,185556.36224239098
957955,185556.36224239098
957967,185556.36224239098
957971,185556.36224239098
957987,185556.36224239098
958016,185556.36224239098
958019,185556.36224239098
958038,185556.36224239098
958045,185556.36224239098
958063,185556.36224239098
958116,185556.36224239098
958119,185556.36224239098
958190,185556.36224239098
958198,185556.36224239098
958259,185556.36224239098
958270,185556.36224239098
958285,185556.36224239098
958288,185556.36224239098
958345,185556.36224239098
958383,185556.36224239098
958422,185556.36224239098
958425,185556.36224239098
958428,185556.36224239098
958430,185556.36224239098
958447,185556.36224239098
958454,185556.36224239098
958455,185556.36224239098
958456,185556.36224239098
958493,185556.36224239098
958512,185556.36224239098
958516,185556.36224239098
958517,185556.36224239098
958519,185556.36224239098
958526,185556.36224239098
958527,185556.36224239098
958533,185556.36224239098
958535,185556.36224239098
958538,185556.36224239098
958565,185556.36224239098
958569,185556.36224239098
958570,185556.36224239098
958572,185556.36224239098
958601,185556.36224239098
958657,185556.36224239098
958666,185556.36224239098
958667,185556.36224239098
958671,185556.36224239098
958675,185556.36224239098
958676,185556.36224239098
958679,185556.36224239098
958693,185556.36224239098
958694,185556.36224239098
958697,185556.36224239098
958698,185556.36224239098
958705,185556.36224239098
958707,185556.36224239098
958770,185556.36224239098
958783,185556.36224239098
958791,185556.36224239098
958792,185556.36224239098
958793,185556.36224239098
958797,185556.36224239098
958799,185556.36224239098
958831,185556.36224239098
958839,185556.36224239098
958896,185556.36224239098
958898,185556.36224239098
958985,185556.36224239098
959021,185556.36224239098
959030,185556.36224239098
959031,185556.36224239098
959060,185556.36224239098
959112,185556.36224239098
959114,185556.36224239098
959117,185556.36224239098
959118,185556.36224239098
959121,185556.36224239098
959122,185556.36224239098
959123,185556.36224239098
959124,185556.36224239098
959125,185556.36224239098
959126,185556.36224239098
959128,185556.36224239098
959129,185556.36224239098
959130,185556.36224239098
959131,185556.36224239098
959133,185556.36224239098
959134,185556.36224239098
959142,185556.36224239098
959153,185556.36224239098
959154,185556.36224239098
959166,185556.36224239098
959224,185556.36224239098
959227,185556.36224239098
959265,185556.36224239098
959323,185556.36224239098
959324,185556.36224239098
959357,185556.36224239098
959362,185556.36224239098
959394,185556.36224239098
959419,185556.36224239098
959433,185556.36224239098
959451,185556.36224239098
959466,185556.36224239098
959468,185556.36224239098
959469,185556.36224239098
959476,185556.36224239098
959683,185556.36224239098
959723,185556.36224239098
959725,185556.36224239098
959726,185556.36224239098
959728,185556.36224239098
959741,185556.36224239098
959742,185556.36224239098
959743,185556.36224239098
959744,185556.36224239098
959757,185556.36224239098
959759,185556.36224239098
959940,185556.36224239098
959967,185556.36224239098
960018,185556.36224239098
960029,185556.36224239098
960058,185556.36224239098
960091,185556.36224239098
960118,185556.36224239098
960163,185556.36224239098
960165,185556.36224239098
960169,185556.36224239098
960226,185556.36224239098
960235,185556.36224239098
960241,185556.36224239098
960274,185556.36224239098
960275,185556.36224239098
960284,185556.36224239098
960286,185556.36224239098
960287,185556.36224239098
960289,185556.36224239098
960290,185556.36224239098
960310,185556.36224239098
960340,185556.36224239098
960362,185556.36224239098
960393,185556.36224239098
960410,185556.36224239098
960431,185556.36224239098
960451,185556.36224239098
960478,185556.36224239098
960529,185556.36224239098
960530,185556.36224239098
960581,185556.36224239098
960597,185556.36224239098
960598,185556.36224239098
960634,185556.36224239098
960687,185556.36224239098
960863,185556.36224239098
960913,185556.36224239098
960931,185556.36224239098
960946,185556.36224239098
960947,185556.36224239098
960983,185556.36224239098
961006,185556.36224239098
961035,185556.36224239098
961042,185556.36224239098
961048,185556.36224239098
961123,185556.36224239098
961141,185556.36224239098
961143,185556.36224239098
961183,185556.36224239098
961216,185556.36224239098
961226,185556.36224239098
961246,185556.36224239098
961256,185556.36224239098
961289,185556.36224239098
961337,185556.36224239098
961387,185556.36224239098
961389,185556.36224239098
961395,185556.36224239098
961408,185556.36224239098
961419,185556.36224239098
961420,185556.36224239098
961421,185556.36224239098
961452,185556.36224239098
961461,185556.36224239098
961478,185556.36224239098
961488,185556.36224239098
961489,185556.36224239098
961522,185556.36224239098
961530,185556.36224239098
961548,185556.36224239098
961574,185556.36224239098
961601,185556.36224239098
961605,185556.36224239098
961608,185556.36224239098
961609,185556.36224239098
961699,185556.36224239098
961715,185556.36224239098
961768,185556.36224239098
961788,185556.36224239098
961789,185556.36224239098
961790,185556.36224239098
961791,185556.36224239098
961792,185556.36224239098
961817,185556.36224239098
961822,185556.36224239098
961854,185556.36224239098
961872,185556.36224239098
961877,185556.36224239098
961882,185556.36224239098
962051,185556.36224239098
962065,185556.36224239098
962066,185556.36224239098
962080,185556.36224239098
962082,185556.36224239098
962083,185556.36224239098
962090,185556.36224239098
962109,185556.36224239098
962116,185556.36224239098
962141,185556.36224239098
962144,185556.36224239098
962159,185556.36224239098
962160,185556.36224239098
962165,185556.36224239098
962176,185556.36224239098
962178,185556.36224239098
962179,185556.36224239098
962180,185556.36224239098
962181,185556.36224239098
962182,185556.36224239098
962184,185556.36224239098
962186,185556.36224239098
962217,185556.36224239098
962219,185556.36224239098
962225,185556.36224239098
962235,185556.36224239098
962236,185556.36224239098
962263,185556.36224239098
962287,185556.36224239098
962316,185556.36224239098
962319,185556.36224239098
962336,185556.36224239098
962412,185556.36224239098
962416,185556.36224239098
962419,185556.36224239098
962438,185556.36224239098
962448,185556.36224239098
962501,185556.36224239098
962520,185556.36224239098
962546,185556.36224239098
962551,185556.36224239098
962559,185556.36224239098
962567,185556.36224239098
962572,185556.36224239098
962579,185556.36224239098
962585,185556.36224239098
962586,185556.36224239098
962591,185556.36224239098
962592,185556.36224239098
962630,185556.36224239098
962635,185556.36224239098
962677,185556.36224239098
962728,185556.36224239098
962755,185556.36224239098
962778,185556.36224239098
962796,185556.36224239098
962835,185556.36224239098
962839,185556.36224239098
962845,185556.36224239098
962907,185556.36224239098
962922,185556.36224239098
963001,185556.36224239098
963003,185556.36224239098
963019,185556.36224239098
963020,185556.36224239098
963022,185556.36224239098
963023,185556.36224239098
963041,185556.36224239098
963049,185556.36224239098
963118,185556.36224239098
963122,185556.36224239098
963130,185556.36224239098
963165,185556.36224239098
963199,185556.36224239098
963205,185556.36224239098
963229,185556.36224239098
963313,185556.36224239098
963314,185556.36224239098
963319,185556.36224239098
963325,185556.36224239098
963327,185556.36224239098
963340,185556.36224239098
963362,185556.36224239098
963366,185556.36224239098
963375,185556.36224239098
963378,185556.36224239098
963381,185556.36224239098
963447,185556.36224239098
963472,185556.36224239098
963488,185556.36224239098
963490,185556.36224239098
963539,185556.36224239098
963651,185556.36224239098
963676,185556.36224239098
963682,185556.36224239098
963837,185556.36224239098
963857,185556.36224239098
963905,185556.36224239098
963929,185556.36224239098
963960,185556.36224239098
963971,185556.36224239098
963973,185556.36224239098
963986,185556.36224239098
964018,185556.36224239098
964048,185556.36224239098
964049,185556.36224239098
964055,185556.36224239098
964098,185556.36224239098
964135,185556.36224239098
964156,185556.36224239098
964157,185556.36224239098
964171,185556.36224239098
964207,185556.36224239098
964208,185556.36224239098
964209,185556.36224239098
964271,185556.36224239098
964304,185556.36224239098
964312,185556.36224239098
964314,185556.36224239098
964333,185556.36224239098
964369,185556.36224239098
964488,185556.36224239098
964527,185556.36224239098
964570,185556.36224239098
964580,185556.36224239098
964591,185556.36224239098
964592,185556.36224239098
964593,185556.36224239098
964595,185556.36224239098
964622,185556.36224239098
964625,185556.36224239098
964642,185556.36224239098
964705,185556.36224239098
964813,185556.36224239098
964839,185556.36224239098
964849,185556.36224239098
964911,185556.36224239098
964984,185556.36224239098
964997,185556.36224239098
965033,185556.36224239098
965053,185556.36224239098
965089,185556.36224239098
965099,185556.36224239098
965116,185556.36224239098
965131,185556.36224239098
965145,185556.36224239098
965153,185556.36224239098
965176,185556.36224239098
965182,185556.36224239098
965184,185556.36224239098
965201,185556.36224239098
965216,185556.36224239098
965242,185556.36224239098
965260,185556.36224239098
965262,185556.36224239098
965305,185556.36224239098
965315,185556.36224239098
965320,185556.36224239098
965321,185556.36224239098
965322,185556.36224239098
965324,185556.36224239098
965325,185556.36224239098
965326,185556.36224239098
965341,185556.36224239098
965342,185556.36224239098
965346,185556.36224239098
965349,185556.36224239098
965438,185556.36224239098
965466,185556.36224239098
965474,185556.36224239098
965499,185556.36224239098
965515,185556.36224239098
965560,185556.36224239098
965648,185556.36224239098
965688,185556.36224239098
965717,185556.36224239098
965754,185556.36224239098
965792,185556.36224239098
965794,185556.36224239098
965821,185556.36224239098
965856,185556.36224239098
965860,185556.36224239098
965954,185556.36224239098
965967,185556.36224239098
965968,185556.36224239098
965975,185556.36224239098
965981,185556.36224239098
965989,185556.36224239098
965993,185556.36224239098
966015,185556.36224239098
966059,185556.36224239098
966070,185556.36224239098
966074,185556.36224239098
966123,185556.36224239098
966139,185556.36224239098
966205,185556.36224239098
966220,185556.36224239098
966221,185556.36224239098
966238,185556.36224239098
966269,185556.36224239098
966276,185556.36224239098
966385,185556.36224239098
966397,185556.36224239098
966400,185556.36224239098
966406,185556.36224239098
966407,185556.36224239098
966413,185556.36224239098
966548,185556.36224239098
966549,185556.36224239098
966562,185556.36224239098
966579,185556.36224239098
966639,185556.36224239098
966650,185556.36224239098
966654,185556.36224239098
966664,185556.36224239098
966674,185556.36224239098
966692,185556.36224239098
966729,185556.36224239098
966732,185556.36224239098
966736,185556.36224239098
966737,185556.36224239098
966740,185556.36224239098
966773,185556.36224239098
966776,185556.36224239098
966777,185556.36224239098
966785,185556.36224239098
966863,185556.36224239098
966867,185556.36224239098
966884,185556.36224239098
967014,185556.36224239098
967027,185556.36224239098
967032,185556.36224239098
967048,185556.36224239098
967051,185556.36224239098
967073,185556.36224239098
967078,185556.36224239098
967082,185556.36224239098
967103,185556.36224239098
967105,185556.36224239098
967112,185556.36224239098
967117,185556.36224239098
967166,185556.36224239098
967193,185556.36224239098
967213,185556.36224239098
967243,185556.36224239098
967255,185556.36224239098
967256,185556.36224239098
967274,185556.36224239098
967362,185556.36224239098
967411,185556.36224239098
967424,185556.36224239098
967430,185556.36224239098
967440,185556.36224239098
967447,185556.36224239098
967477,185556.36224239098
967478,185556.36224239098
967479,185556.36224239098
967480,185556.36224239098
967481,185556.36224239098
967482,185556.36224239098
967517,185556.36224239098
967546,185556.36224239098
967589,185556.36224239098
967639,185556.36224239098
967656,185556.36224239098
967666,185556.36224239098
967726,185556.36224239098
967727,185556.36224239098
967768,185556.36224239098
967803,185556.36224239098
967816,185556.36224239098
967891,185556.36224239098
967966,185556.36224239098
967985,185556.36224239098
967996,185556.36224239098
968019,185556.36224239098
968035,185556.36224239098
968063,185556.36224239098
968149,185556.36224239098
968159,185556.36224239098
968186,185556.36224239098
968187,185556.36224239098
968188,185556.36224239098
968215,185556.36224239098
968217,185556.36224239098
968228,185556.36224239098
968232,185556.36224239098
968238,185556.36224239098
968240,185556.36224239098
968277,185556.36224239098
968292,185556.36224239098
968333,185556.36224239098
968353,185556.36224239098
968365,185556.36224239098
968442,185556.36224239098
968487,185556.36224239098
968527,185556.36224239098
968535,185556.36224239098
968598,185556.36224239098
968605,185556.36224239098
968628,185556.36224239098
968631,185556.36224239098
968633,185556.36224239098
968723,185556.36224239098
968786,185556.36224239098
968788,185556.36224239098
968812,185556.36224239098
968839,185556.36224239098
968898,185556.36224239098
968899,185556.36224239098
968907,185556.36224239098
968908,185556.36224239098
968942,185556.36224239098
968974,185556.36224239098
968981,185556.36224239098
968986,185556.36224239098
968991,185556.36224239098
969006,185556.36224239098
969040,185556.36224239098
969050,185556.36224239098
969082,185556.36224239098
969083,185556.36224239098
969126,185556.36224239098
969168,185556.36224239098
969211,185556.36224239098
969215,185556.36224239098
969216,185556.36224239098
969312,185556.36224239098
969313,185556.36224239098
969332,185556.36224239098
969338,185556.36224239098
969382,185556.36224239098
969384,185556.36224239098
969386,185556.36224239098
969420,185556.36224239098
969432,185556.36224239098
969434,185556.36224239098
969465,185556.36224239098
969484,185556.36224239098
969486,185556.36224239098
969510,185556.36224239098
969529,185556.36224239098
969551,185556.36224239098
969572,185556.36224239098
969592,185556.36224239098
969597,185556.36224239098
969753,185556.36224239098
969763,185556.36224239098
969791,185556.36224239098
969793,185556.36224239098
969821,185556.36224239098
969838,185556.36224239098
969862,185556.36224239098
969873,185556.36224239098
969882,185556.36224239098
969889,185556.36224239098
969891,185556.36224239098
969926,185556.36224239098
969928,185556.36224239098
969929,185556.36224239098
969933,185556.36224239098
969954,185556.36224239098
970078,185556.36224239098
970079,185556.36224239098
970210,185556.36224239098
970216,185556.36224239098
970312,185556.36224239098
970329,185556.36224239098
970398,185556.36224239098
970400,185556.36224239098
970401,185556.36224239098
970404,185556.36224239098
970405,185556.36224239098
970412,185556.36224239098
970427,185556.36224239098
970442,185556.36224239098
970459,185556.36224239098
970491,185556.36224239098
970585,185556.36224239098
970587,185556.36224239098
970654,185556.36224239098
970657,185556.36224239098
970705,185556.36224239098
970711,185556.36224239098
970714,185556.36224239098
970728,185556.36224239098
970764,185556.36224239098
970771,185556.36224239098
970786,185556.36224239098
970817,185556.36224239098
970868,185556.36224239098
970888,185556.36224239098
970947,185556.36224239098
970961,185556.36224239098
970980,185556.36224239098
970988,185556.36224239098
971011,185556.36224239098
971020,185556.36224239098
971029,185556.36224239098
971033,185556.36224239098
971083,185556.36224239098
971088,185556.36224239098
971102,185556.36224239098
971111,185556.36224239098
971160,185556.36224239098
971222,185556.36224239098
971235,185556.36224239098
971238,185556.36224239098
971248,185556.36224239098
971264,185556.36224239098
971332,185556.36224239098
971401,185556.36224239098
971433,185556.36224239098
971445,185556.36224239098
971483,185556.36224239098
971505,185556.36224239098
971510,185556.36224239098
971557,185556.36224239098
971558,185556.36224239098
971561,185556.36224239098
971563,185556.36224239098
971591,185556.36224239098
971615,185556.36224239098
971627,185556.36224239098
971633,185556.36224239098
971661,185556.36224239098
971666,185556.36224239098
971673,185556.36224239098
971685,185556.36224239098
971688,185556.36224239098
971731,185556.36224239098
971733,185556.36224239098
971748,185556.36224239098
971779,185556.36224239098
971780,185556.36224239098
971794,185556.36224239098
971800,185556.36224239098
971828,185556.36224239098
971852,185556.36224239098
971853,185556.36224239098
971869,185556.36224239098
971893,185556.36224239098
971896,185556.36224239098
971941,185556.36224239098
971953,185556.36224239098
971973,185556.36224239098
971981,185556.36224239098
972061,185556.36224239098
972062,185556.36224239098
972118,185556.36224239098
972189,185556.36224239098
972259,185556.36224239098
972279,185556.36224239098
972291,185556.36224239098
972303,185556.36224239098
972341,185556.36224239098
972396,185556.36224239098
972409,185556.36224239098
972423,185556.36224239098
972428,185556.36224239098
972438,185556.36224239098
972457,185556.36224239098
972463,185556.36224239098
972466,185556.36224239098
972471,185556.36224239098
972475,185556.36224239098
972507,185556.36224239098
972521,185556.36224239098
972525,185556.36224239098
972565,185556.36224239098
972580,185556.36224239098
972715,185556.36224239098
972769,185556.36224239098
972838,185556.36224239098
972842,185556.36224239098
972867,185556.36224239098
972923,185556.36224239098
973030,185556.36224239098
973244,185556.36224239098
973273,185556.36224239098
973296,185556.36224239098
973300,185556.36224239098
973304,185556.36224239098
973322,185556.36224239098
973360,185556.36224239098
973361,185556.36224239098
973392,185556.36224239098
973393,185556.36224239098
973399,185556.36224239098
973409,185556.36224239098
973625,185556.36224239098
973626,185556.36224239098
973674,185556.36224239098
973790,185556.36224239098
973799,185556.36224239098
973800,185556.36224239098
973808,185556.36224239098
973816,185556.36224239098
973848,185556.36224239098
973849,185556.36224239098
973850,185556.36224239098
973852,185556.36224239098
973913,185556.36224239098
973914,185556.36224239098
973919,185556.36224239098
973923,185556.36224239098
973931,185556.36224239098
973933,185556.36224239098
973936,185556.36224239098
973937,185556.36224239098
973938,185556.36224239098
973939,185556.36224239098
973974,185556.36224239098
973997,185556.36224239098
973998,185556.36224239098
974004,185556.36224239098
974009,185556.36224239098
974010,185556.36224239098
974011,185556.36224239098
974029,185556.36224239098
974044,185556.36224239098
974062,185556.36224239098
974122,185556.36224239098
974123,185556.36224239098
974125,185556.36224239098
974128,185556.36224239098
974129,185556.36224239098
974130,185556.36224239098
974132,185556.36224239098
974138,185556.36224239098
974182,185556.36224239098
974209,185556.36224239098
974288,185556.36224239098
974291,185556.36224239098
974321,185556.36224239098
974325,185556.36224239098
974329,185556.36224239098
974335,185556.36224239098
974337,185556.36224239098
974363,185556.36224239098
974365,185556.36224239098
974370,185556.36224239098
974406,185556.36224239098
974407,185556.36224239098
974432,185556.36224239098
974460,185556.36224239098
974472,185556.36224239098
974498,185556.36224239098
974527,185556.36224239098
974566,185556.36224239098
974570,185556.36224239098
974571,185556.36224239098
974605,185556.36224239098
974625,185556.36224239098
974627,185556.36224239098
974737,185556.36224239098
974748,185556.36224239098
974756,185556.36224239098
974802,185556.36224239098
974803,185556.36224239098
974848,185556.36224239098
974863,185556.36224239098
974957,185556.36224239098
974995,185556.36224239098
975004,185556.36224239098
975034,185556.36224239098
975045,185556.36224239098
975064,185556.36224239098
975094,185556.36224239098
975113,185556.36224239098
975121,185556.36224239098
975142,185556.36224239098
975189,185556.36224239098
975204,185556.36224239098
975684,185556.36224239098
975738,185556.36224239098
975893,185556.36224239098
975960,185556.36224239098
975965,185556.36224239098
975971,185556.36224239098
975973,185556.36224239098
976102,185556.36224239098
976136,185556.36224239098
976176,185556.36224239098
976194,185556.36224239098
976223,185556.36224239098
976790,185556.36224239098
976796,185556.36224239098
976831,185556.36224239098
976844,185556.36224239098
976846,185556.36224239098
976869,185556.36224239098
976876,185556.36224239098
976942,185556.36224239098
976948,185556.36224239098
977106,185556.36224239098
977126,185556.36224239098
977160,185556.36224239098
977222,185556.36224239098
977224,185556.36224239098
977232,185556.36224239098
977312,185556.36224239098
977316,185556.36224239098
977321,185556.36224239098
977324,185556.36224239098
977326,185556.36224239098
977344,185556.36224239098
977374,185556.36224239098
977376,185556.36224239098
977377,185556.36224239098
977379,185556.36224239098
977412,185556.36224239098
977458,185556.36224239098
977460,185556.36224239098
977464,185556.36224239098
977488,185556.36224239098
977506,185556.36224239098
977613,185556.36224239098
977650,185556.36224239098
977652,185556.36224239098
977653,185556.36224239098
977658,185556.36224239098
977661,185556.36224239098
977687,185556.36224239098
977726,185556.36224239098
977754,185556.36224239098
977778,185556.36224239098
977783,185556.36224239098
977790,185556.36224239098
977815,185556.36224239098
977816,185556.36224239098
977850,185556.36224239098
977854,185556.36224239098
977860,185556.36224239098
977892,185556.36224239098
977893,185556.36224239098
977908,185556.36224239098
977923,185556.36224239098
977960,185556.36224239098
977971,185556.36224239098
978147,185556.36224239098
978197,185556.36224239098
978202,185556.36224239098
978203,185556.36224239098
978279,185556.36224239098
978321,185556.36224239098
978322,185556.36224239098
978325,185556.36224239098
978329,185556.36224239098
978331,185556.36224239098
978334,185556.36224239098
978348,185556.36224239098
978375,185556.36224239098
978425,185556.36224239098
978427,185556.36224239098
978429,185556.36224239098
978432,185556.36224239098
978444,185556.36224239098
978449,185556.36224239098
978673,185556.36224239098
978695,185556.36224239098
978730,185556.36224239098
978731,185556.36224239098
978753,185556.36224239098
978765,185556.36224239098
978789,185556.36224239098
978795,185556.36224239098
978858,185556.36224239098
978906,185556.36224239098
978909,185556.36224239098
978910,185556.36224239098
978912,185556.36224239098
978935,185556.36224239098
978958,185556.36224239098
978959,185556.36224239098
978999,185556.36224239098
979014,185556.36224239098
979050,185556.36224239098
979051,185556.36224239098
979084,185556.36224239098
979101,185556.36224239098
979108,185556.36224239098
979121,185556.36224239098
979131,185556.36224239098
979175,185556.36224239098
979191,185556.36224239098
979243,185556.36224239098
979248,185556.36224239098
979249,185556.36224239098
979256,185556.36224239098
979279,185556.36224239098
979282,185556.36224239098
979283,185556.36224239098
979319,185556.36224239098
979358,185556.36224239098
979369,185556.36224239098
979393,185556.36224239098
979403,185556.36224239098
979443,185556.36224239098
979445,185556.36224239098
979447,185556.36224239098
979449,185556.36224239098
979453,185556.36224239098
979457,185556.36224239098
979458,185556.36224239098
979468,185556.36224239098
979551,185556.36224239098
979584,185556.36224239098
979587,185556.36224239098
979595,185556.36224239098
979642,185556.36224239098
979659,185556.36224239098
979665,185556.36224239098
979679,185556.36224239098
979743,185556.36224239098
979750,185556.36224239098
979751,185556.36224239098
979812,185556.36224239098
979832,185556.36224239098
979837,185556.36224239098
979853,185556.36224239098
979854,185556.36224239098
979931,185556.36224239098
980083,185556.36224239098
980197,185556.36224239098
980233,185556.36224239098
980239,185556.36224239098
980240,185556.36224239098
980273,185556.36224239098
980329,185556.36224239098
980330,185556.36224239098
980349,185556.36224239098
980411,185556.36224239098
980460,185556.36224239098
980526,185556.36224239098
980552,185556.36224239098
980564,185556.36224239098
980566,185556.36224239098
980601,185556.36224239098
980692,185556.36224239098
980751,185556.36224239098
980849,185556.36224239098
980863,185556.36224239098
980864,185556.36224239098
980867,185556.36224239098
980942,185556.36224239098
980981,185556.36224239098
981136,185556.36224239098
981167,185556.36224239098
981169,185556.36224239098
981268,185556.36224239098
981269,185556.36224239098
981270,185556.36224239098
981332,185556.36224239098
981380,185556.36224239098
981464,185556.36224239098
981671,185556.36224239098
981683,185556.36224239098
981684,185556.36224239098
981685,185556.36224239098
981689,185556.36224239098
981696,185556.36224239098
981697,185556.36224239098
981698,185556.36224239098
981699,185556.36224239098
981714,185556.36224239098
981742,185556.36224239098
981894,185556.36224239098
981947,185556.36224239098
982012,185556.36224239098
982055,185556.36224239098
982274,185556.36224239098
982285,185556.36224239098
983029,185556.36224239098
983030,185556.36224239098
983126,185556.36224239098
983170,185556.36224239098
983293,185556.36224239098
983294,185556.36224239098
983298,185556.36224239098
983374,185556.36224239098
983378,185556.36224239098
983651,185556.36224239098
983752,185556.36224239098
984096,185556.36224239098
984122,185556.36224239098
984320,185556.36224239098
984322,185556.36224239098
984733,185556.36224239098
984734,185556.36224239098
984768,185556.36224239098
984892,185556.36224239098
985039,185556.36224239098
985041,185556.36224239098
985042,185556.36224239098
985043,185556.36224239098
985119,185556.36224239098
985151,185556.36224239098
985154,185556.36224239098
985156,185556.36224239098
985159,185556.36224239098
985161,185556.36224239098
985165,185556.36224239098
985166,185556.36224239098
985167,185556.36224239098
985313,185556.36224239098
985320,185556.36224239098
985337,185556.36224239098
985364,185556.36224239098
985407,185556.36224239098
985520,185556.36224239098
985545,185556.36224239098
985670,185556.36224239098
985683,185556.36224239098
985684,185556.36224239098
985767,185556.36224239098
985811,185556.36224239098
985813,185556.36224239098
985814,185556.36224239098
985815,185556.36224239098
985818,185556.36224239098
985840,185556.36224239098
985841,185556.36224239098
985981,185556.36224239098
986056,185556.36224239098
986103,185556.36224239098
986115,185556.36224239098
986139,185556.36224239098
986207,185556.36224239098
986208,185556.36224239098
986212,185556.36224239098
986213,185556.36224239098
986214,185556.36224239098
986274,185556.36224239098
986275,185556.36224239098
986390,185556.36224239098
986417,185556.36224239098
986512,185556.36224239098
986616,185556.36224239098
986618,185556.36224239098
987237,185556.36224239098
987240,185556.36224239098
987247,185556.36224239098
987346,185556.36224239098
987563,185556.36224239098
987614,185556.36224239098
987631,185556.36224239098
987671,185556.36224239098
987844,185556.36224239098
987916,185556.36224239098
987959,185556.36224239098
988030,185556.36224239098
988085,185556.36224239098
988120,185556.36224239098
988128,185556.36224239098
988131,185556.36224239098
988330,185556.36224239098
988404,185556.36224239098
988522,185556.36224239098
988664,185556.36224239098
988763,185556.36224239098
988798,185556.36224239098
988844,185556.36224239098
988874,185556.36224239098
988876,185556.36224239098
988929,185556.36224239098
988942,185556.36224239098
988993,185556.36224239098
989061,185556.36224239098
989298,185556.36224239098
989301,185556.36224239098
989302,185556.36224239098
989305,185556.36224239098
989372,185556.36224239098
989373,185556.36224239098
989378,185556.36224239098
989379,185556.36224239098
989380,185556.36224239098
989419,185556.36224239098
989524,185556.36224239098
989588,185556.36224239098
989589,185556.36224239098
989592,185556.36224239098
989593,185556.36224239098
989666,185556.36224239098
989733,185556.36224239098
989814,185556.36224239098
989873,185556.36224239098
989876,185556.36224239098
989903,185556.36224239098
989933,185556.36224239098
989942,185556.36224239098
989988,185556.36224239098
989990,185556.36224239098
989996,185556.36224239098
990011,185556.36224239098
990133,185556.36224239098
990149,185556.36224239098
990150,185556.36224239098
990151,185556.36224239098
990152,185556.36224239098
990166,185556.36224239098
990272,185556.36224239098
990286,185556.36224239098
990330,185556.36224239098
991069,185556.36224239098
991073,185556.36224239098
991157,185556.36224239098
991199,185556.36224239098
991266,185556.36224239098
991272,185556.36224239098
991278,185556.36224239098
991349,185556.36224239098
991352,185556.36224239098
991425,185556.36224239098
991464,185556.36224239098
991467,185556.36224239098
991468,185556.36224239098
991469,185556.36224239098
991475,185556.36224239098
991477,185556.36224239098
991480,185556.36224239098
991487,185556.36224239098
991490,185556.36224239098
991616,185556.36224239098
991701,185556.36224239098
991703,185556.36224239098
991720,185556.36224239098
991738,185556.36224239098
991812,185556.36224239098
991825,185556.36224239098
991826,185556.36224239098
991832,185556.36224239098
991836,185556.36224239098
991895,185556.36224239098
991908,185556.36224239098
991913,185556.36224239098
991940,185556.36224239098
992565,185556.36224239098
992574,185556.36224239098
992717,185556.36224239098
992721,185556.36224239098
992722,185556.36224239098
992724,185556.36224239098
992726,185556.36224239098
992727,185556.36224239098
992728,185556.36224239098
992745,185556.36224239098
992746,185556.36224239098
992775,185556.36224239098
992783,185556.36224239098
992832,185556.36224239098
992874,185556.36224239098
992899,185556.36224239098
992904,185556.36224239098
992948,185556.36224239098
992977,185556.36224239098
992988,185556.36224239098
993216,185556.36224239098
993459,185556.36224239098
993468,185556.36224239098
993509,185556.36224239098
993527,185556.36224239098
994032,185556.36224239098
994088,185556.36224239098
994215,185556.36224239098
994299,185556.36224239098
994506,185556.36224239098
994507,185556.36224239098
994530,185556.36224239098
994764,185556.36224239098
994812,185556.36224239098
994814,185556.36224239098
994834,185556.36224239098
994906,185556.36224239098
994936,185556.36224239098
994956,185556.36224239098
994960,185556.36224239098
994983,185556.36224239098
994991,185556.36224239098
994995,185556.36224239098
995000,185556.36224239098
995001,185556.36224239098
995007,185556.36224239098
995008,185556.36224239098
995021,185556.36224239098
995031,185556.36224239098
995035,185556.36224239098
995036,185556.36224239098
995042,185556.36224239098
995044,185556.36224239098
995055,185556.36224239098
995057,185556.36224239098
995076,185556.36224239098
995118,185556.36224239098
995133,185556.36224239098
995142,185556.36224239098
995260,185556.36224239098
995313,185556.36224239098
995352,185556.36224239098
995366,185556.36224239098
995437,185556.36224239098
995479,185556.36224239098
995619,185556.36224239098
995646,185556.36224239098
995669,185556.36224239098
995780,185556.36224239098
995874,185556.36224239098
995916,185556.36224239098
995946,185556.36224239098
995947,185556.36224239098
995948,185556.36224239098
996053,185556.36224239098
996103,185556.36224239098
996178,185556.36224239098
996180,185556.36224239098
996184,185556.36224239098
996364,185556.36224239098
996473,185556.36224239098
996581,185556.36224239098
996796,185556.36224239098
996804,185556.36224239098
997041,185556.36224239098
997166,185556.36224239098
997167,185556.36224239098
997168,185556.36224239098
997186,185556.36224239098
997196,185556.36224239098
997244,185556.36224239098
997245,185556.36224239098
997392,185556.36224239098
997403,185556.36224239098
997443,185556.36224239098
997541,185556.36224239098
997542,185556.36224239098
997691,185556.36224239098
997755,185556.36224239098
997773,185556.36224239098
997774,185556.36224239098
997795,185556.36224239098
997808,185556.36224239098
997935,185556.36224239098
998092,185556.36224239098
998095,185556.36224239098
998098,185556.36224239098
998275,185556.36224239098
998276,185556.36224239098
998376,185556.36224239098
998498,185556.36224239098
998564,185556.36224239098
998567,185556.36224239098
998574,185556.36224239098
998575,185556.36224239098
998577,185556.36224239098
998615,185556.36224239098
998616,185556.36224239098
998620,185556.36224239098
998621,185556.36224239098
998622,185556.36224239098
998624,185556.36224239098
998645,185556.36224239098
998646,185556.36224239098
998649,185556.36224239098
998650,185556.36224239098
998651,185556.36224239098
998862,185556.36224239098
998925,185556.36224239098
999025,185556.36224239098
999050,185556.36224239098
999543,185556.36224239098
999625,185556.36224239098
999712,185556.36224239098
999754,185556.36224239098
999960,185556.36224239098
1000541,185556.36224239098
1000644,185556.36224239098
1000692,185556.36224239098
1000727,185556.36224239098
1001116,185556.36224239098
1001294,185556.36224239098
1001409,185556.36224239098
1001421,185556.36224239098
1001616,185556.36224239098
1001945,185556.36224239098
1001991,185556.36224239098
1002183,185556.36224239098
1002319,185556.36224239098
1002326,185556.36224239098
1002411,185556.36224239098
1002412,185556.36224239098
1002571,185556.36224239098
1002606,185556.36224239098
1002607,185556.36224239098
1002626,185556.36224239098
1002643,185556.36224239098
1002658,185556.36224239098
1002678,185556.36224239098
1002694,185556.36224239098
1002727,185556.36224239098
1002742,185556.36224239098
1002822,185556.36224239098
1002827,185556.36224239098
1002861,185556.36224239098
1002863,185556.36224239098
1002864,185556.36224239098
1002865,185556.36224239098
1003030,185556.36224239098
1003043,185556.36224239098
1003047,185556.36224239098
1003089,185556.36224239098
1003171,185556.36224239098
1003257,185556.36224239098
1003435,185556.36224239098
1003611,185556.36224239098
1003612,185556.36224239098
1003619,185556.36224239098
1003639,185556.36224239098
1003692,185556.36224239098
1003816,185556.36224239098
1003817,185556.36224239098
1003836,185556.36224239098
1003840,185556.36224239098
1003859,185556.36224239098
1003902,185556.36224239098
1003907,185556.36224239098
1003940,185556.36224239098
1003956,185556.36224239098
1003974,185556.36224239098
1003976,185556.36224239098
1003980,185556.36224239098
1003985,185556.36224239098
1003988,185556.36224239098
1004037,185556.36224239098
1004051,185556.36224239098
1004069,185556.36224239098
1004074,185556.36224239098
1004075,185556.36224239098
1004084,185556.36224239098
1004189,185556.36224239098
1004217,185556.36224239098
1004262,185556.36224239098
1004284,185556.36224239098
1004331,185556.36224239098
1004336,185556.36224239098
1004413,185556.36224239098
1004421,185556.36224239098
1004490,185556.36224239098
1004566,185556.36224239098
1004579,185556.36224239098
1004675,185556.36224239098
1004832,185556.36224239098
1004935,185556.36224239098
1005039,185556.36224239098
1005060,185556.36224239098
1005124,185556.36224239098
1005127,185556.36224239098
1005128,185556.36224239098
1005129,185556.36224239098
1005130,185556.36224239098
1005132,185556.36224239098
1005134,185556.36224239098
1005138,185556.36224239098
1005236,185556.36224239098
1005238,185556.36224239098
1005262,185556.36224239098
1005413,185556.36224239098
1005464,185556.36224239098
1005466,185556.36224239098
1005467,185556.36224239098
1005547,185556.36224239098
1005674,185556.36224239098
1005675,185556.36224239098
1005710,185556.36224239098
1005732,185556.36224239098
1005936,185556.36224239098
1005980,185556.36224239098
1005986,185556.36224239098
1005987,185556.36224239098
1006073,185556.36224239098
1006141,185556.36224239098
1006421,185556.36224239098
1006494,185556.36224239098
1006532,185556.36224239098
1006557,185556.36224239098
1006674,185556.36224239098
1006675,185556.36224239098
1006761,185556.36224239098
1006797,185556.36224239098
1006798,185556.36224239098
1006876,185556.36224239098
1006880,185556.36224239098
1006988,185556.36224239098
1007061,185556.36224239098
1007082,185556.36224239098
1007101,185556.36224239098
1007108,185556.36224239098
1007109,185556.36224239098
1007172,185556.36224239098
1007233,185556.36224239098
1007235,185556.36224239098
1007239,185556.36224239098
1007271,185556.36224239098
1007352,185556.36224239098
1007401,185556.36224239098
1007430,185556.36224239098
1007571,185556.36224239098
1007600,185556.36224239098
1007789,185556.36224239098
1007797,185556.36224239098
1007830,185556.36224239098
1007849,185556.36224239098
1007856,185556.36224239098
1007857,185556.36224239098
1007917,185556.36224239098
1007967,185556.36224239098
1007994,185556.36224239098
1008148,185556.36224239098
1008157,185556.36224239098
1008169,185556.36224239098
1008170,185556.36224239098
1008173,185556.36224239098
1008307,185556.36224239098
1008308,185556.36224239098
1008352,185556.36224239098
1008357,185556.36224239098
1008358,185556.36224239098
1008361,185556.36224239098
1008386,185556.36224239098
1008418,185556.36224239098
1008428,185556.36224239098
1008433,185556.36224239098
1008501,185556.36224239098
1008510,185556.36224239098
1008550,185556.36224239098
1008563,185556.36224239098
1008564,185556.36224239098
1008595,185556.36224239098
1008641,185556.36224239098
1008677,185556.36224239098
1008707,185556.36224239098
1008732,185556.36224239098
1008734,185556.36224239098
1008741,185556.36224239098
1008744,185556.36224239098
1008749,185556.36224239098
1008759,185556.36224239098
1008760,185556.36224239098
1008803,185556.36224239098
1008804,185556.36224239098
1008805,185556.36224239098
1008829,185556.36224239098
1008833,185556.36224239098
1008838,185556.36224239098
1008855,185556.36224239098
1008862,185556.36224239098
1008878,185556.36224239098
1008892,185556.36224239098
1008914,185556.36224239098
1008927,185556.36224239098
1008932,185556.36224239098
1009016,185556.36224239098
1009077,185556.36224239098
1009084,185556.36224239098
1009088,185556.36224239098
1009218,185556.36224239098
1009229,185556.36224239098
1009308,185556.36224239098
1009310,185556.36224239098
1009337,185556.36224239098
1009366,185556.36224239098
1009424,185556.36224239098
1009487,185556.36224239098
1009509,185556.36224239098
1009510,185556.36224239098
1009517,185556.36224239098
1009520,185556.36224239098
1009528,185556.36224239098
1009530,185556.36224239098
1009531,185556.36224239098
1009532,185556.36224239098
1009533,185556.36224239098
1009534,185556.36224239098
1009535,185556.36224239098
1009590,185556.36224239098
1009596,185556.36224239098
1009672,185556.36224239098
1009736,185556.36224239098
1009859,185556.36224239098
1009864,185556.36224239098
1009866,185556.36224239098
1009891,185556.36224239098
1009942,185556.36224239098
1009948,185556.36224239098
1009965,185556.36224239098
1009970,185556.36224239098
1010054,185556.36224239098
1010066,185556.36224239098
1010068,185556.36224239098
1010069,185556.36224239098
1010104,185556.36224239098
1010110,185556.36224239098
1010185,185556.36224239098
1010186,185556.36224239098
1010276,185556.36224239098
1010411,185556.36224239098
1010542,185556.36224239098
1010544,185556.36224239098
1010584,185556.36224239098
1010592,185556.36224239098
1010667,185556.36224239098
1010678,185556.36224239098
1010679,185556.36224239098
1010680,185556.36224239098
1010686,185556.36224239098
1010704,185556.36224239098
1010740,185556.36224239098
1010833,185556.36224239098
1010913,185556.36224239098
1010950,185556.36224239098
1010951,185556.36224239098
1010980,185556.36224239098
1010999,185556.36224239098
1011028,185556.36224239098
1011032,185556.36224239098
1011122,185556.36224239098
1011132,185556.36224239098
1011134,185556.36224239098
1011135,185556.36224239098
1011148,185556.36224239098
1011150,185556.36224239098
1011203,185556.36224239098
1011204,185556.36224239098
1011275,185556.36224239098
1011335,185556.36224239098
1011414,185556.36224239098
1011429,185556.36224239098
1011430,185556.36224239098
1011489,185556.36224239098
1011573,185556.36224239098
1011574,185556.36224239098
1011701,185556.36224239098
1011778,185556.36224239098
1011854,185556.36224239098
1011914,185556.36224239098
1012038,185556.36224239098
1012128,185556.36224239098
1012273,185556.36224239098
1012311,185556.36224239098
1012320,185556.36224239098
1012331,185556.36224239098
1012332,185556.36224239098
1012339,185556.36224239098
1012507,185556.36224239098
1012542,185556.36224239098
1012574,185556.36224239098
1012587,185556.36224239098
1012712,185556.36224239098
1012714,185556.36224239098
1012716,185556.36224239098
1012752,185556.36224239098
1012830,185556.36224239098
1012898,185556.36224239098
1012945,185556.36224239098
1013031,185556.36224239098
1013155,185556.36224239098
1013161,185556.36224239098
1013177,185556.36224239098
1013187,185556.36224239098
1013234,185556.36224239098
1013244,185556.36224239098
1013288,185556.36224239098
1013290,185556.36224239098
1013352,185556.36224239098
1013443,185556.36224239098
1013494,185556.36224239098
1013507,185556.36224239098
1013544,185556.36224239098
1013547,185556.36224239098
1013630,185556.36224239098
1013704,185556.36224239098
1013740,185556.36224239098
1013742,185556.36224239098
1013743,185556.36224239098
1013786,185556.36224239098
1013962,185556.36224239098
1014083,185556.36224239098
1014108,185556.36224239098
1014164,185556.36224239098
1014237,185556.36224239098
1014240,185556.36224239098
1014368,185556.36224239098
1014476,185556.36224239098
1014483,185556.36224239098
1014498,185556.36224239098
1014551,185556.36224239098
1014571,185556.36224239098
1014624,185556.36224239098
1014635,185556.36224239098
1014637,185556.36224239098
1014638,185556.36224239098
1014641,185556.36224239098
1014665,185556.36224239098
1014669,185556.36224239098
1014738,185556.36224239098
1014928,185556.36224239098
1014999,185556.36224239098
1015031,185556.36224239098
1015103,185556.36224239098
1015125,185556.36224239098
1015134,185556.36224239098
1015243,185556.36224239098
1015347,185556.36224239098
1015350,185556.36224239098
1015360,185556.36224239098
1015361,185556.36224239098
1015366,185556.36224239098
1015403,185556.36224239098
1015482,185556.36224239098
1015484,185556.36224239098
1015485,185556.36224239098
1015486,185556.36224239098
1015502,185556.36224239098
1015524,185556.36224239098
1015534,185556.36224239098
1015540,185556.36224239098
1015557,185556.36224239098
1015579,185556.36224239098
1015597,185556.36224239098
1015681,185556.36224239098
1015697,185556.36224239098
1015714,185556.36224239098
1015804,185556.36224239098
1015824,185556.36224239098
1015843,185556.36224239098
1015872,185556.36224239098
1015908,185556.36224239098
1015909,185556.36224239098
1015911,185556.36224239098
1015919,185556.36224239098
1015920,185556.36224239098
1016040,185556.36224239098
1016042,185556.36224239098
1016098,185556.36224239098
1016117,185556.36224239098
1016413,185556.36224239098
1016734,185556.36224239098
1016888,185556.36224239098
1016927,185556.36224239098
1017116,185556.36224239098
1017118,185556.36224239098
1017166,185556.36224239098
1017176,185556.36224239098
1017264,185556.36224239098
1017383,185556.36224239098
1017418,185556.36224239098
1017424,185556.36224239098
1017427,185556.36224239098
1017428,185556.36224239098
1017503,185556.36224239098
1017563,185556.36224239098
1017579,185556.36224239098
1017600,185556.36224239098
1017626,185556.36224239098
1017637,185556.36224239098
1017693,185556.36224239098
1017750,185556.36224239098
1017763,185556.36224239098
1017782,185556.36224239098
1017792,185556.36224239098
1017846,185556.36224239098
1017992,185556.36224239098
1017998,185556.36224239098
1018079,185556.36224239098
1018135,185556.36224239098
1018136,185556.36224239098
1018166,185556.36224239098
1018229,185556.36224239098
1018248,185556.36224239098
1018257,185556.36224239098
1018417,185556.36224239098
1018421,185556.36224239098
1018428,185556.36224239098
1018486,185556.36224239098
1018523,185556.36224239098
1018598,185556.36224239098
1018621,185556.36224239098
1018671,185556.36224239098
1018822,185556.36224239098
1018943,185556.36224239098
1019039,185556.36224239098
1019057,185556.36224239098
1019062,185556.36224239098
1019149,185556.36224239098
1019151,185556.36224239098
1019206,185556.36224239098
1019298,185556.36224239098
1019309,185556.36224239098
1019343,185556.36224239098
1019366,185556.36224239098
1019367,185556.36224239098
1019432,185556.36224239098
1019561,185556.36224239098
1019575,185556.36224239098
1019659,185556.36224239098
1019668,185556.36224239098
1019672,185556.36224239098
1019681,185556.36224239098
1019683,185556.36224239098
1019686,185556.36224239098
1019696,185556.36224239098
1019720,185556.36224239098
1019763,185556.36224239098
1019835,185556.36224239098
1019872,185556.36224239098
1019903,185556.36224239098
1019908,185556.36224239098
1019958,185556.36224239098
1020047,185556.36224239098
1020124,185556.36224239098
1020278,185556.36224239098
1020508,185556.36224239098
1020554,185556.36224239098
1020672,185556.36224239098
1020673,185556.36224239098
1020745,185556.36224239098
1020844,185556.36224239098
1021039,185556.36224239098
1021263,185556.36224239098
1021316,185556.36224239098
1021412,185556.36224239098
1021444,185556.36224239098
1021447,185556.36224239098
1021453,185556.36224239098
1021485,185556.36224239098
1021500,185556.36224239098
1021509,185556.36224239098
1021520,185556.36224239098
1021560,185556.36224239098
1021605,185556.36224239098
1021606,185556.36224239098
1021607,185556.36224239098
1021749,185556.36224239098
1021765,185556.36224239098
1021768,185556.36224239098
1021770,185556.36224239098
1021833,185556.36224239098
1021834,185556.36224239098
1021855,185556.36224239098
1021973,185556.36224239098
1022085,185556.36224239098
1022163,185556.36224239098
1022166,185556.36224239098
1022273,185556.36224239098
1022312,185556.36224239098
1022388,185556.36224239098
1022399,185556.36224239098
1022582,185556.36224239098
1022587,185556.36224239098
1022588,185556.36224239098
1022596,185556.36224239098
1022614,185556.36224239098
1022695,185556.36224239098
1022704,185556.36224239098
1022715,185556.36224239098
1022716,185556.36224239098
1022717,185556.36224239098
1022718,185556.36224239098
1022719,185556.36224239098
1022721,185556.36224239098
1022750,185556.36224239098
1022753,185556.36224239098
1022755,185556.36224239098
1022756,185556.36224239098
1022760,185556.36224239098
1022781,185556.36224239098
1022782,185556.36224239098
1022787,185556.36224239098
1022790,185556.36224239098
1022794,185556.36224239098
1022795,185556.36224239098
1022796,185556.36224239098
1022798,185556.36224239098
1022800,185556.36224239098
1022801,185556.36224239098
1022802,185556.36224239098
1022844,185556.36224239098
1022848,185556.36224239098
1022960,185556.36224239098
1023168,185556.36224239098
1023169,185556.36224239098
1023172,185556.36224239098
1023173,185556.36224239098
1023209,185556.36224239098
1023230,185556.36224239098
1023304,185556.36224239098
1023340,185556.36224239098
1023351,185556.36224239098
1023393,185556.36224239098
1023450,185556.36224239098
1023458,185556.36224239098
1023465,185556.36224239098
1023468,185556.36224239098
1023501,185556.36224239098
1023505,185556.36224239098
1023508,185556.36224239098
1023511,185556.36224239098
1023512,185556.36224239098
1023513,185556.36224239098
1023514,185556.36224239098
1023518,185556.36224239098
1023520,185556.36224239098
1023521,185556.36224239098
1023552,185556.36224239098
1023559,185556.36224239098
1023590,185556.36224239098
1023664,185556.36224239098
1023676,185556.36224239098
1023677,185556.36224239098
1023744,185556.36224239098
1023764,185556.36224239098
1023774,185556.36224239098
1024012,185556.36224239098
1024071,185556.36224239098
1024126,185556.36224239098
1024133,185556.36224239098
1024324,185556.36224239098
1024371,185556.36224239098
1024444,185556.36224239098
1024449,185556.36224239098
1024456,185556.36224239098
1024463,185556.36224239098
1024474,185556.36224239098
1024477,185556.36224239098
1024508,185556.36224239098
1024529,185556.36224239098
1024536,185556.36224239098
1024590,185556.36224239098
1024625,185556.36224239098
1024628,185556.36224239098
1024636,185556.36224239098
1062270,185556.36224239098
1062278,185556.36224239098
1062287,185556.36224239098
1062389,185556.36224239098
1062404,185556.36224239098
1062442,185556.36224239098
1062482,185556.36224239098
1062512,185556.36224239098
1062516,185556.36224239098
1062537,185556.36224239098
1062557,185556.36224239098
1062572,185556.36224239098
1062643,185556.36224239098
1062645,185556.36224239098
1062676,185556.36224239098
1062691,185556.36224239098
1062714,185556.36224239098
1062737,185556.36224239098
1062839,185556.36224239098
1062840,185556.36224239098
1062844,185556.36224239098
1062946,185556.36224239098
1062972,185556.36224239098
1062991,185556.36224239098
1063009,185556.36224239098
1063010,185556.36224239098
1063011,185556.36224239098
1063045,185556.36224239098
1063050,185556.36224239098
1063051,185556.36224239098
1063070,185556.36224239098
1063106,185556.36224239098
1063130,185556.36224239098
1063217,185556.36224239098
1063317,185556.36224239098
1063480,185556.36224239098
1063535,185556.36224239098
1063601,185556.36224239098
1063668,185556.36224239098
1063704,185556.36224239098
1063829,185556.36224239098
1063862,185556.36224239098
1063906,185556.36224239098
1063923,185556.36224239098
1064029,185556.36224239098
1064042,185556.36224239098
1064047,185556.36224239098
1064050,185556.36224239098
1064059,185556.36224239098
1064061,185556.36224239098
1064082,185556.36224239098
1064093,185556.36224239098
1064155,185556.36224239098
1064165,185556.36224239098
1064170,185556.36224239098
1064189,185556.36224239098
1064253,185556.36224239098
1064260,185556.36224239098
1064263,185556.36224239098
1064289,185556.36224239098
1064327,185556.36224239098
1064340,185556.36224239098
1064342,185556.36224239098
1064347,185556.36224239098
1064358,185556.36224239098
1064389,185556.36224239098
1064391,185556.36224239098
1064393,185556.36224239098
1064415,185556.36224239098
1064420,185556.36224239098
1064421,185556.36224239098
1064424,185556.36224239098
1064425,185556.36224239098
1064433,185556.36224239098
1064438,185556.36224239098
1064469,185556.36224239098
1064535,185556.36224239098
1064536,185556.36224239098
1064538,185556.36224239098
1064539,185556.36224239098
1064552,185556.36224239098
1064556,185556.36224239098
1064605,185556.36224239098
1064632,185556.36224239098
1064660,185556.36224239098
1064707,185556.36224239098
1064708,185556.36224239098
1064709,185556.36224239098
1064715,185556.36224239098
1064718,185556.36224239098
1064724,185556.36224239098
1064774,185556.36224239098
1064782,185556.36224239098
1064786,185556.36224239098
1064791,185556.36224239098
1064836,185556.36224239098
1064856,185556.36224239098
1064863,185556.36224239098
1064870,185556.36224239098
1064872,185556.36224239098
1064873,185556.36224239098
1064904,185556.36224239098
1064906,185556.36224239098
1064997,185556.36224239098
1064998,185556.36224239098
1065033,185556.36224239098
1065055,185556.36224239098
1065146,185556.36224239098
1065162,185556.36224239098
1065164,185556.36224239098
1065198,185556.36224239098
1065199,185556.36224239098
1065201,185556.36224239098
1065202,185556.36224239098
1065203,185556.36224239098
1065246,185556.36224239098
1065262,185556.36224239098
1065274,185556.36224239098
1065275,185556.36224239098
1065297,185556.36224239098
1065304,185556.36224239098
1065320,185556.36224239098
1065322,185556.36224239098
1065328,185556.36224239098
1065359,185556.36224239098
1065372,185556.36224239098
1065374,185556.36224239098
1065377,185556.36224239098
1065396,185556.36224239098
1065406,185556.36224239098
1065413,185556.36224239098
1065448,185556.36224239098
1065477,185556.36224239098
1065483,185556.36224239098
1065488,185556.36224239098
1065529,185556.36224239098
1065572,185556.36224239098
1065607,185556.36224239098
1065613,185556.36224239098
1065615,185556.36224239098
1065617,185556.36224239098
1065619,185556.36224239098
1065621,185556.36224239098
1065641,185556.36224239098
1065658,185556.36224239098
1065662,185556.36224239098
1065702,185556.36224239098
1065761,185556.36224239098
1065771,185556.36224239098
1065835,185556.36224239098
1065838,185556.36224239098
1065848,185556.36224239098
1065852,185556.36224239098
1065855,185556.36224239098
1065857,185556.36224239098
1065859,185556.36224239098
1065883,185556.36224239098
1065901,185556.36224239098
1065927,185556.36224239098
1065939,185556.36224239098
1065940,185556.36224239098
1065970,185556.36224239098
1065973,185556.36224239098
1066009,185556.36224239098
1066029,185556.36224239098
1066035,185556.36224239098
1066052,185556.36224239098
1066060,185556.36224239098
1066082,185556.36224239098
1066109,185556.36224239098
1066119,185556.36224239098
1066134,185556.36224239098
1066159,185556.36224239098
1066160,185556.36224239098
1066161,185556.36224239098
1066162,185556.36224239098
1066163,185556.36224239098
1066170,185556.36224239098
1066171,185556.36224239098
1066172,185556.36224239098
1066174,185556.36224239098
1066191,185556.36224239098
1066194,185556.36224239098
1066245,185556.36224239098
1066361,185556.36224239098
1066365,185556.36224239098
1066375,185556.36224239098
1066378,185556.36224239098
1066379,185556.36224239098
1066409,185556.36224239098
1066413,185556.36224239098
1066448,185556.36224239098
1066476,185556.36224239098
1066524,185556.36224239098
1066548,185556.36224239098
1066602,185556.36224239098
1066603,185556.36224239098
1066605,185556.36224239098
1066643,185556.36224239098
1066644,185556.36224239098
1066664,185556.36224239098
1066730,185556.36224239098
1066734,185556.36224239098
1066736,185556.36224239098
1066759,185556.36224239098
1066761,185556.36224239098
1066772,185556.36224239098
1066792,185556.36224239098
1066795,185556.36224239098
1066832,185556.36224239098
1066845,185556.36224239098
1066847,185556.36224239098
1066938,185556.36224239098
1066944,185556.36224239098
1066988,185556.36224239098
1066996,185556.36224239098
1067005,185556.36224239098
1067009,185556.36224239098
1067011,185556.36224239098
1067037,185556.36224239098
1067063,185556.36224239098
1067064,185556.36224239098
1067088,185556.36224239098
1067115,185556.36224239098
1067119,185556.36224239098
1067291,185556.36224239098
1067363,185556.36224239098
1067374,185556.36224239098
1067395,185556.36224239098
1067402,185556.36224239098
1067412,185556.36224239098
1067425,185556.36224239098
1067428,185556.36224239098
1067430,185556.36224239098
1067435,185556.36224239098
1067478,185556.36224239098
1067512,185556.36224239098
1067533,185556.36224239098
1067536,185556.36224239098
1067549,185556.36224239098
1067555,185556.36224239098
1067557,185556.36224239098
1067570,185556.36224239098
1067575,185556.36224239098
1067577,185556.36224239098
1067578,185556.36224239098
1067584,185556.36224239098
1067596,185556.36224239098
1067598,185556.36224239098
1067614,185556.36224239098
1067631,185556.36224239098
1067649,185556.36224239098
1067652,185556.36224239098
1067687,185556.36224239098
1067688,185556.36224239098
1067704,185556.36224239098
1067705,185556.36224239098
1067731,185556.36224239098
1067746,185556.36224239098
1067756,185556.36224239098
1067777,185556.36224239098
1067793,185556.36224239098
1067808,185556.36224239098
1067821,185556.36224239098
1067834,185556.36224239098
1067846,185556.36224239098
1067850,185556.36224239098
1067853,185556.36224239098
1067863,185556.36224239098
1067913,185556.36224239098
1067914,185556.36224239098
1067962,185556.36224239098
1067999,185556.36224239098
1068022,185556.36224239098
1068055,185556.36224239098
1068076,185556.36224239098
1068078,185556.36224239098
1068136,185556.36224239098
1068137,185556.36224239098
1068155,185556.36224239098
1068157,185556.36224239098
1068158,185556.36224239098
1068173,185556.36224239098
1068240,185556.36224239098
1068266,185556.36224239098
1068324,185556.36224239098
1068360,185556.36224239098
1068386,185556.36224239098
1068396,185556.36224239098
1068406,185556.36224239098
1068409,185556.36224239098
1068414,185556.36224239098
1068466,185556.36224239098
1068489,185556.36224239098
1068501,185556.36224239098
1068520,185556.36224239098
1068533,185556.36224239098
1068611,185556.36224239098
1068645,185556.36224239098
1068683,185556.36224239098
1068685,185556.36224239098
1068698,185556.36224239098
1068703,185556.36224239098
1068737,185556.36224239098
1068751,185556.36224239098
1068752,185556.36224239098
1068797,185556.36224239098
1068824,185556.36224239098
1068840,185556.36224239098
1068894,185556.36224239098
1068949,185556.36224239098
1068954,185556.36224239098
1068960,185556.36224239098
1069002,185556.36224239098
1069029,185556.36224239098
1069034,185556.36224239098
1069058,185556.36224239098
1069115,185556.36224239098
1069117,185556.36224239098
1069137,185556.36224239098
1069138,185556.36224239098
1069204,185556.36224239098
1069246,185556.36224239098
1069293,185556.36224239098
1069308,185556.36224239098
1069388,185556.36224239098
1069416,185556.36224239098
1069429,185556.36224239098
1069430,185556.36224239098
1069489,185556.36224239098
1069539,185556.36224239098
1069541,185556.36224239098
1069543,185556.36224239098
1069544,185556.36224239098
1069545,185556.36224239098
1069602,185556.36224239098
1069619,185556.36224239098
1069633,185556.36224239098
1069662,185556.36224239098
1069672,185556.36224239098
1069673,185556.36224239098
1069712,185556.36224239098
1069750,185556.36224239098
1069782,185556.36224239098
1069813,185556.36224239098
1069835,185556.36224239098
1069857,185556.36224239098
1069881,185556.36224239098
1069973,185556.36224239098
1069981,185556.36224239098
1069982,185556.36224239098
1070002,185556.36224239098
1070067,185556.36224239098
1070070,185556.36224239098
1070084,185556.36224239098
1070089,185556.36224239098
1070103,185556.36224239098
1070165,185556.36224239098
1070183,185556.36224239098
1070185,185556.36224239098
1070208,185556.36224239098
1070245,185556.36224239098
1070308,185556.36224239098
1070362,185556.36224239098
1070374,185556.36224239098
1070378,185556.36224239098
1070388,185556.36224239098
1070394,185556.36224239098
1070438,185556.36224239098
1070454,185556.36224239098
1070455,185556.36224239098
1070456,185556.36224239098
1070463,185556.36224239098
1070467,185556.36224239098
1070469,185556.36224239098
1070498,185556.36224239098
1070501,185556.36224239098
1070516,185556.36224239098
1070554,185556.36224239098
1070570,185556.36224239098
1070573,185556.36224239098
1070643,185556.36224239098
1070656,185556.36224239098
1070675,185556.36224239098
1070677,185556.36224239098
1070707,185556.36224239098
1070760,185556.36224239098
1070770,185556.36224239098
1070862,185556.36224239098
1070866,185556.36224239098
1070907,185556.36224239098
1070916,185556.36224239098
1071031,185556.36224239098
1071038,185556.36224239098
1071042,185556.36224239098
1071045,185556.36224239098
1071046,185556.36224239098
1071118,185556.36224239098
1071145,185556.36224239098
1071161,185556.36224239098
1071166,185556.36224239098
1071202,185556.36224239098
1071335,185556.36224239098
1071349,185556.36224239098
1071350,185556.36224239098
1071356,185556.36224239098
1071357,185556.36224239098
1071360,185556.36224239098
1071370,185556.36224239098
1071376,185556.36224239098
1071378,185556.36224239098
1071390,185556.36224239098
1071413,185556.36224239098
1071414,185556.36224239098
1071415,185556.36224239098
1071419,185556.36224239098
1071427,185556.36224239098
1071430,185556.36224239098
1071434,185556.36224239098
1071481,185556.36224239098
1071503,185556.36224239098
1071504,185556.36224239098
1071532,185556.36224239098
1071537,185556.36224239098
1071551,185556.36224239098
1071574,185556.36224239098
1071613,185556.36224239098
1071621,185556.36224239098
1071651,185556.36224239098
1071653,185556.36224239098
1071669,185556.36224239098
1071704,185556.36224239098
1071722,185556.36224239098
1071727,185556.36224239098
1071737,185556.36224239098
1071740,185556.36224239098
1071782,185556.36224239098
1071889,185556.36224239098
1071899,185556.36224239098
1071920,185556.36224239098
1071948,185556.36224239098
1071950,185556.36224239098
1071983,185556.36224239098
1071997,185556.36224239098
1072066,185556.36224239098
1072080,185556.36224239098
1072081,185556.36224239098
1072086,185556.36224239098
1072176,185556.36224239098
1072178,185556.36224239098
1072201,185556.36224239098
1072204,185556.36224239098
1072219,185556.36224239098
1072229,185556.36224239098
1072242,185556.36224239098
1072245,185556.36224239098
1072249,185556.36224239098
1072259,185556.36224239098
1072306,185556.36224239098
1072320,185556.36224239098
1072326,185556.36224239098
1072334,185556.36224239098
1072345,185556.36224239098
1072353,185556.36224239098
1072382,185556.36224239098
1072387,185556.36224239098
1072403,185556.36224239098
1072484,185556.36224239098
1072487,185556.36224239098
1072490,185556.36224239098
1072493,185556.36224239098
1072503,185556.36224239098
1072536,185556.36224239098
1072548,185556.36224239098
1072599,185556.36224239098
1072627,185556.36224239098
1072632,185556.36224239098
1072681,185556.36224239098
1072729,185556.36224239098
1072752,185556.36224239098
1072775,185556.36224239098
1072776,185556.36224239098
1072779,185556.36224239098
1072780,185556.36224239098
1072784,185556.36224239098
1072800,185556.36224239098
1072809,185556.36224239098
1072819,185556.36224239098
1072842,185556.36224239098
1072873,185556.36224239098
1072880,185556.36224239098
1072894,185556.36224239098
1072901,185556.36224239098
1072913,185556.36224239098
1072929,185556.36224239098
1072973,185556.36224239098
1073092,185556.36224239098
1073108,185556.36224239098
1073195,185556.36224239098
1073200,185556.36224239098
1073209,185556.36224239098
1073215,185556.36224239098
1073216,185556.36224239098
1073217,185556.36224239098
1073218,185556.36224239098
1073219,185556.36224239098
1073220,185556.36224239098
1073221,185556.36224239098
1073222,185556.36224239098
1073223,185556.36224239098
1073224,185556.36224239098
1073225,185556.36224239098
1073226,185556.36224239098
1073228,185556.36224239098
1073229,185556.36224239098
1073234,185556.36224239098
1073238,185556.36224239098
1073240,185556.36224239098
1073251,185556.36224239098
1073388,185556.36224239098
1073391,185556.36224239098
1073420,185556.36224239098
1073428,185556.36224239098
1073465,185556.36224239098
1073471,185556.36224239098
1073484,185556.36224239098
1073529,185556.36224239098
1073563,185556.36224239098
1073604,185556.36224239098
1073621,185556.36224239098
1073622,185556.36224239098
1073626,185556.36224239098
1073663,185556.36224239098
1073675,185556.36224239098
1073681,185556.36224239098
1073695,185556.36224239098
1073753,185556.36224239098
1073779,185556.36224239098
1073844,185556.36224239098
1073846,185556.36224239098
1074053,185556.36224239098
1074196,185556.36224239098
1074279,185556.36224239098
1074340,185556.36224239098
1074532,185556.36224239098
1074540,185556.36224239098
1074548,185556.36224239098
1074550,185556.36224239098
1074554,185556.36224239098
1074575,185556.36224239098
1074579,185556.36224239098
1074603,185556.36224239098
1074607,185556.36224239098
1074608,185556.36224239098
1074643,185556.36224239098
1074677,185556.36224239098
1074682,185556.36224239098
1074697,185556.36224239098
1074710,185556.36224239098
1074741,185556.36224239098
1074816,185556.36224239098
1074821,185556.36224239098
1074882,185556.36224239098
1074943,185556.36224239098
1074946,185556.36224239098
1074968,185556.36224239098
1074991,185556.36224239098
1075071,185556.36224239098
1075075,185556.36224239098
1075078,185556.36224239098
1075192,185556.36224239098
1075221,185556.36224239098
1075262,185556.36224239098
1075320,185556.36224239098
1075321,185556.36224239098
1075527,185556.36224239098
1075555,185556.36224239098
1075566,185556.36224239098
1075576,185556.36224239098
1075621,185556.36224239098
1075623,185556.36224239098
1075669,185556.36224239098
1075694,185556.36224239098
1075794,185556.36224239098
1075855,185556.36224239098
1075875,185556.36224239098
1075876,185556.36224239098
1075878,185556.36224239098
1075902,185556.36224239098
1075981,185556.36224239098
1076017,185556.36224239098
1076028,185556.36224239098
1076116,185556.36224239098
1076133,185556.36224239098
1076153,185556.36224239098
1076223,185556.36224239098
1076232,185556.36224239098
1076237,185556.36224239098
1076242,185556.36224239098
1076246,185556.36224239098
1076250,185556.36224239098
1076256,185556.36224239098
1076265,185556.36224239098
1076270,185556.36224239098
1076275,185556.36224239098
1076282,185556.36224239098
1076297,185556.36224239098
1076314,185556.36224239098
1076342,185556.36224239098
1076353,185556.36224239098
1076399,185556.36224239098
1076400,185556.36224239098
1076410,185556.36224239098
1076411,185556.36224239098
1076419,185556.36224239098
1076451,185556.36224239098
1076453,185556.36224239098
1076479,185556.36224239098
1076502,185556.36224239098
1076505,185556.36224239098
1076512,185556.36224239098
1076516,185556.36224239098
1076615,185556.36224239098
1076618,185556.36224239098
1076619,185556.36224239098
1076637,185556.36224239098
1076655,185556.36224239098
1076670,185556.36224239098
1076672,185556.36224239098
1076751,185556.36224239098
1076780,185556.36224239098
1076822,185556.36224239098
1076837,185556.36224239098
1076848,185556.36224239098
1076851,185556.36224239098
1076867,185556.36224239098
1076870,185556.36224239098
1076873,185556.36224239098
1076877,185556.36224239098
1076899,185556.36224239098
1076928,185556.36224239098
1076931,185556.36224239098
1077002,185556.36224239098
1077007,185556.36224239098
1077008,185556.36224239098
1077013,185556.36224239098
1077024,185556.36224239098
1077043,185556.36224239098
1077056,185556.36224239098
1077067,185556.36224239098
1077162,185556.36224239098
1077187,185556.36224239098
1077265,185556.36224239098
1077596,185556.36224239098
1077624,185556.36224239098
1077752,185556.36224239098
1077787,185556.36224239098
1077884,185556.36224239098
1078098,185556.36224239098
1078219,185556.36224239098
1078257,185556.36224239098
1078341,185556.36224239098
1078355,185556.36224239098
1078360,185556.36224239098
1078409,185556.36224239098
1078431,185556.36224239098
1078454,185556.36224239098
1078476,185556.36224239098
1078477,185556.36224239098
1078497,185556.36224239098
1078545,185556.36224239098
1078556,185556.36224239098
1078564,185556.36224239098
1078585,185556.36224239098
1078640,185556.36224239098
1078648,185556.36224239098
1078660,185556.36224239098
1078685,185556.36224239098
1078699,185556.36224239098
1078723,185556.36224239098
1078725,185556.36224239098
1078736,185556.36224239098
1078773,185556.36224239098
1078806,185556.36224239098
1078814,185556.36224239098
1078885,185556.36224239098
1078899,185556.36224239098
1078908,185556.36224239098
1078969,185556.36224239098
1079020,185556.36224239098
1079036,185556.36224239098
1079059,185556.36224239098
1079068,185556.36224239098
1079153,185556.36224239098
1079183,185556.36224239098
1079230,185556.36224239098
1079254,185556.36224239098
1079277,185556.36224239098
1079282,185556.36224239098
1079294,185556.36224239098
1079320,185556.36224239098
1079334,185556.36224239098
1079343,185556.36224239098
1079356,185556.36224239098
1079382,185556.36224239098
1079459,185556.36224239098
1079463,185556.36224239098
1079464,185556.36224239098
1079479,185556.36224239098
1079483,185556.36224239098
1079497,185556.36224239098
1079498,185556.36224239098
1079503,185556.36224239098
1079504,185556.36224239098
1079528,185556.36224239098
1079568,185556.36224239098
1079600,185556.36224239098
1079607,185556.36224239098
1079608,185556.36224239098
1079612,185556.36224239098
1079618,185556.36224239098
1079705,185556.36224239098
1079766,185556.36224239098
1079842,185556.36224239098
1079850,185556.36224239098
1079853,185556.36224239098
1079868,185556.36224239098
1079892,185556.36224239098
1079895,185556.36224239098
1079928,185556.36224239098
1079992,185556.36224239098
1079994,185556.36224239098
1079995,185556.36224239098
1080005,185556.36224239098
1080008,185556.36224239098
1080010,185556.36224239098
1080011,185556.36224239098
1080015,185556.36224239098
1080025,185556.36224239098
1080028,185556.36224239098
1080030,185556.36224239098
1080032,185556.36224239098
1080034,185556.36224239098
1080037,185556.36224239098
1080063,185556.36224239098
1080064,185556.36224239098
1080065,185556.36224239098
1080066,185556.36224239098
1080069,185556.36224239098
1080072,185556.36224239098
1080077,185556.36224239098
1080111,185556.36224239098
1080133,185556.36224239098
1080147,185556.36224239098
1080162,185556.36224239098
1080187,185556.36224239098
1080200,185556.36224239098
1080279,185556.36224239098
1080290,185556.36224239098
1080292,185556.36224239098
1080299,185556.36224239098
1080327,185556.36224239098
1080328,185556.36224239098
1080332,185556.36224239098
1080334,185556.36224239098
1080342,185556.36224239098
1080343,185556.36224239098
1080364,185556.36224239098
1080379,185556.36224239098
1080382,185556.36224239098
1080383,185556.36224239098
1080399,185556.36224239098
1080401,185556.36224239098
1080426,185556.36224239098
1080440,185556.36224239098
1080450,185556.36224239098
1080465,185556.36224239098
1080482,185556.36224239098
1080485,185556.36224239098
1080507,185556.36224239098
1080562,185556.36224239098
1080606,185556.36224239098
1080621,185556.36224239098
1080633,185556.36224239098
1080663,185556.36224239098
1080670,185556.36224239098
1080752,185556.36224239098
1080755,185556.36224239098
1080757,185556.36224239098
1080776,185556.36224239098
1080802,185556.36224239098
1080807,185556.36224239098
1080836,185556.36224239098
1080849,185556.36224239098
1080858,185556.36224239098
1080859,185556.36224239098
1080914,185556.36224239098
1080921,185556.36224239098
1080937,185556.36224239098
1080977,185556.36224239098
1080980,185556.36224239098
1080983,185556.36224239098
1081011,185556.36224239098
1081038,185556.36224239098
1081055,185556.36224239098
1081112,185556.36224239098
1081125,185556.36224239098
1081153,185556.36224239098
1081170,185556.36224239098
1081201,185556.36224239098
1081232,185556.36224239098
1081267,185556.36224239098
1081351,185556.36224239098
1081356,185556.36224239098
1081395,185556.36224239098
1081435,185556.36224239098
1081436,185556.36224239098
1081442,185556.36224239098
1081472,185556.36224239098
1081487,185556.36224239098
1081508,185556.36224239098
1081512,185556.36224239098
1081528,185556.36224239098
1081552,185556.36224239098
1081575,185556.36224239098
1081706,185556.36224239098
1081782,185556.36224239098
1081785,185556.36224239098
1081787,185556.36224239098
1081832,185556.36224239098
1081833,185556.36224239098
1081838,185556.36224239098
1081841,185556.36224239098
1081843,185556.36224239098
1081844,185556.36224239098
1081848,185556.36224239098
1081869,185556.36224239098
1081902,185556.36224239098
1081903,185556.36224239098
1081908,185556.36224239098
1081924,185556.36224239098
1081936,185556.36224239098
1081949,185556.36224239098
1081970,185556.36224239098
1082039,185556.36224239098
1082045,185556.36224239098
1082046,185556.36224239098
1082048,185556.36224239098
1082118,185556.36224239098
1082145,185556.36224239098
1082147,185556.36224239098
1082163,185556.36224239098
1082251,185556.36224239098
1082254,185556.36224239098
1082255,185556.36224239098
1082327,185556.36224239098
1082342,185556.36224239098
1082343,185556.36224239098
1082360,185556.36224239098
1082376,185556.36224239098
1082382,185556.36224239098
1082390,185556.36224239098
1082417,185556.36224239098
1082420,185556.36224239098
1082432,185556.36224239098
1082441,185556.36224239098
1082442,185556.36224239098
1082461,185556.36224239098
1082482,185556.36224239098
1082483,185556.36224239098
1082488,185556.36224239098
1082504,185556.36224239098
1082508,185556.36224239098
1082533,185556.36224239098
1082548,185556.36224239098
1082549,185556.36224239098
1082586,185556.36224239098
1082640,185556.36224239098
1082677,185556.36224239098
1082833,185556.36224239098
1082840,185556.36224239098
1082846,185556.36224239098
1082857,185556.36224239098
1082863,185556.36224239098
1082867,185556.36224239098
1082927,185556.36224239098
1082928,185556.36224239098
1082958,185556.36224239098
1083026,185556.36224239098
1083029,185556.36224239098
1083052,185556.36224239098
1083095,185556.36224239098
1083118,185556.36224239098
1083122,185556.36224239098
1083137,185556.36224239098
1083208,185556.36224239098
1083251,185556.36224239098
1083264,185556.36224239098
1083284,185556.36224239098
1083291,185556.36224239098
1083296,185556.36224239098
1083300,185556.36224239098
1083303,185556.36224239098
1083345,185556.36224239098
1083382,185556.36224239098
1083388,185556.36224239098
1083392,185556.36224239098
1083402,185556.36224239098
1083405,185556.36224239098
1083495,185556.36224239098
1083545,185556.36224239098
1086147,185556.36224239098
1086216,185556.36224239098
1086243,185556.36224239098
1086254,185556.36224239098
1086282,185556.36224239098
1086309,185556.36224239098
1086312,185556.36224239098
1086333,185556.36224239098
1086344,185556.36224239098
1086616,185556.36224239098
1086670,185556.36224239098
1086770,185556.36224239098
1086802,185556.36224239098
1086813,185556.36224239098
1086818,185556.36224239098
1086819,185556.36224239098
1086820,185556.36224239098
1086826,185556.36224239098
1086827,185556.36224239098
1086842,185556.36224239098
1086844,185556.36224239098
1086846,185556.36224239098
1086847,185556.36224239098
1086848,185556.36224239098
1086864,185556.36224239098
1086917,185556.36224239098
1086918,185556.36224239098
1086963,185556.36224239098
1086991,185556.36224239098
1086999,185556.36224239098
1087035,185556.36224239098
1087054,185556.36224239098
1087111,185556.36224239098
1087112,185556.36224239098
1087115,185556.36224239098
1087116,185556.36224239098
1087132,185556.36224239098
1087135,185556.36224239098
1087193,185556.36224239098
1087235,185556.36224239098
1087237,185556.36224239098
1087238,185556.36224239098
1087241,185556.36224239098
1087288,185556.36224239098
1087329,185556.36224239098
1087340,185556.36224239098
1087346,185556.36224239098
1087349,185556.36224239098
1087375,185556.36224239098
1087389,185556.36224239098
1087406,185556.36224239098
1087423,185556.36224239098
1087432,185556.36224239098
1093650,185556.36224239098
1093654,185556.36224239098
1093657,185556.36224239098
1093659,185556.36224239098
1093661,185556.36224239098
1093675,185556.36224239098
1093684,185556.36224239098
1093703,185556.36224239098
1093710,185556.36224239098
1093711,185556.36224239098
1093718,185556.36224239098
1093725,185556.36224239098
1093808,185556.36224239098
1093813,185556.36224239098
1093816,185556.36224239098
1093817,185556.36224239098
1093845,185556.36224239098
1093848,185556.36224239098
1093904,185556.36224239098
1093906,185556.36224239098
1093909,185556.36224239098
1093920,185556.36224239098
1093958,185556.36224239098
1093960,185556.36224239098
1094005,185556.36224239098
1094008,185556.36224239098
1094012,185556.36224239098
1094018,185556.36224239098
1094108,185556.36224239098
1094111,185556.36224239098
1094126,185556.36224239098
1094128,185556.36224239098
1094133,185556.36224239098
1094136,185556.36224239098
1094142,185556.36224239098
1094151,185556.36224239098
1094174,185556.36224239098
1094196,185556.36224239098
1094198,185556.36224239098
1094232,185556.36224239098
1094299,185556.36224239098
1094334,185556.36224239098
1094348,185556.36224239098
1094353,185556.36224239098
1094362,185556.36224239098
1094412,185556.36224239098
1094416,185556.36224239098
1094419,185556.36224239098
1094463,185556.36224239098
1094464,185556.36224239098
1094519,185556.36224239098
1094530,185556.36224239098
1094531,185556.36224239098
1094538,185556.36224239098
1094590,185556.36224239098
1094633,185556.36224239098
1094660,185556.36224239098
1094668,185556.36224239098
1094694,185556.36224239098
1094714,185556.36224239098
1094717,185556.36224239098
1094747,185556.36224239098
1094771,185556.36224239098
1094773,185556.36224239098
1094779,185556.36224239098
1094810,185556.36224239098
1094817,185556.36224239098
1094818,185556.36224239098
1094822,185556.36224239098
1094855,185556.36224239098
1094858,185556.36224239098
1094864,185556.36224239098
1094895,185556.36224239098
1094910,185556.36224239098
1094939,185556.36224239098
1094960,185556.36224239098
1095019,185556.36224239098
1095021,185556.36224239098
1095025,185556.36224239098
1095029,185556.36224239098
1095031,185556.36224239098
1095067,185556.36224239098
1095105,185556.36224239098
1095126,185556.36224239098
1095135,185556.36224239098
1095139,185556.36224239098
1095146,185556.36224239098
1095292,185556.36224239098
1095313,185556.36224239098
1095326,185556.36224239098
1095334,185556.36224239098
1095343,185556.36224239098
1095383,185556.36224239098
1095399,185556.36224239098
1095416,185556.36224239098
1095448,185556.36224239098
1095478,185556.36224239098
1095480,185556.36224239098
1095496,185556.36224239098
1095500,185556.36224239098
1095529,185556.36224239098
1095536,185556.36224239098
1095552,185556.36224239098
1095588,185556.36224239098
1095624,185556.36224239098
1095650,185556.36224239098
1095691,185556.36224239098
1095735,185556.36224239098
1095799,185556.36224239098
1095804,185556.36224239098
1095810,185556.36224239098
1095827,185556.36224239098
1095841,185556.36224239098
1095853,185556.36224239098
1095860,185556.36224239098
1095866,185556.36224239098
1095906,185556.36224239098
1095907,185556.36224239098
1095926,185556.36224239098
1095949,185556.36224239098
1096078,185556.36224239098
1096079,185556.36224239098
1096090,185556.36224239098
1096148,185556.36224239098
1096213,185556.36224239098
1096235,185556.36224239098
1096271,185556.36224239098
1096279,185556.36224239098
1096316,185556.36224239098
1096318,185556.36224239098
1096335,185556.36224239098
1096339,185556.36224239098
1096405,185556.36224239098
1096417,185556.36224239098
1096464,185556.36224239098
1096480,185556.36224239098
1096484,185556.36224239098
1096513,185556.36224239098
1096539,185556.36224239098
1096546,185556.36224239098
1096550,185556.36224239098
1096556,185556.36224239098
1096573,185556.36224239098
1096583,185556.36224239098
1096585,185556.36224239098
1096590,185556.36224239098
1096593,185556.36224239098
1096600,185556.36224239098
1096627,185556.36224239098
1096631,185556.36224239098
1096691,185556.36224239098
1096700,185556.36224239098
1096716,185556.36224239098
1096723,185556.36224239098
1096749,185556.36224239098
1096777,185556.36224239098
1096784,185556.36224239098
1096858,185556.36224239098
1096873,185556.36224239098
1096921,185556.36224239098
1096936,185556.36224239098
1096968,185556.36224239098
1096972,185556.36224239098
1097023,185556.36224239098
1097024,185556.36224239098
1097040,185556.36224239098
1097041,185556.36224239098
1097045,185556.36224239098
1097078,185556.36224239098
1097079,185556.36224239098
1097082,185556.36224239098
1097084,185556.36224239098
1097102,185556.36224239098
1097259,185556.36224239098
1097283,185556.36224239098
1097365,185556.36224239098
1097366,185556.36224239098
1097476,185556.36224239098
1097499,185556.36224239098
1097500,185556.36224239098
1097511,185556.36224239098
1097514,185556.36224239098
1097544,185556.36224239098
1097562,185556.36224239098
1097569,185556.36224239098
1097597,185556.36224239098
1097609,185556.36224239098
1097635,185556.36224239098
1097650,185556.36224239098
1097655,185556.36224239098
1097659,185556.36224239098
1097664,185556.36224239098
1097673,185556.36224239098
1097675,185556.36224239098
1097698,185556.36224239098
1097718,185556.36224239098
1097755,185556.36224239098
1097767,185556.36224239098
1097777,185556.36224239098
1097778,185556.36224239098
1097795,185556.36224239098
1097861,185556.36224239098
1097886,185556.36224239098
1097887,185556.36224239098
1097888,185556.36224239098
1097928,185556.36224239098
1097949,185556.36224239098
1097975,185556.36224239098
1097993,185556.36224239098
1097994,185556.36224239098
1098066,185556.36224239098
1098122,185556.36224239098
1098125,185556.36224239098
1098140,185556.36224239098
1098199,185556.36224239098
1098213,185556.36224239098
1098215,185556.36224239098
1098219,185556.36224239098
1098228,185556.36224239098
1098252,185556.36224239098
1098268,185556.36224239098
1098275,185556.36224239098
1098362,185556.36224239098
1098365,185556.36224239098
1098396,185556.36224239098
1098468,185556.36224239098
1098495,185556.36224239098
1098569,185556.36224239098
1098588,185556.36224239098
1098633,185556.36224239098
1098693,185556.36224239098
1098698,185556.36224239098
1098706,185556.36224239098
1098771,185556.36224239098
1098971,185556.36224239098
1098987,185556.36224239098
1098991,185556.36224239098
1098994,185556.36224239098
1099004,185556.36224239098
1099021,185556.36224239098
1099030,185556.36224239098
1099038,185556.36224239098
1099039,185556.36224239098
1099045,185556.36224239098
1099133,185556.36224239098
1099137,185556.36224239098
1099153,185556.36224239098
1099180,185556.36224239098
1099183,185556.36224239098
1099184,185556.36224239098
1099199,185556.36224239098
1099315,185556.36224239098
1099316,185556.36224239098
1099320,185556.36224239098
1099323,185556.36224239098
1099326,185556.36224239098
1099329,185556.36224239098
1099335,185556.36224239098
1099338,185556.36224239098
1099342,185556.36224239098
1099350,185556.36224239098
1099351,185556.36224239098
1099359,185556.36224239098
1099364,185556.36224239098
1099366,185556.36224239098
1099382,185556.36224239098
1099383,185556.36224239098
1099407,185556.36224239098
1099414,185556.36224239098
1099441,185556.36224239098
1099447,185556.36224239098
1099465,185556.36224239098
1099469,185556.36224239098
1099488,185556.36224239098
1099520,185556.36224239098
1099562,185556.36224239098
1099567,185556.36224239098
1099623,185556.36224239098
1099651,185556.36224239098
1099664,185556.36224239098
1099665,185556.36224239098
1099671,185556.36224239098
1099702,185556.36224239098
1099722,185556.36224239098
1099725,185556.36224239098
1099726,185556.36224239098
1099728,185556.36224239098
1099729,185556.36224239098
1099734,185556.36224239098
1099740,185556.36224239098
1099743,185556.36224239098
1099768,185556.36224239098
1099774,185556.36224239098
1099796,185556.36224239098
1099815,185556.36224239098
1099837,185556.36224239098
1099916,185556.36224239098
1099928,185556.36224239098
1099941,185556.36224239098
1099946,185556.36224239098
1099948,185556.36224239098
1099950,185556.36224239098
1099972,185556.36224239098
1099995,185556.36224239098
1099996,185556.36224239098
1100056,185556.36224239098
1100076,185556.36224239098
1100169,185556.36224239098
1100171,185556.36224239098
1100178,185556.36224239098
1100189,185556.36224239098
1100191,185556.36224239098
1100192,185556.36224239098
1100194,185556.36224239098
1100205,185556.36224239098
1100224,185556.36224239098
1100257,185556.36224239098
1100317,185556.36224239098
1100329,185556.36224239098
1100345,185556.36224239098
1100388,185556.36224239098
1100391,185556.36224239098
1100460,185556.36224239098
1100509,185556.36224239098
1100516,185556.36224239098
1100532,185556.36224239098
1100537,185556.36224239098
1100548,185556.36224239098
1100583,185556.36224239098
1100596,185556.36224239098
1100601,185556.36224239098
1100611,185556.36224239098
1100619,185556.36224239098
1100658,185556.36224239098
1100660,185556.36224239098
1100674,185556.36224239098
1100682,185556.36224239098
1100692,185556.36224239098
1100719,185556.36224239098
1100743,185556.36224239098
1100780,185556.36224239098
1100810,185556.36224239098
1100829,185556.36224239098
1100840,185556.36224239098
1100852,185556.36224239098
1100865,185556.36224239098
1100897,185556.36224239098
1100931,185556.36224239098
1100932,185556.36224239098
1100938,185556.36224239098
1100944,185556.36224239098
1100945,185556.36224239098
1100946,185556.36224239098
1100947,185556.36224239098
1100948,185556.36224239098
1100953,185556.36224239098
1100955,185556.36224239098
1100957,185556.36224239098
1100960,185556.36224239098
1100962,185556.36224239098
1100984,185556.36224239098
1100985,185556.36224239098
1101003,185556.36224239098
1101004,185556.36224239098
1101005,185556.36224239098
1101006,185556.36224239098
1101007,185556.36224239098
1101012,185556.36224239098
1101064,185556.36224239098
1101073,185556.36224239098
1101084,185556.36224239098
1101086,185556.36224239098
1101094,185556.36224239098
1101102,185556.36224239098
1101127,185556.36224239098
1101173,185556.36224239098
1101180,185556.36224239098
1101202,185556.36224239098
1101203,185556.36224239098
1101207,185556.36224239098
1101208,185556.36224239098
1101232,185556.36224239098
1101240,185556.36224239098
1101252,185556.36224239098
1101258,185556.36224239098
1101263,185556.36224239098
1101276,185556.36224239098
1101292,185556.36224239098
1101294,185556.36224239098
1101303,185556.36224239098
1101319,185556.36224239098
1101326,185556.36224239098
1101330,185556.36224239098
1101331,185556.36224239098
1101333,185556.36224239098
1101335,185556.36224239098
1101351,185556.36224239098
1101378,185556.36224239098
1101418,185556.36224239098
1101423,185556.36224239098
1101428,185556.36224239098
1101517,185556.36224239098
1101591,185556.36224239098
1101616,185556.36224239098
1101739,185556.36224239098
1101759,185556.36224239098
1101799,185556.36224239098
1101800,185556.36224239098
1101801,185556.36224239098
1101814,185556.36224239098
1101859,185556.36224239098
1101869,185556.36224239098
1101901,185556.36224239098
1101931,185556.36224239098
1101932,185556.36224239098
1101976,185556.36224239098
1102031,185556.36224239098
1102046,185556.36224239098
1102066,185556.36224239098
1102090,185556.36224239098
1102112,185556.36224239098
1102117,185556.36224239098
1102119,185556.36224239098
1102123,185556.36224239098
1102135,185556.36224239098
1102169,185556.36224239098
1102170,185556.36224239098
1102240,185556.36224239098
1102248,185556.36224239098
1102273,185556.36224239098
1102307,185556.36224239098
1102332,185556.36224239098
1102413,185556.36224239098
1102414,185556.36224239098
1102415,185556.36224239098
1102416,185556.36224239098
1102417,185556.36224239098
1102422,185556.36224239098
1102423,185556.36224239098
1102430,185556.36224239098
1102431,185556.36224239098
1102434,185556.36224239098
1102452,185556.36224239098
1102470,185556.36224239098
1102505,185556.36224239098
1102509,185556.36224239098
1102527,185556.36224239098
1102537,185556.36224239098
1102564,185556.36224239098
1102603,185556.36224239098
1102608,185556.36224239098
1102646,185556.36224239098
1102647,185556.36224239098
1102650,185556.36224239098
1102655,185556.36224239098
1102657,185556.36224239098
1102660,185556.36224239098
1102685,185556.36224239098
1102688,185556.36224239098
1102699,185556.36224239098
1102704,185556.36224239098
1102705,185556.36224239098
1102728,185556.36224239098
1102735,185556.36224239098
1102750,185556.36224239098
1102770,185556.36224239098
1102790,185556.36224239098
1102797,185556.36224239098
1102800,185556.36224239098
1102806,185556.36224239098
1102844,185556.36224239098
1102862,185556.36224239098
1102908,185556.36224239098
1102909,185556.36224239098
1102959,185556.36224239098
1102970,185556.36224239098
1102986,185556.36224239098
1103044,185556.36224239098
1103076,185556.36224239098
1103095,185556.36224239098
1103226,185556.36224239098
1103227,185556.36224239098
1103228,185556.36224239098
1103229,185556.36224239098
1103249,185556.36224239098
1103253,185556.36224239098
1103258,185556.36224239098
1103264,185556.36224239098
1103265,185556.36224239098
1103278,185556.36224239098
1103279,185556.36224239098
1103282,185556.36224239098
1103361,185556.36224239098
1103386,185556.36224239098
1103396,185556.36224239098
1103402,185556.36224239098
1103403,185556.36224239098
1103404,185556.36224239098
1103418,185556.36224239098
1103419,185556.36224239098
1103431,185556.36224239098
1103481,185556.36224239098
1103489,185556.36224239098
1103584,185556.36224239098
1103598,185556.36224239098
1103600,185556.36224239098
1103604,185556.36224239098
1103606,185556.36224239098
1103614,185556.36224239098
1103646,185556.36224239098
1103668,185556.36224239098
1103669,185556.36224239098
1103678,185556.36224239098
1103711,185556.36224239098
1103726,185556.36224239098
1103731,185556.36224239098
1103735,185556.36224239098
1103741,185556.36224239098
1103838,185556.36224239098
1103903,185556.36224239098
1103914,185556.36224239098
1103991,185556.36224239098
1103997,185556.36224239098
1104005,185556.36224239098
1104027,185556.36224239098
1104035,185556.36224239098
1104045,185556.36224239098
1104073,185556.36224239098
1104122,185556.36224239098
1104123,185556.36224239098
1104132,185556.36224239098
1104247,185556.36224239098
1104252,185556.36224239098
1104265,185556.36224239098
1104276,185556.36224239098
1104292,185556.36224239098
1104347,185556.36224239098
1104357,185556.36224239098
1104358,185556.36224239098
1104369,185556.36224239098
1104944,185556.36224239098
1104946,185556.36224239098
1104949,185556.36224239098
1104951,185556.36224239098
1104953,185556.36224239098
1104955,185556.36224239098
1104972,185556.36224239098
1105018,185556.36224239098
1105021,185556.36224239098
1105024,185556.36224239098
1105025,185556.36224239098
1105044,185556.36224239098
1105046,185556.36224239098
1105047,185556.36224239098
1105050,185556.36224239098
1105051,185556.36224239098
1105052,185556.36224239098
1105053,185556.36224239098
1105071,185556.36224239098
1105081,185556.36224239098
1105207,185556.36224239098
1105210,185556.36224239098
1105265,185556.36224239098
1105266,185556.36224239098
1105267,185556.36224239098
1105268,185556.36224239098
1105280,185556.36224239098
1105281,185556.36224239098
1105282,185556.36224239098
1105376,185556.36224239098
1105429,185556.36224239098
1105465,185556.36224239098
1105493,185556.36224239098
1105496,185556.36224239098
1105557,185556.36224239098
1105558,185556.36224239098
1105575,185556.36224239098
1105576,185556.36224239098
1105581,185556.36224239098
1105621,185556.36224239098
1105622,185556.36224239098
1105698,185556.36224239098
1105699,185556.36224239098
1105700,185556.36224239098
1105702,185556.36224239098
1105705,185556.36224239098
1105706,185556.36224239098
1105711,185556.36224239098
1105799,185556.36224239098
1105802,185556.36224239098
1105803,185556.36224239098
1105805,185556.36224239098
1105806,185556.36224239098
1105807,185556.36224239098
1105828,185556.36224239098
1105830,185556.36224239098
1105831,185556.36224239098
1105832,185556.36224239098
1105849,185556.36224239098
1105855,185556.36224239098
1105898,185556.36224239098
1105899,185556.36224239098
1105935,185556.36224239098
1105989,185556.36224239098
1106068,185556.36224239098
1106069,185556.36224239098
1106073,185556.36224239098
1106085,185556.36224239098
1106086,185556.36224239098
1106135,185556.36224239098
1106164,185556.36224239098
1106193,185556.36224239098
1106196,185556.36224239098
1106244,185556.36224239098
1106253,185556.36224239098
1106256,185556.36224239098
1106586,185556.36224239098
1106587,185556.36224239098
1106588,185556.36224239098
1106589,185556.36224239098
1106600,185556.36224239098
1106608,185556.36224239098
1106715,185556.36224239098
1106789,185556.36224239098
1106790,185556.36224239098
1106791,185556.36224239098
1106792,185556.36224239098
1106793,185556.36224239098
1106794,185556.36224239098
1106869,185556.36224239098
1106954,185556.36224239098
1107205,185556.36224239098
1107331,185556.36224239098
1107333,185556.36224239098
1107389,185556.36224239098
1107390,185556.36224239098
1107392,185556.36224239098
1107394,185556.36224239098
1107395,185556.36224239098
1107469,185556.36224239098
1107483,185556.36224239098
1107491,185556.36224239098
1107667,185556.36224239098
1107772,185556.36224239098
1107775,185556.36224239098
1107785,185556.36224239098
1107786,185556.36224239098
1107787,185556.36224239098
1202392,185556.36224239098
1202393,185556.36224239098
1202395,185556.36224239098
1202440,185556.36224239098
1202550,185556.36224239098
1202552,185556.36224239098
1202577,185556.36224239098
1202580,185556.36224239098
1202842,185556.36224239098
1202844,185556.36224239098
1202860,185556.36224239098
1202861,185556.36224239098
1202869,185556.36224239098
1202876,185556.36224239098
1202892,185556.36224239098
1202903,185556.36224239098
1214273,185556.36224239098
1214280,185556.36224239098
1214445,185556.36224239098
1214448,185556.36224239098
1214449,185556.36224239098
1214464,185556.36224239098
1214572,185556.36224239098
1214574,185556.36224239098
1214584,185556.36224239098
1214608,185556.36224239098
1214640,185556.36224239098
1214643,185556.36224239098
1214651,185556.36224239098
1214652,185556.36224239098
1214657,185556.36224239098
1214661,185556.36224239098
1214673,185556.36224239098
1214675,185556.36224239098
1214679,185556.36224239098
1214703,185556.36224239098
1215040,185556.36224239098
1215050,185556.36224239098
1215134,185556.36224239098
1215138,185556.36224239098
1215362,185556.36224239098
1215366,185556.36224239098
1215368,185556.36224239098
1215369,185556.36224239098
1215374,185556.36224239098
1215388,185556.36224239098
1215448,185556.36224239098
1215451,185556.36224239098
1215486,185556.36224239098
1215488,185556.36224239098
1215496,185556.36224239098
1215498,185556.36224239098
1215555,185556.36224239098
1215556,185556.36224239098
1215560,185556.36224239098
1215573,185556.36224239098
1215591,185556.36224239098
1215596,185556.36224239098
1215746,185556.36224239098
1215748,185556.36224239098
1215754,185556.36224239098
1215756,185556.36224239098
1215758,185556.36224239098
1215761,185556.36224239098
1215762,185556.36224239098
1215766,185556.36224239098
1215767,185556.36224239098
1215776,185556.36224239098
1215784,185556.36224239098
1215791,185556.36224239098
1215796,185556.36224239098
1215797,185556.36224239098
1215798,185556.36224239098
1215806,185556.36224239098
1215810,185556.36224239098
1216439,185556.36224239098
1217024,185556.36224239098
1217029,185556.36224239098
1217034,185556.36224239098
1217036,185556.36224239098
1217037,185556.36224239098
1217038,185556.36224239098
1217233,185556.36224239098
1217234,185556.36224239098
1217247,185556.36224239098
1217248,185556.36224239098
1217250,185556.36224239098
1217540,185556.36224239098
1217556,185556.36224239098
1217557,185556.36224239098
1217559,185556.36224239098
1217578,185556.36224239098
1217875,185556.36224239098
1217881,185556.36224239098
1219303,185556.36224239098
1219356,185556.36224239098
1219361,185556.36224239098
1219426,185556.36224239098
1219482,185556.36224239098
1219492,185556.36224239098
1219515,185556.36224239098
1219518,185556.36224239098
1219520,185556.36224239098
1219620,185556.36224239098
1219653,185556.36224239098
1219665,185556.36224239098
1219668,185556.36224239098
1219670,185556.36224239098
1219706,185556.36224239098
1219714,185556.36224239098
1219756,185556.36224239098
1220007,185556.36224239098
1220137,185556.36224239098
1220139,185556.36224239098
1220671,185556.36224239098
1220690,185556.36224239098
1220731,185556.36224239098
1220732,185556.36224239098
1220739,185556.36224239098
1222082,185556.36224239098
1222084,185556.36224239098
1222087,185556.36224239098
1222182,185556.36224239098
1222183,185556.36224239098
1222194,185556.36224239098
1222252,185556.36224239098
1223720,185556.36224239098
1223812,185556.36224239098
1223816,185556.36224239098
1223827,185556.36224239098
1223836,185556.36224239098
1223838,185556.36224239098
1223841,185556.36224239098
1223860,185556.36224239098
1223861,185556.36224239098
1223863,185556.36224239098
1223867,185556.36224239098
1223875,185556.36224239098
1223892,185556.36224239098
1223897,185556.36224239098
1224003,185556.36224239098
1224006,185556.36224239098
1224010,185556.36224239098
1224014,185556.36224239098
1224033,185556.36224239098
1224068,185556.36224239098
1224071,185556.36224239098
1224121,185556.36224239098
1224146,185556.36224239098
1224153,185556.36224239098
1224653,185556.36224239098
1224668,185556.36224239098
1224776,185556.36224239098
1224788,185556.36224239098
1225148,185556.36224239098
1225155,185556.36224239098
1225157,185556.36224239098
1225159,185556.36224239098
1225238,185556.36224239098
1225323,185556.36224239098
1225362,185556.36224239098
1225363,185556.36224239098
1225376,185556.36224239098
1225378,185556.36224239098
1225818,185556.36224239098
1226392,185556.36224239098
1226394,185556.36224239098
1226516,185556.36224239098
1226517,185556.36224239098
1226741,185556.36224239098
1226743,185556.36224239098
1226745,185556.36224239098
1226748,185556.36224239098
1226749,185556.36224239098
1226782,185556.36224239098
1226789,185556.36224239098
1226799,185556.36224239098
1226860,185556.36224239098
1226867,185556.36224239098
1226963,185556.36224239098
1227068,185556.36224239098
1227072,185556.36224239098
1227075,185556.36224239098
1227080,185556.36224239098
1227083,185556.36224239098
1227087,185556.36224239098
1227113,185556.36224239098
1227115,185556.36224239098
1227127,185556.36224239098
1227165,185556.36224239098
1227292,185556.36224239098
1227294,185556.36224239098
1227296,185556.36224239098
1227675,185556.36224239098
1227679,185556.36224239098
1227680,185556.36224239098
1227687,185556.36224239098
1227690,185556.36224239098
1227707,185556.36224239098
1227708,185556.36224239098
1227709,185556.36224239098
1227720,185556.36224239098
1227815,185556.36224239098
1227857,185556.36224239098
1227859,185556.36224239098
1227865,185556.36224239098
1227902,185556.36224239098
1227904,185556.36224239098
1227921,185556.36224239098
1227928,185556.36224239098
1227948,185556.36224239098
1227951,185556.36224239098
1228096,185556.36224239098
1228098,185556.36224239098
1228597,185556.36224239098
1228622,185556.36224239098
1228630,185556.36224239098
1228639,185556.36224239098
1228640,185556.36224239098
1228821,185556.36224239098
1228828,185556.36224239098
1228829,185556.36224239098
1228966,185556.36224239098
1228972,185556.36224239098
1228973,185556.36224239098
1228974,185556.36224239098
1228985,185556.36224239098
1229013,185556.36224239098
1229016,185556.36224239098
1229018,185556.36224239098
1229020,185556.36224239098
1229022,185556.36224239098
1229028,185556.36224239098
1229030,185556.36224239098
1229031,185556.36224239098
1229038,185556.36224239098
1229176,185556.36224239098
1229188,185556.36224239098
1229190,185556.36224239098
1229201,185556.36224239098
1229212,185556.36224239098
1229218,185556.36224239098
1229220,185556.36224239098
1229224,185556.36224239098
1229225,185556.36224239098
1229462,185556.36224239098
1229540,185556.36224239098
1229541,185556.36224239098
1229591,185556.36224239098
1229597,185556.36224239098
1229598,185556.36224239098
1230015,185556.36224239098
1230020,185556.36224239098
1230030,185556.36224239098
1230031,185556.36224239098
1230037,185556.36224239098
1230038,185556.36224239098
1230039,185556.36224239098
1230040,185556.36224239098
1230045,185556.36224239098
1230070,185556.36224239098
1231407,185556.36224239098
1231410,185556.36224239098
1231549,185556.36224239098
1231551,185556.36224239098
1231558,185556.36224239098
1231661,185556.36224239098
1231688,185556.36224239098
1231696,185556.36224239098
1231704,185556.36224239098
1231710,185556.36224239098
1231711,185556.36224239098
1231719,185556.36224239098
1231753,185556.36224239098
1231846,185556.36224239098
1231908,185556.36224239098
1231938,185556.36224239098
1231982,185556.36224239098
1232000,185556.36224239098
1232001,185556.36224239098
1232002,185556.36224239098
1232475,185556.36224239098
1232477,185556.36224239098
1232484,185556.36224239098
1232490,185556.36224239098
1232637,185556.36224239098
1232646,185556.36224239098
1232662,185556.36224239098
1233033,185556.36224239098
1233038,185556.36224239098
1233250,185556.36224239098
1233263,185556.36224239098
1233265,185556.36224239098
1233268,185556.36224239098
1233307,185556.36224239098
1233314,185556.36224239098
1233329,185556.36224239098
1233345,185556.36224239098
1233349,185556.36224239098
1233447,185556.36224239098
1233450,185556.36224239098
1233453,185556.36224239098
1233462,185556.36224239098
1233465,185556.36224239098
1233471,185556.36224239098
1233474,185556.36224239098
1233479,185556.36224239098
1233487,185556.36224239098
1233488,185556.36224239098
1233490,185556.36224239098
1233493,185556.36224239098
1233495,185556.36224239098
1233497,185556.36224239098
1233542,185556.36224239098
1233552,185556.36224239098
1233557,185556.36224239098
1233567,185556.36224239098
1233568,185556.36224239098
1233569,185556.36224239098
1233683,185556.36224239098
1233764,185556.36224239098
1233861,185556.36224239098
1233877,185556.36224239098
1233987,185556.36224239098
1233989,185556.36224239098
1234069,185556.36224239098
1234103,185556.36224239098
1234104,185556.36224239098
1234343,185556.36224239098
1234348,185556.36224239098
1234349,185556.36224239098
1234495,185556.36224239098
1234496,185556.36224239098
1234497,185556.36224239098
1234499,185556.36224239098
1234515,185556.36224239098
1234516,185556.36224239098
1234528,185556.36224239098
1234612,185556.36224239098
1234760,185556.36224239098
1234763,185556.36224239098
1234766,185556.36224239098
1234772,185556.36224239098
1234818,185556.36224239098
1235137,185556.36224239098
1235157,185556.36224239098
1235163,185556.36224239098
1235168,185556.36224239098
1235169,185556.36224239098
1235170,185556.36224239098
1235228,185556.36224239098
1235244,185556.36224239098
1235266,185556.36224239098
1235290,185556.36224239098
1235294,185556.36224239098
1235303,185556.36224239098
1235312,185556.36224239098
1235314,185556.36224239098
1235337,185556.36224239098
1235354,185556.36224239098
1235360,185556.36224239098
1235386,185556.36224239098
1235538,185556.36224239098
1235542,185556.36224239098
1235546,185556.36224239098
1235552,185556.36224239098
1235662,185556.36224239098
1235678,185556.36224239098
1235679,185556.36224239098
1235688,185556.36224239098
1235689,185556.36224239098
1235741,185556.36224239098
1235742,185556.36224239098
1235744,185556.36224239098
1235745,185556.36224239098
1235746,185556.36224239098
1235747,185556.36224239098
1235786,185556.36224239098
1235796,185556.36224239098
1235824,185556.36224239098
1235825,185556.36224239098
1235874,185556.36224239098
1235885,185556.36224239098
1235886,185556.36224239098
1235887,185556.36224239098
1235916,185556.36224239098
1235996,185556.36224239098
1235997,185556.36224239098
1236001,185556.36224239098
1236007,185556.36224239098
1236009,185556.36224239098
1236010,185556.36224239098
1236082,185556.36224239098
1236126,185556.36224239098
1236137,185556.36224239098
1236150,185556.36224239098
1236152,185556.36224239098
1236160,185556.36224239098
1236162,185556.36224239098
1236183,185556.36224239098
1236186,185556.36224239098
1236189,185556.36224239098
1236201,185556.36224239098
1236353,185556.36224239098
1236355,185556.36224239098
1236463,185556.36224239098
1236479,185556.36224239098
1236480,185556.36224239098
1236822,185556.36224239098
1236911,185556.36224239098
1236986,185556.36224239098
1236991,185556.36224239098
1236993,185556.36224239098
1237029,185556.36224239098
1237033,185556.36224239098
1237049,185556.36224239098
1237051,185556.36224239098
1237164,185556.36224239098
1237170,185556.36224239098
1237492,185556.36224239098
1237495,185556.36224239098
1237545,185556.36224239098
1237979,185556.36224239098
1237998,185556.36224239098
1238015,185556.36224239098
1238100,185556.36224239098
1238115,185556.36224239098
1238129,185556.36224239098
1238182,185556.36224239098
1238190,185556.36224239098
1238195,185556.36224239098
1238198,185556.36224239098
1238207,185556.36224239098
1238213,185556.36224239098
1238216,185556.36224239098
1238226,185556.36224239098
1238229,185556.36224239098
1238231,185556.36224239098
1238232,185556.36224239098
1238237,185556.36224239098
1238241,185556.36224239098
1238242,185556.36224239098
1238244,185556.36224239098
1238245,185556.36224239098
1238258,185556.36224239098
1238259,185556.36224239098
1238261,185556.36224239098
1238263,185556.36224239098
1238264,185556.36224239098
1238384,185556.36224239098
1238386,185556.36224239098
1238419,185556.36224239098
1238422,185556.36224239098
1238435,185556.36224239098
1238439,185556.36224239098
1238572,185556.36224239098
1238582,185556.36224239098
1238589,185556.36224239098
1238614,185556.36224239098
1238793,185556.36224239098
1238800,185556.36224239098
1238802,185556.36224239098
1238807,185556.36224239098
1238812,185556.36224239098
1238813,185556.36224239098
1238814,185556.36224239098
1238827,185556.36224239098
1238834,185556.36224239098
1238964,185556.36224239098
1238965,185556.36224239098
1239003,185556.36224239098
1239006,185556.36224239098
1239029,185556.36224239098
1239054,185556.36224239098
1239062,185556.36224239098
1239067,185556.36224239098
1239078,185556.36224239098
1239100,185556.36224239098
1239106,185556.36224239098
1239112,185556.36224239098
1239158,185556.36224239098
1239160,185556.36224239098
1239161,185556.36224239098
1239162,185556.36224239098
1239239,185556.36224239098
1239260,185556.36224239098
1239261,185556.36224239098
1239271,185556.36224239098
1239276,185556.36224239098
1239278,185556.36224239098
1239294,185556.36224239098
1239313,185556.36224239098
1239402,185556.36224239098
1239482,185556.36224239098
1239483,185556.36224239098
1239484,185556.36224239098
1239485,185556.36224239098
1239490,185556.36224239098
1239519,185556.36224239098
1239527,185556.36224239098
1239532,185556.36224239098
1239533,185556.36224239098
1239534,185556.36224239098
1239535,185556.36224239098
1239537,185556.36224239098
1239558,185556.36224239098
1239566,185556.36224239098
1239568,185556.36224239098
1239577,185556.36224239098
1239578,185556.36224239098
1239585,185556.36224239098
1239589,185556.36224239098
1239598,185556.36224239098
1239601,185556.36224239098
1239963,185556.36224239098
1239978,185556.36224239098
1239994,185556.36224239098
1240122,185556.36224239098
1240137,185556.36224239098
1240202,185556.36224239098
1240229,185556.36224239098
1240235,185556.36224239098
1240281,185556.36224239098
1240283,185556.36224239098
1240338,185556.36224239098
1240418,185556.36224239098
1240441,185556.36224239098
1240442,185556.36224239098
1240444,185556.36224239098
1240448,185556.36224239098
1240464,185556.36224239098
1240465,185556.36224239098
1240498,185556.36224239098
1240504,185556.36224239098
1240505,185556.36224239098
1240516,185556.36224239098
1240535,185556.36224239098
1240539,185556.36224239098
1240540,185556.36224239098
1240617,185556.36224239098
1240649,185556.36224239098
1240720,185556.36224239098
1240728,185556.36224239098
1240735,185556.36224239098
1240736,185556.36224239098
1240977,185556.36224239098
1240979,185556.36224239098
1241045,185556.36224239098
1241069,185556.36224239098
1241079,185556.36224239098
1241087,185556.36224239098
1241091,185556.36224239098
1241093,185556.36224239098
1241095,185556.36224239098
1241101,185556.36224239098
1241103,185556.36224239098
1241115,185556.36224239098
1241117,185556.36224239098
1241128,185556.36224239098
1241130,185556.36224239098
1241139,185556.36224239098
1241151,185556.36224239098
1241289,185556.36224239098
1241295,185556.36224239098
1241453,185556.36224239098
1241454,185556.36224239098
1241459,185556.36224239098
1241460,185556.36224239098
1241478,185556.36224239098
1241488,185556.36224239098
1241744,185556.36224239098
1241746,185556.36224239098
1241753,185556.36224239098
1241756,185556.36224239098
1241757,185556.36224239098
1241760,185556.36224239098
1241761,185556.36224239098
1241764,185556.36224239098
1241795,185556.36224239098
1241796,185556.36224239098
1241798,185556.36224239098
1241803,185556.36224239098
1241804,185556.36224239098
1241807,185556.36224239098
1241810,185556.36224239098
1241813,185556.36224239098
1241826,185556.36224239098
1241833,185556.36224239098
1241834,185556.36224239098
1241837,185556.36224239098
1241842,185556.36224239098
1241843,185556.36224239098
1241897,185556.36224239098
1241913,185556.36224239098
1241975,185556.36224239098
1241978,185556.36224239098
1241980,185556.36224239098
1241981,185556.36224239098
1241983,185556.36224239098
1242077,185556.36224239098
1242080,185556.36224239098
1242082,185556.36224239098
1242090,185556.36224239098
1242092,185556.36224239098
1242118,185556.36224239098
1242119,185556.36224239098
1242131,185556.36224239098
1242132,185556.36224239098
1242135,185556.36224239098
1242139,185556.36224239098
70723,107721.17472483877
71009,194469.92478376246
71030,133762.89993645973
71670,165722.7504497329
71671,165722.7504497329
71694,217951.4075396459
71697,107721.17472483877
71717,217951.4075396459
71727,193070.07530812922
71785,149829.8009932664
72264,323320.9505530861
72276,222211.86384931582
72325,164885.2779383242
72326,107721.17472483877
72327,222211.86384931582
72548,222211.86384931582
72571,200448.2756589042
72713,167311.02399635743
696861,166787.2047483494
696875,107721.17472483877
696882,182087.50152256223
