id,price
264893,137350.04229292905
264899,134157.14683790103
264910,134157.14683790103
264915,137350.04229292905
264919,135269.40335905395
264928,134157.14683790103
264932,380439.03742966446
264935,380439.03742966446
264939,137350.04229292905
264944,380439.03742966446
264954,134157.14683790103
264955,134157.14683790103
264969,322076.59663118084
264978,137350.04229292905
264983,137350.04229292905
264984,137350.04229292905
264985,134157.14683790103
265031,380439.03742966446
265032,380439.03742966446
265058,137350.04229292905
265066,134157.14683790103
265068,137350.04229292905
265069,147698.25398727527
265070,138570.71652686896
265077,134157.14683790103
265090,334522.9682054228
265094,380439.03742966446
265101,134157.14683790103
265102,135269.40335905395
265105,380439.03742966446
265106,135269.40335905395
265108,135269.40335905395
265115,134157.14683790103
265147,135269.40335905395
265152,380439.03742966446
265153,380439.03742966446
265170,134157.14683790103
265176,380439.03742966446
265187,137350.04229292905
265189,137350.04229292905
265198,134157.14683790103
265225,147698.25398727527
265233,147698.25398727527
265237,135269.40335905395
265253,212459.99597329632
265280,212459.99597329632
265287,176634.4137644975
265293,211313.4247549438
265296,214387.12536035563
265307,212459.99597329632
265308,212459.99597329632
265312,173453.80429899172
265313,176634.4137644975
265314,211313.4247549438
265315,212459.99597329632
265320,206974.9262592279
265333,211313.4247549438
265346,206974.9262592279
265351,214387.12536035563
265356,211313.4247549438
265357,176634.4137644975
265358,206974.9262592279
265363,211313.4247549438
265369,173453.80429899172
265372,212459.99597329632
265402,214387.12536035563
265406,173453.80429899172
265420,212459.99597329632
265436,173453.80429899172
265438,211313.4247549438
265442,212459.99597329632
265449,212459.99597329632
265452,212459.99597329632
265455,206974.9262592279
265461,214387.12536035563
265465,212459.99597329632
265481,174452.81469885167
265488,212459.99597329632
265501,173453.80429899172
265514,212459.99597329632
265515,211313.4247549438
265516,208212.48202210368
265517,206974.9262592279
265526,206974.9262592279
265533,212459.99597329632
265539,212459.99597329632
265543,173453.80429899172
265544,175620.77993698194
265556,177442.44067679901
265559,173453.80429899172
265561,173453.80429899172
265584,176673.38002029902
265586,177442.44067679901
265587,177442.44067679901
265588,173453.80429899172
265593,176673.38002029902
265596,176673.38002029902
265607,177442.44067679901
265608,177442.44067679901
265610,176673.38002029902
265613,173453.80429899172
265653,173453.80429899172
265663,176673.38002029902
265669,173453.80429899172
265675,176673.38002029902
265699,176673.38002029902
265701,173453.80429899172
265703,173453.80429899172
265704,173453.80429899172
265743,173453.80429899172
265748,177442.44067679901
265759,176673.38002029902
265795,173453.80429899172
265797,173453.80429899172
265805,176673.38002029902
265806,177442.44067679901
265810,176673.38002029902
265819,177442.44067679901
265820,176673.38002029902
265833,176673.38002029902
265834,176673.38002029902
265843,319946.1518236306
265851,319946.1518236306
265862,259327.75502511236
265864,306204.26679593
265869,264623.2810782565
265887,319946.1518236306
265907,264623.2810782565
265913,259327.75502511236
265921,261861.74586289737
265923,339352.36570918444
265925,319946.1518236306
265957,334730.99475224456
265958,267338.79429323063
265960,264623.2810782565
265963,261861.74586289737
265969,267338.79429323063
266004,267338.79429323063
266028,353743.44290290616
266029,263346.4104863006
266032,261861.74586289737
266034,261861.74586289737
266055,259327.75502511236
266075,264623.2810782565
266077,264623.2810782565
266080,334730.99475224456
266093,267338.79429323063
266094,353743.44290290616
266100,261861.74586289737
266116,261861.74586289737
266129,178335.0823041696
266144,259327.75502511236
266160,259327.75502511236
266165,210022.193534124
266196,210022.193534124
266199,249197.2420767368
266202,261861.74586289737
266210,210022.193534124
266211,259327.75502511236
266213,249197.2420767368
266218,177566.02164766964
266219,249197.2420767368
266220,178335.0823041696
266234,259327.75502511236
266241,210022.193534124
266248,210022.193534124
266251,177566.02164766964
266256,174346.44592636236
266259,178335.0823041696
266274,263346.4104863006
266275,176760.18050278866
266276,177566.02164766964
266279,207901.80169660374
266280,259327.75502511236
266281,210022.193534124
266299,249197.2420767368
266300,259327.75502511236
266305,174346.44592636236
266314,210022.193534124
266315,177566.02164766964
266329,259327.75502511236
266332,173453.80429899172
266350,173453.80429899172
266368,173453.80429899172
266375,173453.80429899172
266381,173453.80429899172
266382,173453.80429899172
266393,173453.80429899172
266394,173453.80429899172
266402,173453.80429899172
266406,177442.44067679901
266423,173453.80429899172
266424,173453.80429899172
266438,173453.80429899172
266454,173453.80429899172
266463,173453.80429899172
266465,177795.45255685065
266479,173453.80429899172
266480,173453.80429899172
266485,173453.80429899172
266486,173453.80429899172
266496,173453.80429899172
266508,173453.80429899172
266510,173453.80429899172
266511,173453.80429899172
266512,173453.80429899172
266514,173453.80429899172
266517,173453.80429899172
266539,173453.80429899172
266542,173453.80429899172
266545,173453.80429899172
266548,173453.80429899172
266550,173453.80429899172
266556,173453.80429899172
266559,173453.80429899172
266565,173453.80429899172
266568,173453.80429899172
266569,173453.80429899172
266575,173453.80429899172
266580,173453.80429899172
266581,173453.80429899172
266582,173453.80429899172
266583,173453.80429899172
266602,210022.193534124
266606,212459.99597329632
266618,214387.12536035563
266619,210022.193534124
266620,212459.99597329632
266624,210022.193534124
266626,211313.4247549438
266662,211313.4247549438
266667,210022.193534124
266668,214387.12536035563
266677,261564.79030983493
266681,214387.12536035563
266682,210022.193534124
266690,210022.193534124
266694,210022.193534124
266695,210022.193534124
266698,241536.3675707991
266699,227283.51782210133
266727,210022.193534124
266729,259070.73171606392
266731,210022.193534124
266732,261564.79030983493
266740,251513.8631725122
266744,212459.99597329632
266748,246405.75506538735
266768,212459.99597329632
266770,177470.77005191834
266771,210022.193534124
266778,221798.4481080329
266779,244478.625678328
266781,212459.99597329632
266785,210022.193534124
266809,214387.12536035563
266819,244478.625678328
266821,214387.12536035563
266824,212459.99597329632
266830,210022.193534124
266831,214387.12536035563
266845,214387.12536035563
266846,177442.44067679901
266847,177442.44067679901
266851,177442.44067679901
266858,176673.38002029902
266859,177442.44067679901
266862,177442.44067679901
266863,176673.38002029902
266864,176673.38002029902
266872,177442.44067679901
266875,177442.44067679901
266877,177442.44067679901
266882,177442.44067679901
266883,177442.44067679901
266886,176673.38002029902
266918,177442.44067679901
266919,177442.44067679901
266920,177442.44067679901
266953,177442.44067679901
266954,177442.44067679901
266955,175304.13959601364
266957,177442.44067679901
266965,177442.44067679901
266966,177442.44067679901
266969,177442.44067679901
266984,152917.64724414228
266989,177442.44067679901
266990,177442.44067679901
267015,177442.44067679901
267016,177442.44067679901
267017,177442.44067679901
267018,177442.44067679901
267019,177442.44067679901
267020,177442.44067679901
267025,175304.13959601364
267028,176673.38002029902
267041,177442.44067679901
267054,177442.44067679901
267082,177442.44067679901
267084,177442.44067679901
267085,177442.44067679901
267103,173453.80429899172
267104,173453.80429899172
267106,173453.80429899172
267113,173453.80429899172
267126,173453.80429899172
267128,173453.80429899172
267131,173453.80429899172
267138,173453.80429899172
267147,173453.80429899172
267153,173453.80429899172
267154,173453.80429899172
267171,173453.80429899172
267173,173453.80429899172
267188,173453.80429899172
267198,173453.80429899172
267199,173453.80429899172
267218,212459.99597329632
267220,212459.99597329632
267221,212459.99597329632
267245,214387.12536035563
267247,212459.99597329632
267248,214387.12536035563
267249,214387.12536035563
267253,211313.4247549438
267269,214387.12536035563
267271,212459.99597329632
267274,212459.99597329632
267281,212459.99597329632
267303,214387.12536035563
267305,212459.99597329632
267306,212459.99597329632
267307,212459.99597329632
267309,214387.12536035563
267311,212459.99597329632
267312,211313.4247549438
267315,214387.12536035563
267331,214387.12536035563
267338,214387.12536035563
267342,212459.99597329632
267344,214387.12536035563
267346,214387.12536035563
267366,214387.12536035563
267369,214387.12536035563
267371,212459.99597329632
267375,214387.12536035563
267376,212459.99597329632
267379,206974.9262592279
267381,212459.99597329632
267382,211313.4247549438
267407,214387.12536035563
267422,208212.48202210368
267424,214387.12536035563
267428,214387.12536035563
267431,214387.12536035563
267434,209121.81157859563
267437,214387.12536035563
267438,214387.12536035563
267439,212459.99597329632
267440,214387.12536035563
267441,214387.12536035563
267443,214387.12536035563
267460,212783.72874948315
267463,212783.72874948315
267494,212783.72874948315
267510,214217.0921607992
267515,215499.2419644573
267520,212783.72874948315
267522,212783.72874948315
267523,212783.72874948315
267524,210022.193534124
267544,212783.72874948315
267546,212783.72874948315
267551,215499.2419644573
267553,217514.32026863287
267563,212783.72874948315
267584,212783.72874948315
267585,212783.72874948315
267587,212783.72874948315
267598,212783.72874948315
267602,215499.2419644573
267614,212783.72874948315
267617,215499.2419644573
267619,212783.72874948315
267620,212783.72874948315
267623,212783.72874948315
267627,211506.85815752723
267633,210022.193534124
267644,217514.32026863287
267667,163838.1828766433
267738,163956.83036411152
267740,159752.05020586084
267743,145828.0741290442
267778,155498.41775060844
267779,163956.83036411152
267799,152467.4857573751
267800,159752.05020586084
267814,152467.4857573751
267816,152467.4857573751
267833,152467.4857573751
267834,155498.41775060844
267836,152467.4857573751
267847,143989.45392125996
267858,137812.93802384703
267891,149650.65045578295
267896,137812.93802384703
267899,140796.558466232
267900,140796.558466232
267902,143989.45392125996
267908,137812.93802384703
267924,140796.558466232
267933,140796.558466232
267936,158819.1338836912
267939,143989.45392125996
267941,150608.6941692908
267942,140796.558466232
267967,140796.558466232
267970,149650.65045578295
267980,140796.558466232
267990,149650.65045578295
267992,138190.21784665505
267994,143989.45392125996
267995,143989.45392125996
267999,140796.558466232
268003,150608.6941692908
268020,145279.21976310265
268033,140796.558466232
268041,159752.05020586084
268056,177442.44067679901
268067,177442.44067679901
268070,177442.44067679901
268071,177442.44067679901
268121,140796.558466232
268144,177442.44067679901
268145,177442.44067679901
268147,173616.75042731166
268149,164982.77872655162
268150,173616.75042731166
268157,177442.44067679901
268159,149650.65045578295
268161,149650.65045578295
268175,177442.44067679901
268189,160439.45507689577
268208,177442.44067679901
308905,214387.12536035563
312310,334522.9682054228
312331,176673.38002029902
695165,210022.193534124
695166,210022.193534124
695170,140796.558466232
695176,140796.558466232
695178,177442.44067679901
695181,177442.44067679901
695183,177442.44067679901
695185,259327.75502511236
695196,212459.99597329632
695203,173453.80429899172
695205,210022.193534124
695207,145828.0741290442
695236,173453.80429899172
695238,173453.80429899172
695252,173453.80429899172
695257,173453.80429899172
713635,220398.41915010836
714108,220398.41915010836
714284,220398.41915010836
714645,220398.41915010836
714753,220398.41915010836
714863,220398.41915010836
714924,220398.41915010836
715132,220398.41915010836
715405,220398.41915010836
715433,220398.41915010836
715694,220398.41915010836
715746,220398.41915010836
715898,220398.41915010836
715902,220398.41915010836
715996,220398.41915010836
716065,220398.41915010836
716097,220398.41915010836
716329,220398.41915010836
716360,220398.41915010836
716377,220398.41915010836
716484,220398.41915010836
716541,220398.41915010836
716634,220398.41915010836
716888,220398.41915010836
717017,220398.41915010836
717109,220398.41915010836
717307,220398.41915010836
717459,220398.41915010836
717524,220398.41915010836
717568,220398.41915010836
717688,220398.41915010836
717690,220398.41915010836
717797,220398.41915010836
717829,220398.41915010836
717945,220398.41915010836
717983,220398.41915010836
718276,220398.41915010836
718584,220398.41915010836
718617,220398.41915010836
718717,220398.41915010836
718867,220398.41915010836
718943,220398.41915010836
718997,220398.41915010836
719116,220398.41915010836
719132,220398.41915010836
719287,220398.41915010836
719579,220398.41915010836
719846,220398.41915010836
719893,220398.41915010836
720041,220398.41915010836
720088,220398.41915010836
720180,220398.41915010836
720249,220398.41915010836
720261,220398.41915010836
720293,220398.41915010836
720364,220398.41915010836
720455,220398.41915010836
720564,220398.41915010836
720679,220398.41915010836
720725,220398.41915010836
720817,220398.41915010836
720854,220398.41915010836
720920,220398.41915010836
721130,220398.41915010836
721266,220398.41915010836
721531,220398.41915010836
721844,220398.41915010836
721882,220398.41915010836
722050,220398.41915010836
722151,220398.41915010836
722225,220398.41915010836
722264,220398.41915010836
722516,220398.41915010836
722520,220398.41915010836
722594,220398.41915010836
722649,220398.41915010836
722769,220398.41915010836
724397,220398.41915010836
724457,220398.41915010836
724486,220398.41915010836
724488,220398.41915010836
724574,220398.41915010836
724620,220398.41915010836
724674,220398.41915010836
724767,220398.41915010836
724786,220398.41915010836
724908,220398.41915010836
725124,220398.41915010836
725211,220398.41915010836
725280,220398.41915010836
725364,220398.41915010836
725393,220398.41915010836
725425,220398.41915010836
725455,220398.41915010836
725547,220398.41915010836
725814,220398.41915010836
725829,220398.41915010836
725999,220398.41915010836
726088,220398.41915010836
726214,220398.41915010836
726348,220398.41915010836
726542,220398.41915010836
726620,220398.41915010836
726910,220398.41915010836
727068,220398.41915010836
727229,220398.41915010836
727458,220398.41915010836
727699,220398.41915010836
728077,220398.41915010836
728089,220398.41915010836
728272,220398.41915010836
728553,220398.41915010836
728592,220398.41915010836
728640,220398.41915010836
728663,220398.41915010836
729105,220398.41915010836
729267,220398.41915010836
729622,220398.41915010836
730128,220398.41915010836
730298,220398.41915010836
730619,220398.41915010836
730712,220398.41915010836
731061,220398.41915010836
731131,220398.41915010836
731142,220398.41915010836
731240,220398.41915010836
731527,220398.41915010836
731655,220398.41915010836
731841,220398.41915010836
731925,220398.41915010836
732382,220398.41915010836
732568,220398.41915010836
732810,220398.41915010836
732969,220398.41915010836
733029,220398.41915010836
733077,220398.41915010836
733091,220398.41915010836
733208,220398.41915010836
733226,220398.41915010836
733230,220398.41915010836
733238,220398.41915010836
733347,220398.41915010836
733542,220398.41915010836
734153,220398.41915010836
734154,220398.41915010836
734176,220398.41915010836
734212,220398.41915010836
734217,220398.41915010836
734258,220398.41915010836
734334,220398.41915010836
734397,220398.41915010836
734666,220398.41915010836
734674,220398.41915010836
734675,220398.41915010836
734724,220398.41915010836
734919,220398.41915010836
735058,220398.41915010836
735319,220398.41915010836
735691,220398.41915010836
735730,220398.41915010836
735875,220398.41915010836
736019,220398.41915010836
736274,220398.41915010836
736752,220398.41915010836
736842,220398.41915010836
736845,220398.41915010836
736880,220398.41915010836
737208,220398.41915010836
737501,220398.41915010836
737652,220398.41915010836
737722,220398.41915010836
738039,220398.41915010836
738057,220398.41915010836
738082,220398.41915010836
738665,220398.41915010836
738841,220398.41915010836
739007,220398.41915010836
739075,220398.41915010836
739255,220398.41915010836
739492,220398.41915010836
740378,220398.41915010836
740535,220398.41915010836
741340,220398.41915010836
741408,220398.41915010836
741684,220398.41915010836
742269,220398.41915010836
742430,220398.41915010836
742608,220398.41915010836
742744,220398.41915010836
742791,220398.41915010836
742826,220398.41915010836
742881,220398.41915010836
742899,220398.41915010836
743231,220398.41915010836
743527,220398.41915010836
743534,220398.41915010836
743562,220398.41915010836
743664,220398.41915010836
743926,220398.41915010836
744027,220398.41915010836
744337,220398.41915010836
744508,220398.41915010836
744690,220398.41915010836
745006,220398.41915010836
745047,220398.41915010836
745193,220398.41915010836
745245,220398.41915010836
745515,220398.41915010836
746017,220398.41915010836
746053,220398.41915010836
746265,220398.41915010836
746355,220398.41915010836
746375,220398.41915010836
746382,220398.41915010836
746483,220398.41915010836
746772,220398.41915010836
746949,220398.41915010836
746954,220398.41915010836
746984,220398.41915010836
748310,220398.41915010836
748476,220398.41915010836
748712,220398.41915010836
748736,220398.41915010836
748773,220398.41915010836
748803,220398.41915010836
749336,220398.41915010836
749657,220398.41915010836
749755,220398.41915010836
749845,220398.41915010836
750054,220398.41915010836
750136,220398.41915010836
750580,220398.41915010836
750771,220398.41915010836
751301,220398.41915010836
751365,220398.41915010836
751450,220398.41915010836
751496,220398.41915010836
751560,220398.41915010836
751799,220398.41915010836
751846,220398.41915010836
751847,220398.41915010836
751897,220398.41915010836
751958,220398.41915010836
751960,220398.41915010836
752204,220398.41915010836
752309,220398.41915010836
752365,220398.41915010836
752608,220398.41915010836
752648,220398.41915010836
752691,220398.41915010836
752814,220398.41915010836
752877,220398.41915010836
753069,220398.41915010836
753118,220398.41915010836
753224,220398.41915010836
753227,220398.41915010836
753248,220398.41915010836
753391,220398.41915010836
753482,220398.41915010836
753516,220398.41915010836
753532,220398.41915010836
753563,220398.41915010836
753651,220398.41915010836
753842,220398.41915010836
754089,220398.41915010836
754090,220398.41915010836
754125,220398.41915010836
754506,220398.41915010836
754620,220398.41915010836
754630,220398.41915010836
754802,220398.41915010836
754861,220398.41915010836
754927,220398.41915010836
754936,220398.41915010836
755034,220398.41915010836
755072,220398.41915010836
755075,220398.41915010836
755879,220398.41915010836
756141,220398.41915010836
757137,220398.41915010836
757268,220398.41915010836
757525,220398.41915010836
757552,220398.41915010836
757671,220398.41915010836
757699,220398.41915010836
757723,220398.41915010836
757778,220398.41915010836
757807,220398.41915010836
757810,220398.41915010836
758073,220398.41915010836
758157,220398.41915010836
758385,220398.41915010836
758409,220398.41915010836
758503,220398.41915010836
758531,220398.41915010836
758589,220398.41915010836
758722,220398.41915010836
758785,220398.41915010836
758793,220398.41915010836
758855,220398.41915010836
758943,220398.41915010836
758961,220398.41915010836
759020,220398.41915010836
759066,220398.41915010836
759073,220398.41915010836
759076,220398.41915010836
759330,220398.41915010836
760184,220398.41915010836
760381,220398.41915010836
760382,220398.41915010836
760545,220398.41915010836
760920,220398.41915010836
767749,220398.41915010836
767766,220398.41915010836
767960,220398.41915010836
768051,220398.41915010836
771578,220398.41915010836
771667,220398.41915010836
771785,220398.41915010836
771860,220398.41915010836
772094,220398.41915010836
772238,220398.41915010836
772563,220398.41915010836
772956,220398.41915010836
773061,220398.41915010836
773111,220398.41915010836
773288,220398.41915010836
773498,220398.41915010836
773599,220398.41915010836
773705,220398.41915010836
773905,220398.41915010836
773965,220398.41915010836
773973,220398.41915010836
774075,220398.41915010836
774236,220398.41915010836
774296,220398.41915010836
774423,220398.41915010836
774558,220398.41915010836
774559,220398.41915010836
774858,220398.41915010836
774859,220398.41915010836
774860,220398.41915010836
774861,220398.41915010836
774863,220398.41915010836
774864,220398.41915010836
774865,220398.41915010836
774866,220398.41915010836
774870,220398.41915010836
774874,220398.41915010836
774908,220398.41915010836
774914,220398.41915010836
775168,220398.41915010836
775205,220398.41915010836
775210,220398.41915010836
775320,220398.41915010836
775438,220398.41915010836
775442,220398.41915010836
775443,220398.41915010836
775444,220398.41915010836
775445,220398.41915010836
775447,220398.41915010836
775448,220398.41915010836
775554,220398.41915010836
775555,220398.41915010836
775586,220398.41915010836
775612,220398.41915010836
775729,220398.41915010836
775785,220398.41915010836
775911,220398.41915010836
776126,220398.41915010836
776220,220398.41915010836
776281,220398.41915010836
776537,220398.41915010836
776718,220398.41915010836
776786,220398.41915010836
777092,220398.41915010836
777265,220398.41915010836
777365,220398.41915010836
777442,220398.41915010836
777610,220398.41915010836
777612,220398.41915010836
777763,220398.41915010836
777818,220398.41915010836
778020,220398.41915010836
792324,220398.41915010836
792630,220398.41915010836
792713,220398.41915010836
792725,220398.41915010836
792887,220398.41915010836
792939,220398.41915010836
793005,220398.41915010836
793008,220398.41915010836
793066,220398.41915010836
793127,220398.41915010836
793161,220398.41915010836
793409,220398.41915010836
793475,220398.41915010836
793537,220398.41915010836
793642,220398.41915010836
793661,220398.41915010836
793768,220398.41915010836
793977,220398.41915010836
793978,220398.41915010836
794009,220398.41915010836
794521,220398.41915010836
794522,220398.41915010836
794646,220398.41915010836
794657,220398.41915010836
794681,220398.41915010836
794957,220398.41915010836
795043,220398.41915010836
795214,220398.41915010836
795458,220398.41915010836
795504,220398.41915010836
795614,220398.41915010836
795689,220398.41915010836
795690,220398.41915010836
795749,220398.41915010836
795780,220398.41915010836
796046,220398.41915010836
796093,220398.41915010836
796230,220398.41915010836
796239,220398.41915010836
796407,220398.41915010836
796414,220398.41915010836
796526,220398.41915010836
796611,220398.41915010836
796612,220398.41915010836
796693,220398.41915010836
796941,220398.41915010836
797000,220398.41915010836
797301,220398.41915010836
797320,220398.41915010836
797501,220398.41915010836
797556,220398.41915010836
797602,220398.41915010836
797607,220398.41915010836
797650,220398.41915010836
797759,220398.41915010836
797840,220398.41915010836
797920,220398.41915010836
797955,220398.41915010836
797986,220398.41915010836
798122,220398.41915010836
798154,220398.41915010836
799016,220398.41915010836
799634,220398.41915010836
799788,220398.41915010836
800114,220398.41915010836
800138,220398.41915010836
800424,220398.41915010836
800449,220398.41915010836
800510,220398.41915010836
800532,220398.41915010836
800541,220398.41915010836
800609,220398.41915010836
800668,220398.41915010836
800744,220398.41915010836
800866,220398.41915010836
800903,220398.41915010836
800916,220398.41915010836
801752,220398.41915010836
801804,220398.41915010836
801847,220398.41915010836
801858,220398.41915010836
802128,220398.41915010836
802258,220398.41915010836
802295,220398.41915010836
802341,220398.41915010836
802386,220398.41915010836
802424,220398.41915010836
802445,220398.41915010836
802668,220398.41915010836
802700,220398.41915010836
802704,220398.41915010836
802728,220398.41915010836
802910,220398.41915010836
803292,220398.41915010836
803311,220398.41915010836
803329,220398.41915010836
803374,220398.41915010836
803536,220398.41915010836
803639,220398.41915010836
804024,220398.41915010836
804212,220398.41915010836
804231,220398.41915010836
804291,220398.41915010836
804531,220398.41915010836
804598,220398.41915010836
804627,220398.41915010836
804631,220398.41915010836
804637,220398.41915010836
804655,220398.41915010836
804744,220398.41915010836
804766,220398.41915010836
804807,220398.41915010836
805014,220398.41915010836
805098,220398.41915010836
805194,220398.41915010836
805373,220398.41915010836
805394,220398.41915010836
805486,220398.41915010836
805500,220398.41915010836
805630,220398.41915010836
805757,220398.41915010836
806068,220398.41915010836
806144,220398.41915010836
806361,220398.41915010836
806422,220398.41915010836
806448,220398.41915010836
806622,220398.41915010836
806748,220398.41915010836
806977,220398.41915010836
806994,220398.41915010836
807158,220398.41915010836
807182,220398.41915010836
807185,220398.41915010836
807247,220398.41915010836
807280,220398.41915010836
807366,220398.41915010836
807797,220398.41915010836
808029,220398.41915010836
808116,220398.41915010836
808193,220398.41915010836
808317,220398.41915010836
808398,220398.41915010836
808402,220398.41915010836
808665,220398.41915010836
808694,220398.41915010836
809040,220398.41915010836
809598,220398.41915010836
809658,220398.41915010836
810178,220398.41915010836
810217,220398.41915010836
810247,220398.41915010836
810250,220398.41915010836
810315,220398.41915010836
810593,220398.41915010836
810694,220398.41915010836
810750,220398.41915010836
810752,220398.41915010836
810823,220398.41915010836
811013,220398.41915010836
811014,220398.41915010836
811029,220398.41915010836
811033,220398.41915010836
811079,220398.41915010836
811149,220398.41915010836
811154,220398.41915010836
811318,220398.41915010836
811572,220398.41915010836
811752,220398.41915010836
811825,220398.41915010836
811863,220398.41915010836
811890,220398.41915010836
812013,220398.41915010836
812020,220398.41915010836
812190,220398.41915010836
812277,220398.41915010836
812281,220398.41915010836
812496,220398.41915010836
813366,220398.41915010836
813513,220398.41915010836
813541,220398.41915010836
813723,220398.41915010836
813854,220398.41915010836
813900,220398.41915010836
813905,220398.41915010836
813991,220398.41915010836
814439,220398.41915010836
814562,220398.41915010836
814741,220398.41915010836
814748,220398.41915010836
814792,220398.41915010836
814808,220398.41915010836
814955,220398.41915010836
815240,220398.41915010836
815395,220398.41915010836
815501,220398.41915010836
815512,220398.41915010836
815573,220398.41915010836
815588,220398.41915010836
815670,220398.41915010836
815688,220398.41915010836
815690,220398.41915010836
815696,220398.41915010836
815763,220398.41915010836
815988,220398.41915010836
816064,220398.41915010836
816242,220398.41915010836
816290,220398.41915010836
816334,220398.41915010836
816744,220398.41915010836
816890,220398.41915010836
816995,220398.41915010836
816999,220398.41915010836
817070,220398.41915010836
817184,220398.41915010836
817220,220398.41915010836
817222,220398.41915010836
817335,220398.41915010836
817398,220398.41915010836
817401,220398.41915010836
817469,220398.41915010836
817478,220398.41915010836
817485,220398.41915010836
849254,220398.41915010836
849335,220398.41915010836
849583,220398.41915010836
849628,220398.41915010836
849715,220398.41915010836
849938,220398.41915010836
850070,220398.41915010836
850071,220398.41915010836
850074,220398.41915010836
850143,220398.41915010836
850650,220398.41915010836
850688,220398.41915010836
850706,220398.41915010836
851200,220398.41915010836
851362,220398.41915010836
851404,220398.41915010836
851791,220398.41915010836
851810,220398.41915010836
851844,220398.41915010836
851885,220398.41915010836
851929,220398.41915010836
852009,220398.41915010836
852060,220398.41915010836
852108,220398.41915010836
852166,220398.41915010836
852210,220398.41915010836
852356,220398.41915010836
852727,220398.41915010836
852786,220398.41915010836
852794,220398.41915010836
852798,220398.41915010836
852811,220398.41915010836
852983,220398.41915010836
853152,220398.41915010836
853212,220398.41915010836
853308,220398.41915010836
853360,220398.41915010836
853400,220398.41915010836
853448,220398.41915010836
853547,220398.41915010836
853738,220398.41915010836
853999,220398.41915010836
854058,220398.41915010836
854206,220398.41915010836
854316,220398.41915010836
854372,220398.41915010836
854548,220398.41915010836
854627,220398.41915010836
854717,220398.41915010836
854804,220398.41915010836
854850,220398.41915010836
855254,220398.41915010836
855290,220398.41915010836
855591,220398.41915010836
855835,220398.41915010836
856006,220398.41915010836
856174,220398.41915010836
856192,220398.41915010836
856247,220398.41915010836
856511,220398.41915010836
856637,220398.41915010836
856638,220398.41915010836
856646,220398.41915010836
856699,220398.41915010836
856869,220398.41915010836
856903,220398.41915010836
857014,220398.41915010836
857021,220398.41915010836
857337,220398.41915010836
857466,220398.41915010836
857561,220398.41915010836
857715,220398.41915010836
857930,220398.41915010836
857933,220398.41915010836
857984,220398.41915010836
858020,220398.41915010836
858115,220398.41915010836
858187,220398.41915010836
858284,220398.41915010836
858313,220398.41915010836
858343,220398.41915010836
858367,220398.41915010836
858368,220398.41915010836
858391,220398.41915010836
858467,220398.41915010836
858620,220398.41915010836
858789,220398.41915010836
858910,220398.41915010836
858923,220398.41915010836
858925,220398.41915010836
859089,220398.41915010836
859208,220398.41915010836
859213,220398.41915010836
859448,220398.41915010836
859735,220398.41915010836
859737,220398.41915010836
859952,220398.41915010836
860006,220398.41915010836
860132,220398.41915010836
860301,220398.41915010836
860323,220398.41915010836
860335,220398.41915010836
860364,220398.41915010836
860502,220398.41915010836
860548,220398.41915010836
860582,220398.41915010836
860748,220398.41915010836
860775,220398.41915010836
860948,220398.41915010836
861031,220398.41915010836
861333,220398.41915010836
861384,220398.41915010836
861474,220398.41915010836
861714,220398.41915010836
861731,220398.41915010836
861732,220398.41915010836
861737,220398.41915010836
861820,220398.41915010836
861885,220398.41915010836
862030,220398.41915010836
862188,220398.41915010836
862261,220398.41915010836
862281,220398.41915010836
862618,220398.41915010836
862788,220398.41915010836
862799,220398.41915010836
862968,220398.41915010836
862970,220398.41915010836
862972,220398.41915010836
863013,220398.41915010836
863030,220398.41915010836
863134,220398.41915010836
863308,220398.41915010836
863598,220398.41915010836
863775,220398.41915010836
863870,220398.41915010836
863876,220398.41915010836
863878,220398.41915010836
863962,220398.41915010836
864003,220398.41915010836
864031,220398.41915010836
864076,220398.41915010836
864259,220398.41915010836
864264,220398.41915010836
864392,220398.41915010836
864413,220398.41915010836
864696,220398.41915010836
864957,220398.41915010836
864967,220398.41915010836
865059,220398.41915010836
865088,220398.41915010836
865172,220398.41915010836
865294,220398.41915010836
865295,220398.41915010836
865397,220398.41915010836
865837,220398.41915010836
865915,220398.41915010836
865988,220398.41915010836
866170,220398.41915010836
866219,220398.41915010836
866221,220398.41915010836
866233,220398.41915010836
866670,220398.41915010836
866690,220398.41915010836
866710,220398.41915010836
866832,220398.41915010836
866953,220398.41915010836
867179,220398.41915010836
867437,220398.41915010836
867463,220398.41915010836
867734,220398.41915010836
867910,220398.41915010836
868080,220398.41915010836
868188,220398.41915010836
868288,220398.41915010836
868374,220398.41915010836
868833,220398.41915010836
869107,220398.41915010836
869128,220398.41915010836
869129,220398.41915010836
869138,220398.41915010836
869231,220398.41915010836
869299,220398.41915010836
869366,220398.41915010836
869499,220398.41915010836
869632,220398.41915010836
869658,220398.41915010836
869693,220398.41915010836
870083,220398.41915010836
870420,220398.41915010836
870666,220398.41915010836
870737,220398.41915010836
870738,220398.41915010836
870742,220398.41915010836
870773,220398.41915010836
870921,220398.41915010836
871140,220398.41915010836
871143,220398.41915010836
871239,220398.41915010836
871264,220398.41915010836
871783,220398.41915010836
871887,220398.41915010836
872186,220398.41915010836
872351,220398.41915010836
872453,220398.41915010836
872615,220398.41915010836
873114,220398.41915010836
873126,220398.41915010836
873173,220398.41915010836
873306,220398.41915010836
874035,220398.41915010836
874087,220398.41915010836
874106,220398.41915010836
874111,220398.41915010836
874132,220398.41915010836
874172,220398.41915010836
874299,220398.41915010836
874301,220398.41915010836
874678,220398.41915010836
875005,220398.41915010836
875040,220398.41915010836
875084,220398.41915010836
875343,220398.41915010836
875373,220398.41915010836
875694,220398.41915010836
875715,220398.41915010836
875883,220398.41915010836
875956,220398.41915010836
876188,220398.41915010836
876243,220398.41915010836
876248,220398.41915010836
876298,220398.41915010836
876348,220398.41915010836
876525,220398.41915010836
876573,220398.41915010836
876658,220398.41915010836
876802,220398.41915010836
877045,220398.41915010836
877057,220398.41915010836
877061,220398.41915010836
877082,220398.41915010836
877159,220398.41915010836
877356,220398.41915010836
877405,220398.41915010836
877586,220398.41915010836
877678,220398.41915010836
877695,220398.41915010836
877858,220398.41915010836
877986,220398.41915010836
877992,220398.41915010836
877993,220398.41915010836
877999,220398.41915010836
878136,220398.41915010836
878160,220398.41915010836
878162,220398.41915010836
878163,220398.41915010836
878164,220398.41915010836
878185,220398.41915010836
878259,220398.41915010836
878329,220398.41915010836
878421,220398.41915010836
878447,220398.41915010836
878983,220398.41915010836
879011,220398.41915010836
879025,220398.41915010836
879202,220398.41915010836
879262,220398.41915010836
879410,220398.41915010836
879445,220398.41915010836
879490,220398.41915010836
879704,220398.41915010836
879837,220398.41915010836
879874,220398.41915010836
879899,220398.41915010836
879907,220398.41915010836
880010,220398.41915010836
880022,220398.41915010836
880054,220398.41915010836
880204,220398.41915010836
880277,220398.41915010836
880443,220398.41915010836
880473,220398.41915010836
880481,220398.41915010836
880488,220398.41915010836
880535,220398.41915010836
880552,220398.41915010836
880554,220398.41915010836
880659,220398.41915010836
880698,220398.41915010836
880710,220398.41915010836
880760,220398.41915010836
880910,220398.41915010836
881195,220398.41915010836
881204,220398.41915010836
881269,220398.41915010836
881271,220398.41915010836
881536,220398.41915010836
881648,220398.41915010836
881673,220398.41915010836
881944,220398.41915010836
882063,220398.41915010836
882221,220398.41915010836
882324,220398.41915010836
882337,220398.41915010836
882438,220398.41915010836
882778,220398.41915010836
882904,220398.41915010836
882962,220398.41915010836
883438,220398.41915010836
883576,220398.41915010836
883600,220398.41915010836
883704,220398.41915010836
883831,220398.41915010836
884093,220398.41915010836
884099,220398.41915010836
884231,220398.41915010836
884499,220398.41915010836
884561,220398.41915010836
884563,220398.41915010836
884654,220398.41915010836
917473,220398.41915010836
917675,220398.41915010836
917724,220398.41915010836
918021,220398.41915010836
918033,220398.41915010836
918035,220398.41915010836
918495,220398.41915010836
918508,220398.41915010836
918559,220398.41915010836
918632,220398.41915010836
918906,220398.41915010836
918909,220398.41915010836
918921,220398.41915010836
919282,220398.41915010836
919294,220398.41915010836
919346,220398.41915010836
919348,220398.41915010836
919349,220398.41915010836
919389,220398.41915010836
919475,220398.41915010836
919477,220398.41915010836
919478,220398.41915010836
919577,220398.41915010836
919708,220398.41915010836
919726,220398.41915010836
919736,220398.41915010836
919757,220398.41915010836
919778,220398.41915010836
919891,220398.41915010836
919997,220398.41915010836
920012,220398.41915010836
920013,220398.41915010836
920137,220398.41915010836
920258,220398.41915010836
920314,220398.41915010836
920322,220398.41915010836
922004,220398.41915010836
922014,220398.41915010836
922214,220398.41915010836
922244,220398.41915010836
1024686,220398.41915010836
1024698,220398.41915010836
1024801,220398.41915010836
1025018,220398.41915010836
1025058,220398.41915010836
1025061,220398.41915010836
1025080,220398.41915010836
1025173,220398.41915010836
1025211,220398.41915010836
1025298,220398.41915010836
1025315,220398.41915010836
1025346,220398.41915010836
1025350,220398.41915010836
1026050,220398.41915010836
1026150,220398.41915010836
1026439,220398.41915010836
1026667,220398.41915010836
1026670,220398.41915010836
1026853,220398.41915010836
1026857,220398.41915010836
1027120,220398.41915010836
1027152,220398.41915010836
1027154,220398.41915010836
1027285,220398.41915010836
1027287,220398.41915010836
1027289,220398.41915010836
1027304,220398.41915010836
1027312,220398.41915010836
1027564,220398.41915010836
1027908,220398.41915010836
1028089,220398.41915010836
1028529,220398.41915010836
1028591,220398.41915010836
1028658,220398.41915010836
1028708,220398.41915010836
1028749,220398.41915010836
1028829,220398.41915010836
1028874,220398.41915010836
1029454,220398.41915010836
1029472,220398.41915010836
1029518,220398.41915010836
1029744,220398.41915010836
1029859,220398.41915010836
1030059,220398.41915010836
1030097,220398.41915010836
1030101,220398.41915010836
1030123,220398.41915010836
1030203,220398.41915010836
1030283,220398.41915010836
1030444,220398.41915010836
1030455,220398.41915010836
1030459,220398.41915010836
1030503,220398.41915010836
1030736,220398.41915010836
1030804,220398.41915010836
1030937,220398.41915010836
1031066,220398.41915010836
1031181,220398.41915010836
1031311,220398.41915010836
1031478,220398.41915010836
1031619,220398.41915010836
1031690,220398.41915010836
1031854,220398.41915010836
1031858,220398.41915010836
1031906,220398.41915010836
1031920,220398.41915010836
1031942,220398.41915010836
1032259,220398.41915010836
1032333,220398.41915010836
1032385,220398.41915010836
1032393,220398.41915010836
1032599,220398.41915010836
1032620,220398.41915010836
1032637,220398.41915010836
1032669,220398.41915010836
1032731,220398.41915010836
1032777,220398.41915010836
1032887,220398.41915010836
1032923,220398.41915010836
1032932,220398.41915010836
1033063,220398.41915010836
1033091,220398.41915010836
1033395,220398.41915010836
1033445,220398.41915010836
1033457,220398.41915010836
1033533,220398.41915010836
1033712,220398.41915010836
1033894,220398.41915010836
1033932,220398.41915010836
1033937,220398.41915010836
1033988,220398.41915010836
1033989,220398.41915010836
1034003,220398.41915010836
1034012,220398.41915010836
1034047,220398.41915010836
1034062,220398.41915010836
1034064,220398.41915010836
1034065,220398.41915010836
1034066,220398.41915010836
1034068,220398.41915010836
1034078,220398.41915010836
1034088,220398.41915010836
1034300,220398.41915010836
1034363,220398.41915010836
1034496,220398.41915010836
1034605,220398.41915010836
1034670,220398.41915010836
1034716,220398.41915010836
1034718,220398.41915010836
1034778,220398.41915010836
1034779,220398.41915010836
1034803,220398.41915010836
1034837,220398.41915010836
1034944,220398.41915010836
1035106,220398.41915010836
1035111,220398.41915010836
1035166,220398.41915010836
1035490,220398.41915010836
1035494,220398.41915010836
1035524,220398.41915010836
1035548,220398.41915010836
1035564,220398.41915010836
1035605,220398.41915010836
1035785,220398.41915010836
1035893,220398.41915010836
1036037,220398.41915010836
1036072,220398.41915010836
1036103,220398.41915010836
1036226,220398.41915010836
1037508,220398.41915010836
1037509,220398.41915010836
1037613,220398.41915010836
1037615,220398.41915010836
1037616,220398.41915010836
1037617,220398.41915010836
1037619,220398.41915010836
1037699,220398.41915010836
1037850,220398.41915010836
1037908,220398.41915010836
1038175,220398.41915010836
1038180,220398.41915010836
1038183,220398.41915010836
1038322,220398.41915010836
1038432,220398.41915010836
1038447,220398.41915010836
1038448,220398.41915010836
1038494,220398.41915010836
1038509,220398.41915010836
1038512,220398.41915010836
1038516,220398.41915010836
1038517,220398.41915010836
1038532,220398.41915010836
1038541,220398.41915010836
1038551,220398.41915010836
1038600,220398.41915010836
1038788,220398.41915010836
1038956,220398.41915010836
1038957,220398.41915010836
1039041,220398.41915010836
1039176,220398.41915010836
1039208,220398.41915010836
1039427,220398.41915010836
1039430,220398.41915010836
1039434,220398.41915010836
1039449,220398.41915010836
1039523,220398.41915010836
1039795,220398.41915010836
1039810,220398.41915010836
1039879,220398.41915010836
1040038,220398.41915010836
1040077,220398.41915010836
1040154,220398.41915010836
1040155,220398.41915010836
1040245,220398.41915010836
1040616,220398.41915010836
1040659,220398.41915010836
1040829,220398.41915010836
1040841,220398.41915010836
1041077,220398.41915010836
1041312,220398.41915010836
1041324,220398.41915010836
1041354,220398.41915010836
1041377,220398.41915010836
1041469,220398.41915010836
1041480,220398.41915010836
1041501,220398.41915010836
1041515,220398.41915010836
1041815,220398.41915010836
1041945,220398.41915010836
1041997,220398.41915010836
1042010,220398.41915010836
1042250,220398.41915010836
1042254,220398.41915010836
1042365,220398.41915010836
1042421,220398.41915010836
1042710,220398.41915010836
1043106,220398.41915010836
1043116,220398.41915010836
1043117,220398.41915010836
1043349,220398.41915010836
1043369,220398.41915010836
1043413,220398.41915010836
1043475,220398.41915010836
1043480,220398.41915010836
1043482,220398.41915010836
1043492,220398.41915010836
1043501,220398.41915010836
1043542,220398.41915010836
1043603,220398.41915010836
1043620,220398.41915010836
1043688,220398.41915010836
1043779,220398.41915010836
1043799,220398.41915010836
1043891,220398.41915010836
1043892,220398.41915010836
1043945,220398.41915010836
1044186,220398.41915010836
1044193,220398.41915010836
1044204,220398.41915010836
1044205,220398.41915010836
1044215,220398.41915010836
1044236,220398.41915010836
1044277,220398.41915010836
1044296,220398.41915010836
1044297,220398.41915010836
1044356,220398.41915010836
1044456,220398.41915010836
1044496,220398.41915010836
1044569,220398.41915010836
1044700,220398.41915010836
1044742,220398.41915010836
1044802,220398.41915010836
1044803,220398.41915010836
1044813,220398.41915010836
1044832,220398.41915010836
1044867,220398.41915010836
1045016,220398.41915010836
1045148,220398.41915010836
1045209,220398.41915010836
1045223,220398.41915010836
1045320,220398.41915010836
1045323,220398.41915010836
1045414,220398.41915010836
1045572,220398.41915010836
1045573,220398.41915010836
1045595,220398.41915010836
1045679,220398.41915010836
1045724,220398.41915010836
1045725,220398.41915010836
1045730,220398.41915010836
1045799,220398.41915010836
1045886,220398.41915010836
1045930,220398.41915010836
1045955,220398.41915010836
1045981,220398.41915010836
1046127,220398.41915010836
1046209,220398.41915010836
1046212,220398.41915010836
1046225,220398.41915010836
1046231,220398.41915010836
1046257,220398.41915010836
1046283,220398.41915010836
1046328,220398.41915010836
1046331,220398.41915010836
1046356,220398.41915010836
1046430,220398.41915010836
1046462,220398.41915010836
1046488,220398.41915010836
1046498,220398.41915010836
1046576,220398.41915010836
1046593,220398.41915010836
1046597,220398.41915010836
1046633,220398.41915010836
1046719,220398.41915010836
1046832,220398.41915010836
1046844,220398.41915010836
1046861,220398.41915010836
1046862,220398.41915010836
1046875,220398.41915010836
1046947,220398.41915010836
1046952,220398.41915010836
1046992,220398.41915010836
1047083,220398.41915010836
1047115,220398.41915010836
1047118,220398.41915010836
1047172,220398.41915010836
1047190,220398.41915010836
1047193,220398.41915010836
1047257,220398.41915010836
1047273,220398.41915010836
1047480,220398.41915010836
1047498,220398.41915010836
1047543,220398.41915010836
1047617,220398.41915010836
1047712,220398.41915010836
1047901,220398.41915010836
1047986,220398.41915010836
1048124,220398.41915010836
1048181,220398.41915010836
1048203,220398.41915010836
1048241,220398.41915010836
1048292,220398.41915010836
1048310,220398.41915010836
1048513,220398.41915010836
1048631,220398.41915010836
1049174,220398.41915010836
1049242,220398.41915010836
1049249,220398.41915010836
1049252,220398.41915010836
1049305,220398.41915010836
1049306,220398.41915010836
1049317,220398.41915010836
1049322,220398.41915010836
1049326,220398.41915010836
1049334,220398.41915010836
1049336,220398.41915010836
1049377,220398.41915010836
1049418,220398.41915010836
1049447,220398.41915010836
1049476,220398.41915010836
1049480,220398.41915010836
1049490,220398.41915010836
1049498,220398.41915010836
1049499,220398.41915010836
1049504,220398.41915010836
1049505,220398.41915010836
1049521,220398.41915010836
1049551,220398.41915010836
1049557,220398.41915010836
1049586,220398.41915010836
1049673,220398.41915010836
1049674,220398.41915010836
1049684,220398.41915010836
1049721,220398.41915010836
1049728,220398.41915010836
1049744,220398.41915010836
1049769,220398.41915010836
1049783,220398.41915010836
1049881,220398.41915010836
1049888,220398.41915010836
1049902,220398.41915010836
1049929,220398.41915010836
1050083,220398.41915010836
1050117,220398.41915010836
1050132,220398.41915010836
1050134,220398.41915010836
1050140,220398.41915010836
1050208,220398.41915010836
1050240,220398.41915010836
1050279,220398.41915010836
1050338,220398.41915010836
1050362,220398.41915010836
1050433,220398.41915010836
1050457,220398.41915010836
1050501,220398.41915010836
1050574,220398.41915010836
1050594,220398.41915010836
1050656,220398.41915010836
1050862,220398.41915010836
1050863,220398.41915010836
1050909,220398.41915010836
1050939,220398.41915010836
1050946,220398.41915010836
1050995,220398.41915010836
1051015,220398.41915010836
1051038,220398.41915010836
1051097,220398.41915010836
1051130,220398.41915010836
1051148,220398.41915010836
1051151,220398.41915010836
1051239,220398.41915010836
1051244,220398.41915010836
1051288,220398.41915010836
1051313,220398.41915010836
1051314,220398.41915010836
1051354,220398.41915010836
1051440,220398.41915010836
1051504,220398.41915010836
1051585,220398.41915010836
1051651,220398.41915010836
1051887,220398.41915010836
1051929,220398.41915010836
1052048,220398.41915010836
1052213,220398.41915010836
1052363,220398.41915010836
1052422,220398.41915010836
1052438,220398.41915010836
1052484,220398.41915010836
1052505,220398.41915010836
1052581,220398.41915010836
1052622,220398.41915010836
1052708,220398.41915010836
1052827,220398.41915010836
1052838,220398.41915010836
1052871,220398.41915010836
1052891,220398.41915010836
1053088,220398.41915010836
1053226,220398.41915010836
1053352,220398.41915010836
1053730,220398.41915010836
1053935,220398.41915010836
1054083,220398.41915010836
1054093,220398.41915010836
1054179,220398.41915010836
1054262,220398.41915010836
1054334,220398.41915010836
1054358,220398.41915010836
1054564,220398.41915010836
1054624,220398.41915010836
1054633,220398.41915010836
1054796,220398.41915010836
1054801,220398.41915010836
1054937,220398.41915010836
1054961,220398.41915010836
1055035,220398.41915010836
1055041,220398.41915010836
1055092,220398.41915010836
1055135,220398.41915010836
1055232,220398.41915010836
1055233,220398.41915010836
1055361,220398.41915010836
1055407,220398.41915010836
1055408,220398.41915010836
1055462,220398.41915010836
1055471,220398.41915010836
1055681,220398.41915010836
1055727,220398.41915010836
1055783,220398.41915010836
1055884,220398.41915010836
1055885,220398.41915010836
1055936,220398.41915010836
1055950,220398.41915010836
1055976,220398.41915010836
1056019,220398.41915010836
1056287,220398.41915010836
1056414,220398.41915010836
1056599,220398.41915010836
1056744,220398.41915010836
1056825,220398.41915010836
1056826,220398.41915010836
1056908,220398.41915010836
1056914,220398.41915010836
1056944,220398.41915010836
1057065,220398.41915010836
1057090,220398.41915010836
1057091,220398.41915010836
1057148,220398.41915010836
1057149,220398.41915010836
1057150,220398.41915010836
1057151,220398.41915010836
1057152,220398.41915010836
1057153,220398.41915010836
1057234,220398.41915010836
1057297,220398.41915010836
1057375,220398.41915010836
1057507,220398.41915010836
1057887,220398.41915010836
1057947,220398.41915010836
1057950,220398.41915010836
1057955,220398.41915010836
1057965,220398.41915010836
1058044,220398.41915010836
1058078,220398.41915010836
1058101,220398.41915010836
1058176,220398.41915010836
1058333,220398.41915010836
1058334,220398.41915010836
1058599,220398.41915010836
1058796,220398.41915010836
1058801,220398.41915010836
1058802,220398.41915010836
1058822,220398.41915010836
1058928,220398.41915010836
1058931,220398.41915010836
1059002,220398.41915010836
1059048,220398.41915010836
1059114,220398.41915010836
1059119,220398.41915010836
1059129,220398.41915010836
1059188,220398.41915010836
1059376,220398.41915010836
1059388,220398.41915010836
1059539,220398.41915010836
1059545,220398.41915010836
1059547,220398.41915010836
1059555,220398.41915010836
1059586,220398.41915010836
1059624,220398.41915010836
1059665,220398.41915010836
1059675,220398.41915010836
1059677,220398.41915010836
1059748,220398.41915010836
1059846,220398.41915010836
1059865,220398.41915010836
1059892,220398.41915010836
1059967,220398.41915010836
1059984,220398.41915010836
1059989,220398.41915010836
1060018,220398.41915010836
1060098,220398.41915010836
1060175,220398.41915010836
1060194,220398.41915010836
1060278,220398.41915010836
1060355,220398.41915010836
1060363,220398.41915010836
1060389,220398.41915010836
1060551,220398.41915010836
1060564,220398.41915010836
1060584,220398.41915010836
1060585,220398.41915010836
1060754,220398.41915010836
1060785,220398.41915010836
1060795,220398.41915010836
1060797,220398.41915010836
1060800,220398.41915010836
1060854,220398.41915010836
1060907,220398.41915010836
1060916,220398.41915010836
1060943,220398.41915010836
1060944,220398.41915010836
1061025,220398.41915010836
1061064,220398.41915010836
1061103,220398.41915010836
1061329,220398.41915010836
1061352,220398.41915010836
1061419,220398.41915010836
1061472,220398.41915010836
1061474,220398.41915010836
1061489,220398.41915010836
1061521,220398.41915010836
1061613,220398.41915010836
1061628,220398.41915010836
1061716,220398.41915010836
1061773,220398.41915010836
1061906,220398.41915010836
1061981,220398.41915010836
1062059,220398.41915010836
1062062,220398.41915010836
1062154,220398.41915010836
1062179,220398.41915010836
1062215,220398.41915010836
1062231,220398.41915010836
1062234,220398.41915010836
1062235,220398.41915010836
1062237,220398.41915010836
1150057,220398.41915010836
1150061,220398.41915010836
1150062,220398.41915010836
1150302,220398.41915010836
1150304,220398.41915010836
1150307,220398.41915010836
1150308,220398.41915010836
1150312,220398.41915010836
1150313,220398.41915010836
1150315,220398.41915010836
1150318,220398.41915010836
1150709,220398.41915010836
1150711,220398.41915010836
1150714,220398.41915010836
1150716,220398.41915010836
1150721,220398.41915010836
1150722,220398.41915010836
1150723,220398.41915010836
1150727,220398.41915010836
1150729,220398.41915010836
1150732,220398.41915010836
1150733,220398.41915010836
1150739,220398.41915010836
1150741,220398.41915010836
1150744,220398.41915010836
1150751,220398.41915010836
1158788,220398.41915010836
1158790,220398.41915010836
1158794,220398.41915010836
1158798,220398.41915010836
1158802,220398.41915010836
1158803,220398.41915010836
1158804,220398.41915010836
1158972,220398.41915010836
1158973,220398.41915010836
1158979,220398.41915010836
1158980,220398.41915010836
1158982,220398.41915010836
1159208,220398.41915010836
1159224,220398.41915010836
1159254,220398.41915010836
1159717,220398.41915010836
1159725,220398.41915010836
1159755,220398.41915010836
1159756,220398.41915010836
1159757,220398.41915010836
1159758,220398.41915010836
1159760,220398.41915010836
1159762,220398.41915010836
1159764,220398.41915010836
1160340,220398.41915010836
1160342,220398.41915010836
1160347,220398.41915010836
1160348,220398.41915010836
1160352,220398.41915010836
1160353,220398.41915010836
1160357,220398.41915010836
1160368,220398.41915010836
1160370,220398.41915010836
1160372,220398.41915010836
1160628,220398.41915010836
1160633,220398.41915010836
1160635,220398.41915010836
1160642,220398.41915010836
1160644,220398.41915010836
1160646,220398.41915010836
1160651,220398.41915010836
1160652,220398.41915010836
1160659,220398.41915010836
1160663,220398.41915010836
1160877,220398.41915010836
1160879,220398.41915010836
1160881,220398.41915010836
1160884,220398.41915010836
1160887,220398.41915010836
1160891,220398.41915010836
1160892,220398.41915010836
1160893,220398.41915010836
1160897,220398.41915010836
1160900,220398.41915010836
1160901,220398.41915010836
1160903,220398.41915010836
1160909,220398.41915010836
1160910,220398.41915010836
1160913,220398.41915010836
1160916,220398.41915010836
1162333,220398.41915010836
1162334,220398.41915010836
1162374,220398.41915010836
1162376,220398.41915010836
1162380,220398.41915010836
1162381,220398.41915010836
1162382,220398.41915010836
1162385,220398.41915010836
1162386,220398.41915010836
1162638,220398.41915010836
1162639,220398.41915010836
1162640,220398.41915010836
1162641,220398.41915010836
1162643,220398.41915010836
1162707,220398.41915010836
1162708,220398.41915010836
1162764,220398.41915010836
1162899,220398.41915010836
1162918,220398.41915010836
1162924,220398.41915010836
1162925,220398.41915010836
1162926,220398.41915010836
1162927,220398.41915010836
1163023,220398.41915010836
1163027,220398.41915010836
1163028,220398.41915010836
1163039,220398.41915010836
1163040,220398.41915010836
1163042,220398.41915010836
1163043,220398.41915010836
1163044,220398.41915010836
1163047,220398.41915010836
1163050,220398.41915010836
1163083,220398.41915010836
1163086,220398.41915010836
1163089,220398.41915010836
1163090,220398.41915010836
1163091,220398.41915010836
1163092,220398.41915010836
1163093,220398.41915010836
1163095,220398.41915010836
1163096,220398.41915010836
1163264,220398.41915010836
1163271,220398.41915010836
1164020,220398.41915010836
1164022,220398.41915010836
1164028,220398.41915010836
1164565,220398.41915010836
1164567,220398.41915010836
1164571,220398.41915010836
1164576,220398.41915010836
1164578,220398.41915010836
1164580,220398.41915010836
1164581,220398.41915010836
1164582,220398.41915010836
1164583,220398.41915010836
1164617,220398.41915010836
1164618,220398.41915010836
1164622,220398.41915010836
1164625,220398.41915010836
1164627,220398.41915010836
1164629,220398.41915010836
1164911,220398.41915010836
1164914,220398.41915010836
1164916,220398.41915010836
1164936,220398.41915010836
1164938,220398.41915010836
1164940,220398.41915010836
1167361,220398.41915010836
1167364,220398.41915010836
1167369,220398.41915010836
1167373,220398.41915010836
1167374,220398.41915010836
1167375,220398.41915010836
1167383,220398.41915010836
1167385,220398.41915010836
1167387,220398.41915010836
1167388,220398.41915010836
1167392,220398.41915010836
1167397,220398.41915010836
1167398,220398.41915010836
1167399,220398.41915010836
1167401,220398.41915010836
1167402,220398.41915010836
1167403,220398.41915010836
1167404,220398.41915010836
1167405,220398.41915010836
1167406,220398.41915010836
1167407,220398.41915010836
1167409,220398.41915010836
1167410,220398.41915010836
1167411,220398.41915010836
1167412,220398.41915010836
1167413,220398.41915010836
1167414,220398.41915010836
1167426,220398.41915010836
1167429,220398.41915010836
1167430,220398.41915010836
1167431,220398.41915010836
1167437,220398.41915010836
1167439,220398.41915010836
1171188,220398.41915010836
1171191,220398.41915010836
1171194,220398.41915010836
1171195,220398.41915010836
1171196,220398.41915010836
1171200,220398.41915010836
1171201,220398.41915010836
1171203,220398.41915010836
1171204,220398.41915010836
1171205,220398.41915010836
1171362,220398.41915010836
1171367,220398.41915010836
1172945,220398.41915010836
1172952,220398.41915010836
1173341,220398.41915010836
1173343,220398.41915010836
1173347,220398.41915010836
1173351,220398.41915010836
1173353,220398.41915010836
1173355,220398.41915010836
1173356,220398.41915010836
1173358,220398.41915010836
1173362,220398.41915010836
1173364,220398.41915010836
1174252,220398.41915010836
1174253,220398.41915010836
1174258,220398.41915010836
1174265,220398.41915010836
1174280,220398.41915010836
1174393,220398.41915010836
1174395,220398.41915010836
1174396,220398.41915010836
1174397,220398.41915010836
1174398,220398.41915010836
1174400,220398.41915010836
1174404,220398.41915010836
1174405,220398.41915010836
1174407,220398.41915010836
1174456,220398.41915010836
1174460,220398.41915010836
1174462,220398.41915010836
1174465,220398.41915010836
1174466,220398.41915010836
1174468,220398.41915010836
1174469,220398.41915010836
1174471,220398.41915010836
1174472,220398.41915010836
1174473,220398.41915010836
1174475,220398.41915010836
1174491,220398.41915010836
1174496,220398.41915010836
1174501,220398.41915010836
1174592,220398.41915010836
1174593,220398.41915010836
1174595,220398.41915010836
1174596,220398.41915010836
1174598,220398.41915010836
1174599,220398.41915010836
1174602,220398.41915010836
1174607,220398.41915010836
1174608,220398.41915010836
1174732,220398.41915010836
1174738,220398.41915010836
1174742,220398.41915010836
1174743,220398.41915010836
1174748,220398.41915010836
1175538,220398.41915010836
1175539,220398.41915010836
1175543,220398.41915010836
1175547,220398.41915010836
1175548,220398.41915010836
1175550,220398.41915010836
1176289,220398.41915010836
1176758,220398.41915010836
1176759,220398.41915010836
1176764,220398.41915010836
1176772,220398.41915010836
1177110,220398.41915010836
1177116,220398.41915010836
1177118,220398.41915010836
1177121,220398.41915010836
1177122,220398.41915010836
1177125,220398.41915010836
1177822,220398.41915010836
1178019,220398.41915010836
1178024,220398.41915010836
1179391,220398.41915010836
1179392,220398.41915010836
1179393,220398.41915010836
1179512,220398.41915010836
1179513,220398.41915010836
1179516,220398.41915010836
1179517,220398.41915010836
1179518,220398.41915010836
1179526,220398.41915010836
1179527,220398.41915010836
1179540,220398.41915010836
1179542,220398.41915010836
1179543,220398.41915010836
1179546,220398.41915010836
1179548,220398.41915010836
1179552,220398.41915010836
1179554,220398.41915010836
1179555,220398.41915010836
1179557,220398.41915010836
1179944,220398.41915010836
1179948,220398.41915010836
1179949,220398.41915010836
1179952,220398.41915010836
1179953,220398.41915010836
1179955,220398.41915010836
1180044,220398.41915010836
1180046,220398.41915010836
1180047,220398.41915010836
1180048,220398.41915010836
1180049,220398.41915010836
1180050,220398.41915010836
1180051,220398.41915010836
1180053,220398.41915010836
1180054,220398.41915010836
1180056,220398.41915010836
1180060,220398.41915010836
1180070,220398.41915010836
1180073,220398.41915010836
1180078,220398.41915010836
1180080,220398.41915010836
1180241,220398.41915010836
1180242,220398.41915010836
1180243,220398.41915010836
1180251,220398.41915010836
1180253,220398.41915010836
1180254,220398.41915010836
1180255,220398.41915010836
1180257,220398.41915010836
1180452,220398.41915010836
1180461,220398.41915010836
1180464,220398.41915010836
1180465,220398.41915010836
1180466,220398.41915010836
1180467,220398.41915010836
1180469,220398.41915010836
1180471,220398.41915010836
1180472,220398.41915010836
1180474,220398.41915010836
1180479,220398.41915010836
1180481,220398.41915010836
1180482,220398.41915010836
1180484,220398.41915010836
1180485,220398.41915010836
1180487,220398.41915010836
1180619,220398.41915010836
1180622,220398.41915010836
1180628,220398.41915010836
1180629,220398.41915010836
1180630,220398.41915010836
1180701,220398.41915010836
1180702,220398.41915010836
1180704,220398.41915010836
1180707,220398.41915010836
1180708,220398.41915010836
1180711,220398.41915010836
1180712,220398.41915010836
1180716,220398.41915010836
1180717,220398.41915010836
1180732,220398.41915010836
1180733,220398.41915010836
1180734,220398.41915010836
1180735,220398.41915010836
1180738,220398.41915010836
1180739,220398.41915010836
1180741,220398.41915010836
1180743,220398.41915010836
1180744,220398.41915010836
1180748,220398.41915010836
1180749,220398.41915010836
1180770,220398.41915010836
1180771,220398.41915010836
1180774,220398.41915010836
1180777,220398.41915010836
1180938,220398.41915010836
1180945,220398.41915010836
1180951,220398.41915010836
1180954,220398.41915010836
1180967,220398.41915010836
1180976,220398.41915010836
1180977,220398.41915010836
1181989,220398.41915010836
1182023,220398.41915010836
1182025,220398.41915010836
1182026,220398.41915010836
1182030,220398.41915010836
1182033,220398.41915010836
1182314,220398.41915010836
1182315,220398.41915010836
1182316,220398.41915010836
1182317,220398.41915010836
1182321,220398.41915010836
1182322,220398.41915010836
1182323,220398.41915010836
1182628,220398.41915010836
1182650,220398.41915010836
1182652,220398.41915010836
1182654,220398.41915010836
1182655,220398.41915010836
1182744,220398.41915010836
1182745,220398.41915010836
1182746,220398.41915010836
1182748,220398.41915010836
1182749,220398.41915010836
1182754,220398.41915010836
1182756,220398.41915010836
1182757,220398.41915010836
1183211,220398.41915010836
1183213,220398.41915010836
1183689,220398.41915010836
1183690,220398.41915010836
1183691,220398.41915010836
1183692,220398.41915010836
1184185,220398.41915010836
1184271,220398.41915010836
1184272,220398.41915010836
1184678,220398.41915010836
1184679,220398.41915010836
1184680,220398.41915010836
1184730,220398.41915010836
1184731,220398.41915010836
1184772,220398.41915010836
1184775,220398.41915010836
1184780,220398.41915010836
1184783,220398.41915010836
1184806,220398.41915010836
1184809,220398.41915010836
1184956,220398.41915010836
1185123,220398.41915010836
1185129,220398.41915010836
1185141,220398.41915010836
1185144,220398.41915010836
1185145,220398.41915010836
1185150,220398.41915010836
1185316,220398.41915010836
1185317,220398.41915010836
1185326,220398.41915010836
1185328,220398.41915010836
1185330,220398.41915010836
1185331,220398.41915010836
1185722,220398.41915010836
1185744,220398.41915010836
1185746,220398.41915010836
1185748,220398.41915010836
1185818,220398.41915010836
1185819,220398.41915010836
1186256,220398.41915010836
1186257,220398.41915010836
1186258,220398.41915010836
1186260,220398.41915010836
1186261,220398.41915010836
1186284,220398.41915010836
1186288,220398.41915010836
1186368,220398.41915010836
1186370,220398.41915010836
1186371,220398.41915010836
1186373,220398.41915010836
1186374,220398.41915010836
1186376,220398.41915010836
1186379,220398.41915010836
1186380,220398.41915010836
1186827,220398.41915010836
1186830,220398.41915010836
1186831,220398.41915010836
1186832,220398.41915010836
1186834,220398.41915010836
1186835,220398.41915010836
1186837,220398.41915010836
1186840,220398.41915010836
1187587,220398.41915010836
1187625,220398.41915010836
1187626,220398.41915010836
1187628,220398.41915010836
1187839,220398.41915010836
1187840,220398.41915010836
1187842,220398.41915010836
1187843,220398.41915010836
1187844,220398.41915010836
1187851,220398.41915010836
1187853,220398.41915010836
1187854,220398.41915010836
1188373,220398.41915010836
1188428,220398.41915010836
1188429,220398.41915010836
1188430,220398.41915010836
1188431,220398.41915010836
1188439,220398.41915010836
1188440,220398.41915010836
1188442,220398.41915010836
1188484,220398.41915010836
1188485,220398.41915010836
1188487,220398.41915010836
1188488,220398.41915010836
1188490,220398.41915010836
1188493,220398.41915010836
1188499,220398.41915010836
1188519,220398.41915010836
1188531,220398.41915010836
1188535,220398.41915010836
1188538,220398.41915010836
1188539,220398.41915010836
1188577,220398.41915010836
1188578,220398.41915010836
1188581,220398.41915010836
1189583,220398.41915010836
1189587,220398.41915010836
1189590,220398.41915010836
1189593,220398.41915010836
1189594,220398.41915010836
1189595,220398.41915010836
1189596,220398.41915010836
1189599,220398.41915010836
1189600,220398.41915010836
1189603,220398.41915010836
1189605,220398.41915010836
1189606,220398.41915010836
1189610,220398.41915010836
1189611,220398.41915010836
1191966,220398.41915010836
1191971,220398.41915010836
1191972,220398.41915010836
1192091,220398.41915010836
1192096,220398.41915010836
1192970,220398.41915010836
1192973,220398.41915010836
1193162,220398.41915010836
1193163,220398.41915010836
1193168,220398.41915010836
1193169,220398.41915010836
1193170,220398.41915010836
1193171,220398.41915010836
1193543,220398.41915010836
1193676,220398.41915010836
1193751,220398.41915010836
1193761,220398.41915010836
1193775,220398.41915010836
1193777,220398.41915010836
1193779,220398.41915010836
1193782,220398.41915010836
1193783,220398.41915010836
1193836,220398.41915010836
1193848,220398.41915010836
1193849,220398.41915010836
1193850,220398.41915010836
1193855,220398.41915010836
1193857,220398.41915010836
1193859,220398.41915010836
1193861,220398.41915010836
1193862,220398.41915010836
1193863,220398.41915010836
1193864,220398.41915010836
1193866,220398.41915010836
1193915,220398.41915010836
1193925,220398.41915010836
1193927,220398.41915010836
1193952,220398.41915010836
1193953,220398.41915010836
1193954,220398.41915010836
1193955,220398.41915010836
1193956,220398.41915010836
1193957,220398.41915010836
1194415,220398.41915010836
1194922,220398.41915010836
1194977,220398.41915010836
1195222,220398.41915010836
1195223,220398.41915010836
1195224,220398.41915010836
1195225,220398.41915010836
1195425,220398.41915010836
1195426,220398.41915010836
1195432,220398.41915010836
1195891,220398.41915010836
1195892,220398.41915010836
1195893,220398.41915010836
1195900,220398.41915010836
1195901,220398.41915010836
1195903,220398.41915010836
1196019,220398.41915010836
1196842,220398.41915010836
1196844,220398.41915010836
1196847,220398.41915010836
1196872,220398.41915010836
1196892,220398.41915010836
1196893,220398.41915010836
1196894,220398.41915010836
1196895,220398.41915010836
1196904,220398.41915010836
1196912,220398.41915010836
1196913,220398.41915010836
1196993,220398.41915010836
1196994,220398.41915010836
1196998,220398.41915010836
1196999,220398.41915010836
1197000,220398.41915010836
1197002,220398.41915010836
1197106,220398.41915010836
1197107,220398.41915010836
1197108,220398.41915010836
1197166,220398.41915010836
1197209,220398.41915010836
1197214,220398.41915010836
1197215,220398.41915010836
1197216,220398.41915010836
1197253,220398.41915010836
1197256,220398.41915010836
1197309,220398.41915010836
1197311,220398.41915010836
1197315,220398.41915010836
1197316,220398.41915010836
1197321,220398.41915010836
1197322,220398.41915010836
1197323,220398.41915010836
1197324,220398.41915010836
1197325,220398.41915010836
1197326,220398.41915010836
1197328,220398.41915010836
1197329,220398.41915010836
1197331,220398.41915010836
1197345,220398.41915010836
1197351,220398.41915010836
1197462,220398.41915010836
1197463,220398.41915010836
1197465,220398.41915010836
1197467,220398.41915010836
1197469,220398.41915010836
1197470,220398.41915010836
1197502,220398.41915010836
1197549,220398.41915010836
1197570,220398.41915010836
1197627,220398.41915010836
1197672,220398.41915010836
1197859,220398.41915010836
1197860,220398.41915010836
1197977,220398.41915010836
1197978,220398.41915010836
1198019,220398.41915010836
1198021,220398.41915010836
1198337,220398.41915010836
1198358,220398.41915010836
1198364,220398.41915010836
1198365,220398.41915010836
1198366,220398.41915010836
1198367,220398.41915010836
1198368,220398.41915010836
1198369,220398.41915010836
1198373,220398.41915010836
1198446,220398.41915010836
1198450,220398.41915010836
1198451,220398.41915010836
1198452,220398.41915010836
1198453,220398.41915010836
1198457,220398.41915010836
1198621,220398.41915010836
1198645,220398.41915010836
1198649,220398.41915010836
1198650,220398.41915010836
1198664,220398.41915010836
1198665,220398.41915010836
1198669,220398.41915010836
1198670,220398.41915010836
1198671,220398.41915010836
1198760,220398.41915010836
1198766,220398.41915010836
1198768,220398.41915010836
1198771,220398.41915010836
1198773,220398.41915010836
715273,220398.41915010836
717643,220398.41915010836
720473,220398.41915010836
722274,220398.41915010836
722610,220398.41915010836
722632,220398.41915010836
724293,220398.41915010836
724296,220398.41915010836
724367,220398.41915010836
724383,220398.41915010836
724402,220398.41915010836
724436,220398.41915010836
724693,220398.41915010836
725035,220398.41915010836
726164,220398.41915010836
728018,220398.41915010836
728963,220398.41915010836
730396,220398.41915010836
730570,220398.41915010836
732096,220398.41915010836
732455,220398.41915010836
733749,220398.41915010836
739805,220398.41915010836
762985,220398.41915010836
765024,220398.41915010836
766318,220398.41915010836
767291,220398.41915010836
768075,220398.41915010836
768187,220398.41915010836
768450,220398.41915010836
768818,220398.41915010836
775095,220398.41915010836
777984,220398.41915010836
780334,220398.41915010836
782037,220398.41915010836
783338,220398.41915010836
788907,220398.41915010836
791183,220398.41915010836
791186,220398.41915010836
800871,220398.41915010836
805218,220398.41915010836
808371,220398.41915010836
810903,220398.41915010836
813910,220398.41915010836
814295,220398.41915010836
816599,220398.41915010836
817980,220398.41915010836
818854,220398.41915010836
821034,220398.41915010836
822425,220398.41915010836
823206,220398.41915010836
823722,220398.41915010836
824962,220398.41915010836
827620,220398.41915010836
829106,220398.41915010836
829983,220398.41915010836
835034,220398.41915010836
835905,220398.41915010836
836853,220398.41915010836
836965,220398.41915010836
837221,220398.41915010836
837226,220398.41915010836
837310,220398.41915010836
837312,220398.41915010836
837322,220398.41915010836
837364,220398.41915010836
837447,220398.41915010836
837450,220398.41915010836
837480,220398.41915010836
837481,220398.41915010836
837534,220398.41915010836
837603,220398.41915010836
837604,220398.41915010836
837695,220398.41915010836
837700,220398.41915010836
838738,220398.41915010836
838739,220398.41915010836
838747,220398.41915010836
839708,220398.41915010836
839728,220398.41915010836
839729,220398.41915010836
839750,220398.41915010836
839751,220398.41915010836
839752,220398.41915010836
839753,220398.41915010836
839754,220398.41915010836
839789,220398.41915010836
839793,220398.41915010836
839796,220398.41915010836
840813,220398.41915010836
843860,220398.41915010836
844526,220398.41915010836
844543,220398.41915010836
844754,220398.41915010836
846486,220398.41915010836
847164,220398.41915010836
848484,220398.41915010836
936754,220398.41915010836
937863,220398.41915010836
937904,220398.41915010836
938417,220398.41915010836
938423,220398.41915010836
938603,220398.41915010836
938622,220398.41915010836
939544,220398.41915010836
940696,220398.41915010836
942465,220398.41915010836
942737,220398.41915010836
943019,220398.41915010836
943421,220398.41915010836
945655,220398.41915010836
947947,220398.41915010836
949288,220398.41915010836
952129,220398.41915010836
952131,220398.41915010836
952904,220398.41915010836
953479,220398.41915010836
954602,220398.41915010836
954929,220398.41915010836
955982,220398.41915010836
958924,220398.41915010836
959475,220398.41915010836
960089,220398.41915010836
960166,220398.41915010836
961081,220398.41915010836
961152,220398.41915010836
961156,220398.41915010836
963917,220398.41915010836
963924,220398.41915010836
963928,220398.41915010836
964509,220398.41915010836
965003,220398.41915010836
967216,220398.41915010836
967710,220398.41915010836
967711,220398.41915010836
967715,220398.41915010836
968678,220398.41915010836
969661,220398.41915010836
970940,220398.41915010836
971513,220398.41915010836
972147,220398.41915010836
972176,220398.41915010836
972866,220398.41915010836
974942,220398.41915010836
974954,220398.41915010836
976609,220398.41915010836
978142,220398.41915010836
978273,220398.41915010836
978277,220398.41915010836
978278,220398.41915010836
978281,220398.41915010836
978860,220398.41915010836
979110,220398.41915010836
979112,220398.41915010836
979516,220398.41915010836
980337,220398.41915010836
980476,220398.41915010836
982006,220398.41915010836
983877,220398.41915010836
983878,220398.41915010836
983879,220398.41915010836
985387,220398.41915010836
985462,220398.41915010836
985808,220398.41915010836
986398,220398.41915010836
987620,220398.41915010836
988304,220398.41915010836
988676,220398.41915010836
989018,220398.41915010836
995698,220398.41915010836
995822,220398.41915010836
1002393,220398.41915010836
1003195,220398.41915010836
1003292,220398.41915010836
1003326,220398.41915010836
1003655,220398.41915010836
1003662,220398.41915010836
1003847,220398.41915010836
1006131,220398.41915010836
1008419,220398.41915010836
1008432,220398.41915010836
1008509,220398.41915010836
1008929,220398.41915010836
1009457,220398.41915010836
1010167,220398.41915010836
1010251,220398.41915010836
1010311,220398.41915010836
1011035,220398.41915010836
1011899,220398.41915010836
1013203,220398.41915010836
1013464,220398.41915010836
1013942,220398.41915010836
1014952,220398.41915010836
1015519,220398.41915010836
1018488,220398.41915010836
1018565,220398.41915010836
1018830,220398.41915010836
1019163,220398.41915010836
1019257,220398.41915010836
1019258,220398.41915010836
1022427,220398.41915010836
1023024,220398.41915010836
1024198,220398.41915010836
1024386,220398.41915010836
1024633,220398.41915010836
1065813,220398.41915010836
1066642,220398.41915010836
1066903,220398.41915010836
1068872,220398.41915010836
1071707,220398.41915010836
1072579,220398.41915010836
1072606,220398.41915010836
1073519,220398.41915010836
1073733,220398.41915010836
1074535,220398.41915010836
1075895,220398.41915010836
1076216,220398.41915010836
1076517,220398.41915010836
1076917,220398.41915010836
1077573,220398.41915010836
1078672,220398.41915010836
1080081,220398.41915010836
1080084,220398.41915010836
1080177,220398.41915010836
1080179,220398.41915010836
1080180,220398.41915010836
1080182,220398.41915010836
1080646,220398.41915010836
1081890,220398.41915010836
1082838,220398.41915010836
1082935,220398.41915010836
1083177,220398.41915010836
1083187,220398.41915010836
1093683,220398.41915010836
1094194,220398.41915010836
1097426,220398.41915010836
1098571,220398.41915010836
1102741,220398.41915010836
1102778,220398.41915010836
1224860,220398.41915010836
1224861,220398.41915010836
1224864,220398.41915010836
1224865,220398.41915010836
1224868,220398.41915010836
1224877,220398.41915010836
1229111,220398.41915010836
1229116,220398.41915010836
1229118,220398.41915010836
1235951,220398.41915010836
1235954,220398.41915010836
1236545,220398.41915010836
1236554,220398.41915010836
1236560,220398.41915010836
1239168,220398.41915010836
1239172,220398.41915010836
1239175,220398.41915010836
1239178,220398.41915010836
1239179,220398.41915010836
1239182,220398.41915010836
1239184,220398.41915010836
1241221,220398.41915010836
1241227,220398.41915010836
1241228,220398.41915010836
96029,269353.87259740627
96056,269353.87259740627
96065,269353.87259740627
96072,256689.36881124566
96079,257128.3800214415
96099,256689.36881124566
96100,256689.36881124566
96136,269353.87259740627
96137,269353.87259740627
96138,269353.87259740627
96140,269353.87259740627
96142,267338.79429323063
96143,258329.53933509317
96193,258329.53933509317
96202,267338.79429323063
96206,269353.87259740627
96207,313886.5238980609
96224,313886.5238980609
96225,313886.5238980609
96227,267338.79429323063
96302,269353.87259740627
96318,267338.79429323063
96339,269353.87259740627
96369,256689.36881124566
96417,267338.79429323063
96432,256689.36881124566
96464,256689.36881124566
96467,269353.87259740627
96471,269353.87259740627
96476,217514.32026863287
96477,217514.32026863287
96481,215499.2419644573
96486,258329.53933509317
96487,258329.53933509317
96515,269353.87259740627
96547,267338.79429323063
96571,269353.87259740627
96574,269353.87259740627
96593,269353.87259740627
96606,256689.36881124566
96648,269353.87259740627
96654,269353.87259740627
96656,313886.5238980609
96661,269353.87259740627
96662,313886.5238980609
96664,225927.13157678192
96668,313886.5238980609
96669,313886.5238980609
96672,313886.5238980609
96678,267338.79429323063
96679,269353.87259740627
96683,269353.87259740627
96713,269353.87259740627
96715,254674.29050707008
96735,256689.36881124566
96742,217514.32026863287
96750,269353.87259740627
96751,269353.87259740627
96758,269353.87259740627
96760,269353.87259740627
96762,269353.87259740627
96765,269353.87259740627
96771,269353.87259740627
96772,269353.87259740627
96782,269353.87259740627
96790,215499.2419644573
96791,267338.79429323063
96816,269353.87259740627
96819,217514.32026863287
96821,269353.87259740627
96838,269353.87259740627
96862,321050.76276599604
96863,321050.76276599604
96869,217514.32026863287
96875,269353.87259740627
96876,269353.87259740627
96896,248293.13249212797
96897,251958.77729209594
96937,256689.36881124566
96946,256689.36881124566
96952,217514.32026863287
96957,269353.87259740627
96986,269353.87259740627
96988,256689.36881124566
96990,256689.36881124566
97005,267338.79429323063
97065,251958.77729209594
97071,217514.32026863287
97077,225927.13157678192
97081,269353.87259740627
97083,269353.87259740627
97093,269353.87259740627
97097,321050.76276599604
97122,217514.32026863287
97125,269353.87259740627
97126,256689.36881124566
97127,269353.87259740627
97129,269353.87259740627
97133,267338.79429323063
97137,267338.79429323063
97139,269353.87259740627
97140,269353.87259740627
97144,269353.87259740627
97146,269353.87259740627
97148,269353.87259740627
97149,269353.87259740627
97152,269353.87259740627
97154,269353.87259740627
97155,269353.87259740627
97161,269353.87259740627
97166,267338.79429323063
97194,258329.53933509317
97210,256689.36881124566
97213,267338.79429323063
97215,267338.79429323063
97217,267338.79429323063
97224,267338.79429323063
97226,225927.13157678192
97229,267338.79429323063
97235,269353.87259740627
97250,269353.87259740627
97263,258329.53933509317
97269,256689.36881124566
97312,256689.36881124566
97318,269353.87259740627
97327,258329.53933509317
97336,267338.79429323063
97447,256689.36881124566
97449,269353.87259740627
97467,426607.54829143075
97482,267338.79429323063
97495,426607.54829143075
97527,269353.87259740627
97531,269353.87259740627
97533,269353.87259740627
97545,269353.87259740627
97550,269353.87259740627
97555,217514.32026863287
97562,225927.13157678192
97564,225927.13157678192
97565,225927.13157678192
97566,225927.13157678192
97573,256689.36881124566
97575,267338.79429323063
97578,217514.32026863287
97579,217514.32026863287
97580,217514.32026863287
97582,217514.32026863287
97583,217514.32026863287
97584,217514.32026863287
97585,217514.32026863287
97586,217514.32026863287
97589,258329.53933509317
97590,258329.53933509317
97677,269353.87259740627
97680,267338.79429323063
97681,267338.79429323063
97686,267338.79429323063
97687,267338.79429323063
97690,267338.79429323063
97692,267338.79429323063
97696,267338.79429323063
97698,267338.79429323063
97699,267338.79429323063
97701,258329.53933509317
97704,269353.87259740627
97707,269353.87259740627
97729,217514.32026863287
97807,269353.87259740627
97808,256689.36881124566
97858,254674.29050707008
97859,310136.62856398476
97861,269353.87259740627
97879,269353.87259740627
97881,269353.87259740627
97885,269353.87259740627
97888,269353.87259740627
97897,267338.79429323063
97907,225927.13157678192
97911,269353.87259740627
97914,256689.36881124566
97927,215499.2419644573
97943,258329.53933509317
97949,215499.2419644573
97967,254674.29050707008
97988,269353.87259740627
97989,269353.87259740627
97990,269353.87259740627
97991,269353.87259740627
97993,269353.87259740627
97996,269353.87259740627
97997,269353.87259740627
97998,269353.87259740627
97999,269353.87259740627
98001,269353.87259740627
98014,256689.36881124566
98016,251958.77729209594
98036,225927.13157678192
98054,217514.32026863287
98063,258329.53933509317
98082,269353.87259740627
98083,269353.87259740627
98085,269353.87259740627
98086,269353.87259740627
98087,269353.87259740627
98090,269353.87259740627
98095,269353.87259740627
98103,248293.13249212797
98108,269353.87259740627
98119,223912.0532726063
98149,215499.2419644573
98164,426607.54829143075
98167,269353.87259740627
98168,248293.13249212797
98204,228764.46228541518
98248,269353.87259740627
98249,269353.87259740627
98257,269353.87259740627
98276,269353.87259740627
98293,256689.36881124566
98301,256689.36881124566
98308,269353.87259740627
98357,269353.87259740627
98358,256689.36881124566
98366,256689.36881124566
98394,267338.79429323063
98400,267338.79429323063
98403,269353.87259740627
98412,269353.87259740627
98413,256689.36881124566
98433,256689.36881124566
98450,225927.13157678192
98451,246278.0541879524
98452,217514.32026863287
98455,269353.87259740627
98462,269353.87259740627
98475,269353.87259740627
98499,256689.36881124566
98525,269353.87259740627
98526,321050.76276599604
98528,254674.29050707008
98531,217514.32026863287
98544,269353.87259740627
98553,269353.87259740627
98573,217514.32026863287
98582,217514.32026863287
98584,217514.32026863287
98585,217514.32026863287
98589,248293.13249212797
98593,256689.36881124566
98596,212783.72874948315
98648,267338.79429323063
98652,256689.36881124566
98653,269353.87259740627
98654,225927.13157678192
98656,215499.2419644573
98710,426607.54829143075
98754,254674.29050707008
98770,269353.87259740627
98780,269353.87259740627
98781,426607.54829143075
98782,426607.54829143075
98789,269353.87259740627
98804,269353.87259740627
98822,269353.87259740627
98823,228764.46228541518
98828,269353.87259740627
98842,215499.2419644573
98843,256689.36881124566
98846,258329.53933509317
98862,269353.87259740627
98863,269353.87259740627
98869,217514.32026863287
98870,217514.32026863287
98874,225927.13157678192
98876,269353.87259740627
98878,267338.79429323063
98883,269353.87259740627
98895,269353.87259740627
98899,262677.7623089694
98900,262677.7623089694
98901,262677.7623089694
98902,262677.7623089694
98905,269353.87259740627
98929,264623.2810782565
98948,254674.29050707008
98979,256689.36881124566
99010,223912.0532726063
99022,256689.36881124566
99035,426607.54829143075
99043,269353.87259740627
99044,269353.87259740627
99048,269353.87259740627
99051,256689.36881124566
99087,256689.36881124566
99098,256689.36881124566
99102,256689.36881124566
99104,269353.87259740627
99105,258329.53933509317
99114,426607.54829143075
99148,266056.64448957256
99163,217514.32026863287
99168,269353.87259740627
99198,267338.79429323063
99200,256689.36881124566
99205,269353.87259740627
99273,256314.46103091753
99277,269353.87259740627
99292,258329.53933509317
99293,269353.87259740627
99298,269353.87259740627
99300,256689.36881124566
99304,269353.87259740627
99305,256689.36881124566
99316,267338.79429323063
99319,225927.13157678192
99341,258329.53933509317
99344,217514.32026863287
99356,269353.87259740627
99360,262677.7623089694
99361,258329.53933509317
99389,256689.36881124566
99399,269353.87259740627
99400,258329.53933509317
99401,217514.32026863287
99421,256689.36881124566
99429,269353.87259740627
99433,267338.79429323063
99436,256689.36881124566
99439,269353.87259740627
99442,269353.87259740627
99450,225927.13157678192
99451,256689.36881124566
99460,426607.54829143075
99475,269353.87259740627
99480,426607.54829143075
99483,256689.36881124566
99529,269353.87259740627
99532,267338.79429323063
99542,269353.87259740627
99575,426607.54829143075
99583,269353.87259740627
99597,217514.32026863287
99601,256689.36881124566
99603,258329.53933509317
99624,217514.32026863287
99625,256689.36881124566
99651,256689.36881124566
99655,254674.29050707008
99673,254674.29050707008
99694,269353.87259740627
99697,269353.87259740627
99698,256689.36881124566
99714,217514.32026863287
99716,262677.7623089694
99717,262677.7623089694
99718,262677.7623089694
99719,262677.7623089694
99728,256689.36881124566
99736,256689.36881124566
99739,246773.9642107009
99751,253598.9478159434
99759,426607.54829143075
99760,264623.2810782565
99761,269353.87259740627
99765,258329.53933509317
99769,173550.6102100109
99812,334522.9682054228
99817,334522.9682054228
99855,325346.50325984095
99868,134157.14683790103
99869,134157.14683790103
99874,134157.14683790103
99895,134157.14683790103
99897,334522.9682054228
99980,322076.59663118084
99982,322076.59663118084
99984,325346.50325984095
99985,334522.9682054228
99990,141136.9275406909
99991,322076.59663118084
100086,334522.9682054228
100110,334522.9682054228
100115,322076.59663118084
100118,322076.59663118084
100119,322076.59663118084
100122,322076.59663118084
100125,322076.59663118084
100126,322076.59663118084
100127,322076.59663118084
100129,322076.59663118084
100130,322076.59663118084
100134,322076.59663118084
100136,322076.59663118084
100156,334522.9682054228
100157,147698.25398727527
100169,334522.9682054228
100171,134157.14683790103
100179,147698.25398727527
100187,147698.25398727527
100192,321109.57446333376
100193,321109.57446333376
100219,147698.25398727527
100243,137350.04229292905
100244,137350.04229292905
100289,322076.59663118084
100297,322076.59663118084
100310,334522.9682054228
100312,334522.9682054228
100327,134157.14683790103
100378,134157.14683790103
100422,137350.04229292905
100447,147698.25398727527
100513,325346.50325984095
100520,137350.04229292905
100532,134157.14683790103
100534,134157.14683790103
100537,134157.14683790103
100550,134157.14683790103
100557,146096.51523060116
100564,134157.14683790103
100571,147698.25398727527
100575,147698.25398727527
100595,141136.9275406909
100596,334522.9682054228
100620,334522.9682054228
100621,334522.9682054228
100648,334522.9682054228
100652,137350.04229292905
100661,334522.9682054228
100677,334522.9682054228
100678,334522.9682054228
100681,334522.9682054228
100708,134157.14683790103
100709,134157.14683790103
100723,334522.9682054228
100730,334522.9682054228
100733,137350.04229292905
100735,137350.04229292905
100736,137350.04229292905
100744,147698.25398727527
100755,137350.04229292905
100774,134157.14683790103
100800,325346.50325984095
100805,137350.04229292905
100812,147698.25398727527
100813,147698.25398727527
100819,146871.74340232334
100821,334522.9682054228
100866,141136.9275406909
100906,334522.9682054228
100942,334522.9682054228
100950,134157.14683790103
101142,153162.85984582582
101185,134157.14683790103
101191,334522.9682054228
101193,334522.9682054228
101283,137350.04229292905
101287,137350.04229292905
101300,322076.59663118084
101308,137350.04229292905
101316,135269.40335905395
101318,322076.59663118084
101326,134157.14683790103
101402,334522.9682054228
101456,146871.74340232334
101469,137350.04229292905
101478,334522.9682054228
101486,147698.25398727527
101499,334522.9682054228
101501,134157.14683790103
101506,147698.25398727527
101512,134157.14683790103
101514,146871.74340232334
101515,146871.74340232334
101527,134157.14683790103
101552,147698.25398727527
101571,134157.14683790103
101583,134157.14683790103
101600,134157.14683790103
101601,134157.14683790103
101603,134157.14683790103
101614,134157.14683790103
101619,334522.9682054228
101642,184097.06739632803
101673,134157.14683790103
101680,334522.9682054228
101694,137350.04229292905
101702,137350.04229292905
101707,334522.9682054228
101720,134157.14683790103
101755,134157.14683790103
101770,134157.14683790103
101780,334522.9682054228
101785,134157.14683790103
101817,147698.25398727527
101913,134157.14683790103
101915,137350.04229292905
101919,137350.04229292905
101976,137350.04229292905
101987,137350.04229292905
102114,137350.04229292905
102116,173550.6102100109
102197,322076.59663118084
102198,325346.50325984095
102217,325346.50325984095
102252,147698.25398727527
102299,334522.9682054228
102330,137350.04229292905
102350,137350.04229292905
102352,137350.04229292905
102353,137350.04229292905
102404,134157.14683790103
102405,134157.14683790103
102415,137350.04229292905
102420,147698.25398727527
102442,134157.14683790103
102475,334522.9682054228
102479,334522.9682054228
102511,334522.9682054228
102568,137350.04229292905
102580,141136.9275406909
102593,334522.9682054228
102598,137350.04229292905
102607,134157.14683790103
102637,134157.14683790103
102792,137350.04229292905
102794,137350.04229292905
102837,380439.03742966446
102890,147698.25398727527
102905,137350.04229292905
102910,134157.14683790103
102922,137350.04229292905
102985,135269.40335905395
103028,137350.04229292905
103115,137350.04229292905
103132,137350.04229292905
103138,147698.25398727527
103179,137350.04229292905
103199,137350.04229292905
103244,137350.04229292905
103246,137350.04229292905
103276,322076.59663118084
103283,134157.14683790103
103313,249851.92421084564
103362,334522.9682054228
103392,334522.9682054228
103395,134157.14683790103
103428,141136.9275406909
103436,147698.25398727527
103463,137350.04229292905
103493,353743.44290290616
103495,334522.9682054228
103498,334522.9682054228
103504,322076.59663118084
103524,353743.44290290616
103527,334522.9682054228
103530,322076.59663118084
103532,147698.25398727527
103534,322076.59663118084
103540,147698.25398727527
103547,353743.44290290616
103555,150037.463204312
103556,357916.1500804409
103557,147698.25398727527
103567,322076.59663118084
103568,353743.44290290616
103571,322076.59663118084
103577,334730.99475224456
103578,322076.59663118084
103579,329761.4777121294
103595,148161.14971819325
103601,322076.59663118084
103603,322076.59663118084
103604,322076.59663118084
103608,147698.25398727527
103614,184097.06739632803
103620,147698.25398727527
103625,322076.59663118084
103627,334730.99475224456
103678,322076.59663118084
103679,322076.59663118084
103685,357916.1500804409
103716,357916.1500804409
103720,322076.59663118084
103778,322076.59663118084
103780,357916.1500804409
103785,357916.1500804409
103787,227601.45497345933
103815,141873.4068532385
103816,322076.59663118084
103821,353743.44290290616
103836,353743.44290290616
103845,322076.59663118084
103851,322076.59663118084
103858,322076.59663118084
103859,353743.44290290616
103862,322076.59663118084
103866,147698.25398727527
103873,148161.14971819325
103876,322076.59663118084
103879,322076.59663118084
103885,147698.25398727527
103889,147698.25398727527
103898,322076.59663118084
103899,322076.59663118084
103909,334730.99475224456
103911,322076.59663118084
103920,153162.85984582582
103927,334730.99475224456
103933,322076.59663118084
103946,322076.59663118084
103949,322076.59663118084
103950,322076.59663118084
103965,148161.14971819325
103997,353743.44290290616
104017,322076.59663118084
104028,146096.51523060116
104068,353743.44290290616
104077,322076.59663118084
104098,322076.59663118084
104099,322076.59663118084
104103,150037.463204312
104135,322076.59663118084
104141,353743.44290290616
104148,322076.59663118084
104149,322076.59663118084
104151,322076.59663118084
104154,322076.59663118084
104161,322076.59663118084
104163,353743.44290290616
104165,322076.59663118084
104195,353743.44290290616
104205,322076.59663118084
104218,357916.1500804409
104238,150037.463204312
104245,322076.59663118084
104248,322076.59663118084
104252,353743.44290290616
104265,322076.59663118084
104266,315482.98366127437
104273,322076.59663118084
104274,353743.44290290616
104286,357916.1500804409
104290,353743.44290290616
104293,357916.1500804409
104299,147698.25398727527
104309,147698.25398727527
104326,322076.59663118084
104345,357916.1500804409
104359,353743.44290290616
104368,322076.59663118084
104379,334522.9682054228
104381,353743.44290290616
104403,150037.463204312
104414,147698.25398727527
104417,322076.59663118084
104419,353743.44290290616
104431,353743.44290290616
104439,147698.25398727527
104445,322076.59663118084
104447,353743.44290290616
104451,353743.44290290616
104454,147698.25398727527
104456,146096.51523060116
104465,353743.44290290616
104473,322076.59663118084
104489,357916.1500804409
104492,322076.59663118084
104513,353743.44290290616
104517,334730.99475224456
104519,141873.4068532385
104523,153162.85984582582
104524,353743.44290290616
104526,141873.4068532385
104533,322076.59663118084
104538,334730.99475224456
104539,334730.99475224456
104545,147698.25398727527
104561,353743.44290290616
104598,353743.44290290616
104599,353743.44290290616
104611,357916.1500804409
104613,147698.25398727527
104623,322076.59663118084
104627,334522.9682054228
104628,137350.04229292905
104629,334522.9682054228
104630,334522.9682054228
104640,334522.9682054228
104641,334522.9682054228
104642,334522.9682054228
104665,141873.4068532385
104804,353743.44290290616
104847,334522.9682054228
104861,329761.4777121294
104862,322076.59663118084
104863,329761.4777121294
104896,322076.59663118084
104899,353743.44290290616
104901,147698.25398727527
104906,147698.25398727527
104922,353743.44290290616
104924,322076.59663118084
104925,353743.44290290616
104930,147698.25398727527
104935,353743.44290290616
104936,353743.44290290616
104964,322076.59663118084
104965,322076.59663118084
104970,322076.59663118084
104973,322076.59663118084
104975,322076.59663118084
104979,147698.25398727527
104995,322076.59663118084
104996,322076.59663118084
104998,147698.25398727527
104999,147698.25398727527
105000,147698.25398727527
105024,322076.59663118084
105029,322076.59663118084
105037,322076.59663118084
105038,334522.9682054228
105039,322076.59663118084
105049,334522.9682054228
105057,322076.59663118084
105061,322076.59663118084
105065,334730.99475224456
105076,322076.59663118084
105091,353743.44290290616
105116,322076.59663118084
105136,322076.59663118084
105143,322076.59663118084
105151,334522.9682054228
105160,150037.463204312
105162,322076.59663118084
105170,322076.59663118084
105172,322076.59663118084
105179,353743.44290290616
105184,322076.59663118084
105185,353743.44290290616
105197,147698.25398727527
105202,353743.44290290616
105231,334522.9682054228
105232,368931.83186175505
105235,322076.59663118084
105249,317107.0795910656
105258,147698.25398727527
105259,357916.1500804409
105272,322076.59663118084
105287,150037.463204312
105293,153162.85984582582
105304,322076.59663118084
105314,322076.59663118084
105315,322076.59663118084
105328,322076.59663118084
105341,322076.59663118084
105344,322076.59663118084
105349,322076.59663118084
105350,357916.1500804409
105351,322076.59663118084
105362,353743.44290290616
105376,322076.59663118084
105386,322076.59663118084
105392,357916.1500804409
105401,322076.59663118084
105409,322076.59663118084
105414,353743.44290290616
105418,4426418.6466104975
105419,353743.44290290616
105425,322076.59663118084
105440,322076.59663118084
105447,150037.463204312
105448,150037.463204312
105452,334522.9682054228
105463,322076.59663118084
105464,322076.59663118084
105465,322076.59663118084
105524,322076.59663118084
105526,147698.25398727527
105531,353743.44290290616
105536,334522.9682054228
105557,357916.1500804409
105633,322076.59663118084
105635,322076.59663118084
105637,353743.44290290616
105674,322076.59663118084
105681,353743.44290290616
105703,322076.59663118084
105704,322076.59663118084
105705,322076.59663118084
105706,334730.99475224456
105711,329761.4777121294
105712,329761.4777121294
105719,322076.59663118084
105728,353743.44290290616
105734,353743.44290290616
105735,322076.59663118084
105745,353743.44290290616
105749,334522.9682054228
105764,353743.44290290616
105765,334522.9682054228
105768,322076.59663118084
105772,322076.59663118084
105778,322076.59663118084
105779,322076.59663118084
105785,353743.44290290616
105790,322076.59663118084
105806,322076.59663118084
105827,353743.44290290616
105831,334522.9682054228
105845,322076.59663118084
105848,322076.59663118084
105852,353743.44290290616
105865,334522.9682054228
105874,322076.59663118084
105906,322076.59663118084
105910,334522.9682054228
105915,148161.14971819325
105929,155502.06906286255
105945,353743.44290290616
105946,322076.59663118084
105947,154590.96961826095
105948,322076.59663118084
105954,322076.59663118084
105990,322076.59663118084
106000,353743.44290290616
106016,322076.59663118084
106030,150037.463204312
106034,322076.59663118084
106035,150037.463204312
106040,357916.1500804409
106074,147698.25398727527
106139,353743.44290290616
106142,322076.59663118084
106155,322076.59663118084
106168,353743.44290290616
106177,334522.9682054228
106183,322076.59663118084
106184,353743.44290290616
106185,322076.59663118084
106201,322076.59663118084
106215,322076.59663118084
106233,322076.59663118084
106235,334730.99475224456
106236,322076.59663118084
106239,322076.59663118084
106241,357916.1500804409
106242,357916.1500804409
106243,353743.44290290616
106254,322076.59663118084
106259,150037.463204312
106263,322076.59663118084
106281,353743.44290290616
106282,357916.1500804409
106292,353743.44290290616
106294,322076.59663118084
106343,137350.04229292905
106356,322076.59663118084
106359,322076.59663118084
106360,353743.44290290616
106362,322076.59663118084
106390,150037.463204312
106391,353743.44290290616
106398,353743.44290290616
106442,147698.25398727527
106449,322076.59663118084
106456,322076.59663118084
106458,353743.44290290616
106467,322076.59663118084
106512,322076.59663118084
106522,322076.59663118084
106565,334522.9682054228
106572,322076.59663118084
106579,322076.59663118084
106587,322076.59663118084
106591,322076.59663118084
106599,334522.9682054228
106604,4990441.9612312205
106618,322076.59663118084
106647,334522.9682054228
106654,334522.9682054228
106665,322076.59663118084
106668,334522.9682054228
106678,322076.59663118084
106685,353743.44290290616
106707,322076.59663118084
106727,322076.59663118084
106760,177442.44067679901
106776,177442.44067679901
106780,177442.44067679901
106781,177442.44067679901
106783,177442.44067679901
106784,177442.44067679901
106790,177442.44067679901
106792,177442.44067679901
106819,177442.44067679901
106835,177442.44067679901
106845,158638.35441928855
106849,158638.35441928855
106857,177442.44067679901
106858,177442.44067679901
106860,177442.44067679901
106862,177442.44067679901
106871,177442.44067679901
106881,177442.44067679901
106896,177442.44067679901
106900,177442.44067679901
106902,177442.44067679901
106907,177442.44067679901
106918,177442.44067679901
106925,177442.44067679901
106927,177442.44067679901
106929,177442.44067679901
106934,177442.44067679901
106948,177442.44067679901
106949,157861.09017018334
106951,149650.65045578295
106954,177442.44067679901
106965,177442.44067679901
106975,177442.44067679901
106990,177442.44067679901
106992,177442.44067679901
107003,177442.44067679901
107004,149650.65045578295
107015,177442.44067679901
107016,177442.44067679901
107035,177442.44067679901
107058,157861.09017018334
107062,177442.44067679901
107071,177442.44067679901
107086,157861.09017018334
107093,177442.44067679901
107100,177442.44067679901
107122,177442.44067679901
107268,177442.44067679901
107275,177442.44067679901
107357,177442.44067679901
107361,177442.44067679901
107393,177442.44067679901
107395,177442.44067679901
107412,177442.44067679901
107416,177442.44067679901
107428,177442.44067679901
107452,177442.44067679901
107454,177442.44067679901
107464,177442.44067679901
107467,177442.44067679901
107469,177442.44067679901
107470,177442.44067679901
107472,177442.44067679901
107473,177442.44067679901
107487,177442.44067679901
107489,177442.44067679901
107495,177442.44067679901
107497,149650.65045578295
107501,177442.44067679901
107506,177442.44067679901
107510,177442.44067679901
107520,177442.44067679901
107551,177442.44067679901
107556,177442.44067679901
107572,177442.44067679901
107584,177442.44067679901
107594,177442.44067679901
107595,177442.44067679901
107601,177442.44067679901
107614,177442.44067679901
107616,177442.44067679901
107617,177442.44067679901
107619,177442.44067679901
107621,177442.44067679901
107650,177442.44067679901
107656,177442.44067679901
107678,177442.44067679901
107680,149650.65045578295
107684,177442.44067679901
107687,177442.44067679901
107690,177442.44067679901
107692,177442.44067679901
107693,177442.44067679901
107694,177442.44067679901
107695,177442.44067679901
107702,177442.44067679901
107712,177442.44067679901
107718,177442.44067679901
107722,177442.44067679901
107757,149650.65045578295
107762,177442.44067679901
107769,157861.09017018334
107770,157861.09017018334
107771,177442.44067679901
107776,177442.44067679901
107778,177442.44067679901
107788,177442.44067679901
107792,177442.44067679901
107812,177442.44067679901
107831,177442.44067679901
107832,177442.44067679901
107863,149650.65045578295
107871,177442.44067679901
107873,177442.44067679901
107874,177442.44067679901
107875,177442.44067679901
107906,177442.44067679901
107915,177442.44067679901
107916,177442.44067679901
107917,177442.44067679901
107918,177442.44067679901
107919,177442.44067679901
107920,177442.44067679901
107998,177442.44067679901
108021,155390.38444144942
108137,149650.65045578295
108190,177442.44067679901
108231,177442.44067679901
108235,177442.44067679901
108237,177442.44067679901
108246,177442.44067679901
108272,177442.44067679901
108277,152917.64724414228
108281,149650.65045578295
108283,177442.44067679901
108285,177442.44067679901
108340,177442.44067679901
108343,177442.44067679901
108401,177442.44067679901
108406,177442.44067679901
108408,157861.09017018334
108410,177442.44067679901
108429,177442.44067679901
108444,177442.44067679901
108447,177442.44067679901
108465,177442.44067679901
108468,177442.44067679901
108479,177442.44067679901
108496,177442.44067679901
108505,177442.44067679901
108512,177442.44067679901
108518,177442.44067679901
108519,177442.44067679901
108524,177442.44067679901
108527,177442.44067679901
108528,177442.44067679901
108545,177442.44067679901
108548,177442.44067679901
108551,177442.44067679901
108557,177442.44067679901
108558,177442.44067679901
108574,177442.44067679901
108580,177442.44067679901
108581,177442.44067679901
108589,177442.44067679901
108654,177442.44067679901
108658,177442.44067679901
108757,177442.44067679901
108771,177442.44067679901
108778,177442.44067679901
108802,177442.44067679901
108814,177442.44067679901
108816,149650.65045578295
108817,177442.44067679901
108832,177442.44067679901
108855,177442.44067679901
108867,177442.44067679901
108886,177442.44067679901
108900,177442.44067679901
108916,175304.13959601364
108948,177442.44067679901
108960,177442.44067679901
108962,177442.44067679901
108983,177442.44067679901
108984,177442.44067679901
108992,177442.44067679901
108993,177442.44067679901
109002,177442.44067679901
109051,177442.44067679901
109135,176673.38002029902
109157,177442.44067679901
109160,177442.44067679901
109175,177442.44067679901
109189,177442.44067679901
109236,177442.44067679901
109250,177442.44067679901
109251,177442.44067679901
109254,177442.44067679901
109323,177442.44067679901
109368,157861.09017018334
109384,176673.38002029902
109388,177442.44067679901
109389,177442.44067679901
109414,177442.44067679901
109434,157861.09017018334
109448,177442.44067679901
109454,177442.44067679901
109455,177442.44067679901
109456,177442.44067679901
109478,177442.44067679901
109488,177442.44067679901
109499,177442.44067679901
109504,177442.44067679901
109509,177442.44067679901
109523,176673.38002029902
109524,176673.38002029902
109525,176673.38002029902
109526,176673.38002029902
109534,177442.44067679901
109546,177442.44067679901
109566,177442.44067679901
109570,177442.44067679901
109577,177442.44067679901
109586,177442.44067679901
109589,177442.44067679901
109597,177442.44067679901
109608,259327.75502511236
109624,259327.75502511236
109633,210022.193534124
109634,259327.75502511236
109650,261861.74586289737
109651,261861.74586289737
109653,261861.74586289737
109654,261861.74586289737
109656,210022.193534124
109658,261861.74586289737
109659,259327.75502511236
109661,259327.75502511236
109667,261861.74586289737
109672,250837.41260058424
109673,261861.74586289737
109674,261861.74586289737
109675,261861.74586289737
109690,261861.74586289737
109698,259327.75502511236
109703,210022.193534124
109710,259327.75502511236
109711,210022.193534124
109724,210022.193534124
109729,261861.74586289737
109736,259327.75502511236
109777,259327.75502511236
109778,210022.193534124
109779,259327.75502511236
109780,259327.75502511236
109781,210022.193534124
109794,261861.74586289737
109860,210022.193534124
109861,259327.75502511236
109867,261861.74586289737
109868,261861.74586289737
109876,261861.74586289737
109891,210022.193534124
109896,261861.74586289737
109903,259327.75502511236
109905,261861.74586289737
109915,261861.74586289737
109925,210022.193534124
109959,259327.75502511236
109962,210022.193534124
109985,259327.75502511236
109986,259327.75502511236
110001,259327.75502511236
110013,210022.193534124
110024,210022.193534124
110041,259327.75502511236
110055,249197.2420767368
110056,249197.2420767368
110060,261861.74586289737
110065,210022.193534124
110079,261861.74586289737
110092,261861.74586289737
110099,259327.75502511236
110108,259327.75502511236
110121,261861.74586289737
110130,210022.193534124
110132,261861.74586289737
110135,261861.74586289737
110136,261861.74586289737
110137,261861.74586289737
110138,261861.74586289737
110139,261861.74586289737
110148,261861.74586289737
110150,250837.41260058424
110158,261861.74586289737
110160,259327.75502511236
110161,259327.75502511236
110180,210022.193534124
110223,259327.75502511236
110226,261861.74586289737
110236,259327.75502511236
110248,261861.74586289737
110295,259327.75502511236
110319,259327.75502511236
110327,210022.193534124
110330,249197.2420767368
110335,261861.74586289737
110345,210022.193534124
110348,259327.75502511236
110349,259327.75502511236
110351,259327.75502511236
110355,210022.193534124
110365,259327.75502511236
110380,259327.75502511236
110387,261861.74586289737
110392,261861.74586289737
110393,259327.75502511236
110403,259327.75502511236
110452,210022.193534124
110462,259327.75502511236
110538,259327.75502511236
110626,259327.75502511236
110628,259327.75502511236
110631,259327.75502511236
110642,261861.74586289737
110672,210022.193534124
110695,259327.75502511236
110698,259327.75502511236
110716,261861.74586289737
110725,261861.74586289737
110733,210022.193534124
110742,210022.193534124
110743,210022.193534124
110747,261861.74586289737
110758,261861.74586289737
110769,249197.2420767368
110780,259327.75502511236
110790,210022.193534124
110791,210022.193534124
110792,259327.75502511236
110795,210022.193534124
110796,259327.75502511236
110797,259327.75502511236
110798,259327.75502511236
110803,261861.74586289737
110807,259327.75502511236
110817,261861.74586289737
110824,210022.193534124
110854,261861.74586289737
110872,210022.193534124
110875,259327.75502511236
110883,210022.193534124
110902,259327.75502511236
110903,259327.75502511236
110912,210022.193534124
110914,261861.74586289737
110923,259327.75502511236
110934,261861.74586289737
110938,261861.74586289737
110939,261861.74586289737
110945,261861.74586289737
110948,261861.74586289737
110949,261861.74586289737
110964,259327.75502511236
110980,259327.75502511236
110983,259327.75502511236
110992,261861.74586289737
110993,261861.74586289737
110999,261861.74586289737
111000,261861.74586289737
111001,261861.74586289737
111003,261861.74586289737
111005,261861.74586289737
111008,261861.74586289737
111009,261861.74586289737
111014,259327.75502511236
111018,250837.41260058424
111023,259327.75502511236
111031,261861.74586289737
111035,261861.74586289737
111054,218435.00484227305
111059,261861.74586289737
111079,259327.75502511236
111113,261861.74586289737
111114,261861.74586289737
111117,261861.74586289737
111118,261861.74586289737
111119,261861.74586289737
111120,261861.74586289737
111122,261861.74586289737
111123,261861.74586289737
111124,261861.74586289737
111125,261861.74586289737
111127,261861.74586289737
111129,259327.75502511236
111143,210022.193534124
111147,261861.74586289737
111148,261861.74586289737
111166,259327.75502511236
111167,261861.74586289737
111168,261861.74586289737
111191,259327.75502511236
111196,210022.193534124
111197,210022.193534124
111199,259327.75502511236
111208,261861.74586289737
111216,259327.75502511236
111252,210022.193534124
111255,259327.75502511236
111319,261861.74586289737
111384,261861.74586289737
111386,210022.193534124
111388,261861.74586289737
111389,261861.74586289737
111394,259327.75502511236
111395,259327.75502511236
111435,259327.75502511236
111446,174346.44592636236
111457,259327.75502511236
111459,261861.74586289737
111463,261861.74586289737
111477,259327.75502511236
111496,259327.75502511236
111506,261861.74586289737
111507,259327.75502511236
111510,210022.193534124
111512,259327.75502511236
111523,259327.75502511236
111530,259327.75502511236
111531,250837.41260058424
111534,210022.193534124
111538,210022.193534124
111554,210022.193534124
111573,261861.74586289737
111590,261861.74586289737
111598,261861.74586289737
111608,261861.74586289737
111611,210022.193534124
111621,210022.193534124
111628,261861.74586289737
111629,261861.74586289737
111633,259327.75502511236
111636,261861.74586289737
111637,261861.74586289737
111658,261861.74586289737
111665,259327.75502511236
111697,261861.74586289737
111703,261861.74586289737
111774,259327.75502511236
111775,261861.74586289737
111820,259327.75502511236
111839,180325.72010736083
111846,261861.74586289737
111850,261861.74586289737
111856,259327.75502511236
111860,261861.74586289737
111865,176760.18050278866
111883,250837.41260058424
111884,250837.41260058424
111885,250837.41260058424
111894,250837.41260058424
111915,261861.74586289737
111924,259327.75502511236
111939,261861.74586289737
111954,259327.75502511236
111965,259327.75502511236
111970,261861.74586289737
111976,259327.75502511236
111987,261861.74586289737
111988,261861.74586289737
112051,259327.75502511236
112063,261861.74586289737
112068,259327.75502511236
112075,259327.75502511236
112157,261861.74586289737
112162,261861.74586289737
112163,261861.74586289737
112227,250837.41260058424
112230,261861.74586289737
112247,259327.75502511236
112271,259327.75502511236
112297,210022.193534124
112315,259327.75502511236
112335,217514.32026863287
112353,217514.32026863287
112355,409428.69718678435
112367,351655.4642751999
112375,225927.13157678192
112378,225927.13157678192
112388,292363.59465211834
112412,236867.2618050935
112424,363143.6766213541
112431,271703.0066635375
112465,217514.32026863287
112466,217514.32026863287
112474,217514.32026863287
112486,285902.9824247838
112510,352932.8287772548
112511,352932.8287772548
112512,292363.59465211834
112657,256689.36881124566
112663,256689.36881124566
112673,285902.9824247838
112680,351655.4642751999
112681,217514.32026863287
112694,409428.69718678435
112696,292363.59465211834
112713,292363.59465211834
112716,236867.2618050935
112718,236867.2618050935
112720,292363.59465211834
112726,292363.59465211834
112744,292363.59465211834
112748,292363.59465211834
112755,285902.9824247838
112757,409428.69718678435
112780,351655.4642751999
112793,508066.7927289898
112796,256689.36881124566
112816,229076.03229336598
112822,380940.66178368515
112823,380940.66178368515
112825,380940.66178368515
112828,426607.54829143075
112851,363143.6766213541
112872,295710.3474784301
112874,315062.3692682723
112921,363143.6766213541
112925,380940.66178368515
112926,292363.59465211834
112928,380940.66178368515
112929,380940.66178368515
112930,380940.66178368515
112933,363143.6766213541
112938,234829.81726523995
112960,292363.59465211834
112963,292363.59465211834
112970,292363.59465211834
112974,409428.69718678435
112986,352932.8287772548
112987,352932.8287772548
113022,292363.59465211834
113037,389804.99165763316
113109,292363.59465211834
113113,380940.66178368515
113114,380940.66178368515
113163,351655.4642751999
113169,352932.8287772548
113181,228990.01557532806
113206,351655.4642751999
113207,351655.4642751999
113230,352932.8287772548
113231,426607.54829143075
113246,352932.8287772548
113248,352932.8287772548
113313,217514.32026863287
113314,217514.32026863287
113315,217514.32026863287
113320,292363.59465211834
113322,292363.59465211834
113323,292363.59465211834
113326,292363.59465211834
113329,292363.59465211834
113465,315062.3692682723
113468,225927.13157678192
113478,292363.59465211834
113488,284260.31702737365
113491,217514.32026863287
113503,351655.4642751999
113552,222857.47986023477
113568,217514.32026863287
113608,292363.59465211834
113613,352932.8287772548
113616,285902.9824247838
113617,285902.9824247838
113630,292363.59465211834
113644,285902.9824247838
113645,285902.9824247838
113657,426607.54829143075
113662,426607.54829143075
113668,237254.343374942
113703,292363.59465211834
113704,292363.59465211834
113706,426607.54829143075
113711,352932.8287772548
113750,388527.62715557846
113752,351655.4642751999
113762,315062.3692682723
113804,380940.66178368515
113809,363143.6766213541
113813,352932.8287772548
113831,352932.8287772548
113871,271703.0066635375
113884,292363.59465211834
113888,351655.4642751999
113890,351655.4642751999
113909,236867.2618050935
113922,315062.3692682723
113950,380940.66178368515
113957,302415.2812766174
113995,238861.77664268448
114001,236867.2618050935
114002,236867.2618050935
114007,352932.8287772548
114030,292363.59465211834
114031,292363.59465211834
114139,352932.8287772548
114172,225927.13157678192
114187,284260.31702737365
114200,351655.4642751999
114204,352932.8287772548
114217,352932.8287772548
114242,278738.74355684855
114253,220767.78278482484
114266,292363.59465211834
114276,292363.59465211834
114334,292363.59465211834
114335,292363.59465211834
114336,292363.59465211834
114337,228990.01557532806
114377,236102.62503609728
114379,426607.54829143075
114396,380940.66178368515
114401,352932.8287772548
114405,352932.8287772548
114407,352932.8287772548
114431,380940.66178368515
114432,380940.66178368515
114440,292363.59465211834
114449,271703.0066635375
114454,292363.59465211834
114458,389804.99165763316
114461,292363.59465211834
114468,363143.6766213541
114560,292363.59465211834
114619,352932.8287772548
114634,351655.4642751999
114649,223035.89373915788
114650,217514.32026863287
114658,285902.9824247838
114661,380322.52772600064
114676,351655.4642751999
114684,363143.6766213541
114688,299545.1036566376
114690,302415.2812766174
114698,426607.54829143075
114702,292363.59465211834
114711,321832.95278814255
114717,292363.59465211834
114721,351655.4642751999
114728,275407.32711354416
114732,351655.4642751999
114736,278738.74355684855
114748,292363.59465211834
114764,426607.54829143075
114780,292363.59465211834
114781,217514.32026863287
114790,285902.9824247838
114804,292363.59465211834
114809,363143.6766213541
114812,241700.90672532909
114816,292363.59465211834
114839,285902.9824247838
114847,285902.9824247838
114884,363143.6766213541
114886,388527.62715557846
114887,388527.62715557846
114893,409428.69718678435
114904,137350.04229292905
114941,134620.04256881902
114950,137350.04229292905
114969,146871.74340232334
114993,137350.04229292905
114997,137350.04229292905
115004,147698.25398727527
115020,137350.04229292905
115025,137350.04229292905
115027,137350.04229292905
115078,137350.04229292905
115080,137350.04229292905
115081,137350.04229292905
115082,137350.04229292905
115085,137350.04229292905
115086,137350.04229292905
115087,137350.04229292905
115088,137350.04229292905
115093,146871.74340232334
115098,137350.04229292905
115099,137350.04229292905
115100,137350.04229292905
115178,134157.14683790103
115179,134157.14683790103
115181,134157.14683790103
115243,146871.74340232334
115261,137350.04229292905
115279,137350.04229292905
115316,137350.04229292905
115318,137350.04229292905
115360,137350.04229292905
115394,135269.40335905395
115403,137350.04229292905
115408,137350.04229292905
115412,134157.14683790103
115417,134157.14683790103
115418,137350.04229292905
115422,134157.14683790103
115479,147698.25398727527
115480,147698.25398727527
115481,147698.25398727527
115482,147698.25398727527
115483,147698.25398727527
115485,147698.25398727527
115488,147698.25398727527
115505,137350.04229292905
115506,137350.04229292905
115507,137350.04229292905
115508,137350.04229292905
115509,137350.04229292905
115510,137350.04229292905
115511,137350.04229292905
115512,137350.04229292905
115514,137350.04229292905
115515,137350.04229292905
115516,137350.04229292905
115517,137350.04229292905
115528,137350.04229292905
115536,137350.04229292905
115537,137350.04229292905
115538,137350.04229292905
115539,137350.04229292905
115541,137350.04229292905
115542,137350.04229292905
115543,137350.04229292905
115544,137350.04229292905
115545,137350.04229292905
115548,137350.04229292905
115551,137350.04229292905
115552,137350.04229292905
115553,137350.04229292905
115554,137350.04229292905
115555,137350.04229292905
115559,137350.04229292905
115597,137350.04229292905
115598,137350.04229292905
115642,137350.04229292905
115652,137350.04229292905
115780,137350.04229292905
115818,134157.14683790103
115896,134157.14683790103
115898,134157.14683790103
115900,134157.14683790103
115902,134157.14683790103
115910,147698.25398727527
115927,135269.40335905395
115980,147698.25398727527
115983,141136.9275406909
116008,137350.04229292905
116056,137350.04229292905
116064,137350.04229292905
116065,137350.04229292905
116066,137350.04229292905
116067,137350.04229292905
116068,137350.04229292905
116069,137350.04229292905
116071,137350.04229292905
116072,137350.04229292905
116094,137350.04229292905
116099,134157.14683790103
116105,137350.04229292905
116152,147698.25398727527
116154,147698.25398727527
116173,137350.04229292905
116174,137350.04229292905
116175,137350.04229292905
116176,137350.04229292905
116178,137350.04229292905
116179,137350.04229292905
116189,137350.04229292905
116190,137350.04229292905
116196,137350.04229292905
116197,137350.04229292905
116198,137350.04229292905
116199,137350.04229292905
116205,137350.04229292905
116269,137350.04229292905
116350,137350.04229292905
116434,137350.04229292905
116435,135269.40335905395
116446,137350.04229292905
116471,137350.04229292905
116501,137350.04229292905
116506,137350.04229292905
116507,137350.04229292905
116508,137350.04229292905
116509,137350.04229292905
116547,137350.04229292905
116562,137350.04229292905
116581,137350.04229292905
116634,137350.04229292905
116635,137350.04229292905
116661,137350.04229292905
116675,134620.04256881902
116690,137350.04229292905
116706,137350.04229292905
116787,134157.14683790103
116890,137350.04229292905
116909,137350.04229292905
116920,140796.558466232
116926,175304.13959601364
116932,141383.11330168307
116934,158819.1338836912
116937,145397.01800053054
116940,145397.01800053054
116941,145397.01800053054
116942,145397.01800053054
116944,145397.01800053054
116945,153419.4278881634
116947,145279.21976310265
116948,145279.21976310265
116950,155390.38444144942
116957,175304.13959601364
116958,175304.13959601364
116959,175304.13959601364
116960,143989.45392125996
116981,137812.93802384703
116988,143989.45392125996
116992,143989.45392125996
117046,175304.13959601364
117055,141383.11330168307
117076,140796.558466232
117077,140796.558466232
117078,140796.558466232
117093,151783.93364070944
117127,141383.11330168307
117128,141383.11330168307
117137,150986.60852496623
117140,175304.13959601364
117145,155390.38444144942
117174,153419.4278881634
117188,155390.38444144942
117201,175304.13959601364
117212,151783.93364070944
117216,141383.11330168307
117220,141383.11330168307
117222,141383.11330168307
117224,141383.11330168307
117225,141383.11330168307
117226,141383.11330168307
117227,140796.558466232
117232,141383.11330168307
117236,143989.45392125996
117238,151783.93364070944
117239,140796.558466232
117245,143989.45392125996
117246,175304.13959601364
117247,175304.13959601364
117253,175304.13959601364
117263,145279.21976310265
117265,158819.1338836912
117272,140796.558466232
117275,145959.0865066727
117278,137812.93802384703
117288,175304.13959601364
117290,143989.45392125996
117313,150608.6941692908
117317,143989.45392125996
117318,143989.45392125996
117325,143989.45392125996
117326,143989.45392125996
117328,143989.45392125996
117331,137812.93802384703
117333,137812.93802384703
117335,137812.93802384703
117345,137812.93802384703
117346,137812.93802384703
117349,140796.558466232
117359,141383.11330168307
117365,141383.11330168307
117374,177442.44067679901
117416,143989.45392125996
117511,141383.11330168307
117513,140796.558466232
117514,143989.45392125996
117589,141383.11330168307
117619,141383.11330168307
117632,150608.6941692908
117680,140796.558466232
117682,140796.558466232
117688,140796.558466232
117714,143989.45392125996
117716,138190.21784665505
117718,140796.558466232
117719,138190.21784665505
117746,143989.45392125996
117750,140796.558466232
117752,143989.45392125996
117759,178335.0823041696
117772,143989.45392125996
117777,155390.38444144942
117785,143989.45392125996
117788,143989.45392125996
117796,150182.19488403536
117797,156348.42815495728
117803,141383.11330168307
117808,143989.45392125996
117810,150608.6941692908
117821,175304.13959601364
117846,175304.13959601364
117847,175304.13959601364
117848,175304.13959601364
117849,175304.13959601364
117850,175304.13959601364
117851,175304.13959601364
117853,141002.84544437402
117875,150608.6941692908
117888,149650.65045578295
117900,136601.96437691516
117903,155892.1650854705
117906,143989.45392125996
117917,140796.558466232
117918,150608.6941692908
117919,150608.6941692908
117925,143989.45392125996
117927,150608.6941692908
117931,143989.45392125996
117935,149650.65045578295
117945,175304.13959601364
117953,153419.4278881634
117956,137812.93802384703
117964,143989.45392125996
117965,143989.45392125996
117966,143989.45392125996
117967,143989.45392125996
117968,143989.45392125996
117969,143989.45392125996
117970,143989.45392125996
117974,143989.45392125996
117984,143989.45392125996
117999,140796.558466232
118001,175304.13959601364
118006,143989.45392125996
118010,149650.65045578295
118020,175304.13959601364
118023,156851.4104563619
118027,140796.558466232
118030,149650.65045578295
118048,141383.11330168307
118049,143989.45392125996
118056,143989.45392125996
118060,151783.93364070944
118061,143989.45392125996
118062,177442.44067679901
118067,140796.558466232
118091,141383.11330168307
118094,141383.11330168307
118095,140796.558466232
118096,141383.11330168307
118097,141383.11330168307
118098,141383.11330168307
118099,140796.558466232
118100,141383.11330168307
118101,141383.11330168307
118104,143989.45392125996
118109,137350.04229292905
118116,141383.11330168307
118118,141383.11330168307
118125,175304.13959601364
118126,175304.13959601364
118130,175304.13959601364
118132,175304.13959601364
118133,175304.13959601364
118141,175304.13959601364
118148,145279.21976310265
118149,145279.21976310265
118151,140796.558466232
118157,156348.42815495728
118163,141908.81498738492
118165,144212.61607027525
118168,175304.13959601364
118169,175304.13959601364
118170,175304.13959601364
118178,175304.13959601364
118180,150608.6941692908
118182,150608.6941692908
118186,143741.79992206822
118192,155390.38444144942
118196,140796.558466232
118198,150037.463204312
118209,141908.81498738492
118218,143989.45392125996
118229,137812.93802384703
118230,137812.93802384703
118244,141383.11330168307
118250,140796.558466232
118255,177442.44067679901
118316,143989.45392125996
118319,141383.11330168307
118320,141383.11330168307
118323,177442.44067679901
118437,177442.44067679901
118449,158819.1338836912
118461,156348.42815495728
118491,140796.558466232
118511,140796.558466232
118533,136601.96437691516
118555,142629.5434009153
118562,141383.11330168307
118575,143989.45392125996
118578,156851.4104563619
118589,143989.45392125996
118590,143989.45392125996
118612,143989.45392125996
118617,143989.45392125996
118627,142629.5434009153
118637,143989.45392125996
118646,140796.558466232
118647,140796.558466232
118650,151783.93364070944
118659,156348.42815495728
118668,175304.13959601364
118669,137812.93802384703
118701,140796.558466232
118704,175304.13959601364
118826,140796.558466232
118866,159140.1350633096
118867,143989.45392125996
118869,143989.45392125996
118870,141383.11330168307
118871,141383.11330168307
118872,141383.11330168307
118881,158362.87081420442
118893,175304.13959601364
118894,143989.45392125996
118897,175304.13959601364
118899,143989.45392125996
118908,143989.45392125996
118923,155390.38444144942
118944,150608.6941692908
118965,175304.13959601364
118987,156348.42815495728
119087,143989.45392125996
119092,149650.65045578295
119098,175304.13959601364
119099,175304.13959601364
119143,140796.558466232
119180,143989.45392125996
119190,140796.558466232
119207,137812.93802384703
119217,175304.13959601364
119236,178335.0823041696
119246,178335.0823041696
119247,194014.87234461057
119248,155599.60496811132
119251,177442.44067679901
119252,177442.44067679901
119255,178335.0823041696
119259,178335.0823041696
119262,259327.75502511236
119264,178335.0823041696
119275,178335.0823041696
119284,178335.0823041696
119285,178335.0823041696
119291,177442.44067679901
119294,177442.44067679901
119305,177442.44067679901
119306,177670.27601942446
119311,259327.75502511236
119326,151783.93364070944
119328,178335.0823041696
119334,178335.0823041696
119338,178335.0823041696
119341,178335.0823041696
119343,175041.05553487848
119345,177442.44067679901
119346,177442.44067679901
119348,177442.44067679901
119351,178335.0823041696
119374,178335.0823041696
119389,154510.25007842827
119397,154510.25007842827
119398,154510.25007842827
119401,154510.25007842827
119402,178335.0823041696
119403,154510.25007842827
119406,178335.0823041696
119446,156851.4104563619
119505,154510.25007842827
119514,154510.25007842827
119515,154510.25007842827
119516,154510.25007842827
119529,177442.44067679901
119549,154510.25007842827
119561,177442.44067679901
119562,162322.55743638842
119567,154510.25007842827
119572,259327.75502511236
119573,178335.0823041696
119574,178335.0823041696
119575,178335.0823041696
119590,178335.0823041696
119591,178335.0823041696
119605,257207.3631875921
119606,257207.3631875921
119608,259327.75502511236
119609,259327.75502511236
119611,259327.75502511236
119613,259327.75502511236
119621,178335.0823041696
119637,259327.75502511236
119641,178335.0823041696
119647,178335.0823041696
119648,178335.0823041696
119649,178335.0823041696
119650,259327.75502511236
119656,178335.0823041696
119657,178335.0823041696
119658,178335.0823041696
119673,177442.44067679901
119676,177442.44067679901
119680,177442.44067679901
119683,178335.0823041696
119685,259327.75502511236
119703,259327.75502511236
119709,178335.0823041696
119712,178335.0823041696
119724,178335.0823041696
119731,178335.0823041696
119733,178335.0823041696
119735,178335.0823041696
119748,177670.27601942446
119750,177670.27601942446
119754,178335.0823041696
119759,178335.0823041696
119765,192984.6627834451
119768,178335.0823041696
119770,178335.0823041696
119771,178335.0823041696
119792,178335.0823041696
119794,178335.0823041696
119796,178335.0823041696
119798,153073.69948255213
119804,178335.0823041696
119809,178335.0823041696
119811,153073.69948255213
119813,178335.0823041696
119821,178335.0823041696
119824,178335.0823041696
119825,178335.0823041696
119826,178335.0823041696
119830,178335.0823041696
119831,178335.0823041696
119832,178335.0823041696
119833,178335.0823041696
119834,178335.0823041696
119835,178335.0823041696
119842,178335.0823041696
119847,156851.4104563619
119848,178335.0823041696
119857,178335.0823041696
119871,178335.0823041696
119872,178335.0823041696
119873,178335.0823041696
119876,178335.0823041696
119884,259327.75502511236
119931,178335.0823041696
119932,178335.0823041696
119933,178335.0823041696
119934,178335.0823041696
119937,178335.0823041696
119938,178335.0823041696
119939,178335.0823041696
119944,178335.0823041696
120014,156851.4104563619
120072,178335.0823041696
120077,178335.0823041696
120105,178335.0823041696
120107,178335.0823041696
120111,178335.0823041696
120124,156851.4104563619
120132,259327.75502511236
120133,154510.25007842827
120141,178335.0823041696
120165,259327.75502511236
120166,259327.75502511236
120169,178335.0823041696
120176,194014.87234461057
120177,194014.87234461057
120180,178335.0823041696
120181,178335.0823041696
120193,178335.0823041696
120194,178335.0823041696
120196,178335.0823041696
120205,178335.0823041696
120206,178335.0823041696
120207,259327.75502511236
120208,259327.75502511236
120218,194014.87234461057
120223,259327.75502511236
120231,156851.4104563619
120261,178335.0823041696
120262,178335.0823041696
120263,178335.0823041696
120269,178335.0823041696
120273,178335.0823041696
120279,178335.0823041696
120295,156851.4104563619
120298,259327.75502511236
120302,177670.27601942446
120304,177670.27601942446
120305,177670.27601942446
120306,177670.27601942446
120311,177670.27601942446
120312,177670.27601942446
120314,178335.0823041696
120320,177442.44067679901
120326,178335.0823041696
120327,151783.93364070944
120337,151783.93364070944
120338,151783.93364070944
120339,151783.93364070944
120348,178335.0823041696
120349,178335.0823041696
120350,178335.0823041696
120363,153073.69948255213
120365,178335.0823041696
120371,177442.44067679901
120372,177442.44067679901
120378,259327.75502511236
120381,259327.75502511236
120383,178335.0823041696
120385,176673.38002029902
120414,154510.25007842827
120415,154510.25007842827
120417,178335.0823041696
120419,178335.0823041696
120421,178335.0823041696
120499,160462.91206660046
120500,169220.5645903942
120501,259327.75502511236
120515,178335.0823041696
120516,178335.0823041696
120545,178335.0823041696
120548,178335.0823041696
120561,178335.0823041696
120562,178335.0823041696
120564,178335.0823041696
120569,259327.75502511236
120590,259327.75502511236
120591,259327.75502511236
120592,154510.25007842827
120593,178335.0823041696
120596,178335.0823041696
120597,151783.93364070944
120608,178335.0823041696
120609,178335.0823041696
120614,259327.75502511236
120615,259327.75502511236
120616,259327.75502511236
120629,259327.75502511236
120642,194014.87234461057
120643,178335.0823041696
120646,194014.87234461057
120672,259327.75502511236
120675,155599.60496811132
120676,178335.0823041696
120678,259327.75502511236
120687,178335.0823041696
120688,178335.0823041696
120689,178335.0823041696
120691,178335.0823041696
120692,178335.0823041696
120702,178335.0823041696
120715,177670.27601942446
120720,177670.27601942446
120735,259327.75502511236
120743,177442.44067679901
120744,259327.75502511236
120745,178335.0823041696
120749,178335.0823041696
120756,162322.55743638842
120769,178335.0823041696
120803,177442.44067679901
120810,178335.0823041696
120822,178335.0823041696
120832,194014.87234461057
120833,194014.87234461057
120844,259327.75502511236
120851,178335.0823041696
120886,178335.0823041696
120887,178335.0823041696
120895,259327.75502511236
120903,177442.44067679901
120905,178335.0823041696
120906,178335.0823041696
120910,259327.75502511236
120916,178335.0823041696
120918,178335.0823041696
120920,178335.0823041696
120922,178335.0823041696
120924,178335.0823041696
120925,178335.0823041696
120926,178335.0823041696
120960,178335.0823041696
120970,178335.0823041696
120976,178335.0823041696
121014,259327.75502511236
121019,259327.75502511236
121021,178335.0823041696
121025,259327.75502511236
121030,210022.193534124
121038,210022.193534124
121041,212783.72874948315
121042,217514.32026863287
121043,217514.32026863287
121045,217514.32026863287
121046,217514.32026863287
121047,217514.32026863287
121048,217514.32026863287
121049,217514.32026863287
121050,217514.32026863287
121051,217514.32026863287
121061,212783.72874948315
121062,212783.72874948315
121064,212783.72874948315
121068,212783.72874948315
121070,212783.72874948315
121085,212783.72874948315
121097,210022.193534124
121150,212783.72874948315
121158,212783.72874948315
121159,210022.193534124
121169,212783.72874948315
121172,210022.193534124
121187,212783.72874948315
121189,215499.2419644573
121192,212783.72874948315
121193,212783.72874948315
121195,215499.2419644573
121204,212783.72874948315
121208,211506.85815752723
121210,212783.72874948315
121219,217514.32026863287
121224,212783.72874948315
121235,217514.32026863287
121236,217514.32026863287
121238,217514.32026863287
121239,217514.32026863287
121240,217514.32026863287
121241,217514.32026863287
121242,217514.32026863287
121243,217514.32026863287
121244,212783.72874948315
121246,212783.72874948315
121249,210022.193534124
121251,212783.72874948315
121256,215499.2419644573
121257,215499.2419644573
121258,215499.2419644573
121264,212783.72874948315
121265,212783.72874948315
121270,217514.32026863287
121274,210022.193534124
121280,215499.2419644573
121282,217514.32026863287
121283,212783.72874948315
121286,212783.72874948315
121295,217514.32026863287
121296,210022.193534124
121299,210022.193534124
121300,212783.72874948315
121301,212783.72874948315
121307,210022.193534124
121308,211506.85815752723
121311,217514.32026863287
121315,212783.72874948315
121320,210022.193534124
121321,217514.32026863287
121323,212783.72874948315
121324,212783.72874948315
121331,212783.72874948315
121333,212783.72874948315
121335,212783.72874948315
121337,210022.193534124
121338,210022.193534124
121339,210022.193534124
121343,211506.85815752723
121346,212783.72874948315
121347,212783.72874948315
121348,212783.72874948315
121350,212783.72874948315
121351,212783.72874948315
121352,212783.72874948315
121364,212783.72874948315
121365,212783.72874948315
121373,212783.72874948315
121375,211506.85815752723
121376,210022.193534124
121377,212783.72874948315
121385,212783.72874948315
121397,210022.193534124
121400,212783.72874948315
121402,212783.72874948315
121408,212783.72874948315
121444,210022.193534124
121452,210022.193534124
121455,212783.72874948315
121538,212783.72874948315
121544,210022.193534124
121597,212783.72874948315
121647,210022.193534124
121688,210022.193534124
121697,210022.193534124
121707,212783.72874948315
121708,212783.72874948315
121710,210022.193534124
121716,210022.193534124
121723,210022.193534124
121739,210022.193534124
121742,210022.193534124
121746,210022.193534124
121751,212783.72874948315
121756,215499.2419644573
121757,214217.0921607992
121765,215499.2419644573
121766,215499.2419644573
121767,215499.2419644573
121771,217514.32026863287
121777,212783.72874948315
121781,210022.193534124
121787,212783.72874948315
121788,210022.193534124
121793,217514.32026863287
121802,210022.193534124
121807,212783.72874948315
121822,217514.32026863287
121824,212783.72874948315
121825,212783.72874948315
121826,212783.72874948315
121829,210022.193534124
121843,212783.72874948315
121847,215499.2419644573
121848,215499.2419644573
121849,217514.32026863287
121850,217514.32026863287
121854,212783.72874948315
121857,212783.72874948315
121868,212783.72874948315
121878,217514.32026863287
121884,210022.193534124
121892,212783.72874948315
121899,210022.193534124
121900,210022.193534124
121901,210022.193534124
121909,217514.32026863287
121923,212783.72874948315
121927,212783.72874948315
121930,212783.72874948315
121932,212783.72874948315
121935,212783.72874948315
121941,212783.72874948315
121944,212783.72874948315
121948,212783.72874948315
121954,210022.193534124
121964,215499.2419644573
121966,212783.72874948315
121970,210022.193534124
121984,212783.72874948315
121993,212783.72874948315
122033,210022.193534124
122036,212783.72874948315
122044,210022.193534124
122165,217514.32026863287
122166,217514.32026863287
122167,212783.72874948315
122168,212783.72874948315
122169,212783.72874948315
122195,212783.72874948315
122197,215499.2419644573
122214,210022.193534124
122219,211506.85815752723
122225,215499.2419644573
122241,212783.72874948315
122249,212783.72874948315
122262,210022.193534124
122277,212783.72874948315
122282,210022.193534124
122294,212783.72874948315
122299,211506.85815752723
122302,210022.193534124
122311,212783.72874948315
122313,212783.72874948315
122315,211506.85815752723
122318,210022.193534124
122321,210022.193534124
122322,210022.193534124
122323,212783.72874948315
122330,212783.72874948315
122331,212783.72874948315
122332,212783.72874948315
122333,212783.72874948315
122337,210022.193534124
122340,212783.72874948315
122347,211506.85815752723
122350,212783.72874948315
122351,214217.0921607992
122362,212783.72874948315
122370,215499.2419644573
122371,215499.2419644573
122373,215499.2419644573
122377,215499.2419644573
122382,215499.2419644573
122398,212783.72874948315
122404,217514.32026863287
122405,212783.72874948315
122410,215499.2419644573
122411,210022.193534124
122412,212783.72874948315
122434,210022.193534124
122442,210022.193534124
122454,212783.72874948315
122458,212783.72874948315
122459,212783.72874948315
122467,212783.72874948315
122472,212783.72874948315
122474,212783.72874948315
122475,210022.193534124
122500,210022.193534124
122559,210022.193534124
122560,212783.72874948315
122561,212783.72874948315
122586,212783.72874948315
122599,212783.72874948315
122602,210022.193534124
122614,212783.72874948315
122616,212783.72874948315
122622,210022.193534124
122637,215499.2419644573
122644,215499.2419644573
122647,212783.72874948315
122665,215499.2419644573
122667,215499.2419644573
122669,212783.72874948315
122687,212783.72874948315
122695,212783.72874948315
122699,212783.72874948315
122701,212783.72874948315
122703,212783.72874948315
122744,210022.193534124
122752,212783.72874948315
122762,210022.193534124
122768,212783.72874948315
122783,212783.72874948315
122784,212783.72874948315
122787,212783.72874948315
122788,212783.72874948315
122792,210022.193534124
122881,212783.72874948315
122882,212783.72874948315
122900,173453.80429899172
122901,173453.80429899172
122902,173453.80429899172
122903,173453.80429899172
122904,173453.80429899172
122909,176673.38002029902
122927,175867.53887541805
122928,175867.53887541805
122929,175867.53887541805
122932,175867.53887541805
122934,175867.53887541805
122935,175867.53887541805
122947,175867.53887541805
122969,176673.38002029902
122987,176673.38002029902
123070,176673.38002029902
123079,176673.38002029902
123083,176673.38002029902
123092,173453.80429899172
123093,173453.80429899172
123094,173453.80429899172
123095,173453.80429899172
123129,173453.80429899172
123153,176673.38002029902
123165,173453.80429899172
123176,176673.38002029902
123196,176673.38002029902
123248,173453.80429899172
123310,175867.53887541805
123311,175867.53887541805
123312,175867.53887541805
123323,175867.53887541805
123325,175867.53887541805
123326,175867.53887541805
123327,175867.53887541805
123328,175867.53887541805
123331,175867.53887541805
123335,175867.53887541805
123338,175867.53887541805
123400,173453.80429899172
123480,177442.44067679901
123558,173453.80429899172
123572,176673.38002029902
123576,173453.80429899172
123579,176673.38002029902
123580,176673.38002029902
123588,173453.80429899172
123592,173453.80429899172
123595,176673.38002029902
123605,175867.53887541805
123612,176673.38002029902
123620,173453.80429899172
123623,173453.80429899172
123624,173453.80429899172
123657,173453.80429899172
123658,173453.80429899172
123686,173453.80429899172
123734,176673.38002029902
123749,173453.80429899172
123759,173453.80429899172
123760,176673.38002029902
123767,177442.44067679901
123768,177442.44067679901
123808,173453.80429899172
123815,176673.38002029902
123825,173453.80429899172
123835,177442.44067679901
123868,175867.53887541805
123869,175867.53887541805
123870,175867.53887541805
123874,175867.53887541805
123877,175867.53887541805
123892,177442.44067679901
123898,173453.80429899172
123900,177442.44067679901
123903,176673.38002029902
123905,176673.38002029902
124032,176673.38002029902
124034,173453.80429899172
124036,176673.38002029902
124038,176673.38002029902
124039,176673.38002029902
124044,176673.38002029902
124059,173453.80429899172
124070,173453.80429899172
124071,173453.80429899172
124072,173453.80429899172
124073,173453.80429899172
124074,173453.80429899172
124094,173453.80429899172
124096,176673.38002029902
124109,176673.38002029902
124118,176673.38002029902
124125,175867.53887541805
124138,176673.38002029902
124178,176673.38002029902
124187,176673.38002029902
124197,177442.44067679901
124213,176673.38002029902
124214,175867.53887541805
124228,176673.38002029902
124263,173453.80429899172
124339,177442.44067679901
124357,177442.44067679901
124364,177442.44067679901
124380,177442.44067679901
124392,173453.80429899172
124494,173453.80429899172
124500,176673.38002029902
124536,176673.38002029902
124537,176673.38002029902
124540,177442.44067679901
124548,176673.38002029902
124597,176673.38002029902
124642,177442.44067679901
124646,176673.38002029902
124648,176673.38002029902
124662,175867.53887541805
124688,264623.2810782565
124693,251958.77729209594
124707,264623.2810782565
124714,261861.74586289737
124716,264623.2810782565
124731,263346.4104863006
124737,267338.79429323063
124747,264623.2810782565
124759,261861.74586289737
124777,264623.2810782565
124787,264623.2810782565
124796,261861.74586289737
124799,264623.2810782565
124813,261861.74586289737
124819,264623.2810782565
124894,264623.2810782565
124915,264623.2810782565
124962,264623.2810782565
124978,264623.2810782565
124993,264623.2810782565
125005,264623.2810782565
125014,261861.74586289737
125016,264623.2810782565
125020,264623.2810782565
125023,261861.74586289737
125027,264623.2810782565
125044,264623.2810782565
125045,264623.2810782565
125046,261861.74586289737
125050,264623.2810782565
125072,264623.2810782565
125073,264623.2810782565
125086,261861.74586289737
125100,267338.79429323063
125117,264623.2810782565
125118,264623.2810782565
125120,264623.2810782565
125125,261861.74586289737
125130,264623.2810782565
125134,264623.2810782565
125136,264623.2810782565
125141,264623.2810782565
125188,267338.79429323063
125200,264623.2810782565
125203,264623.2810782565
125204,264623.2810782565
125275,261861.74586289737
125291,264623.2810782565
125317,264623.2810782565
125332,264623.2810782565
125345,264623.2810782565
125351,264623.2810782565
125357,264623.2810782565
125359,261861.74586289737
125375,264623.2810782565
125380,264623.2810782565
125404,261861.74586289737
125406,267338.79429323063
125422,264623.2810782565
125431,264623.2810782565
125433,253598.9478159434
125434,261861.74586289737
125435,261861.74586289737
125444,267338.79429323063
125466,264623.2810782565
125506,267338.79429323063
125546,263346.4104863006
125554,267338.79429323063
125568,261861.74586289737
125569,261861.74586289737
125573,264623.2810782565
125579,264623.2810782565
125581,261861.74586289737
125583,264623.2810782565
125587,249197.2420767368
125596,249197.2420767368
125618,264623.2810782565
125621,264623.2810782565
125632,261861.74586289737
125639,267338.79429323063
125642,264623.2810782565
125645,261861.74586289737
125694,264623.2810782565
125695,267338.79429323063
125696,267338.79429323063
125714,261861.74586289737
125716,267338.79429323063
125727,261861.74586289737
125734,257947.1707898197
125736,263346.4104863006
125739,264623.2810782565
125744,267338.79429323063
125756,264623.2810782565
125764,267338.79429323063
125766,264623.2810782565
125776,264623.2810782565
125777,264623.2810782565
125783,264623.2810782565
125784,264623.2810782565
125791,264623.2810782565
125822,267338.79429323063
125824,264623.2810782565
125828,249197.2420767368
125829,250837.41260058424
125841,264623.2810782565
309591,258329.53933509317
309611,223035.89373915788
309613,267338.79429323063
309658,269353.87259740627
309661,269353.87259740627
309667,269353.87259740627
309669,269353.87259740627
309678,250681.90670014
309692,269353.87259740627
309700,217514.32026863287
309707,269353.87259740627
309714,269353.87259740627
309731,254674.29050707008
309734,217514.32026863287
309735,256689.36881124566
309770,334522.9682054228
309817,261861.74586289737
309819,211506.85815752723
320845,261861.74586289737
320872,261861.74586289737
320929,261861.74586289737
320931,261861.74586289737
320932,261861.74586289737
320937,261861.74586289737
320938,261861.74586289737
320940,261861.74586289737
320948,261861.74586289737
320950,261861.74586289737
320954,261861.74586289737
320969,263346.4104863006
320974,263346.4104863006
320998,261861.74586289737
321002,261861.74586289737
321004,261861.74586289737
321023,259327.75502511236
321055,261861.74586289737
321067,261861.74586289737
321080,261861.74586289737
321083,261861.74586289737
321122,261861.74586289737
321127,261861.74586289737
321128,261861.74586289737
321229,261861.74586289737
321231,261861.74586289737
321249,261861.74586289737
321250,261861.74586289737
321258,261861.74586289737
321259,261861.74586289737
321260,261861.74586289737
321262,261861.74586289737
321270,261861.74586289737
321272,261861.74586289737
321278,264623.2810782565
321286,261861.74586289737
321288,261861.74586289737
321289,261861.74586289737
321307,261861.74586289737
321311,261861.74586289737
321316,261861.74586289737
321317,261861.74586289737
321318,261861.74586289737
321319,261861.74586289737
321321,261861.74586289737
321322,261861.74586289737
321323,261861.74586289737
321324,261861.74586289737
321340,263346.4104863006
321346,263346.4104863006
321352,261861.74586289737
321392,261861.74586289737
321393,261861.74586289737
321399,261861.74586289737
321407,261861.74586289737
321428,263346.4104863006
321429,261861.74586289737
321431,261861.74586289737
321455,261861.74586289737
321463,261861.74586289737
321480,263346.4104863006
321540,261861.74586289737
321551,261861.74586289737
321559,261861.74586289737
321561,261861.74586289737
321567,263346.4104863006
321568,261861.74586289737
321570,261861.74586289737
321573,261861.74586289737
321574,261861.74586289737
321575,261861.74586289737
321577,261861.74586289737
321581,261861.74586289737
321582,261861.74586289737
321583,261861.74586289737
321595,261861.74586289737
321616,261861.74586289737
321656,263346.4104863006
321674,263346.4104863006
321677,261861.74586289737
321730,261861.74586289737
321734,261861.74586289737
321736,261861.74586289737
321737,261861.74586289737
321739,259327.75502511236
321747,264623.2810782565
321749,261861.74586289737
321757,263346.4104863006
321758,263346.4104863006
321762,261861.74586289737
321817,261861.74586289737
321831,261861.74586289737
321834,261861.74586289737
321874,261861.74586289737
321877,261861.74586289737
321883,261861.74586289737
321903,261861.74586289737
321918,261861.74586289737
321940,261861.74586289737
321942,261861.74586289737
321949,314828.00633115444
321950,319946.1518236306
321960,306204.26679593
321961,306204.26679593
321965,259327.75502511236
321975,339352.36570918444
321980,321378.4875377594
321989,259327.75502511236
321990,339352.36570918444
322003,151783.93364070944
322025,259327.75502511236
322027,328144.47151926893
322029,319946.1518236306
322038,339352.36570918444
322041,366397.84102396993
322042,334730.99475224456
322045,325610.4806814839
322046,325610.4806814839
322092,259327.75502511236
322107,319946.1518236306
322110,334730.99475224456
322111,259327.75502511236
322112,259327.75502511236
322114,259327.75502511236
322115,259327.75502511236
322116,319946.1518236306
322119,259327.75502511236
322121,339352.36570918444
322132,325610.4806814839
322133,325610.4806814839
322144,339352.36570918444
322156,340784.70142331324
322181,151783.93364070944
322197,319946.1518236306
322220,366397.84102396993
322244,259327.75502511236
322256,259327.75502511236
322271,325610.4806814839
322281,314828.00633115444
322300,306204.26679593
322304,306204.26679593
322310,151783.93364070944
322330,319946.1518236306
322332,319946.1518236306
322335,259327.75502511236
322339,259327.75502511236
322360,339352.36570918444
322362,259327.75502511236
322436,340784.70142331324
322445,334730.99475224456
322476,366397.84102396993
322494,151737.834280878
322500,259327.75502511236
322501,259327.75502511236
322505,259327.75502511236
322517,319946.1518236306
322518,334730.99475224456
322526,366397.84102396993
322527,319946.1518236306
322531,321378.4875377594
322533,339352.36570918444
322534,353743.44290290616
322536,353743.44290290616
322548,259327.75502511236
322553,259327.75502511236
322579,334730.99475224456
322583,339352.36570918444
322591,366397.84102396993
322610,319946.1518236306
322620,259327.75502511236
322630,259327.75502511236
322645,261861.74586289737
322651,334730.99475224456
322653,339352.36570918444
322671,339352.36570918444
322695,304654.13419745606
322712,321378.4875377594
322715,150037.463204312
322732,259327.75502511236
322741,306204.26679593
322744,339352.36570918444
322757,325610.4806814839
322769,319946.1518236306
322786,259327.75502511236
322789,341886.3565469695
322800,175887.18243801955
322807,151783.93364070944
322808,259327.75502511236
322810,339352.36570918444
322816,319946.1518236306
322833,325610.4806814839
322871,259327.75502511236
322980,259327.75502511236
322981,319946.1518236306
322983,259327.75502511236
322984,259327.75502511236
322985,259327.75502511236
322986,259327.75502511236
322987,259327.75502511236
322990,259327.75502511236
323000,259327.75502511236
323002,261861.74586289737
323011,325610.4806814839
323013,366397.84102396993
323017,353743.44290290616
323032,259327.75502511236
323066,259327.75502511236
323069,339352.36570918444
323077,339352.36570918444
323085,319946.1518236306
323088,328144.47151926893
323101,339352.36570918444
323102,319946.1518236306
323122,319946.1518236306
323169,151783.93364070944
323189,259327.75502511236
323192,151783.93364070944
323194,259327.75502511236
323197,339352.36570918444
323198,259327.75502511236
323233,339352.36570918444
323254,261861.74586289737
323308,321378.4875377594
323310,325610.4806814839
323318,259327.75502511236
323325,319946.1518236306
323330,339352.36570918444
323339,304654.13419745606
323342,319946.1518236306
323349,259327.75502511236
323382,151783.93364070944
323396,339352.36570918444
323403,319946.1518236306
323412,339352.36570918444
323413,259327.75502511236
323421,334730.99475224456
323425,151783.93364070944
323433,340784.70142331324
323434,174140.7120016221
323446,259327.75502511236
323459,259327.75502511236
323487,259327.75502511236
323518,340784.70142331324
323536,259327.75502511236
323549,321378.4875377594
323552,259327.75502511236
323608,259327.75502511236
323617,259327.75502511236
323622,366397.84102396993
323629,339352.36570918444
323656,261861.74586289737
323664,151783.93364070944
323668,339352.36570918444
323678,259327.75502511236
323703,259327.75502511236
323710,319946.1518236306
323722,334730.99475224456
323723,366397.84102396993
323780,259327.75502511236
323792,259327.75502511236
323831,261861.74586289737
323894,412121.58326954977
323911,259327.75502511236
323917,259327.75502511236
323926,259327.75502511236
323944,259327.75502511236
324001,259327.75502511236
324006,259327.75502511236
324023,259327.75502511236
324032,259327.75502511236
324058,261861.74586289737
324078,261861.74586289737
324079,259327.75502511236
324118,259327.75502511236
324146,259327.75502511236
324152,259327.75502511236
324158,525335.7790237194
324160,485094.7204725582
324236,504358.28957201674
324287,739228.1891276543
324306,676628.0390789963
324371,695235.3971680772
324381,353743.44290290616
324395,469832.8520415638
324415,664017.4867770367
324417,479249.2842798595
324418,479249.2842798595
324454,356277.4337406912
324455,356277.4337406912
324497,353743.44290290616
324557,695235.3971680772
324596,525335.7790237194
324605,664017.4867770367
324608,739228.1891276543
324616,353743.44290290616
324628,695235.3971680772
324634,676628.0390789963
324666,353743.44290290616
324716,469832.8520415638
324721,645410.1286879558
324723,510073.9105927248
324784,485094.7204725582
324797,676628.0390789963
324814,368931.83186175505
324819,353743.44290290616
324846,664017.4867770367
324904,552875.6855197347
324941,525335.7790237194
325010,664017.4867770367
325044,695235.3971680772
325045,368931.83186175505
695288,177442.44067679901
695340,140796.558466232
695354,149849.58602130308
695495,145828.0741290442
695510,137350.04229292905
695519,334522.9682054228
695520,334522.9682054228
695565,177442.44067679901
695596,177442.44067679901
695610,177442.44067679901
695611,177442.44067679901
695614,177442.44067679901
695615,177442.44067679901
695631,173616.75042731166
695794,259327.75502511236
695813,217514.32026863287
695828,261861.74586289737
695877,261861.74586289737
696061,217514.32026863287
696119,217514.32026863287
696129,360807.30758286215
696183,210022.193534124
696223,334522.9682054228
696268,178335.0823041696
696269,178335.0823041696
696272,178335.0823041696
696273,178335.0823041696
696329,178335.0823041696
696334,178335.0823041696
696336,178335.0823041696
696337,178335.0823041696
696338,178335.0823041696
696339,178335.0823041696
696340,178335.0823041696
696352,178335.0823041696
696357,178335.0823041696
696508,210022.193534124
696512,210022.193534124
696609,210022.193534124
696610,210022.193534124
696645,173453.80429899172
712644,220398.41915010836
712653,220398.41915010836
712676,220398.41915010836
712685,220398.41915010836
712690,220398.41915010836
712692,220398.41915010836
712748,220398.41915010836
712750,220398.41915010836
712751,220398.41915010836
712768,220398.41915010836
712776,220398.41915010836
712780,220398.41915010836
712788,220398.41915010836
712794,220398.41915010836
712816,220398.41915010836
712817,220398.41915010836
712818,220398.41915010836
712823,220398.41915010836
712835,220398.41915010836
712852,220398.41915010836
712858,220398.41915010836
712871,220398.41915010836
712880,220398.41915010836
712881,220398.41915010836
712890,220398.41915010836
712901,220398.41915010836
712917,220398.41915010836
712999,220398.41915010836
713027,220398.41915010836
713050,220398.41915010836
713084,220398.41915010836
713098,220398.41915010836
713109,220398.41915010836
713127,220398.41915010836
713151,220398.41915010836
713157,220398.41915010836
713159,220398.41915010836
713160,220398.41915010836
713169,220398.41915010836
713182,220398.41915010836
713190,220398.41915010836
713192,220398.41915010836
713197,220398.41915010836
713213,220398.41915010836
713216,220398.41915010836
713247,220398.41915010836
713251,220398.41915010836
713264,220398.41915010836
713309,220398.41915010836
713319,220398.41915010836
713341,220398.41915010836
713350,220398.41915010836
713375,220398.41915010836
713391,220398.41915010836
713394,220398.41915010836
713420,220398.41915010836
713421,220398.41915010836
713429,220398.41915010836
713432,220398.41915010836
713434,220398.41915010836
713437,220398.41915010836
713469,220398.41915010836
713476,220398.41915010836
713477,220398.41915010836
713501,220398.41915010836
713507,220398.41915010836
713536,220398.41915010836
713544,220398.41915010836
713560,220398.41915010836
713580,220398.41915010836
713651,220398.41915010836
713656,220398.41915010836
713740,220398.41915010836
713800,220398.41915010836
713801,220398.41915010836
713806,220398.41915010836
713820,220398.41915010836
713823,220398.41915010836
713847,220398.41915010836
713864,220398.41915010836
713866,220398.41915010836
713868,220398.41915010836
713878,220398.41915010836
713881,220398.41915010836
713897,220398.41915010836
713934,220398.41915010836
713939,220398.41915010836
713950,220398.41915010836
713991,220398.41915010836
713993,220398.41915010836
714003,220398.41915010836
714017,220398.41915010836
714021,220398.41915010836
714026,220398.41915010836
714064,220398.41915010836
714174,220398.41915010836
714196,220398.41915010836
714262,220398.41915010836
714353,220398.41915010836
714369,220398.41915010836
714374,220398.41915010836
714385,220398.41915010836
714393,220398.41915010836
714398,220398.41915010836
714412,220398.41915010836
714415,220398.41915010836
714417,220398.41915010836
714430,220398.41915010836
714507,220398.41915010836
714555,220398.41915010836
714586,220398.41915010836
714587,220398.41915010836
714609,220398.41915010836
714636,220398.41915010836
714676,220398.41915010836
714689,220398.41915010836
714713,220398.41915010836
714721,220398.41915010836
714725,220398.41915010836
714774,220398.41915010836
714784,220398.41915010836
714821,220398.41915010836
714833,220398.41915010836
714858,220398.41915010836
714864,220398.41915010836
714871,220398.41915010836
714874,220398.41915010836
714890,220398.41915010836
714911,220398.41915010836
714930,220398.41915010836
714957,220398.41915010836
714970,220398.41915010836
715017,220398.41915010836
715034,220398.41915010836
715036,220398.41915010836
715051,220398.41915010836
715078,220398.41915010836
715080,220398.41915010836
715127,220398.41915010836
715142,220398.41915010836
715176,220398.41915010836
715189,220398.41915010836
715195,220398.41915010836
715196,220398.41915010836
715264,220398.41915010836
715291,220398.41915010836
715295,220398.41915010836
715297,220398.41915010836
715305,220398.41915010836
715309,220398.41915010836
715319,220398.41915010836
715321,220398.41915010836
715381,220398.41915010836
715383,220398.41915010836
715402,220398.41915010836
715413,220398.41915010836
715440,220398.41915010836
715490,220398.41915010836
715496,220398.41915010836
715529,220398.41915010836
715546,220398.41915010836
715580,220398.41915010836
715584,220398.41915010836
715594,220398.41915010836
715611,220398.41915010836
715628,220398.41915010836
715643,220398.41915010836
715645,220398.41915010836
715666,220398.41915010836
715669,220398.41915010836
715756,220398.41915010836
715761,220398.41915010836
715771,220398.41915010836
715775,220398.41915010836
715779,220398.41915010836
715783,220398.41915010836
715789,220398.41915010836
715799,220398.41915010836
715801,220398.41915010836
715802,220398.41915010836
715816,220398.41915010836
715819,220398.41915010836
715854,220398.41915010836
715885,220398.41915010836
715904,220398.41915010836
715909,220398.41915010836
715926,220398.41915010836
715960,220398.41915010836
715975,220398.41915010836
715987,220398.41915010836
715991,220398.41915010836
716004,220398.41915010836
716016,220398.41915010836
716034,220398.41915010836
716036,220398.41915010836
716062,220398.41915010836
716088,220398.41915010836
716090,220398.41915010836
716098,220398.41915010836
716112,220398.41915010836
716122,220398.41915010836
716135,220398.41915010836
716165,220398.41915010836
716198,220398.41915010836
716225,220398.41915010836
716229,220398.41915010836
716230,220398.41915010836
716233,220398.41915010836
716243,220398.41915010836
716251,220398.41915010836
716252,220398.41915010836
716270,220398.41915010836
716289,220398.41915010836
716355,220398.41915010836
716367,220398.41915010836
716371,220398.41915010836
716379,220398.41915010836
716381,220398.41915010836
716388,220398.41915010836
716430,220398.41915010836
716437,220398.41915010836
716439,220398.41915010836
716453,220398.41915010836
716459,220398.41915010836
716475,220398.41915010836
716495,220398.41915010836
716516,220398.41915010836
716564,220398.41915010836
716566,220398.41915010836
716646,220398.41915010836
716652,220398.41915010836
716677,220398.41915010836
716680,220398.41915010836
716696,220398.41915010836
716716,220398.41915010836
716750,220398.41915010836
716759,220398.41915010836
716761,220398.41915010836
716822,220398.41915010836
716839,220398.41915010836
716905,220398.41915010836
716942,220398.41915010836
716964,220398.41915010836
717008,220398.41915010836
717022,220398.41915010836
717046,220398.41915010836
717110,220398.41915010836
717123,220398.41915010836
717146,220398.41915010836
717179,220398.41915010836
717184,220398.41915010836
717187,220398.41915010836
717188,220398.41915010836
717189,220398.41915010836
717195,220398.41915010836
717197,220398.41915010836
717227,220398.41915010836
717270,220398.41915010836
717303,220398.41915010836
717333,220398.41915010836
717335,220398.41915010836
717342,220398.41915010836
717358,220398.41915010836
717374,220398.41915010836
717386,220398.41915010836
717417,220398.41915010836
717491,220398.41915010836
717502,220398.41915010836
717549,220398.41915010836
717570,220398.41915010836
717574,220398.41915010836
717602,220398.41915010836
717626,220398.41915010836
717630,220398.41915010836
717635,220398.41915010836
717641,220398.41915010836
717648,220398.41915010836
717652,220398.41915010836
717689,220398.41915010836
717727,220398.41915010836
717783,220398.41915010836
717808,220398.41915010836
717824,220398.41915010836
717869,220398.41915010836
717986,220398.41915010836
717995,220398.41915010836
717997,220398.41915010836
717999,220398.41915010836
718069,220398.41915010836
718109,220398.41915010836
718113,220398.41915010836
718134,220398.41915010836
718135,220398.41915010836
718144,220398.41915010836
718171,220398.41915010836
718212,220398.41915010836
718229,220398.41915010836
718242,220398.41915010836
718310,220398.41915010836
718329,220398.41915010836
718331,220398.41915010836
718349,220398.41915010836
718436,220398.41915010836
718506,220398.41915010836
718581,220398.41915010836
718620,220398.41915010836
718648,220398.41915010836
718653,220398.41915010836
718675,220398.41915010836
718683,220398.41915010836
718696,220398.41915010836
718697,220398.41915010836
718773,220398.41915010836
718786,220398.41915010836
718806,220398.41915010836
718811,220398.41915010836
718812,220398.41915010836
718841,220398.41915010836
718869,220398.41915010836
718891,220398.41915010836
718902,220398.41915010836
718919,220398.41915010836
718930,220398.41915010836
718970,220398.41915010836
719018,220398.41915010836
719060,220398.41915010836
719062,220398.41915010836
719065,220398.41915010836
719076,220398.41915010836
719091,220398.41915010836
719120,220398.41915010836
719146,220398.41915010836
719186,220398.41915010836
719188,220398.41915010836
719197,220398.41915010836
719201,220398.41915010836
719203,220398.41915010836
719208,220398.41915010836
719210,220398.41915010836
719216,220398.41915010836
719224,220398.41915010836
719246,220398.41915010836
719258,220398.41915010836
719300,220398.41915010836
719334,220398.41915010836
719360,220398.41915010836
719377,220398.41915010836
719415,220398.41915010836
719424,220398.41915010836
719429,220398.41915010836
719445,220398.41915010836
719446,220398.41915010836
719469,220398.41915010836
719503,220398.41915010836
719537,220398.41915010836
719593,220398.41915010836
719616,220398.41915010836
719642,220398.41915010836
719655,220398.41915010836
719693,220398.41915010836
719720,220398.41915010836
719747,220398.41915010836
719748,220398.41915010836
719754,220398.41915010836
719784,220398.41915010836
719794,220398.41915010836
719802,220398.41915010836
719806,220398.41915010836
719810,220398.41915010836
719812,220398.41915010836
719828,220398.41915010836
719833,220398.41915010836
719882,220398.41915010836
719895,220398.41915010836
719909,220398.41915010836
719971,220398.41915010836
720043,220398.41915010836
720108,220398.41915010836
720119,220398.41915010836
720163,220398.41915010836
720166,220398.41915010836
720188,220398.41915010836
720194,220398.41915010836
720274,220398.41915010836
720292,220398.41915010836
720296,220398.41915010836
720304,220398.41915010836
720323,220398.41915010836
720342,220398.41915010836
720348,220398.41915010836
720379,220398.41915010836
720386,220398.41915010836
720388,220398.41915010836
720393,220398.41915010836
720398,220398.41915010836
720403,220398.41915010836
720409,220398.41915010836
720440,220398.41915010836
720450,220398.41915010836
720481,220398.41915010836
720530,220398.41915010836
720534,220398.41915010836
720549,220398.41915010836
720550,220398.41915010836
720609,220398.41915010836
720629,220398.41915010836
720646,220398.41915010836
720649,220398.41915010836
720659,220398.41915010836
720745,220398.41915010836
720753,220398.41915010836
720789,220398.41915010836
720879,220398.41915010836
720899,220398.41915010836
720909,220398.41915010836
720925,220398.41915010836
720932,220398.41915010836
720950,220398.41915010836
720956,220398.41915010836
720964,220398.41915010836
720970,220398.41915010836
720997,220398.41915010836
721019,220398.41915010836
721074,220398.41915010836
721104,220398.41915010836
721128,220398.41915010836
721132,220398.41915010836
721135,220398.41915010836
721138,220398.41915010836
721169,220398.41915010836
721241,220398.41915010836
721303,220398.41915010836
721327,220398.41915010836
721355,220398.41915010836
721380,220398.41915010836
721384,220398.41915010836
721403,220398.41915010836
721426,220398.41915010836
721462,220398.41915010836
721473,220398.41915010836
721548,220398.41915010836
721568,220398.41915010836
721574,220398.41915010836
721579,220398.41915010836
721598,220398.41915010836
721634,220398.41915010836
721647,220398.41915010836
721701,220398.41915010836
721727,220398.41915010836
721746,220398.41915010836
721751,220398.41915010836
721773,220398.41915010836
721806,220398.41915010836
721859,220398.41915010836
721869,220398.41915010836
721922,220398.41915010836
722035,220398.41915010836
722036,220398.41915010836
722125,220398.41915010836
722131,220398.41915010836
722173,220398.41915010836
722181,220398.41915010836
722212,220398.41915010836
722250,220398.41915010836
722257,220398.41915010836
722262,220398.41915010836
722278,220398.41915010836
722288,220398.41915010836
722289,220398.41915010836
722312,220398.41915010836
722332,220398.41915010836
722333,220398.41915010836
722344,220398.41915010836
722356,220398.41915010836
722360,220398.41915010836
722388,220398.41915010836
722430,220398.41915010836
722458,220398.41915010836
722486,220398.41915010836
722515,220398.41915010836
722557,220398.41915010836
722582,220398.41915010836
722592,220398.41915010836
722603,220398.41915010836
722611,220398.41915010836
722612,220398.41915010836
722613,220398.41915010836
722617,220398.41915010836
722639,220398.41915010836
722669,220398.41915010836
722794,220398.41915010836
722805,220398.41915010836
722979,220398.41915010836
722991,220398.41915010836
722996,220398.41915010836
723017,220398.41915010836
723054,220398.41915010836
723133,220398.41915010836
723238,220398.41915010836
723261,220398.41915010836
723269,220398.41915010836
723341,220398.41915010836
723364,220398.41915010836
723370,220398.41915010836
723418,220398.41915010836
723439,220398.41915010836
723497,220398.41915010836
723503,220398.41915010836
723527,220398.41915010836
723559,220398.41915010836
723569,220398.41915010836
723575,220398.41915010836
723590,220398.41915010836
723636,220398.41915010836
723646,220398.41915010836
723662,220398.41915010836
723694,220398.41915010836
723703,220398.41915010836
723705,220398.41915010836
723726,220398.41915010836
723746,220398.41915010836
723756,220398.41915010836
723769,220398.41915010836
723775,220398.41915010836
723789,220398.41915010836
723793,220398.41915010836
723826,220398.41915010836
723846,220398.41915010836
723856,220398.41915010836
723936,220398.41915010836
723944,220398.41915010836
723996,220398.41915010836
724017,220398.41915010836
724019,220398.41915010836
724048,220398.41915010836
724049,220398.41915010836
724059,220398.41915010836
724070,220398.41915010836
724209,220398.41915010836
724225,220398.41915010836
724230,220398.41915010836
724234,220398.41915010836
724247,220398.41915010836
724249,220398.41915010836
724273,220398.41915010836
724294,220398.41915010836
724309,220398.41915010836
724315,220398.41915010836
724343,220398.41915010836
724348,220398.41915010836
724352,220398.41915010836
724357,220398.41915010836
724385,220398.41915010836
724424,220398.41915010836
724532,220398.41915010836
724560,220398.41915010836
724606,220398.41915010836
724640,220398.41915010836
724671,220398.41915010836
724797,220398.41915010836
724820,220398.41915010836
724847,220398.41915010836
724947,220398.41915010836
724960,220398.41915010836
724977,220398.41915010836
724987,220398.41915010836
725073,220398.41915010836
725121,220398.41915010836
725177,220398.41915010836
725180,220398.41915010836
725186,220398.41915010836
725367,220398.41915010836
725435,220398.41915010836
725481,220398.41915010836
725560,220398.41915010836
725581,220398.41915010836
725620,220398.41915010836
725646,220398.41915010836
725648,220398.41915010836
725681,220398.41915010836
725683,220398.41915010836
725741,220398.41915010836
725753,220398.41915010836
725778,220398.41915010836
725811,220398.41915010836
725875,220398.41915010836
725997,220398.41915010836
726011,220398.41915010836
726050,220398.41915010836
726064,220398.41915010836
726121,220398.41915010836
726144,220398.41915010836
726145,220398.41915010836
726174,220398.41915010836
726332,220398.41915010836
726351,220398.41915010836
726359,220398.41915010836
726443,220398.41915010836
726459,220398.41915010836
726460,220398.41915010836
726461,220398.41915010836
726470,220398.41915010836
726488,220398.41915010836
726491,220398.41915010836
726518,220398.41915010836
726642,220398.41915010836
726643,220398.41915010836
726678,220398.41915010836
726698,220398.41915010836
726797,220398.41915010836
726850,220398.41915010836
726887,220398.41915010836
726898,220398.41915010836
726904,220398.41915010836
726915,220398.41915010836
726976,220398.41915010836
727014,220398.41915010836
727021,220398.41915010836
727064,220398.41915010836
727101,220398.41915010836
727114,220398.41915010836
727129,220398.41915010836
727142,220398.41915010836
727160,220398.41915010836
727168,220398.41915010836
727178,220398.41915010836
727188,220398.41915010836
727198,220398.41915010836
727202,220398.41915010836
727275,220398.41915010836
727322,220398.41915010836
727334,220398.41915010836
727345,220398.41915010836
727359,220398.41915010836
727364,220398.41915010836
727433,220398.41915010836
727438,220398.41915010836
727490,220398.41915010836
727503,220398.41915010836
727540,220398.41915010836
727542,220398.41915010836
727585,220398.41915010836
727593,220398.41915010836
727615,220398.41915010836
727627,220398.41915010836
727655,220398.41915010836
727691,220398.41915010836
727694,220398.41915010836
727811,220398.41915010836
727895,220398.41915010836
728058,220398.41915010836
728078,220398.41915010836
728243,220398.41915010836
728309,220398.41915010836
728352,220398.41915010836
728363,220398.41915010836
728364,220398.41915010836
728431,220398.41915010836
728500,220398.41915010836
728503,220398.41915010836
728529,220398.41915010836
728582,220398.41915010836
728586,220398.41915010836
728694,220398.41915010836
728709,220398.41915010836
728713,220398.41915010836
728796,220398.41915010836
728798,220398.41915010836
728926,220398.41915010836
728950,220398.41915010836
728966,220398.41915010836
728985,220398.41915010836
729017,220398.41915010836
729075,220398.41915010836
729111,220398.41915010836
729119,220398.41915010836
729136,220398.41915010836
729148,220398.41915010836
729174,220398.41915010836
729177,220398.41915010836
729181,220398.41915010836
729203,220398.41915010836
729210,220398.41915010836
729226,220398.41915010836
729265,220398.41915010836
729341,220398.41915010836
729380,220398.41915010836
729400,220398.41915010836
729445,220398.41915010836
729455,220398.41915010836
729464,220398.41915010836
729510,220398.41915010836
729514,220398.41915010836
729528,220398.41915010836
729536,220398.41915010836
729540,220398.41915010836
729554,220398.41915010836
729607,220398.41915010836
729608,220398.41915010836
729625,220398.41915010836
729641,220398.41915010836
729644,220398.41915010836
729663,220398.41915010836
729721,220398.41915010836
729768,220398.41915010836
729773,220398.41915010836
729782,220398.41915010836
729789,220398.41915010836
729812,220398.41915010836
729831,220398.41915010836
729845,220398.41915010836
729990,220398.41915010836
730059,220398.41915010836
730106,220398.41915010836
730114,220398.41915010836
730131,220398.41915010836
730151,220398.41915010836
730265,220398.41915010836
730294,220398.41915010836
730332,220398.41915010836
730363,220398.41915010836
730414,220398.41915010836
730524,220398.41915010836
730596,220398.41915010836
730640,220398.41915010836
730686,220398.41915010836
730881,220398.41915010836
730894,220398.41915010836
730939,220398.41915010836
731035,220398.41915010836
731059,220398.41915010836
731100,220398.41915010836
731187,220398.41915010836
731206,220398.41915010836
731217,220398.41915010836
731226,220398.41915010836
731245,220398.41915010836
731327,220398.41915010836
731364,220398.41915010836
731419,220398.41915010836
731420,220398.41915010836
731429,220398.41915010836
731450,220398.41915010836
731474,220398.41915010836
731507,220398.41915010836
731508,220398.41915010836
731588,220398.41915010836
731696,220398.41915010836
731757,220398.41915010836
731801,220398.41915010836
731833,220398.41915010836
731851,220398.41915010836
731874,220398.41915010836
732027,220398.41915010836
732100,220398.41915010836
732211,220398.41915010836
732262,220398.41915010836
732403,220398.41915010836
732408,220398.41915010836
732440,220398.41915010836
732456,220398.41915010836
732495,220398.41915010836
732512,220398.41915010836
732513,220398.41915010836
732518,220398.41915010836
732657,220398.41915010836
732818,220398.41915010836
732911,220398.41915010836
732929,220398.41915010836
732954,220398.41915010836
732965,220398.41915010836
732970,220398.41915010836
732998,220398.41915010836
733071,220398.41915010836
733086,220398.41915010836
733135,220398.41915010836
733209,220398.41915010836
733485,220398.41915010836
733560,220398.41915010836
733655,220398.41915010836
733708,220398.41915010836
733722,220398.41915010836
733753,220398.41915010836
733774,220398.41915010836
733855,220398.41915010836
733856,220398.41915010836
733903,220398.41915010836
733907,220398.41915010836
733919,220398.41915010836
734011,220398.41915010836
734023,220398.41915010836
734094,220398.41915010836
734149,220398.41915010836
734159,220398.41915010836
734160,220398.41915010836
734181,220398.41915010836
734275,220398.41915010836
734658,220398.41915010836
734708,220398.41915010836
734725,220398.41915010836
734836,220398.41915010836
735000,220398.41915010836
735007,220398.41915010836
735055,220398.41915010836
735124,220398.41915010836
735158,220398.41915010836
735189,220398.41915010836
735216,220398.41915010836
735230,220398.41915010836
735232,220398.41915010836
735250,220398.41915010836
735298,220398.41915010836
735355,220398.41915010836
735484,220398.41915010836
735490,220398.41915010836
735491,220398.41915010836
735493,220398.41915010836
735505,220398.41915010836
735533,220398.41915010836
735555,220398.41915010836
735561,220398.41915010836
735562,220398.41915010836
735614,220398.41915010836
735627,220398.41915010836
735634,220398.41915010836
735698,220398.41915010836
735797,220398.41915010836
735802,220398.41915010836
735891,220398.41915010836
735983,220398.41915010836
736002,220398.41915010836
736030,220398.41915010836
736051,220398.41915010836
736089,220398.41915010836
736143,220398.41915010836
736169,220398.41915010836
736175,220398.41915010836
736225,220398.41915010836
736311,220398.41915010836
736320,220398.41915010836
736337,220398.41915010836
736397,220398.41915010836
736443,220398.41915010836
736489,220398.41915010836
736635,220398.41915010836
736651,220398.41915010836
736721,220398.41915010836
736740,220398.41915010836
736799,220398.41915010836
736983,220398.41915010836
737015,220398.41915010836
737075,220398.41915010836
737150,220398.41915010836
737209,220398.41915010836
737263,220398.41915010836
737285,220398.41915010836
737397,220398.41915010836
737458,220398.41915010836
737514,220398.41915010836
737665,220398.41915010836
737976,220398.41915010836
738028,220398.41915010836
738143,220398.41915010836
738160,220398.41915010836
738192,220398.41915010836
738314,220398.41915010836
738320,220398.41915010836
738381,220398.41915010836
738406,220398.41915010836
738433,220398.41915010836
738489,220398.41915010836
738491,220398.41915010836
738574,220398.41915010836
738723,220398.41915010836
738880,220398.41915010836
738920,220398.41915010836
739033,220398.41915010836
739042,220398.41915010836
739182,220398.41915010836
739254,220398.41915010836
739359,220398.41915010836
739360,220398.41915010836
739364,220398.41915010836
739430,220398.41915010836
739497,220398.41915010836
739563,220398.41915010836
739581,220398.41915010836
739670,220398.41915010836
739702,220398.41915010836
739717,220398.41915010836
739824,220398.41915010836
740070,220398.41915010836
740158,220398.41915010836
740377,220398.41915010836
740499,220398.41915010836
740572,220398.41915010836
740609,220398.41915010836
740798,220398.41915010836
740914,220398.41915010836
740915,220398.41915010836
740917,220398.41915010836
740932,220398.41915010836
740974,220398.41915010836
740993,220398.41915010836
740998,220398.41915010836
741000,220398.41915010836
741002,220398.41915010836
741008,220398.41915010836
741036,220398.41915010836
741047,220398.41915010836
741111,220398.41915010836
741171,220398.41915010836
741174,220398.41915010836
741203,220398.41915010836
741205,220398.41915010836
741232,220398.41915010836
741270,220398.41915010836
741294,220398.41915010836
741312,220398.41915010836
741313,220398.41915010836
741329,220398.41915010836
741401,220398.41915010836
741416,220398.41915010836
741433,220398.41915010836
741457,220398.41915010836
741533,220398.41915010836
741591,220398.41915010836
741682,220398.41915010836
741699,220398.41915010836
741808,220398.41915010836
741810,220398.41915010836
741811,220398.41915010836
741813,220398.41915010836
741824,220398.41915010836
741842,220398.41915010836
741844,220398.41915010836
741999,220398.41915010836
742049,220398.41915010836
742278,220398.41915010836
742444,220398.41915010836
742500,220398.41915010836
742512,220398.41915010836
742534,220398.41915010836
742552,220398.41915010836
742592,220398.41915010836
742595,220398.41915010836
742813,220398.41915010836
742839,220398.41915010836
743024,220398.41915010836
743072,220398.41915010836
743084,220398.41915010836
743131,220398.41915010836
743197,220398.41915010836
743226,220398.41915010836
743233,220398.41915010836
743243,220398.41915010836
743310,220398.41915010836
743424,220398.41915010836
743645,220398.41915010836
743678,220398.41915010836
743689,220398.41915010836
743736,220398.41915010836
743938,220398.41915010836
744009,220398.41915010836
744134,220398.41915010836
744142,220398.41915010836
744196,220398.41915010836
744806,220398.41915010836
744824,220398.41915010836
744870,220398.41915010836
744879,220398.41915010836
744924,220398.41915010836
745039,220398.41915010836
745099,220398.41915010836
745109,220398.41915010836
745286,220398.41915010836
745287,220398.41915010836
745364,220398.41915010836
745581,220398.41915010836
745614,220398.41915010836
745630,220398.41915010836
745696,220398.41915010836
745726,220398.41915010836
745763,220398.41915010836
745819,220398.41915010836
745898,220398.41915010836
745924,220398.41915010836
745960,220398.41915010836
746269,220398.41915010836
746297,220398.41915010836
746353,220398.41915010836
746361,220398.41915010836
746390,220398.41915010836
746450,220398.41915010836
746513,220398.41915010836
746565,220398.41915010836
746720,220398.41915010836
746732,220398.41915010836
746769,220398.41915010836
746790,220398.41915010836
746846,220398.41915010836
746847,220398.41915010836
746901,220398.41915010836
747013,220398.41915010836
747015,220398.41915010836
747085,220398.41915010836
747090,220398.41915010836
747139,220398.41915010836
747310,220398.41915010836
747474,220398.41915010836
747521,220398.41915010836
747537,220398.41915010836
747736,220398.41915010836
747743,220398.41915010836
747759,220398.41915010836
747810,220398.41915010836
747995,220398.41915010836
748013,220398.41915010836
748040,220398.41915010836
748058,220398.41915010836
748060,220398.41915010836
748073,220398.41915010836
748106,220398.41915010836
748145,220398.41915010836
748150,220398.41915010836
748172,220398.41915010836
748287,220398.41915010836
748308,220398.41915010836
748311,220398.41915010836
748429,220398.41915010836
748523,220398.41915010836
748544,220398.41915010836
748713,220398.41915010836
748836,220398.41915010836
748845,220398.41915010836
748856,220398.41915010836
748895,220398.41915010836
748962,220398.41915010836
749165,220398.41915010836
749218,220398.41915010836
749232,220398.41915010836
749255,220398.41915010836
749452,220398.41915010836
749483,220398.41915010836
749497,220398.41915010836
749502,220398.41915010836
749504,220398.41915010836
749521,220398.41915010836
749571,220398.41915010836
749671,220398.41915010836
749821,220398.41915010836
749975,220398.41915010836
750049,220398.41915010836
750155,220398.41915010836
750174,220398.41915010836
750408,220398.41915010836
750418,220398.41915010836
750441,220398.41915010836
750475,220398.41915010836
750559,220398.41915010836
750579,220398.41915010836
750669,220398.41915010836
750683,220398.41915010836
750740,220398.41915010836
750956,220398.41915010836
751319,220398.41915010836
751352,220398.41915010836
751396,220398.41915010836
751416,220398.41915010836
751421,220398.41915010836
751442,220398.41915010836
751459,220398.41915010836
751587,220398.41915010836
751714,220398.41915010836
751886,220398.41915010836
751971,220398.41915010836
752242,220398.41915010836
752254,220398.41915010836
752310,220398.41915010836
752576,220398.41915010836
752705,220398.41915010836
752895,220398.41915010836
752914,220398.41915010836
752994,220398.41915010836
753036,220398.41915010836
753099,220398.41915010836
753188,220398.41915010836
753196,220398.41915010836
753234,220398.41915010836
753289,220398.41915010836
753295,220398.41915010836
753297,220398.41915010836
753387,220398.41915010836
753393,220398.41915010836
753395,220398.41915010836
753397,220398.41915010836
753399,220398.41915010836
753402,220398.41915010836
753404,220398.41915010836
753405,220398.41915010836
753406,220398.41915010836
753602,220398.41915010836
753948,220398.41915010836
754108,220398.41915010836
754112,220398.41915010836
754292,220398.41915010836
754384,220398.41915010836
754763,220398.41915010836
754978,220398.41915010836
754995,220398.41915010836
755014,220398.41915010836
755055,220398.41915010836
755065,220398.41915010836
755138,220398.41915010836
755226,220398.41915010836
755447,220398.41915010836
755448,220398.41915010836
755575,220398.41915010836
755674,220398.41915010836
755809,220398.41915010836
755892,220398.41915010836
756308,220398.41915010836
756620,220398.41915010836
756836,220398.41915010836
757366,220398.41915010836
757425,220398.41915010836
757539,220398.41915010836
757668,220398.41915010836
757758,220398.41915010836
757792,220398.41915010836
757925,220398.41915010836
757991,220398.41915010836
758122,220398.41915010836
758135,220398.41915010836
758325,220398.41915010836
758344,220398.41915010836
758410,220398.41915010836
758601,220398.41915010836
758674,220398.41915010836
758911,220398.41915010836
759246,220398.41915010836
759339,220398.41915010836
759621,220398.41915010836
759656,220398.41915010836
759823,220398.41915010836
759982,220398.41915010836
760071,220398.41915010836
760135,220398.41915010836
760172,220398.41915010836
760262,220398.41915010836
760514,220398.41915010836
760522,220398.41915010836
760523,220398.41915010836
760607,220398.41915010836
760760,220398.41915010836
760878,220398.41915010836
761015,220398.41915010836
761078,220398.41915010836
761137,220398.41915010836
761182,220398.41915010836
761221,220398.41915010836
761226,220398.41915010836
761245,220398.41915010836
761273,220398.41915010836
761281,220398.41915010836
761297,220398.41915010836
761298,220398.41915010836
761312,220398.41915010836
761418,220398.41915010836
761437,220398.41915010836
761449,220398.41915010836
761451,220398.41915010836
761462,220398.41915010836
761597,220398.41915010836
761616,220398.41915010836
761631,220398.41915010836
761638,220398.41915010836
761660,220398.41915010836
761662,220398.41915010836
761734,220398.41915010836
761737,220398.41915010836
761773,220398.41915010836
761775,220398.41915010836
761781,220398.41915010836
761783,220398.41915010836
761870,220398.41915010836
761928,220398.41915010836
762020,220398.41915010836
762104,220398.41915010836
762106,220398.41915010836
762135,220398.41915010836
762140,220398.41915010836
762146,220398.41915010836
762260,220398.41915010836
762277,220398.41915010836
762395,220398.41915010836
762467,220398.41915010836
762485,220398.41915010836
762509,220398.41915010836
762528,220398.41915010836
762572,220398.41915010836
762642,220398.41915010836
762673,220398.41915010836
762782,220398.41915010836
762792,220398.41915010836
762828,220398.41915010836
762848,220398.41915010836
762862,220398.41915010836
762894,220398.41915010836
762903,220398.41915010836
762924,220398.41915010836
762929,220398.41915010836
762937,220398.41915010836
762941,220398.41915010836
762951,220398.41915010836
762959,220398.41915010836
762965,220398.41915010836
762986,220398.41915010836
763016,220398.41915010836
763021,220398.41915010836
763034,220398.41915010836
763065,220398.41915010836
763068,220398.41915010836
763073,220398.41915010836
763090,220398.41915010836
763152,220398.41915010836
763153,220398.41915010836
763212,220398.41915010836
763270,220398.41915010836
763279,220398.41915010836
763299,220398.41915010836
763300,220398.41915010836
763314,220398.41915010836
763332,220398.41915010836
763333,220398.41915010836
763334,220398.41915010836
763337,220398.41915010836
763338,220398.41915010836
763348,220398.41915010836
763349,220398.41915010836
763351,220398.41915010836
763389,220398.41915010836
763421,220398.41915010836
763424,220398.41915010836
763429,220398.41915010836
763431,220398.41915010836
763433,220398.41915010836
763435,220398.41915010836
763438,220398.41915010836
763439,220398.41915010836
763446,220398.41915010836
763447,220398.41915010836
763448,220398.41915010836
763449,220398.41915010836
763450,220398.41915010836
763452,220398.41915010836
763453,220398.41915010836
763454,220398.41915010836
763457,220398.41915010836
763458,220398.41915010836
763460,220398.41915010836
763464,220398.41915010836
763466,220398.41915010836
763528,220398.41915010836
763572,220398.41915010836
763575,220398.41915010836
763576,220398.41915010836
763591,220398.41915010836
763627,220398.41915010836
763628,220398.41915010836
763629,220398.41915010836
763631,220398.41915010836
763633,220398.41915010836
763634,220398.41915010836
763653,220398.41915010836
763684,220398.41915010836
763733,220398.41915010836
763744,220398.41915010836
763764,220398.41915010836
763781,220398.41915010836
763788,220398.41915010836
763797,220398.41915010836
763842,220398.41915010836
763856,220398.41915010836
763925,220398.41915010836
763942,220398.41915010836
764037,220398.41915010836
764042,220398.41915010836
764044,220398.41915010836
764047,220398.41915010836
764052,220398.41915010836
764103,220398.41915010836
764132,220398.41915010836
764192,220398.41915010836
764215,220398.41915010836
764263,220398.41915010836
764332,220398.41915010836
764347,220398.41915010836
764361,220398.41915010836
764368,220398.41915010836
764413,220398.41915010836
764414,220398.41915010836
764496,220398.41915010836
764544,220398.41915010836
764737,220398.41915010836
764777,220398.41915010836
764797,220398.41915010836
764822,220398.41915010836
764827,220398.41915010836
764828,220398.41915010836
764836,220398.41915010836
764862,220398.41915010836
764907,220398.41915010836
764910,220398.41915010836
764922,220398.41915010836
764946,220398.41915010836
764999,220398.41915010836
765049,220398.41915010836
765056,220398.41915010836
765097,220398.41915010836
765112,220398.41915010836
765115,220398.41915010836
765282,220398.41915010836
765294,220398.41915010836
765352,220398.41915010836
765358,220398.41915010836
765365,220398.41915010836
765396,220398.41915010836
765440,220398.41915010836
765475,220398.41915010836
765494,220398.41915010836
765496,220398.41915010836
765520,220398.41915010836
765527,220398.41915010836
765571,220398.41915010836
765572,220398.41915010836
765599,220398.41915010836
765625,220398.41915010836
765669,220398.41915010836
765676,220398.41915010836
765686,220398.41915010836
765756,220398.41915010836
765760,220398.41915010836
765768,220398.41915010836
765786,220398.41915010836
765832,220398.41915010836
765840,220398.41915010836
765853,220398.41915010836
765854,220398.41915010836
765869,220398.41915010836
765883,220398.41915010836
765884,220398.41915010836
765913,220398.41915010836
765938,220398.41915010836
766020,220398.41915010836
766039,220398.41915010836
766052,220398.41915010836
766076,220398.41915010836
766102,220398.41915010836
766103,220398.41915010836
766106,220398.41915010836
766110,220398.41915010836
766114,220398.41915010836
766137,220398.41915010836
766140,220398.41915010836
766142,220398.41915010836
766151,220398.41915010836
766163,220398.41915010836
766185,220398.41915010836
766212,220398.41915010836
766222,220398.41915010836
766225,220398.41915010836
766250,220398.41915010836
766251,220398.41915010836
766253,220398.41915010836
766259,220398.41915010836
766272,220398.41915010836
766300,220398.41915010836
766328,220398.41915010836
766392,220398.41915010836
766404,220398.41915010836
766416,220398.41915010836
766459,220398.41915010836
766463,220398.41915010836
766464,220398.41915010836
766479,220398.41915010836
766501,220398.41915010836
766550,220398.41915010836
766648,220398.41915010836
766782,220398.41915010836
766785,220398.41915010836
766808,220398.41915010836
766824,220398.41915010836
766883,220398.41915010836
766891,220398.41915010836
766923,220398.41915010836
766951,220398.41915010836
766977,220398.41915010836
766984,220398.41915010836
766998,220398.41915010836
767008,220398.41915010836
767009,220398.41915010836
767047,220398.41915010836
767056,220398.41915010836
767092,220398.41915010836
767132,220398.41915010836
767229,220398.41915010836
767253,220398.41915010836
767260,220398.41915010836
767290,220398.41915010836
767319,220398.41915010836
767321,220398.41915010836
767366,220398.41915010836
767405,220398.41915010836
767407,220398.41915010836
767409,220398.41915010836
767414,220398.41915010836
767465,220398.41915010836
767487,220398.41915010836
767512,220398.41915010836
767558,220398.41915010836
767705,220398.41915010836
767856,220398.41915010836
768002,220398.41915010836
768343,220398.41915010836
768717,220398.41915010836
768790,220398.41915010836
768981,220398.41915010836
769002,220398.41915010836
769155,220398.41915010836
769216,220398.41915010836
769226,220398.41915010836
769575,220398.41915010836
769599,220398.41915010836
769768,220398.41915010836
769812,220398.41915010836
769898,220398.41915010836
769957,220398.41915010836
770294,220398.41915010836
770295,220398.41915010836
770484,220398.41915010836
770520,220398.41915010836
770523,220398.41915010836
770558,220398.41915010836
770682,220398.41915010836
770744,220398.41915010836
770751,220398.41915010836
770765,220398.41915010836
770777,220398.41915010836
770786,220398.41915010836
770972,220398.41915010836
771112,220398.41915010836
771113,220398.41915010836
771117,220398.41915010836
771118,220398.41915010836
771333,220398.41915010836
771397,220398.41915010836
771816,220398.41915010836
771858,220398.41915010836
772028,220398.41915010836
772107,220398.41915010836
772213,220398.41915010836
772214,220398.41915010836
774481,220398.41915010836
774546,220398.41915010836
774699,220398.41915010836
774950,220398.41915010836
775137,220398.41915010836
775139,220398.41915010836
775393,220398.41915010836
775537,220398.41915010836
775560,220398.41915010836
775652,220398.41915010836
775907,220398.41915010836
776742,220398.41915010836
776780,220398.41915010836
776781,220398.41915010836
776783,220398.41915010836
776981,220398.41915010836
777103,220398.41915010836
777106,220398.41915010836
777107,220398.41915010836
777108,220398.41915010836
777110,220398.41915010836
777117,220398.41915010836
777118,220398.41915010836
777121,220398.41915010836
777123,220398.41915010836
777125,220398.41915010836
777210,220398.41915010836
777453,220398.41915010836
777462,220398.41915010836
777464,220398.41915010836
777489,220398.41915010836
777572,220398.41915010836
778274,220398.41915010836
778564,220398.41915010836
778634,220398.41915010836
778678,220398.41915010836
778689,220398.41915010836
778791,220398.41915010836
778830,220398.41915010836
778851,220398.41915010836
778906,220398.41915010836
778948,220398.41915010836
778949,220398.41915010836
778952,220398.41915010836
778953,220398.41915010836
778956,220398.41915010836
778970,220398.41915010836
778976,220398.41915010836
779003,220398.41915010836
779077,220398.41915010836
779114,220398.41915010836
779141,220398.41915010836
779149,220398.41915010836
779215,220398.41915010836
779288,220398.41915010836
779384,220398.41915010836
779391,220398.41915010836
779392,220398.41915010836
779393,220398.41915010836
779705,220398.41915010836
779738,220398.41915010836
779782,220398.41915010836
779867,220398.41915010836
779904,220398.41915010836
779938,220398.41915010836
779977,220398.41915010836
779984,220398.41915010836
780002,220398.41915010836
780020,220398.41915010836
780073,220398.41915010836
780093,220398.41915010836
780095,220398.41915010836
780214,220398.41915010836
780253,220398.41915010836
780353,220398.41915010836
780376,220398.41915010836
780395,220398.41915010836
780419,220398.41915010836
780420,220398.41915010836
780421,220398.41915010836
780564,220398.41915010836
780596,220398.41915010836
780669,220398.41915010836
780694,220398.41915010836
780702,220398.41915010836
780715,220398.41915010836
780724,220398.41915010836
780846,220398.41915010836
780856,220398.41915010836
780863,220398.41915010836
780900,220398.41915010836
780951,220398.41915010836
781145,220398.41915010836
781275,220398.41915010836
781371,220398.41915010836
781416,220398.41915010836
781559,220398.41915010836
781563,220398.41915010836
781572,220398.41915010836
781698,220398.41915010836
781700,220398.41915010836
781825,220398.41915010836
781843,220398.41915010836
781844,220398.41915010836
781845,220398.41915010836
781846,220398.41915010836
781854,220398.41915010836
781859,220398.41915010836
781860,220398.41915010836
781866,220398.41915010836
781946,220398.41915010836
781982,220398.41915010836
782181,220398.41915010836
782201,220398.41915010836
782394,220398.41915010836
782416,220398.41915010836
782443,220398.41915010836
782452,220398.41915010836
782561,220398.41915010836
782627,220398.41915010836
782642,220398.41915010836
782665,220398.41915010836
782671,220398.41915010836
782675,220398.41915010836
782693,220398.41915010836
782705,220398.41915010836
782706,220398.41915010836
782708,220398.41915010836
782717,220398.41915010836
782722,220398.41915010836
782761,220398.41915010836
782782,220398.41915010836
782785,220398.41915010836
782849,220398.41915010836
782946,220398.41915010836
783038,220398.41915010836
783051,220398.41915010836
783056,220398.41915010836
783125,220398.41915010836
783130,220398.41915010836
783231,220398.41915010836
783260,220398.41915010836
783421,220398.41915010836
783512,220398.41915010836
783559,220398.41915010836
783604,220398.41915010836
783607,220398.41915010836
783636,220398.41915010836
783654,220398.41915010836
783811,220398.41915010836
783914,220398.41915010836
783951,220398.41915010836
783978,220398.41915010836
783979,220398.41915010836
784000,220398.41915010836
784012,220398.41915010836
784167,220398.41915010836
784275,220398.41915010836
784431,220398.41915010836
784568,220398.41915010836
784570,220398.41915010836
784737,220398.41915010836
784762,220398.41915010836
784768,220398.41915010836
784842,220398.41915010836
785009,220398.41915010836
785082,220398.41915010836
785261,220398.41915010836
785408,220398.41915010836
785455,220398.41915010836
785514,220398.41915010836
785588,220398.41915010836
785808,220398.41915010836
785820,220398.41915010836
785970,220398.41915010836
785973,220398.41915010836
786182,220398.41915010836
786183,220398.41915010836
786346,220398.41915010836
786447,220398.41915010836
786450,220398.41915010836
786451,220398.41915010836
786452,220398.41915010836
786456,220398.41915010836
786457,220398.41915010836
786484,220398.41915010836
786521,220398.41915010836
786587,220398.41915010836
786628,220398.41915010836
786831,220398.41915010836
786859,220398.41915010836
787068,220398.41915010836
787151,220398.41915010836
787208,220398.41915010836
787215,220398.41915010836
787216,220398.41915010836
787276,220398.41915010836
787281,220398.41915010836
787289,220398.41915010836
787291,220398.41915010836
787331,220398.41915010836
787343,220398.41915010836
787361,220398.41915010836
787369,220398.41915010836
787382,220398.41915010836
787385,220398.41915010836
787401,220398.41915010836
787405,220398.41915010836
787411,220398.41915010836
787454,220398.41915010836
787485,220398.41915010836
787486,220398.41915010836
787489,220398.41915010836
787490,220398.41915010836
787528,220398.41915010836
787529,220398.41915010836
787533,220398.41915010836
787535,220398.41915010836
787538,220398.41915010836
787555,220398.41915010836
787614,220398.41915010836
787634,220398.41915010836
787684,220398.41915010836
787868,220398.41915010836
788008,220398.41915010836
788356,220398.41915010836
788577,220398.41915010836
788645,220398.41915010836
788730,220398.41915010836
788820,220398.41915010836
788990,220398.41915010836
788994,220398.41915010836
789179,220398.41915010836
789327,220398.41915010836
789333,220398.41915010836
789339,220398.41915010836
789374,220398.41915010836
789389,220398.41915010836
789555,220398.41915010836
789568,220398.41915010836
789619,220398.41915010836
789638,220398.41915010836
789709,220398.41915010836
789843,220398.41915010836
789881,220398.41915010836
789964,220398.41915010836
789966,220398.41915010836
790026,220398.41915010836
790038,220398.41915010836
790115,220398.41915010836
790170,220398.41915010836
790184,220398.41915010836
790414,220398.41915010836
790625,220398.41915010836
790725,220398.41915010836
790798,220398.41915010836
790912,220398.41915010836
790918,220398.41915010836
790939,220398.41915010836
791067,220398.41915010836
791077,220398.41915010836
791182,220398.41915010836
791219,220398.41915010836
791221,220398.41915010836
791296,220398.41915010836
791314,220398.41915010836
791379,220398.41915010836
791445,220398.41915010836
791581,220398.41915010836
791589,220398.41915010836
791600,220398.41915010836
791608,220398.41915010836
791617,220398.41915010836
791813,220398.41915010836
791869,220398.41915010836
791870,220398.41915010836
792315,220398.41915010836
792695,220398.41915010836
793171,220398.41915010836
793172,220398.41915010836
793391,220398.41915010836
793620,220398.41915010836
793722,220398.41915010836
793967,220398.41915010836
794344,220398.41915010836
794498,220398.41915010836
794573,220398.41915010836
794576,220398.41915010836
794897,220398.41915010836
794968,220398.41915010836
796060,220398.41915010836
796252,220398.41915010836
796300,220398.41915010836
796537,220398.41915010836
796582,220398.41915010836
797433,220398.41915010836
797488,220398.41915010836
797489,220398.41915010836
797540,220398.41915010836
797866,220398.41915010836
798010,220398.41915010836
798026,220398.41915010836
799178,220398.41915010836
799179,220398.41915010836
799190,220398.41915010836
799234,220398.41915010836
799315,220398.41915010836
799472,220398.41915010836
799498,220398.41915010836
799561,220398.41915010836
799652,220398.41915010836
799732,220398.41915010836
800022,220398.41915010836
800237,220398.41915010836
800456,220398.41915010836
800963,220398.41915010836
801193,220398.41915010836
801250,220398.41915010836
801281,220398.41915010836
801487,220398.41915010836
801497,220398.41915010836
801503,220398.41915010836
801504,220398.41915010836
801727,220398.41915010836
801954,220398.41915010836
802096,220398.41915010836
802163,220398.41915010836
802196,220398.41915010836
802200,220398.41915010836
802270,220398.41915010836
802271,220398.41915010836
802331,220398.41915010836
802349,220398.41915010836
802375,220398.41915010836
802688,220398.41915010836
803023,220398.41915010836
803138,220398.41915010836
803310,220398.41915010836
803839,220398.41915010836
803941,220398.41915010836
804236,220398.41915010836
804237,220398.41915010836
804318,220398.41915010836
804335,220398.41915010836
804516,220398.41915010836
804572,220398.41915010836
804611,220398.41915010836
804663,220398.41915010836
804859,220398.41915010836
805515,220398.41915010836
805577,220398.41915010836
806450,220398.41915010836
806493,220398.41915010836
806508,220398.41915010836
806655,220398.41915010836
806775,220398.41915010836
806865,220398.41915010836
806936,220398.41915010836
806937,220398.41915010836
807537,220398.41915010836
807824,220398.41915010836
807826,220398.41915010836
808024,220398.41915010836
808123,220398.41915010836
808180,220398.41915010836
808340,220398.41915010836
808644,220398.41915010836
808647,220398.41915010836
809443,220398.41915010836
809444,220398.41915010836
809711,220398.41915010836
810556,220398.41915010836
810560,220398.41915010836
810574,220398.41915010836
810705,220398.41915010836
811018,220398.41915010836
811028,220398.41915010836
811104,220398.41915010836
811659,220398.41915010836
811817,220398.41915010836
811944,220398.41915010836
812472,220398.41915010836
812587,220398.41915010836
812588,220398.41915010836
812762,220398.41915010836
812914,220398.41915010836
813322,220398.41915010836
813323,220398.41915010836
813324,220398.41915010836
813361,220398.41915010836
813430,220398.41915010836
813750,220398.41915010836
813797,220398.41915010836
813800,220398.41915010836
814059,220398.41915010836
814159,220398.41915010836
814247,220398.41915010836
814306,220398.41915010836
814308,220398.41915010836
814310,220398.41915010836
814313,220398.41915010836
814338,220398.41915010836
814378,220398.41915010836
814381,220398.41915010836
814390,220398.41915010836
814448,220398.41915010836
814449,220398.41915010836
815043,220398.41915010836
815287,220398.41915010836
815582,220398.41915010836
815585,220398.41915010836
815640,220398.41915010836
816479,220398.41915010836
816525,220398.41915010836
816552,220398.41915010836
816589,220398.41915010836
816592,220398.41915010836
816594,220398.41915010836
816608,220398.41915010836
816611,220398.41915010836
816676,220398.41915010836
816679,220398.41915010836
816850,220398.41915010836
816967,220398.41915010836
816968,220398.41915010836
816969,220398.41915010836
816972,220398.41915010836
816974,220398.41915010836
817091,220398.41915010836
817550,220398.41915010836
817647,220398.41915010836
817658,220398.41915010836
817662,220398.41915010836
817752,220398.41915010836
817883,220398.41915010836
817978,220398.41915010836
818057,220398.41915010836
818059,220398.41915010836
818170,220398.41915010836
818217,220398.41915010836
818229,220398.41915010836
818316,220398.41915010836
818405,220398.41915010836
818412,220398.41915010836
818488,220398.41915010836
818498,220398.41915010836
818519,220398.41915010836
818520,220398.41915010836
818601,220398.41915010836
818620,220398.41915010836
818629,220398.41915010836
818668,220398.41915010836
818906,220398.41915010836
818951,220398.41915010836
818981,220398.41915010836
819022,220398.41915010836
819052,220398.41915010836
819088,220398.41915010836
819090,220398.41915010836
819154,220398.41915010836
819224,220398.41915010836
819477,220398.41915010836
819505,220398.41915010836
819532,220398.41915010836
819599,220398.41915010836
819624,220398.41915010836
819689,220398.41915010836
819690,220398.41915010836
819694,220398.41915010836
819729,220398.41915010836
819737,220398.41915010836
819839,220398.41915010836
819946,220398.41915010836
820010,220398.41915010836
820047,220398.41915010836
820221,220398.41915010836
820343,220398.41915010836
820369,220398.41915010836
820444,220398.41915010836
820485,220398.41915010836
820520,220398.41915010836
820534,220398.41915010836
820549,220398.41915010836
820550,220398.41915010836
820560,220398.41915010836
820576,220398.41915010836
820608,220398.41915010836
820640,220398.41915010836
820668,220398.41915010836
820672,220398.41915010836
820758,220398.41915010836
820763,220398.41915010836
820797,220398.41915010836
820936,220398.41915010836
821001,220398.41915010836
821049,220398.41915010836
821050,220398.41915010836
821087,220398.41915010836
821251,220398.41915010836
821372,220398.41915010836
821381,220398.41915010836
821423,220398.41915010836
821616,220398.41915010836
821664,220398.41915010836
821715,220398.41915010836
821753,220398.41915010836
821791,220398.41915010836
821800,220398.41915010836
821820,220398.41915010836
821825,220398.41915010836
821826,220398.41915010836
821876,220398.41915010836
821888,220398.41915010836
821895,220398.41915010836
822024,220398.41915010836
822169,220398.41915010836
822190,220398.41915010836
822347,220398.41915010836
822354,220398.41915010836
822421,220398.41915010836
822422,220398.41915010836
822432,220398.41915010836
822445,220398.41915010836
822453,220398.41915010836
822456,220398.41915010836
822457,220398.41915010836
822552,220398.41915010836
822622,220398.41915010836
822624,220398.41915010836
822635,220398.41915010836
822656,220398.41915010836
822684,220398.41915010836
822688,220398.41915010836
822777,220398.41915010836
822785,220398.41915010836
822858,220398.41915010836
822880,220398.41915010836
822882,220398.41915010836
822883,220398.41915010836
822930,220398.41915010836
823118,220398.41915010836
823126,220398.41915010836
823190,220398.41915010836
823243,220398.41915010836
823305,220398.41915010836
823338,220398.41915010836
823411,220398.41915010836
823441,220398.41915010836
823596,220398.41915010836
823639,220398.41915010836
823761,220398.41915010836
823773,220398.41915010836
823798,220398.41915010836
823815,220398.41915010836
823830,220398.41915010836
823846,220398.41915010836
823949,220398.41915010836
823958,220398.41915010836
824041,220398.41915010836
824138,220398.41915010836
824141,220398.41915010836
824236,220398.41915010836
824250,220398.41915010836
824261,220398.41915010836
824528,220398.41915010836
824533,220398.41915010836
824564,220398.41915010836
824568,220398.41915010836
824571,220398.41915010836
824575,220398.41915010836
824602,220398.41915010836
824686,220398.41915010836
824788,220398.41915010836
824810,220398.41915010836
824857,220398.41915010836
824886,220398.41915010836
824906,220398.41915010836
825094,220398.41915010836
825107,220398.41915010836
825186,220398.41915010836
825386,220398.41915010836
825462,220398.41915010836
825470,220398.41915010836
825472,220398.41915010836
825473,220398.41915010836
825700,220398.41915010836
825862,220398.41915010836
825950,220398.41915010836
826171,220398.41915010836
826173,220398.41915010836
826309,220398.41915010836
826322,220398.41915010836
826408,220398.41915010836
826453,220398.41915010836
826522,220398.41915010836
826555,220398.41915010836
826607,220398.41915010836
826650,220398.41915010836
826863,220398.41915010836
826864,220398.41915010836
826881,220398.41915010836
826893,220398.41915010836
826896,220398.41915010836
826968,220398.41915010836
826977,220398.41915010836
827191,220398.41915010836
827214,220398.41915010836
827230,220398.41915010836
827234,220398.41915010836
827325,220398.41915010836
827359,220398.41915010836
827399,220398.41915010836
827481,220398.41915010836
827619,220398.41915010836
827688,220398.41915010836
827711,220398.41915010836
827954,220398.41915010836
828025,220398.41915010836
828031,220398.41915010836
828082,220398.41915010836
828144,220398.41915010836
828174,220398.41915010836
828265,220398.41915010836
828273,220398.41915010836
828285,220398.41915010836
828351,220398.41915010836
828477,220398.41915010836
828604,220398.41915010836
828623,220398.41915010836
828718,220398.41915010836
828750,220398.41915010836
828793,220398.41915010836
828812,220398.41915010836
828827,220398.41915010836
828862,220398.41915010836
828965,220398.41915010836
829067,220398.41915010836
829087,220398.41915010836
829171,220398.41915010836
829240,220398.41915010836
829278,220398.41915010836
829282,220398.41915010836
829293,220398.41915010836
829295,220398.41915010836
829318,220398.41915010836
829322,220398.41915010836
829336,220398.41915010836
829344,220398.41915010836
829351,220398.41915010836
829359,220398.41915010836
829367,220398.41915010836
829372,220398.41915010836
829378,220398.41915010836
829383,220398.41915010836
829389,220398.41915010836
829390,220398.41915010836
829395,220398.41915010836
829413,220398.41915010836
829417,220398.41915010836
829419,220398.41915010836
829599,220398.41915010836
829600,220398.41915010836
829612,220398.41915010836
829673,220398.41915010836
829767,220398.41915010836
829883,220398.41915010836
829947,220398.41915010836
830002,220398.41915010836
830122,220398.41915010836
830143,220398.41915010836
830151,220398.41915010836
830160,220398.41915010836
830199,220398.41915010836
830245,220398.41915010836
830262,220398.41915010836
830265,220398.41915010836
830279,220398.41915010836
830280,220398.41915010836
830333,220398.41915010836
830384,220398.41915010836
830410,220398.41915010836
830446,220398.41915010836
830448,220398.41915010836
830535,220398.41915010836
830581,220398.41915010836
830587,220398.41915010836
830702,220398.41915010836
830731,220398.41915010836
830739,220398.41915010836
830764,220398.41915010836
830772,220398.41915010836
830774,220398.41915010836
830971,220398.41915010836
831037,220398.41915010836
831091,220398.41915010836
831105,220398.41915010836
831106,220398.41915010836
831112,220398.41915010836
831247,220398.41915010836
831261,220398.41915010836
831269,220398.41915010836
831321,220398.41915010836
831459,220398.41915010836
831529,220398.41915010836
831628,220398.41915010836
831792,220398.41915010836
831881,220398.41915010836
831882,220398.41915010836
831883,220398.41915010836
831884,220398.41915010836
831910,220398.41915010836
831944,220398.41915010836
831946,220398.41915010836
831947,220398.41915010836
831949,220398.41915010836
831950,220398.41915010836
831960,220398.41915010836
831961,220398.41915010836
831974,220398.41915010836
832022,220398.41915010836
832156,220398.41915010836
832213,220398.41915010836
832254,220398.41915010836
832261,220398.41915010836
832343,220398.41915010836
832367,220398.41915010836
832436,220398.41915010836
832439,220398.41915010836
832460,220398.41915010836
832470,220398.41915010836
832511,220398.41915010836
832513,220398.41915010836
832624,220398.41915010836
832707,220398.41915010836
832726,220398.41915010836
832780,220398.41915010836
832924,220398.41915010836
832953,220398.41915010836
833013,220398.41915010836
833045,220398.41915010836
833051,220398.41915010836
833052,220398.41915010836
833055,220398.41915010836
833056,220398.41915010836
833057,220398.41915010836
833058,220398.41915010836
833091,220398.41915010836
833216,220398.41915010836
833233,220398.41915010836
833350,220398.41915010836
833459,220398.41915010836
833510,220398.41915010836
833525,220398.41915010836
833527,220398.41915010836
833554,220398.41915010836
833634,220398.41915010836
833668,220398.41915010836
833688,220398.41915010836
833789,220398.41915010836
833827,220398.41915010836
833846,220398.41915010836
833858,220398.41915010836
833886,220398.41915010836
833925,220398.41915010836
833968,220398.41915010836
834026,220398.41915010836
834042,220398.41915010836
834049,220398.41915010836
834113,220398.41915010836
834265,220398.41915010836
834280,220398.41915010836
834315,220398.41915010836
834335,220398.41915010836
834341,220398.41915010836
834343,220398.41915010836
834348,220398.41915010836
834350,220398.41915010836
834391,220398.41915010836
834443,220398.41915010836
834451,220398.41915010836
834514,220398.41915010836
834613,220398.41915010836
834616,220398.41915010836
834623,220398.41915010836
834662,220398.41915010836
834702,220398.41915010836
834746,220398.41915010836
834751,220398.41915010836
834764,220398.41915010836
834785,220398.41915010836
834788,220398.41915010836
834836,220398.41915010836
834858,220398.41915010836
834903,220398.41915010836
834917,220398.41915010836
834959,220398.41915010836
835037,220398.41915010836
835090,220398.41915010836
835122,220398.41915010836
835129,220398.41915010836
835137,220398.41915010836
835262,220398.41915010836
835290,220398.41915010836
835307,220398.41915010836
835336,220398.41915010836
835361,220398.41915010836
835388,220398.41915010836
835459,220398.41915010836
835465,220398.41915010836
835522,220398.41915010836
835523,220398.41915010836
835635,220398.41915010836
835651,220398.41915010836
835661,220398.41915010836
835673,220398.41915010836
835692,220398.41915010836
835759,220398.41915010836
835813,220398.41915010836
835814,220398.41915010836
835816,220398.41915010836
835884,220398.41915010836
835965,220398.41915010836
836013,220398.41915010836
836041,220398.41915010836
836103,220398.41915010836
836173,220398.41915010836
836254,220398.41915010836
836316,220398.41915010836
836341,220398.41915010836
836417,220398.41915010836
836550,220398.41915010836
836555,220398.41915010836
836556,220398.41915010836
836559,220398.41915010836
836561,220398.41915010836
836562,220398.41915010836
836563,220398.41915010836
836564,220398.41915010836
836566,220398.41915010836
836735,220398.41915010836
836782,220398.41915010836
836821,220398.41915010836
837005,220398.41915010836
837092,220398.41915010836
837095,220398.41915010836
837197,220398.41915010836
837467,220398.41915010836
837506,220398.41915010836
837521,220398.41915010836
837550,220398.41915010836
837592,220398.41915010836
837618,220398.41915010836
837632,220398.41915010836
837642,220398.41915010836
837658,220398.41915010836
837769,220398.41915010836
837779,220398.41915010836
837784,220398.41915010836
837831,220398.41915010836
837832,220398.41915010836
837836,220398.41915010836
837961,220398.41915010836
838054,220398.41915010836
838186,220398.41915010836
838254,220398.41915010836
838257,220398.41915010836
838287,220398.41915010836
838374,220398.41915010836
838443,220398.41915010836
838471,220398.41915010836
838609,220398.41915010836
838636,220398.41915010836
838681,220398.41915010836
838696,220398.41915010836
838729,220398.41915010836
838745,220398.41915010836
838778,220398.41915010836
838834,220398.41915010836
838840,220398.41915010836
839042,220398.41915010836
839134,220398.41915010836
839179,220398.41915010836
839299,220398.41915010836
839328,220398.41915010836
839358,220398.41915010836
839379,220398.41915010836
839481,220398.41915010836
839688,220398.41915010836
839804,220398.41915010836
839807,220398.41915010836
839857,220398.41915010836
839875,220398.41915010836
839896,220398.41915010836
839906,220398.41915010836
839907,220398.41915010836
839912,220398.41915010836
839923,220398.41915010836
839964,220398.41915010836
840015,220398.41915010836
840075,220398.41915010836
840137,220398.41915010836
840187,220398.41915010836
840267,220398.41915010836
840277,220398.41915010836
840279,220398.41915010836
840282,220398.41915010836
840284,220398.41915010836
840287,220398.41915010836
840313,220398.41915010836
840333,220398.41915010836
840334,220398.41915010836
840337,220398.41915010836
840425,220398.41915010836
840558,220398.41915010836
840569,220398.41915010836
840632,220398.41915010836
840829,220398.41915010836
840859,220398.41915010836
840895,220398.41915010836
840951,220398.41915010836
841008,220398.41915010836
841041,220398.41915010836
841075,220398.41915010836
841077,220398.41915010836
841273,220398.41915010836
841289,220398.41915010836
841313,220398.41915010836
841337,220398.41915010836
841354,220398.41915010836
841376,220398.41915010836
841400,220398.41915010836
841446,220398.41915010836
841484,220398.41915010836
841515,220398.41915010836
841521,220398.41915010836
841536,220398.41915010836
841557,220398.41915010836
841585,220398.41915010836
841696,220398.41915010836
841763,220398.41915010836
841803,220398.41915010836
841851,220398.41915010836
841869,220398.41915010836
841984,220398.41915010836
842034,220398.41915010836
842041,220398.41915010836
842044,220398.41915010836
842056,220398.41915010836
842219,220398.41915010836
842222,220398.41915010836
842243,220398.41915010836
842245,220398.41915010836
842350,220398.41915010836
842357,220398.41915010836
842459,220398.41915010836
842460,220398.41915010836
842623,220398.41915010836
842624,220398.41915010836
842791,220398.41915010836
842797,220398.41915010836
842808,220398.41915010836
842868,220398.41915010836
842953,220398.41915010836
842960,220398.41915010836
843026,220398.41915010836
843041,220398.41915010836
843066,220398.41915010836
843070,220398.41915010836
843072,220398.41915010836
843183,220398.41915010836
843192,220398.41915010836
843194,220398.41915010836
843197,220398.41915010836
843201,220398.41915010836
843205,220398.41915010836
843339,220398.41915010836
843353,220398.41915010836
843397,220398.41915010836
843417,220398.41915010836
843468,220398.41915010836
843471,220398.41915010836
843505,220398.41915010836
843512,220398.41915010836
843536,220398.41915010836
843564,220398.41915010836
843575,220398.41915010836
843622,220398.41915010836
843737,220398.41915010836
843742,220398.41915010836
843767,220398.41915010836
843770,220398.41915010836
843784,220398.41915010836
843794,220398.41915010836
843797,220398.41915010836
843906,220398.41915010836
843914,220398.41915010836
843942,220398.41915010836
843943,220398.41915010836
843979,220398.41915010836
843980,220398.41915010836
843993,220398.41915010836
844008,220398.41915010836
844035,220398.41915010836
844085,220398.41915010836
844097,220398.41915010836
844104,220398.41915010836
844109,220398.41915010836
844110,220398.41915010836
844126,220398.41915010836
844162,220398.41915010836
844165,220398.41915010836
844198,220398.41915010836
844211,220398.41915010836
844233,220398.41915010836
844310,220398.41915010836
844316,220398.41915010836
844329,220398.41915010836
844338,220398.41915010836
844468,220398.41915010836
844503,220398.41915010836
844536,220398.41915010836
844539,220398.41915010836
844564,220398.41915010836
844590,220398.41915010836
844617,220398.41915010836
844640,220398.41915010836
844716,220398.41915010836
844747,220398.41915010836
844748,220398.41915010836
844755,220398.41915010836
844762,220398.41915010836
844789,220398.41915010836
844804,220398.41915010836
844846,220398.41915010836
844847,220398.41915010836
844849,220398.41915010836
844855,220398.41915010836
844856,220398.41915010836
844857,220398.41915010836
844862,220398.41915010836
844886,220398.41915010836
844915,220398.41915010836
844925,220398.41915010836
844991,220398.41915010836
844993,220398.41915010836
845024,220398.41915010836
845033,220398.41915010836
845082,220398.41915010836
845083,220398.41915010836
845096,220398.41915010836
845106,220398.41915010836
845107,220398.41915010836
845121,220398.41915010836
845124,220398.41915010836
845155,220398.41915010836
845166,220398.41915010836
845183,220398.41915010836
845217,220398.41915010836
845244,220398.41915010836
845251,220398.41915010836
845344,220398.41915010836
845370,220398.41915010836
845397,220398.41915010836
845405,220398.41915010836
845471,220398.41915010836
845486,220398.41915010836
845528,220398.41915010836
845534,220398.41915010836
845545,220398.41915010836
845594,220398.41915010836
845685,220398.41915010836
845705,220398.41915010836
845720,220398.41915010836
845802,220398.41915010836
845879,220398.41915010836
845943,220398.41915010836
845962,220398.41915010836
846140,220398.41915010836
846147,220398.41915010836
846152,220398.41915010836
846284,220398.41915010836
846499,220398.41915010836
846556,220398.41915010836
846559,220398.41915010836
846573,220398.41915010836
846575,220398.41915010836
846768,220398.41915010836
846871,220398.41915010836
846968,220398.41915010836
847095,220398.41915010836
847100,220398.41915010836
847161,220398.41915010836
847191,220398.41915010836
847227,220398.41915010836
847230,220398.41915010836
847306,220398.41915010836
847476,220398.41915010836
847537,220398.41915010836
847657,220398.41915010836
847727,220398.41915010836
847766,220398.41915010836
847773,220398.41915010836
847809,220398.41915010836
847861,220398.41915010836
847892,220398.41915010836
847917,220398.41915010836
847950,220398.41915010836
848039,220398.41915010836
848093,220398.41915010836
848095,220398.41915010836
848112,220398.41915010836
848157,220398.41915010836
848164,220398.41915010836
848302,220398.41915010836
848330,220398.41915010836
848365,220398.41915010836
848375,220398.41915010836
848386,220398.41915010836
848437,220398.41915010836
848493,220398.41915010836
848543,220398.41915010836
848549,220398.41915010836
848623,220398.41915010836
848661,220398.41915010836
848707,220398.41915010836
848775,220398.41915010836
848843,220398.41915010836
848978,220398.41915010836
848989,220398.41915010836
849002,220398.41915010836
849024,220398.41915010836
849047,220398.41915010836
849062,220398.41915010836
849064,220398.41915010836
936612,220398.41915010836
936685,220398.41915010836
936696,220398.41915010836
936725,220398.41915010836
936735,220398.41915010836
936772,220398.41915010836
936806,220398.41915010836
936808,220398.41915010836
936854,220398.41915010836
936871,220398.41915010836
936899,220398.41915010836
936915,220398.41915010836
936923,220398.41915010836
936950,220398.41915010836
936973,220398.41915010836
937001,220398.41915010836
937003,220398.41915010836
937056,220398.41915010836
937090,220398.41915010836
937110,220398.41915010836
937130,220398.41915010836
937183,220398.41915010836
937255,220398.41915010836
937276,220398.41915010836
937318,220398.41915010836
937335,220398.41915010836
937337,220398.41915010836
937358,220398.41915010836
937360,220398.41915010836
937362,220398.41915010836
937390,220398.41915010836
937462,220398.41915010836
937472,220398.41915010836
937477,220398.41915010836
937493,220398.41915010836
937518,220398.41915010836
937519,220398.41915010836
937555,220398.41915010836
937658,220398.41915010836
937662,220398.41915010836
937663,220398.41915010836
937665,220398.41915010836
937676,220398.41915010836
937694,220398.41915010836
937735,220398.41915010836
937740,220398.41915010836
937751,220398.41915010836
937776,220398.41915010836
937780,220398.41915010836
937812,220398.41915010836
937813,220398.41915010836
937943,220398.41915010836
938043,220398.41915010836
938056,220398.41915010836
938064,220398.41915010836
938068,220398.41915010836
938080,220398.41915010836
938114,220398.41915010836
938187,220398.41915010836
938204,220398.41915010836
938206,220398.41915010836
938209,220398.41915010836
938212,220398.41915010836
938232,220398.41915010836
938233,220398.41915010836
938349,220398.41915010836
938350,220398.41915010836
938351,220398.41915010836
938354,220398.41915010836
938361,220398.41915010836
938362,220398.41915010836
938363,220398.41915010836
938433,220398.41915010836
938579,220398.41915010836
938635,220398.41915010836
938636,220398.41915010836
938637,220398.41915010836
938639,220398.41915010836
938651,220398.41915010836
938670,220398.41915010836
938703,220398.41915010836
938705,220398.41915010836
938715,220398.41915010836
938733,220398.41915010836
938812,220398.41915010836
938814,220398.41915010836
938894,220398.41915010836
938913,220398.41915010836
938938,220398.41915010836
938957,220398.41915010836
938990,220398.41915010836
939010,220398.41915010836
939028,220398.41915010836
939075,220398.41915010836
939121,220398.41915010836
939133,220398.41915010836
939146,220398.41915010836
939224,220398.41915010836
939227,220398.41915010836
939256,220398.41915010836
939297,220398.41915010836
939305,220398.41915010836
939310,220398.41915010836
939349,220398.41915010836
939360,220398.41915010836
939392,220398.41915010836
939400,220398.41915010836
939409,220398.41915010836
939411,220398.41915010836
939414,220398.41915010836
939420,220398.41915010836
939421,220398.41915010836
939438,220398.41915010836
939494,220398.41915010836
939496,220398.41915010836
939497,220398.41915010836
939501,220398.41915010836
939587,220398.41915010836
939589,220398.41915010836
939629,220398.41915010836
939636,220398.41915010836
939645,220398.41915010836
939650,220398.41915010836
939666,220398.41915010836
939669,220398.41915010836
939711,220398.41915010836
939877,220398.41915010836
939886,220398.41915010836
939890,220398.41915010836
939892,220398.41915010836
939905,220398.41915010836
939930,220398.41915010836
939935,220398.41915010836
939960,220398.41915010836
939964,220398.41915010836
939970,220398.41915010836
940066,220398.41915010836
940094,220398.41915010836
940095,220398.41915010836
940096,220398.41915010836
940118,220398.41915010836
940138,220398.41915010836
940168,220398.41915010836
940172,220398.41915010836
940240,220398.41915010836
940262,220398.41915010836
940282,220398.41915010836
940283,220398.41915010836
940336,220398.41915010836
940389,220398.41915010836
940487,220398.41915010836
940552,220398.41915010836
940571,220398.41915010836
940579,220398.41915010836
940602,220398.41915010836
940627,220398.41915010836
940735,220398.41915010836
940740,220398.41915010836
940742,220398.41915010836
940767,220398.41915010836
940788,220398.41915010836
940807,220398.41915010836
940855,220398.41915010836
940868,220398.41915010836
940875,220398.41915010836
940876,220398.41915010836
940890,220398.41915010836
940950,220398.41915010836
941026,220398.41915010836
941059,220398.41915010836
941089,220398.41915010836
941112,220398.41915010836
941121,220398.41915010836
941123,220398.41915010836
941146,220398.41915010836
941344,220398.41915010836
941346,220398.41915010836
941369,220398.41915010836
941370,220398.41915010836
941373,220398.41915010836
941384,220398.41915010836
941500,220398.41915010836
941524,220398.41915010836
941554,220398.41915010836
941713,220398.41915010836
941780,220398.41915010836
941782,220398.41915010836
941786,220398.41915010836
941790,220398.41915010836
941791,220398.41915010836
941792,220398.41915010836
941793,220398.41915010836
941797,220398.41915010836
941798,220398.41915010836
941801,220398.41915010836
941810,220398.41915010836
941826,220398.41915010836
941843,220398.41915010836
941862,220398.41915010836
941864,220398.41915010836
941867,220398.41915010836
941875,220398.41915010836
941876,220398.41915010836
941881,220398.41915010836
941883,220398.41915010836
941884,220398.41915010836
941891,220398.41915010836
941919,220398.41915010836
941959,220398.41915010836
942057,220398.41915010836
942070,220398.41915010836
942098,220398.41915010836
942103,220398.41915010836
942105,220398.41915010836
942106,220398.41915010836
942109,220398.41915010836
942111,220398.41915010836
942113,220398.41915010836
942115,220398.41915010836
942116,220398.41915010836
942130,220398.41915010836
942139,220398.41915010836
942145,220398.41915010836
942168,220398.41915010836
942177,220398.41915010836
942181,220398.41915010836
942196,220398.41915010836
942210,220398.41915010836
942217,220398.41915010836
942275,220398.41915010836
942370,220398.41915010836
942375,220398.41915010836
942383,220398.41915010836
942415,220398.41915010836
942422,220398.41915010836
942463,220398.41915010836
942469,220398.41915010836
942480,220398.41915010836
942488,220398.41915010836
942583,220398.41915010836
942628,220398.41915010836
942635,220398.41915010836
942636,220398.41915010836
942651,220398.41915010836
942653,220398.41915010836
942655,220398.41915010836
942657,220398.41915010836
942741,220398.41915010836
942753,220398.41915010836
942779,220398.41915010836
942802,220398.41915010836
942843,220398.41915010836
942844,220398.41915010836
942890,220398.41915010836
942964,220398.41915010836
942968,220398.41915010836
942969,220398.41915010836
942985,220398.41915010836
942989,220398.41915010836
942990,220398.41915010836
943022,220398.41915010836
943032,220398.41915010836
943039,220398.41915010836
943044,220398.41915010836
943112,220398.41915010836
943140,220398.41915010836
943141,220398.41915010836
943143,220398.41915010836
943145,220398.41915010836
943149,220398.41915010836
943167,220398.41915010836
943193,220398.41915010836
943238,220398.41915010836
943352,220398.41915010836
943368,220398.41915010836
943373,220398.41915010836
943397,220398.41915010836
943398,220398.41915010836
943402,220398.41915010836
943412,220398.41915010836
943473,220398.41915010836
943478,220398.41915010836
943482,220398.41915010836
943484,220398.41915010836
943489,220398.41915010836
943497,220398.41915010836
943503,220398.41915010836
943504,220398.41915010836
943505,220398.41915010836
943592,220398.41915010836
943684,220398.41915010836
943693,220398.41915010836
943696,220398.41915010836
943698,220398.41915010836
943699,220398.41915010836
943750,220398.41915010836
943756,220398.41915010836
943782,220398.41915010836
943783,220398.41915010836
943810,220398.41915010836
943821,220398.41915010836
943822,220398.41915010836
943872,220398.41915010836
943889,220398.41915010836
943928,220398.41915010836
943939,220398.41915010836
943944,220398.41915010836
943953,220398.41915010836
943954,220398.41915010836
943955,220398.41915010836
943960,220398.41915010836
943964,220398.41915010836
943968,220398.41915010836
943969,220398.41915010836
943985,220398.41915010836
944000,220398.41915010836
944002,220398.41915010836
944018,220398.41915010836
944025,220398.41915010836
944030,220398.41915010836
944101,220398.41915010836
944105,220398.41915010836
944256,220398.41915010836
944265,220398.41915010836
944289,220398.41915010836
944295,220398.41915010836
944305,220398.41915010836
944306,220398.41915010836
944312,220398.41915010836
944341,220398.41915010836
944342,220398.41915010836
944347,220398.41915010836
944360,220398.41915010836
944384,220398.41915010836
944425,220398.41915010836
944434,220398.41915010836
944435,220398.41915010836
944436,220398.41915010836
944442,220398.41915010836
944552,220398.41915010836
944568,220398.41915010836
944662,220398.41915010836
944671,220398.41915010836
944683,220398.41915010836
944887,220398.41915010836
944902,220398.41915010836
944906,220398.41915010836
944913,220398.41915010836
944921,220398.41915010836
944935,220398.41915010836
944942,220398.41915010836
944943,220398.41915010836
944955,220398.41915010836
944967,220398.41915010836
945015,220398.41915010836
945046,220398.41915010836
945082,220398.41915010836
945116,220398.41915010836
945151,220398.41915010836
945180,220398.41915010836
945181,220398.41915010836
945182,220398.41915010836
945273,220398.41915010836
945283,220398.41915010836
945305,220398.41915010836
945332,220398.41915010836
945388,220398.41915010836
945444,220398.41915010836
945448,220398.41915010836
945453,220398.41915010836
945454,220398.41915010836
945470,220398.41915010836
945495,220398.41915010836
945498,220398.41915010836
945505,220398.41915010836
945513,220398.41915010836
945554,220398.41915010836
945590,220398.41915010836
945627,220398.41915010836
945628,220398.41915010836
945629,220398.41915010836
945630,220398.41915010836
945749,220398.41915010836
945790,220398.41915010836
945801,220398.41915010836
945838,220398.41915010836
945839,220398.41915010836
945840,220398.41915010836
945843,220398.41915010836
945880,220398.41915010836
945900,220398.41915010836
945901,220398.41915010836
945902,220398.41915010836
945903,220398.41915010836
945940,220398.41915010836
945942,220398.41915010836
945945,220398.41915010836
945946,220398.41915010836
945952,220398.41915010836
945965,220398.41915010836
945967,220398.41915010836
945997,220398.41915010836
945998,220398.41915010836
946016,220398.41915010836
946307,220398.41915010836
946318,220398.41915010836
946327,220398.41915010836
946351,220398.41915010836
946358,220398.41915010836
946373,220398.41915010836
946376,220398.41915010836
946385,220398.41915010836
946386,220398.41915010836
946397,220398.41915010836
946398,220398.41915010836
946401,220398.41915010836
946403,220398.41915010836
946433,220398.41915010836
946446,220398.41915010836
946447,220398.41915010836
946448,220398.41915010836
946462,220398.41915010836
946463,220398.41915010836
946492,220398.41915010836
946496,220398.41915010836
946540,220398.41915010836
946541,220398.41915010836
946591,220398.41915010836
946601,220398.41915010836
946638,220398.41915010836
946640,220398.41915010836
946653,220398.41915010836
946678,220398.41915010836
946687,220398.41915010836
946688,220398.41915010836
946689,220398.41915010836
946716,220398.41915010836
946732,220398.41915010836
946738,220398.41915010836
946746,220398.41915010836
946779,220398.41915010836
946784,220398.41915010836
946788,220398.41915010836
946820,220398.41915010836
946836,220398.41915010836
946870,220398.41915010836
946873,220398.41915010836
946896,220398.41915010836
946944,220398.41915010836
946972,220398.41915010836
946973,220398.41915010836
947007,220398.41915010836
947031,220398.41915010836
947057,220398.41915010836
947141,220398.41915010836
947176,220398.41915010836
947187,220398.41915010836
947206,220398.41915010836
947216,220398.41915010836
947274,220398.41915010836
947300,220398.41915010836
947332,220398.41915010836
947383,220398.41915010836
947395,220398.41915010836
947405,220398.41915010836
947436,220398.41915010836
947473,220398.41915010836
947495,220398.41915010836
947530,220398.41915010836
947537,220398.41915010836
947552,220398.41915010836
947564,220398.41915010836
947584,220398.41915010836
947625,220398.41915010836
947677,220398.41915010836
947689,220398.41915010836
947698,220398.41915010836
947699,220398.41915010836
947700,220398.41915010836
947701,220398.41915010836
947702,220398.41915010836
947725,220398.41915010836
947743,220398.41915010836
947833,220398.41915010836
947872,220398.41915010836
947881,220398.41915010836
947930,220398.41915010836
947977,220398.41915010836
948034,220398.41915010836
948036,220398.41915010836
948039,220398.41915010836
948066,220398.41915010836
948107,220398.41915010836
948115,220398.41915010836
948121,220398.41915010836
948137,220398.41915010836
948148,220398.41915010836
948306,220398.41915010836
948339,220398.41915010836
948361,220398.41915010836
948386,220398.41915010836
948387,220398.41915010836
948388,220398.41915010836
948423,220398.41915010836
948470,220398.41915010836
948479,220398.41915010836
948484,220398.41915010836
948486,220398.41915010836
948598,220398.41915010836
948607,220398.41915010836
948629,220398.41915010836
948630,220398.41915010836
948631,220398.41915010836
948632,220398.41915010836
948633,220398.41915010836
948641,220398.41915010836
948643,220398.41915010836
948651,220398.41915010836
948652,220398.41915010836
948675,220398.41915010836
948740,220398.41915010836
948743,220398.41915010836
948744,220398.41915010836
948745,220398.41915010836
948774,220398.41915010836
948789,220398.41915010836
948807,220398.41915010836
948808,220398.41915010836
948809,220398.41915010836
948813,220398.41915010836
948816,220398.41915010836
948819,220398.41915010836
948830,220398.41915010836
948870,220398.41915010836
948912,220398.41915010836
948941,220398.41915010836
949105,220398.41915010836
949143,220398.41915010836
949144,220398.41915010836
949147,220398.41915010836
949248,220398.41915010836
949250,220398.41915010836
949278,220398.41915010836
949283,220398.41915010836
949293,220398.41915010836
949340,220398.41915010836
949379,220398.41915010836
949426,220398.41915010836
949427,220398.41915010836
949428,220398.41915010836
949431,220398.41915010836
949443,220398.41915010836
949474,220398.41915010836
949492,220398.41915010836
949501,220398.41915010836
949517,220398.41915010836
949518,220398.41915010836
949519,220398.41915010836
949529,220398.41915010836
949544,220398.41915010836
949545,220398.41915010836
949584,220398.41915010836
949592,220398.41915010836
949593,220398.41915010836
949627,220398.41915010836
949651,220398.41915010836
949661,220398.41915010836
949762,220398.41915010836
949815,220398.41915010836
949827,220398.41915010836
949858,220398.41915010836
949933,220398.41915010836
949934,220398.41915010836
949943,220398.41915010836
949960,220398.41915010836
950036,220398.41915010836
950037,220398.41915010836
950038,220398.41915010836
950039,220398.41915010836
950044,220398.41915010836
950060,220398.41915010836
950088,220398.41915010836
950194,220398.41915010836
950227,220398.41915010836
950234,220398.41915010836
950303,220398.41915010836
950339,220398.41915010836
950374,220398.41915010836
950378,220398.41915010836
950382,220398.41915010836
950385,220398.41915010836
950489,220398.41915010836
950576,220398.41915010836
950581,220398.41915010836
950583,220398.41915010836
950584,220398.41915010836
950585,220398.41915010836
950607,220398.41915010836
950630,220398.41915010836
950634,220398.41915010836
950664,220398.41915010836
950671,220398.41915010836
950686,220398.41915010836
950746,220398.41915010836
950751,220398.41915010836
950916,220398.41915010836
951001,220398.41915010836
951065,220398.41915010836
951129,220398.41915010836
951162,220398.41915010836
951195,220398.41915010836
951200,220398.41915010836
951201,220398.41915010836
951405,220398.41915010836
951412,220398.41915010836
951454,220398.41915010836
951460,220398.41915010836
951463,220398.41915010836
951471,220398.41915010836
951553,220398.41915010836
951564,220398.41915010836
951646,220398.41915010836
951663,220398.41915010836
951687,220398.41915010836
951692,220398.41915010836
951704,220398.41915010836
951780,220398.41915010836
951782,220398.41915010836
951915,220398.41915010836
951963,220398.41915010836
951975,220398.41915010836
951988,220398.41915010836
952013,220398.41915010836
952025,220398.41915010836
952036,220398.41915010836
952096,220398.41915010836
952268,220398.41915010836
952271,220398.41915010836
952273,220398.41915010836
952448,220398.41915010836
952466,220398.41915010836
952537,220398.41915010836
952541,220398.41915010836
952545,220398.41915010836
952546,220398.41915010836
952566,220398.41915010836
952651,220398.41915010836
952689,220398.41915010836
952699,220398.41915010836
952773,220398.41915010836
952778,220398.41915010836
952818,220398.41915010836
952900,220398.41915010836
952916,220398.41915010836
953005,220398.41915010836
953024,220398.41915010836
953047,220398.41915010836
953057,220398.41915010836
953161,220398.41915010836
953163,220398.41915010836
953176,220398.41915010836
953177,220398.41915010836
953181,220398.41915010836
953182,220398.41915010836
953227,220398.41915010836
953228,220398.41915010836
953237,220398.41915010836
953293,220398.41915010836
953325,220398.41915010836
953326,220398.41915010836
953330,220398.41915010836
953375,220398.41915010836
953481,220398.41915010836
953486,220398.41915010836
953512,220398.41915010836
953552,220398.41915010836
953564,220398.41915010836
953626,220398.41915010836
953702,220398.41915010836
953744,220398.41915010836
953778,220398.41915010836
953795,220398.41915010836
953797,220398.41915010836
953857,220398.41915010836
953894,220398.41915010836
953920,220398.41915010836
953922,220398.41915010836
953931,220398.41915010836
953965,220398.41915010836
954066,220398.41915010836
954138,220398.41915010836
954190,220398.41915010836
954216,220398.41915010836
954292,220398.41915010836
954302,220398.41915010836
954319,220398.41915010836
954351,220398.41915010836
954413,220398.41915010836
954419,220398.41915010836
954452,220398.41915010836
954503,220398.41915010836
954505,220398.41915010836
954535,220398.41915010836
954548,220398.41915010836
954563,220398.41915010836
954578,220398.41915010836
954584,220398.41915010836
954608,220398.41915010836
954615,220398.41915010836
954627,220398.41915010836
954649,220398.41915010836
954700,220398.41915010836
954717,220398.41915010836
954721,220398.41915010836
954735,220398.41915010836
954747,220398.41915010836
954762,220398.41915010836
954787,220398.41915010836
954809,220398.41915010836
954828,220398.41915010836
954831,220398.41915010836
954867,220398.41915010836
954868,220398.41915010836
954880,220398.41915010836
954892,220398.41915010836
954911,220398.41915010836
954926,220398.41915010836
954928,220398.41915010836
954955,220398.41915010836
954963,220398.41915010836
954972,220398.41915010836
954992,220398.41915010836
955082,220398.41915010836
955110,220398.41915010836
955132,220398.41915010836
955142,220398.41915010836
955152,220398.41915010836
955153,220398.41915010836
955160,220398.41915010836
955162,220398.41915010836
955164,220398.41915010836
955189,220398.41915010836
955190,220398.41915010836
955207,220398.41915010836
955287,220398.41915010836
955308,220398.41915010836
955309,220398.41915010836
955361,220398.41915010836
955376,220398.41915010836
955429,220398.41915010836
955444,220398.41915010836
955445,220398.41915010836
955456,220398.41915010836
955502,220398.41915010836
955525,220398.41915010836
955528,220398.41915010836
955541,220398.41915010836
955557,220398.41915010836
955562,220398.41915010836
955575,220398.41915010836
955601,220398.41915010836
955609,220398.41915010836
955639,220398.41915010836
955664,220398.41915010836
955682,220398.41915010836
955700,220398.41915010836
955727,220398.41915010836
955782,220398.41915010836
955786,220398.41915010836
955801,220398.41915010836
955815,220398.41915010836
955864,220398.41915010836
955926,220398.41915010836
955932,220398.41915010836
955939,220398.41915010836
955961,220398.41915010836
955974,220398.41915010836
955994,220398.41915010836
956001,220398.41915010836
956005,220398.41915010836
956031,220398.41915010836
956035,220398.41915010836
956036,220398.41915010836
956038,220398.41915010836
956042,220398.41915010836
956044,220398.41915010836
956046,220398.41915010836
956050,220398.41915010836
956051,220398.41915010836
956130,220398.41915010836
956137,220398.41915010836
956144,220398.41915010836
956156,220398.41915010836
956187,220398.41915010836
956223,220398.41915010836
956246,220398.41915010836
956263,220398.41915010836
956304,220398.41915010836
956308,220398.41915010836
956488,220398.41915010836
956523,220398.41915010836
956535,220398.41915010836
956556,220398.41915010836
956558,220398.41915010836
956600,220398.41915010836
956627,220398.41915010836
956631,220398.41915010836
956661,220398.41915010836
956687,220398.41915010836
956694,220398.41915010836
956767,220398.41915010836
956774,220398.41915010836
956907,220398.41915010836
956962,220398.41915010836
956966,220398.41915010836
957053,220398.41915010836
957065,220398.41915010836
957149,220398.41915010836
957192,220398.41915010836
957242,220398.41915010836
957408,220398.41915010836
957420,220398.41915010836
957421,220398.41915010836
957444,220398.41915010836
957446,220398.41915010836
957539,220398.41915010836
957550,220398.41915010836
957566,220398.41915010836
957573,220398.41915010836
957608,220398.41915010836
957648,220398.41915010836
957674,220398.41915010836
957675,220398.41915010836
957676,220398.41915010836
957679,220398.41915010836
957684,220398.41915010836
957685,220398.41915010836
957687,220398.41915010836
957699,220398.41915010836
957708,220398.41915010836
957709,220398.41915010836
957720,220398.41915010836
957724,220398.41915010836
957725,220398.41915010836
957749,220398.41915010836
957758,220398.41915010836
957793,220398.41915010836
957840,220398.41915010836
957852,220398.41915010836
957875,220398.41915010836
957955,220398.41915010836
957967,220398.41915010836
957971,220398.41915010836
957987,220398.41915010836
958016,220398.41915010836
958019,220398.41915010836
958038,220398.41915010836
958045,220398.41915010836
958063,220398.41915010836
958116,220398.41915010836
958119,220398.41915010836
958190,220398.41915010836
958198,220398.41915010836
958259,220398.41915010836
958270,220398.41915010836
958285,220398.41915010836
958288,220398.41915010836
958345,220398.41915010836
958383,220398.41915010836
958422,220398.41915010836
958425,220398.41915010836
958428,220398.41915010836
958430,220398.41915010836
958447,220398.41915010836
958454,220398.41915010836
958455,220398.41915010836
958456,220398.41915010836
958493,220398.41915010836
958512,220398.41915010836
958516,220398.41915010836
958517,220398.41915010836
958519,220398.41915010836
958526,220398.41915010836
958527,220398.41915010836
958533,220398.41915010836
958535,220398.41915010836
958538,220398.41915010836
958565,220398.41915010836
958569,220398.41915010836
958570,220398.41915010836
958572,220398.41915010836
958601,220398.41915010836
958657,220398.41915010836
958666,220398.41915010836
958667,220398.41915010836
958671,220398.41915010836
958675,220398.41915010836
958676,220398.41915010836
958679,220398.41915010836
958693,220398.41915010836
958694,220398.41915010836
958697,220398.41915010836
958698,220398.41915010836
958705,220398.41915010836
958707,220398.41915010836
958770,220398.41915010836
958783,220398.41915010836
958791,220398.41915010836
958792,220398.41915010836
958793,220398.41915010836
958797,220398.41915010836
958799,220398.41915010836
958831,220398.41915010836
958839,220398.41915010836
958896,220398.41915010836
958898,220398.41915010836
958985,220398.41915010836
959021,220398.41915010836
959030,220398.41915010836
959031,220398.41915010836
959060,220398.41915010836
959112,220398.41915010836
959114,220398.41915010836
959117,220398.41915010836
959118,220398.41915010836
959121,220398.41915010836
959122,220398.41915010836
959123,220398.41915010836
959124,220398.41915010836
959125,220398.41915010836
959126,220398.41915010836
959128,220398.41915010836
959129,220398.41915010836
959130,220398.41915010836
959131,220398.41915010836
959133,220398.41915010836
959134,220398.41915010836
959142,220398.41915010836
959153,220398.41915010836
959154,220398.41915010836
959166,220398.41915010836
959224,220398.41915010836
959227,220398.41915010836
959265,220398.41915010836
959323,220398.41915010836
959324,220398.41915010836
959357,220398.41915010836
959362,220398.41915010836
959394,220398.41915010836
959419,220398.41915010836
959433,220398.41915010836
959451,220398.41915010836
959466,220398.41915010836
959468,220398.41915010836
959469,220398.41915010836
959476,220398.41915010836
959683,220398.41915010836
959723,220398.41915010836
959725,220398.41915010836
959726,220398.41915010836
959728,220398.41915010836
959741,220398.41915010836
959742,220398.41915010836
959743,220398.41915010836
959744,220398.41915010836
959757,220398.41915010836
959759,220398.41915010836
959940,220398.41915010836
959967,220398.41915010836
960018,220398.41915010836
960029,220398.41915010836
960058,220398.41915010836
960091,220398.41915010836
960118,220398.41915010836
960163,220398.41915010836
960165,220398.41915010836
960169,220398.41915010836
960226,220398.41915010836
960235,220398.41915010836
960241,220398.41915010836
960274,220398.41915010836
960275,220398.41915010836
960284,220398.41915010836
960286,220398.41915010836
960287,220398.41915010836
960289,220398.41915010836
960290,220398.41915010836
960310,220398.41915010836
960340,220398.41915010836
960362,220398.41915010836
960393,220398.41915010836
960410,220398.41915010836
960431,220398.41915010836
960451,220398.41915010836
960478,220398.41915010836
960529,220398.41915010836
960530,220398.41915010836
960581,220398.41915010836
960597,220398.41915010836
960598,220398.41915010836
960634,220398.41915010836
960687,220398.41915010836
960863,220398.41915010836
960913,220398.41915010836
960931,220398.41915010836
960946,220398.41915010836
960947,220398.41915010836
960983,220398.41915010836
961006,220398.41915010836
961035,220398.41915010836
961042,220398.41915010836
961048,220398.41915010836
961123,220398.41915010836
961141,220398.41915010836
961143,220398.41915010836
961183,220398.41915010836
961216,220398.41915010836
961226,220398.41915010836
961246,220398.41915010836
961256,220398.41915010836
961289,220398.41915010836
961337,220398.41915010836
961387,220398.41915010836
961389,220398.41915010836
961395,220398.41915010836
961408,220398.41915010836
961419,220398.41915010836
961420,220398.41915010836
961421,220398.41915010836
961452,220398.41915010836
961461,220398.41915010836
961478,220398.41915010836
961488,220398.41915010836
961489,220398.41915010836
961522,220398.41915010836
961530,220398.41915010836
961548,220398.41915010836
961574,220398.41915010836
961601,220398.41915010836
961605,220398.41915010836
961608,220398.41915010836
961609,220398.41915010836
961699,220398.41915010836
961715,220398.41915010836
961768,220398.41915010836
961788,220398.41915010836
961789,220398.41915010836
961790,220398.41915010836
961791,220398.41915010836
961792,220398.41915010836
961817,220398.41915010836
961822,220398.41915010836
961854,220398.41915010836
961872,220398.41915010836
961877,220398.41915010836
961882,220398.41915010836
962051,220398.41915010836
962065,220398.41915010836
962066,220398.41915010836
962080,220398.41915010836
962082,220398.41915010836
962083,220398.41915010836
962090,220398.41915010836
962109,220398.41915010836
962116,220398.41915010836
962141,220398.41915010836
962144,220398.41915010836
962159,220398.41915010836
962160,220398.41915010836
962165,220398.41915010836
962176,220398.41915010836
962178,220398.41915010836
962179,220398.41915010836
962180,220398.41915010836
962181,220398.41915010836
962182,220398.41915010836
962184,220398.41915010836
962186,220398.41915010836
962217,220398.41915010836
962219,220398.41915010836
962225,220398.41915010836
962235,220398.41915010836
962236,220398.41915010836
962263,220398.41915010836
962287,220398.41915010836
962316,220398.41915010836
962319,220398.41915010836
962336,220398.41915010836
962412,220398.41915010836
962416,220398.41915010836
962419,220398.41915010836
962438,220398.41915010836
962448,220398.41915010836
962501,220398.41915010836
962520,220398.41915010836
962546,220398.41915010836
962551,220398.41915010836
962559,220398.41915010836
962567,220398.41915010836
962572,220398.41915010836
962579,220398.41915010836
962585,220398.41915010836
962586,220398.41915010836
962591,220398.41915010836
962592,220398.41915010836
962630,220398.41915010836
962635,220398.41915010836
962677,220398.41915010836
962728,220398.41915010836
962755,220398.41915010836
962778,220398.41915010836
962796,220398.41915010836
962835,220398.41915010836
962839,220398.41915010836
962845,220398.41915010836
962907,220398.41915010836
962922,220398.41915010836
963001,220398.41915010836
963003,220398.41915010836
963019,220398.41915010836
963020,220398.41915010836
963022,220398.41915010836
963023,220398.41915010836
963041,220398.41915010836
963049,220398.41915010836
963118,220398.41915010836
963122,220398.41915010836
963130,220398.41915010836
963165,220398.41915010836
963199,220398.41915010836
963205,220398.41915010836
963229,220398.41915010836
963313,220398.41915010836
963314,220398.41915010836
963319,220398.41915010836
963325,220398.41915010836
963327,220398.41915010836
963340,220398.41915010836
963362,220398.41915010836
963366,220398.41915010836
963375,220398.41915010836
963378,220398.41915010836
963381,220398.41915010836
963447,220398.41915010836
963472,220398.41915010836
963488,220398.41915010836
963490,220398.41915010836
963539,220398.41915010836
963651,220398.41915010836
963676,220398.41915010836
963682,220398.41915010836
963837,220398.41915010836
963857,220398.41915010836
963905,220398.41915010836
963929,220398.41915010836
963960,220398.41915010836
963971,220398.41915010836
963973,220398.41915010836
963986,220398.41915010836
964018,220398.41915010836
964048,220398.41915010836
964049,220398.41915010836
964055,220398.41915010836
964098,220398.41915010836
964135,220398.41915010836
964156,220398.41915010836
964157,220398.41915010836
964171,220398.41915010836
964207,220398.41915010836
964208,220398.41915010836
964209,220398.41915010836
964271,220398.41915010836
964304,220398.41915010836
964312,220398.41915010836
964314,220398.41915010836
964333,220398.41915010836
964369,220398.41915010836
964488,220398.41915010836
964527,220398.41915010836
964570,220398.41915010836
964580,220398.41915010836
964591,220398.41915010836
964592,220398.41915010836
964593,220398.41915010836
964595,220398.41915010836
964622,220398.41915010836
964625,220398.41915010836
964642,220398.41915010836
964705,220398.41915010836
964813,220398.41915010836
964839,220398.41915010836
964849,220398.41915010836
964911,220398.41915010836
964984,220398.41915010836
964997,220398.41915010836
965033,220398.41915010836
965053,220398.41915010836
965089,220398.41915010836
965099,220398.41915010836
965116,220398.41915010836
965131,220398.41915010836
965145,220398.41915010836
965153,220398.41915010836
965176,220398.41915010836
965182,220398.41915010836
965184,220398.41915010836
965201,220398.41915010836
965216,220398.41915010836
965242,220398.41915010836
965260,220398.41915010836
965262,220398.41915010836
965305,220398.41915010836
965315,220398.41915010836
965320,220398.41915010836
965321,220398.41915010836
965322,220398.41915010836
965324,220398.41915010836
965325,220398.41915010836
965326,220398.41915010836
965341,220398.41915010836
965342,220398.41915010836
965346,220398.41915010836
965349,220398.41915010836
965438,220398.41915010836
965466,220398.41915010836
965474,220398.41915010836
965499,220398.41915010836
965515,220398.41915010836
965560,220398.41915010836
965648,220398.41915010836
965688,220398.41915010836
965717,220398.41915010836
965754,220398.41915010836
965792,220398.41915010836
965794,220398.41915010836
965821,220398.41915010836
965856,220398.41915010836
965860,220398.41915010836
965954,220398.41915010836
965967,220398.41915010836
965968,220398.41915010836
965975,220398.41915010836
965981,220398.41915010836
965989,220398.41915010836
965993,220398.41915010836
966015,220398.41915010836
966059,220398.41915010836
966070,220398.41915010836
966074,220398.41915010836
966123,220398.41915010836
966139,220398.41915010836
966205,220398.41915010836
966220,220398.41915010836
966221,220398.41915010836
966238,220398.41915010836
966269,220398.41915010836
966276,220398.41915010836
966385,220398.41915010836
966397,220398.41915010836
966400,220398.41915010836
966406,220398.41915010836
966407,220398.41915010836
966413,220398.41915010836
966548,220398.41915010836
966549,220398.41915010836
966562,220398.41915010836
966579,220398.41915010836
966639,220398.41915010836
966650,220398.41915010836
966654,220398.41915010836
966664,220398.41915010836
966674,220398.41915010836
966692,220398.41915010836
966729,220398.41915010836
966732,220398.41915010836
966736,220398.41915010836
966737,220398.41915010836
966740,220398.41915010836
966773,220398.41915010836
966776,220398.41915010836
966777,220398.41915010836
966785,220398.41915010836
966863,220398.41915010836
966867,220398.41915010836
966884,220398.41915010836
967014,220398.41915010836
967027,220398.41915010836
967032,220398.41915010836
967048,220398.41915010836
967051,220398.41915010836
967073,220398.41915010836
967078,220398.41915010836
967082,220398.41915010836
967103,220398.41915010836
967105,220398.41915010836
967112,220398.41915010836
967117,220398.41915010836
967166,220398.41915010836
967193,220398.41915010836
967213,220398.41915010836
967243,220398.41915010836
967255,220398.41915010836
967256,220398.41915010836
967274,220398.41915010836
967362,220398.41915010836
967411,220398.41915010836
967424,220398.41915010836
967430,220398.41915010836
967440,220398.41915010836
967447,220398.41915010836
967477,220398.41915010836
967478,220398.41915010836
967479,220398.41915010836
967480,220398.41915010836
967481,220398.41915010836
967482,220398.41915010836
967517,220398.41915010836
967546,220398.41915010836
967589,220398.41915010836
967639,220398.41915010836
967656,220398.41915010836
967666,220398.41915010836
967726,220398.41915010836
967727,220398.41915010836
967768,220398.41915010836
967803,220398.41915010836
967816,220398.41915010836
967891,220398.41915010836
967966,220398.41915010836
967985,220398.41915010836
967996,220398.41915010836
968019,220398.41915010836
968035,220398.41915010836
968063,220398.41915010836
968149,220398.41915010836
968159,220398.41915010836
968186,220398.41915010836
968187,220398.41915010836
968188,220398.41915010836
968215,220398.41915010836
968217,220398.41915010836
968228,220398.41915010836
968232,220398.41915010836
968238,220398.41915010836
968240,220398.41915010836
968277,220398.41915010836
968292,220398.41915010836
968333,220398.41915010836
968353,220398.41915010836
968365,220398.41915010836
968442,220398.41915010836
968487,220398.41915010836
968527,220398.41915010836
968535,220398.41915010836
968598,220398.41915010836
968605,220398.41915010836
968628,220398.41915010836
968631,220398.41915010836
968633,220398.41915010836
968723,220398.41915010836
968786,220398.41915010836
968788,220398.41915010836
968812,220398.41915010836
968839,220398.41915010836
968898,220398.41915010836
968899,220398.41915010836
968907,220398.41915010836
968908,220398.41915010836
968942,220398.41915010836
968974,220398.41915010836
968981,220398.41915010836
968986,220398.41915010836
968991,220398.41915010836
969006,220398.41915010836
969040,220398.41915010836
969050,220398.41915010836
969082,220398.41915010836
969083,220398.41915010836
969126,220398.41915010836
969168,220398.41915010836
969211,220398.41915010836
969215,220398.41915010836
969216,220398.41915010836
969312,220398.41915010836
969313,220398.41915010836
969332,220398.41915010836
969338,220398.41915010836
969382,220398.41915010836
969384,220398.41915010836
969386,220398.41915010836
969420,220398.41915010836
969432,220398.41915010836
969434,220398.41915010836
969465,220398.41915010836
969484,220398.41915010836
969486,220398.41915010836
969510,220398.41915010836
969529,220398.41915010836
969551,220398.41915010836
969572,220398.41915010836
969592,220398.41915010836
969597,220398.41915010836
969753,220398.41915010836
969763,220398.41915010836
969791,220398.41915010836
969793,220398.41915010836
969821,220398.41915010836
969838,220398.41915010836
969862,220398.41915010836
969873,220398.41915010836
969882,220398.41915010836
969889,220398.41915010836
969891,220398.41915010836
969926,220398.41915010836
969928,220398.41915010836
969929,220398.41915010836
969933,220398.41915010836
969954,220398.41915010836
970078,220398.41915010836
970079,220398.41915010836
970210,220398.41915010836
970216,220398.41915010836
970312,220398.41915010836
970329,220398.41915010836
970398,220398.41915010836
970400,220398.41915010836
970401,220398.41915010836
970404,220398.41915010836
970405,220398.41915010836
970412,220398.41915010836
970427,220398.41915010836
970442,220398.41915010836
970459,220398.41915010836
970491,220398.41915010836
970585,220398.41915010836
970587,220398.41915010836
970654,220398.41915010836
970657,220398.41915010836
970705,220398.41915010836
970711,220398.41915010836
970714,220398.41915010836
970728,220398.41915010836
970764,220398.41915010836
970771,220398.41915010836
970786,220398.41915010836
970817,220398.41915010836
970868,220398.41915010836
970888,220398.41915010836
970947,220398.41915010836
970961,220398.41915010836
970980,220398.41915010836
970988,220398.41915010836
971011,220398.41915010836
971020,220398.41915010836
971029,220398.41915010836
971033,220398.41915010836
971083,220398.41915010836
971088,220398.41915010836
971102,220398.41915010836
971111,220398.41915010836
971160,220398.41915010836
971222,220398.41915010836
971235,220398.41915010836
971238,220398.41915010836
971248,220398.41915010836
971264,220398.41915010836
971332,220398.41915010836
971401,220398.41915010836
971433,220398.41915010836
971445,220398.41915010836
971483,220398.41915010836
971505,220398.41915010836
971510,220398.41915010836
971557,220398.41915010836
971558,220398.41915010836
971561,220398.41915010836
971563,220398.41915010836
971591,220398.41915010836
971615,220398.41915010836
971627,220398.41915010836
971633,220398.41915010836
971661,220398.41915010836
971666,220398.41915010836
971673,220398.41915010836
971685,220398.41915010836
971688,220398.41915010836
971731,220398.41915010836
971733,220398.41915010836
971748,220398.41915010836
971779,220398.41915010836
971780,220398.41915010836
971794,220398.41915010836
971800,220398.41915010836
971828,220398.41915010836
971852,220398.41915010836
971853,220398.41915010836
971869,220398.41915010836
971893,220398.41915010836
971896,220398.41915010836
971941,220398.41915010836
971953,220398.41915010836
971973,220398.41915010836
971981,220398.41915010836
972061,220398.41915010836
972062,220398.41915010836
972118,220398.41915010836
972189,220398.41915010836
972259,220398.41915010836
972279,220398.41915010836
972291,220398.41915010836
972303,220398.41915010836
972341,220398.41915010836
972396,220398.41915010836
972409,220398.41915010836
972423,220398.41915010836
972428,220398.41915010836
972438,220398.41915010836
972457,220398.41915010836
972463,220398.41915010836
972466,220398.41915010836
972471,220398.41915010836
972475,220398.41915010836
972507,220398.41915010836
972521,220398.41915010836
972525,220398.41915010836
972565,220398.41915010836
972580,220398.41915010836
972715,220398.41915010836
972769,220398.41915010836
972838,220398.41915010836
972842,220398.41915010836
972867,220398.41915010836
972923,220398.41915010836
973030,220398.41915010836
973244,220398.41915010836
973273,220398.41915010836
973296,220398.41915010836
973300,220398.41915010836
973304,220398.41915010836
973322,220398.41915010836
973360,220398.41915010836
973361,220398.41915010836
973392,220398.41915010836
973393,220398.41915010836
973399,220398.41915010836
973409,220398.41915010836
973625,220398.41915010836
973626,220398.41915010836
973674,220398.41915010836
973790,220398.41915010836
973799,220398.41915010836
973800,220398.41915010836
973808,220398.41915010836
973816,220398.41915010836
973848,220398.41915010836
973849,220398.41915010836
973850,220398.41915010836
973852,220398.41915010836
973913,220398.41915010836
973914,220398.41915010836
973919,220398.41915010836
973923,220398.41915010836
973931,220398.41915010836
973933,220398.41915010836
973936,220398.41915010836
973937,220398.41915010836
973938,220398.41915010836
973939,220398.41915010836
973974,220398.41915010836
973997,220398.41915010836
973998,220398.41915010836
974004,220398.41915010836
974009,220398.41915010836
974010,220398.41915010836
974011,220398.41915010836
974029,220398.41915010836
974044,220398.41915010836
974062,220398.41915010836
974122,220398.41915010836
974123,220398.41915010836
974125,220398.41915010836
974128,220398.41915010836
974129,220398.41915010836
974130,220398.41915010836
974132,220398.41915010836
974138,220398.41915010836
974182,220398.41915010836
974209,220398.41915010836
974288,220398.41915010836
974291,220398.41915010836
974321,220398.41915010836
974325,220398.41915010836
974329,220398.41915010836
974335,220398.41915010836
974337,220398.41915010836
974363,220398.41915010836
974365,220398.41915010836
974370,220398.41915010836
974406,220398.41915010836
974407,220398.41915010836
974432,220398.41915010836
974460,220398.41915010836
974472,220398.41915010836
974498,220398.41915010836
974527,220398.41915010836
974566,220398.41915010836
974570,220398.41915010836
974571,220398.41915010836
974605,220398.41915010836
974625,220398.41915010836
974627,220398.41915010836
974737,220398.41915010836
974748,220398.41915010836
974756,220398.41915010836
974802,220398.41915010836
974803,220398.41915010836
974848,220398.41915010836
974863,220398.41915010836
974957,220398.41915010836
974995,220398.41915010836
975004,220398.41915010836
975034,220398.41915010836
975045,220398.41915010836
975064,220398.41915010836
975094,220398.41915010836
975113,220398.41915010836
975121,220398.41915010836
975142,220398.41915010836
975189,220398.41915010836
975204,220398.41915010836
975684,220398.41915010836
975738,220398.41915010836
975893,220398.41915010836
975960,220398.41915010836
975965,220398.41915010836
975971,220398.41915010836
975973,220398.41915010836
976102,220398.41915010836
976136,220398.41915010836
976176,220398.41915010836
976194,220398.41915010836
976223,220398.41915010836
976790,220398.41915010836
976796,220398.41915010836
976831,220398.41915010836
976844,220398.41915010836
976846,220398.41915010836
976869,220398.41915010836
976876,220398.41915010836
976942,220398.41915010836
976948,220398.41915010836
977106,220398.41915010836
977126,220398.41915010836
977160,220398.41915010836
977222,220398.41915010836
977224,220398.41915010836
977232,220398.41915010836
977312,220398.41915010836
977316,220398.41915010836
977321,220398.41915010836
977324,220398.41915010836
977326,220398.41915010836
977344,220398.41915010836
977374,220398.41915010836
977376,220398.41915010836
977377,220398.41915010836
977379,220398.41915010836
977412,220398.41915010836
977458,220398.41915010836
977460,220398.41915010836
977464,220398.41915010836
977488,220398.41915010836
977506,220398.41915010836
977613,220398.41915010836
977650,220398.41915010836
977652,220398.41915010836
977653,220398.41915010836
977658,220398.41915010836
977661,220398.41915010836
977687,220398.41915010836
977726,220398.41915010836
977754,220398.41915010836
977778,220398.41915010836
977783,220398.41915010836
977790,220398.41915010836
977815,220398.41915010836
977816,220398.41915010836
977850,220398.41915010836
977854,220398.41915010836
977860,220398.41915010836
977892,220398.41915010836
977893,220398.41915010836
977908,220398.41915010836
977923,220398.41915010836
977960,220398.41915010836
977971,220398.41915010836
978147,220398.41915010836
978197,220398.41915010836
978202,220398.41915010836
978203,220398.41915010836
978279,220398.41915010836
978321,220398.41915010836
978322,220398.41915010836
978325,220398.41915010836
978329,220398.41915010836
978331,220398.41915010836
978334,220398.41915010836
978348,220398.41915010836
978375,220398.41915010836
978425,220398.41915010836
978427,220398.41915010836
978429,220398.41915010836
978432,220398.41915010836
978444,220398.41915010836
978449,220398.41915010836
978673,220398.41915010836
978695,220398.41915010836
978730,220398.41915010836
978731,220398.41915010836
978753,220398.41915010836
978765,220398.41915010836
978789,220398.41915010836
978795,220398.41915010836
978858,220398.41915010836
978906,220398.41915010836
978909,220398.41915010836
978910,220398.41915010836
978912,220398.41915010836
978935,220398.41915010836
978958,220398.41915010836
978959,220398.41915010836
978999,220398.41915010836
979014,220398.41915010836
979050,220398.41915010836
979051,220398.41915010836
979084,220398.41915010836
979101,220398.41915010836
979108,220398.41915010836
979121,220398.41915010836
979131,220398.41915010836
979175,220398.41915010836
979191,220398.41915010836
979243,220398.41915010836
979248,220398.41915010836
979249,220398.41915010836
979256,220398.41915010836
979279,220398.41915010836
979282,220398.41915010836
979283,220398.41915010836
979319,220398.41915010836
979358,220398.41915010836
979369,220398.41915010836
979393,220398.41915010836
979403,220398.41915010836
979443,220398.41915010836
979445,220398.41915010836
979447,220398.41915010836
979449,220398.41915010836
979453,220398.41915010836
979457,220398.41915010836
979458,220398.41915010836
979468,220398.41915010836
979551,220398.41915010836
979584,220398.41915010836
979587,220398.41915010836
979595,220398.41915010836
979642,220398.41915010836
979659,220398.41915010836
979665,220398.41915010836
979679,220398.41915010836
979743,220398.41915010836
979750,220398.41915010836
979751,220398.41915010836
979812,220398.41915010836
979832,220398.41915010836
979837,220398.41915010836
979853,220398.41915010836
979854,220398.41915010836
979931,220398.41915010836
980083,220398.41915010836
980197,220398.41915010836
980233,220398.41915010836
980239,220398.41915010836
980240,220398.41915010836
980273,220398.41915010836
980329,220398.41915010836
980330,220398.41915010836
980349,220398.41915010836
980411,220398.41915010836
980460,220398.41915010836
980526,220398.41915010836
980552,220398.41915010836
980564,220398.41915010836
980566,220398.41915010836
980601,220398.41915010836
980692,220398.41915010836
980751,220398.41915010836
980849,220398.41915010836
980863,220398.41915010836
980864,220398.41915010836
980867,220398.41915010836
980942,220398.41915010836
980981,220398.41915010836
981136,220398.41915010836
981167,220398.41915010836
981169,220398.41915010836
981268,220398.41915010836
981269,220398.41915010836
981270,220398.41915010836
981332,220398.41915010836
981380,220398.41915010836
981464,220398.41915010836
981671,220398.41915010836
981683,220398.41915010836
981684,220398.41915010836
981685,220398.41915010836
981689,220398.41915010836
981696,220398.41915010836
981697,220398.41915010836
981698,220398.41915010836
981699,220398.41915010836
981714,220398.41915010836
981742,220398.41915010836
981894,220398.41915010836
981947,220398.41915010836
982012,220398.41915010836
982055,220398.41915010836
982274,220398.41915010836
982285,220398.41915010836
983029,220398.41915010836
983030,220398.41915010836
983126,220398.41915010836
983170,220398.41915010836
983293,220398.41915010836
983294,220398.41915010836
983298,220398.41915010836
983374,220398.41915010836
983378,220398.41915010836
983651,220398.41915010836
983752,220398.41915010836
984096,220398.41915010836
984122,220398.41915010836
984320,220398.41915010836
984322,220398.41915010836
984733,220398.41915010836
984734,220398.41915010836
984768,220398.41915010836
984892,220398.41915010836
985039,220398.41915010836
985041,220398.41915010836
985042,220398.41915010836
985043,220398.41915010836
985119,220398.41915010836
985151,220398.41915010836
985154,220398.41915010836
985156,220398.41915010836
985159,220398.41915010836
985161,220398.41915010836
985165,220398.41915010836
985166,220398.41915010836
985167,220398.41915010836
985313,220398.41915010836
985320,220398.41915010836
985337,220398.41915010836
985364,220398.41915010836
985407,220398.41915010836
985520,220398.41915010836
985545,220398.41915010836
985670,220398.41915010836
985683,220398.41915010836
985684,220398.41915010836
985767,220398.41915010836
985811,220398.41915010836
985813,220398.41915010836
985814,220398.41915010836
985815,220398.41915010836
985818,220398.41915010836
985840,220398.41915010836
985841,220398.41915010836
985981,220398.41915010836
986056,220398.41915010836
986103,220398.41915010836
986115,220398.41915010836
986139,220398.41915010836
986207,220398.41915010836
986208,220398.41915010836
986212,220398.41915010836
986213,220398.41915010836
986214,220398.41915010836
986274,220398.41915010836
986275,220398.41915010836
986390,220398.41915010836
986417,220398.41915010836
986512,220398.41915010836
986616,220398.41915010836
986618,220398.41915010836
987237,220398.41915010836
987240,220398.41915010836
987247,220398.41915010836
987346,220398.41915010836
987563,220398.41915010836
987614,220398.41915010836
987631,220398.41915010836
987671,220398.41915010836
987844,220398.41915010836
987916,220398.41915010836
987959,220398.41915010836
988030,220398.41915010836
988085,220398.41915010836
988120,220398.41915010836
988128,220398.41915010836
988131,220398.41915010836
988330,220398.41915010836
988404,220398.41915010836
988522,220398.41915010836
988664,220398.41915010836
988763,220398.41915010836
988798,220398.41915010836
988844,220398.41915010836
988874,220398.41915010836
988876,220398.41915010836
988929,220398.41915010836
988942,220398.41915010836
988993,220398.41915010836
989061,220398.41915010836
989298,220398.41915010836
989301,220398.41915010836
989302,220398.41915010836
989305,220398.41915010836
989372,220398.41915010836
989373,220398.41915010836
989378,220398.41915010836
989379,220398.41915010836
989380,220398.41915010836
989419,220398.41915010836
989524,220398.41915010836
989588,220398.41915010836
989589,220398.41915010836
989592,220398.41915010836
989593,220398.41915010836
989666,220398.41915010836
989733,220398.41915010836
989814,220398.41915010836
989873,220398.41915010836
989876,220398.41915010836
989903,220398.41915010836
989933,220398.41915010836
989942,220398.41915010836
989988,220398.41915010836
989990,220398.41915010836
989996,220398.41915010836
990011,220398.41915010836
990133,220398.41915010836
990149,220398.41915010836
990150,220398.41915010836
990151,220398.41915010836
990152,220398.41915010836
990166,220398.41915010836
990272,220398.41915010836
990286,220398.41915010836
990330,220398.41915010836
991069,220398.41915010836
991073,220398.41915010836
991157,220398.41915010836
991199,220398.41915010836
991266,220398.41915010836
991272,220398.41915010836
991278,220398.41915010836
991349,220398.41915010836
991352,220398.41915010836
991425,220398.41915010836
991464,220398.41915010836
991467,220398.41915010836
991468,220398.41915010836
991469,220398.41915010836
991475,220398.41915010836
991477,220398.41915010836
991480,220398.41915010836
991487,220398.41915010836
991490,220398.41915010836
991616,220398.41915010836
991701,220398.41915010836
991703,220398.41915010836
991720,220398.41915010836
991738,220398.41915010836
991812,220398.41915010836
991825,220398.41915010836
991826,220398.41915010836
991832,220398.41915010836
991836,220398.41915010836
991895,220398.41915010836
991908,220398.41915010836
991913,220398.41915010836
991940,220398.41915010836
992565,220398.41915010836
992574,220398.41915010836
992717,220398.41915010836
992721,220398.41915010836
992722,220398.41915010836
992724,220398.41915010836
992726,220398.41915010836
992727,220398.41915010836
992728,220398.41915010836
992745,220398.41915010836
992746,220398.41915010836
992775,220398.41915010836
992783,220398.41915010836
992832,220398.41915010836
992874,220398.41915010836
992899,220398.41915010836
992904,220398.41915010836
992948,220398.41915010836
992977,220398.41915010836
992988,220398.41915010836
993216,220398.41915010836
993459,220398.41915010836
993468,220398.41915010836
993509,220398.41915010836
993527,220398.41915010836
994032,220398.41915010836
994088,220398.41915010836
994215,220398.41915010836
994299,220398.41915010836
994506,220398.41915010836
994507,220398.41915010836
994530,220398.41915010836
994764,220398.41915010836
994812,220398.41915010836
994814,220398.41915010836
994834,220398.41915010836
994906,220398.41915010836
994936,220398.41915010836
994956,220398.41915010836
994960,220398.41915010836
994983,220398.41915010836
994991,220398.41915010836
994995,220398.41915010836
995000,220398.41915010836
995001,220398.41915010836
995007,220398.41915010836
995008,220398.41915010836
995021,220398.41915010836
995031,220398.41915010836
995035,220398.41915010836
995036,220398.41915010836
995042,220398.41915010836
995044,220398.41915010836
995055,220398.41915010836
995057,220398.41915010836
995076,220398.41915010836
995118,220398.41915010836
995133,220398.41915010836
995142,220398.41915010836
995260,220398.41915010836
995313,220398.41915010836
995352,220398.41915010836
995366,220398.41915010836
995437,220398.41915010836
995479,220398.41915010836
995619,220398.41915010836
995646,220398.41915010836
995669,220398.41915010836
995780,220398.41915010836
995874,220398.41915010836
995916,220398.41915010836
995946,220398.41915010836
995947,220398.41915010836
995948,220398.41915010836
996053,220398.41915010836
996103,220398.41915010836
996178,220398.41915010836
996180,220398.41915010836
996184,220398.41915010836
996364,220398.41915010836
996473,220398.41915010836
996581,220398.41915010836
996796,220398.41915010836
996804,220398.41915010836
997041,220398.41915010836
997166,220398.41915010836
997167,220398.41915010836
997168,220398.41915010836
997186,220398.41915010836
997196,220398.41915010836
997244,220398.41915010836
997245,220398.41915010836
997392,220398.41915010836
997403,220398.41915010836
997443,220398.41915010836
997541,220398.41915010836
997542,220398.41915010836
997691,220398.41915010836
997755,220398.41915010836
997773,220398.41915010836
997774,220398.41915010836
997795,220398.41915010836
997808,220398.41915010836
997935,220398.41915010836
998092,220398.41915010836
998095,220398.41915010836
998098,220398.41915010836
998275,220398.41915010836
998276,220398.41915010836
998376,220398.41915010836
998498,220398.41915010836
998564,220398.41915010836
998567,220398.41915010836
998574,220398.41915010836
998575,220398.41915010836
998577,220398.41915010836
998615,220398.41915010836
998616,220398.41915010836
998620,220398.41915010836
998621,220398.41915010836
998622,220398.41915010836
998624,220398.41915010836
998645,220398.41915010836
998646,220398.41915010836
998649,220398.41915010836
998650,220398.41915010836
998651,220398.41915010836
998862,220398.41915010836
998925,220398.41915010836
999025,220398.41915010836
999050,220398.41915010836
999543,220398.41915010836
999625,220398.41915010836
999712,220398.41915010836
999754,220398.41915010836
999960,220398.41915010836
1000541,220398.41915010836
1000644,220398.41915010836
1000692,220398.41915010836
1000727,220398.41915010836
1001116,220398.41915010836
1001294,220398.41915010836
1001409,220398.41915010836
1001421,220398.41915010836
1001616,220398.41915010836
1001945,220398.41915010836
1001991,220398.41915010836
1002183,220398.41915010836
1002319,220398.41915010836
1002326,220398.41915010836
1002411,220398.41915010836
1002412,220398.41915010836
1002571,220398.41915010836
1002606,220398.41915010836
1002607,220398.41915010836
1002626,220398.41915010836
1002643,220398.41915010836
1002658,220398.41915010836
1002678,220398.41915010836
1002694,220398.41915010836
1002727,220398.41915010836
1002742,220398.41915010836
1002822,220398.41915010836
1002827,220398.41915010836
1002861,220398.41915010836
1002863,220398.41915010836
1002864,220398.41915010836
1002865,220398.41915010836
1003030,220398.41915010836
1003043,220398.41915010836
1003047,220398.41915010836
1003089,220398.41915010836
1003171,220398.41915010836
1003257,220398.41915010836
1003435,220398.41915010836
1003611,220398.41915010836
1003612,220398.41915010836
1003619,220398.41915010836
1003639,220398.41915010836
1003692,220398.41915010836
1003816,220398.41915010836
1003817,220398.41915010836
1003836,220398.41915010836
1003840,220398.41915010836
1003859,220398.41915010836
1003902,220398.41915010836
1003907,220398.41915010836
1003940,220398.41915010836
1003956,220398.41915010836
1003974,220398.41915010836
1003976,220398.41915010836
1003980,220398.41915010836
1003985,220398.41915010836
1003988,220398.41915010836
1004037,220398.41915010836
1004051,220398.41915010836
1004069,220398.41915010836
1004074,220398.41915010836
1004075,220398.41915010836
1004084,220398.41915010836
1004189,220398.41915010836
1004217,220398.41915010836
1004262,220398.41915010836
1004284,220398.41915010836
1004331,220398.41915010836
1004336,220398.41915010836
1004413,220398.41915010836
1004421,220398.41915010836
1004490,220398.41915010836
1004566,220398.41915010836
1004579,220398.41915010836
1004675,220398.41915010836
1004832,220398.41915010836
1004935,220398.41915010836
1005039,220398.41915010836
1005060,220398.41915010836
1005124,220398.41915010836
1005127,220398.41915010836
1005128,220398.41915010836
1005129,220398.41915010836
1005130,220398.41915010836
1005132,220398.41915010836
1005134,220398.41915010836
1005138,220398.41915010836
1005236,220398.41915010836
1005238,220398.41915010836
1005262,220398.41915010836
1005413,220398.41915010836
1005464,220398.41915010836
1005466,220398.41915010836
1005467,220398.41915010836
1005547,220398.41915010836
1005674,220398.41915010836
1005675,220398.41915010836
1005710,220398.41915010836
1005732,220398.41915010836
1005936,220398.41915010836
1005980,220398.41915010836
1005986,220398.41915010836
1005987,220398.41915010836
1006073,220398.41915010836
1006141,220398.41915010836
1006421,220398.41915010836
1006494,220398.41915010836
1006532,220398.41915010836
1006557,220398.41915010836
1006674,220398.41915010836
1006675,220398.41915010836
1006761,220398.41915010836
1006797,220398.41915010836
1006798,220398.41915010836
1006876,220398.41915010836
1006880,220398.41915010836
1006988,220398.41915010836
1007061,220398.41915010836
1007082,220398.41915010836
1007101,220398.41915010836
1007108,220398.41915010836
1007109,220398.41915010836
1007172,220398.41915010836
1007233,220398.41915010836
1007235,220398.41915010836
1007239,220398.41915010836
1007271,220398.41915010836
1007352,220398.41915010836
1007401,220398.41915010836
1007430,220398.41915010836
1007571,220398.41915010836
1007600,220398.41915010836
1007789,220398.41915010836
1007797,220398.41915010836
1007830,220398.41915010836
1007849,220398.41915010836
1007856,220398.41915010836
1007857,220398.41915010836
1007917,220398.41915010836
1007967,220398.41915010836
1007994,220398.41915010836
1008148,220398.41915010836
1008157,220398.41915010836
1008169,220398.41915010836
1008170,220398.41915010836
1008173,220398.41915010836
1008307,220398.41915010836
1008308,220398.41915010836
1008352,220398.41915010836
1008357,220398.41915010836
1008358,220398.41915010836
1008361,220398.41915010836
1008386,220398.41915010836
1008418,220398.41915010836
1008428,220398.41915010836
1008433,220398.41915010836
1008501,220398.41915010836
1008510,220398.41915010836
1008550,220398.41915010836
1008563,220398.41915010836
1008564,220398.41915010836
1008595,220398.41915010836
1008641,220398.41915010836
1008677,220398.41915010836
1008707,220398.41915010836
1008732,220398.41915010836
1008734,220398.41915010836
1008741,220398.41915010836
1008744,220398.41915010836
1008749,220398.41915010836
1008759,220398.41915010836
1008760,220398.41915010836
1008803,220398.41915010836
1008804,220398.41915010836
1008805,220398.41915010836
1008829,220398.41915010836
1008833,220398.41915010836
1008838,220398.41915010836
1008855,220398.41915010836
1008862,220398.41915010836
1008878,220398.41915010836
1008892,220398.41915010836
1008914,220398.41915010836
1008927,220398.41915010836
1008932,220398.41915010836
1009016,220398.41915010836
1009077,220398.41915010836
1009084,220398.41915010836
1009088,220398.41915010836
1009218,220398.41915010836
1009229,220398.41915010836
1009308,220398.41915010836
1009310,220398.41915010836
1009337,220398.41915010836
1009366,220398.41915010836
1009424,220398.41915010836
1009487,220398.41915010836
1009509,220398.41915010836
1009510,220398.41915010836
1009517,220398.41915010836
1009520,220398.41915010836
1009528,220398.41915010836
1009530,220398.41915010836
1009531,220398.41915010836
1009532,220398.41915010836
1009533,220398.41915010836
1009534,220398.41915010836
1009535,220398.41915010836
1009590,220398.41915010836
1009596,220398.41915010836
1009672,220398.41915010836
1009736,220398.41915010836
1009859,220398.41915010836
1009864,220398.41915010836
1009866,220398.41915010836
1009891,220398.41915010836
1009942,220398.41915010836
1009948,220398.41915010836
1009965,220398.41915010836
1009970,220398.41915010836
1010054,220398.41915010836
1010066,220398.41915010836
1010068,220398.41915010836
1010069,220398.41915010836
1010104,220398.41915010836
1010110,220398.41915010836
1010185,220398.41915010836
1010186,220398.41915010836
1010276,220398.41915010836
1010411,220398.41915010836
1010542,220398.41915010836
1010544,220398.41915010836
1010584,220398.41915010836
1010592,220398.41915010836
1010667,220398.41915010836
1010678,220398.41915010836
1010679,220398.41915010836
1010680,220398.41915010836
1010686,220398.41915010836
1010704,220398.41915010836
1010740,220398.41915010836
1010833,220398.41915010836
1010913,220398.41915010836
1010950,220398.41915010836
1010951,220398.41915010836
1010980,220398.41915010836
1010999,220398.41915010836
1011028,220398.41915010836
1011032,220398.41915010836
1011122,220398.41915010836
1011132,220398.41915010836
1011134,220398.41915010836
1011135,220398.41915010836
1011148,220398.41915010836
1011150,220398.41915010836
1011203,220398.41915010836
1011204,220398.41915010836
1011275,220398.41915010836
1011335,220398.41915010836
1011414,220398.41915010836
1011429,220398.41915010836
1011430,220398.41915010836
1011489,220398.41915010836
1011573,220398.41915010836
1011574,220398.41915010836
1011701,220398.41915010836
1011778,220398.41915010836
1011854,220398.41915010836
1011914,220398.41915010836
1012038,220398.41915010836
1012128,220398.41915010836
1012273,220398.41915010836
1012311,220398.41915010836
1012320,220398.41915010836
1012331,220398.41915010836
1012332,220398.41915010836
1012339,220398.41915010836
1012507,220398.41915010836
1012542,220398.41915010836
1012574,220398.41915010836
1012587,220398.41915010836
1012712,220398.41915010836
1012714,220398.41915010836
1012716,220398.41915010836
1012752,220398.41915010836
1012830,220398.41915010836
1012898,220398.41915010836
1012945,220398.41915010836
1013031,220398.41915010836
1013155,220398.41915010836
1013161,220398.41915010836
1013177,220398.41915010836
1013187,220398.41915010836
1013234,220398.41915010836
1013244,220398.41915010836
1013288,220398.41915010836
1013290,220398.41915010836
1013352,220398.41915010836
1013443,220398.41915010836
1013494,220398.41915010836
1013507,220398.41915010836
1013544,220398.41915010836
1013547,220398.41915010836
1013630,220398.41915010836
1013704,220398.41915010836
1013740,220398.41915010836
1013742,220398.41915010836
1013743,220398.41915010836
1013786,220398.41915010836
1013962,220398.41915010836
1014083,220398.41915010836
1014108,220398.41915010836
1014164,220398.41915010836
1014237,220398.41915010836
1014240,220398.41915010836
1014368,220398.41915010836
1014476,220398.41915010836
1014483,220398.41915010836
1014498,220398.41915010836
1014551,220398.41915010836
1014571,220398.41915010836
1014624,220398.41915010836
1014635,220398.41915010836
1014637,220398.41915010836
1014638,220398.41915010836
1014641,220398.41915010836
1014665,220398.41915010836
1014669,220398.41915010836
1014738,220398.41915010836
1014928,220398.41915010836
1014999,220398.41915010836
1015031,220398.41915010836
1015103,220398.41915010836
1015125,220398.41915010836
1015134,220398.41915010836
1015243,220398.41915010836
1015347,220398.41915010836
1015350,220398.41915010836
1015360,220398.41915010836
1015361,220398.41915010836
1015366,220398.41915010836
1015403,220398.41915010836
1015482,220398.41915010836
1015484,220398.41915010836
1015485,220398.41915010836
1015486,220398.41915010836
1015502,220398.41915010836
1015524,220398.41915010836
1015534,220398.41915010836
1015540,220398.41915010836
1015557,220398.41915010836
1015579,220398.41915010836
1015597,220398.41915010836
1015681,220398.41915010836
1015697,220398.41915010836
1015714,220398.41915010836
1015804,220398.41915010836
1015824,220398.41915010836
1015843,220398.41915010836
1015872,220398.41915010836
1015908,220398.41915010836
1015909,220398.41915010836
1015911,220398.41915010836
1015919,220398.41915010836
1015920,220398.41915010836
1016040,220398.41915010836
1016042,220398.41915010836
1016098,220398.41915010836
1016117,220398.41915010836
1016413,220398.41915010836
1016734,220398.41915010836
1016888,220398.41915010836
1016927,220398.41915010836
1017116,220398.41915010836
1017118,220398.41915010836
1017166,220398.41915010836
1017176,220398.41915010836
1017264,220398.41915010836
1017383,220398.41915010836
1017418,220398.41915010836
1017424,220398.41915010836
1017427,220398.41915010836
1017428,220398.41915010836
1017503,220398.41915010836
1017563,220398.41915010836
1017579,220398.41915010836
1017600,220398.41915010836
1017626,220398.41915010836
1017637,220398.41915010836
1017693,220398.41915010836
1017750,220398.41915010836
1017763,220398.41915010836
1017782,220398.41915010836
1017792,220398.41915010836
1017846,220398.41915010836
1017992,220398.41915010836
1017998,220398.41915010836
1018079,220398.41915010836
1018135,220398.41915010836
1018136,220398.41915010836
1018166,220398.41915010836
1018229,220398.41915010836
1018248,220398.41915010836
1018257,220398.41915010836
1018417,220398.41915010836
1018421,220398.41915010836
1018428,220398.41915010836
1018486,220398.41915010836
1018523,220398.41915010836
1018598,220398.41915010836
1018621,220398.41915010836
1018671,220398.41915010836
1018822,220398.41915010836
1018943,220398.41915010836
1019039,220398.41915010836
1019057,220398.41915010836
1019062,220398.41915010836
1019149,220398.41915010836
1019151,220398.41915010836
1019206,220398.41915010836
1019298,220398.41915010836
1019309,220398.41915010836
1019343,220398.41915010836
1019366,220398.41915010836
1019367,220398.41915010836
1019432,220398.41915010836
1019561,220398.41915010836
1019575,220398.41915010836
1019659,220398.41915010836
1019668,220398.41915010836
1019672,220398.41915010836
1019681,220398.41915010836
1019683,220398.41915010836
1019686,220398.41915010836
1019696,220398.41915010836
1019720,220398.41915010836
1019763,220398.41915010836
1019835,220398.41915010836
1019872,220398.41915010836
1019903,220398.41915010836
1019908,220398.41915010836
1019958,220398.41915010836
1020047,220398.41915010836
1020124,220398.41915010836
1020278,220398.41915010836
1020508,220398.41915010836
1020554,220398.41915010836
1020672,220398.41915010836
1020673,220398.41915010836
1020745,220398.41915010836
1020844,220398.41915010836
1021039,220398.41915010836
1021263,220398.41915010836
1021316,220398.41915010836
1021412,220398.41915010836
1021444,220398.41915010836
1021447,220398.41915010836
1021453,220398.41915010836
1021485,220398.41915010836
1021500,220398.41915010836
1021509,220398.41915010836
1021520,220398.41915010836
1021560,220398.41915010836
1021605,220398.41915010836
1021606,220398.41915010836
1021607,220398.41915010836
1021749,220398.41915010836
1021765,220398.41915010836
1021768,220398.41915010836
1021770,220398.41915010836
1021833,220398.41915010836
1021834,220398.41915010836
1021855,220398.41915010836
1021973,220398.41915010836
1022085,220398.41915010836
1022163,220398.41915010836
1022166,220398.41915010836
1022273,220398.41915010836
1022312,220398.41915010836
1022388,220398.41915010836
1022399,220398.41915010836
1022582,220398.41915010836
1022587,220398.41915010836
1022588,220398.41915010836
1022596,220398.41915010836
1022614,220398.41915010836
1022695,220398.41915010836
1022704,220398.41915010836
1022715,220398.41915010836
1022716,220398.41915010836
1022717,220398.41915010836
1022718,220398.41915010836
1022719,220398.41915010836
1022721,220398.41915010836
1022750,220398.41915010836
1022753,220398.41915010836
1022755,220398.41915010836
1022756,220398.41915010836
1022760,220398.41915010836
1022781,220398.41915010836
1022782,220398.41915010836
1022787,220398.41915010836
1022790,220398.41915010836
1022794,220398.41915010836
1022795,220398.41915010836
1022796,220398.41915010836
1022798,220398.41915010836
1022800,220398.41915010836
1022801,220398.41915010836
1022802,220398.41915010836
1022844,220398.41915010836
1022848,220398.41915010836
1022960,220398.41915010836
1023168,220398.41915010836
1023169,220398.41915010836
1023172,220398.41915010836
1023173,220398.41915010836
1023209,220398.41915010836
1023230,220398.41915010836
1023304,220398.41915010836
1023340,220398.41915010836
1023351,220398.41915010836
1023393,220398.41915010836
1023450,220398.41915010836
1023458,220398.41915010836
1023465,220398.41915010836
1023468,220398.41915010836
1023501,220398.41915010836
1023505,220398.41915010836
1023508,220398.41915010836
1023511,220398.41915010836
1023512,220398.41915010836
1023513,220398.41915010836
1023514,220398.41915010836
1023518,220398.41915010836
1023520,220398.41915010836
1023521,220398.41915010836
1023552,220398.41915010836
1023559,220398.41915010836
1023590,220398.41915010836
1023664,220398.41915010836
1023676,220398.41915010836
1023677,220398.41915010836
1023744,220398.41915010836
1023764,220398.41915010836
1023774,220398.41915010836
1024012,220398.41915010836
1024071,220398.41915010836
1024126,220398.41915010836
1024133,220398.41915010836
1024324,220398.41915010836
1024371,220398.41915010836
1024444,220398.41915010836
1024449,220398.41915010836
1024456,220398.41915010836
1024463,220398.41915010836
1024474,220398.41915010836
1024477,220398.41915010836
1024508,220398.41915010836
1024529,220398.41915010836
1024536,220398.41915010836
1024590,220398.41915010836
1024625,220398.41915010836
1024628,220398.41915010836
1024636,220398.41915010836
1062270,220398.41915010836
1062278,220398.41915010836
1062287,220398.41915010836
1062389,220398.41915010836
1062404,220398.41915010836
1062442,220398.41915010836
1062482,220398.41915010836
1062512,220398.41915010836
1062516,220398.41915010836
1062537,220398.41915010836
1062557,220398.41915010836
1062572,220398.41915010836
1062643,220398.41915010836
1062645,220398.41915010836
1062676,220398.41915010836
1062691,220398.41915010836
1062714,220398.41915010836
1062737,220398.41915010836
1062839,220398.41915010836
1062840,220398.41915010836
1062844,220398.41915010836
1062946,220398.41915010836
1062972,220398.41915010836
1062991,220398.41915010836
1063009,220398.41915010836
1063010,220398.41915010836
1063011,220398.41915010836
1063045,220398.41915010836
1063050,220398.41915010836
1063051,220398.41915010836
1063070,220398.41915010836
1063106,220398.41915010836
1063130,220398.41915010836
1063217,220398.41915010836
1063317,220398.41915010836
1063480,220398.41915010836
1063535,220398.41915010836
1063601,220398.41915010836
1063668,220398.41915010836
1063704,220398.41915010836
1063829,220398.41915010836
1063862,220398.41915010836
1063906,220398.41915010836
1063923,220398.41915010836
1064029,220398.41915010836
1064042,220398.41915010836
1064047,220398.41915010836
1064050,220398.41915010836
1064059,220398.41915010836
1064061,220398.41915010836
1064082,220398.41915010836
1064093,220398.41915010836
1064155,220398.41915010836
1064165,220398.41915010836
1064170,220398.41915010836
1064189,220398.41915010836
1064253,220398.41915010836
1064260,220398.41915010836
1064263,220398.41915010836
1064289,220398.41915010836
1064327,220398.41915010836
1064340,220398.41915010836
1064342,220398.41915010836
1064347,220398.41915010836
1064358,220398.41915010836
1064389,220398.41915010836
1064391,220398.41915010836
1064393,220398.41915010836
1064415,220398.41915010836
1064420,220398.41915010836
1064421,220398.41915010836
1064424,220398.41915010836
1064425,220398.41915010836
1064433,220398.41915010836
1064438,220398.41915010836
1064469,220398.41915010836
1064535,220398.41915010836
1064536,220398.41915010836
1064538,220398.41915010836
1064539,220398.41915010836
1064552,220398.41915010836
1064556,220398.41915010836
1064605,220398.41915010836
1064632,220398.41915010836
1064660,220398.41915010836
1064707,220398.41915010836
1064708,220398.41915010836
1064709,220398.41915010836
1064715,220398.41915010836
1064718,220398.41915010836
1064724,220398.41915010836
1064774,220398.41915010836
1064782,220398.41915010836
1064786,220398.41915010836
1064791,220398.41915010836
1064836,220398.41915010836
1064856,220398.41915010836
1064863,220398.41915010836
1064870,220398.41915010836
1064872,220398.41915010836
1064873,220398.41915010836
1064904,220398.41915010836
1064906,220398.41915010836
1064997,220398.41915010836
1064998,220398.41915010836
1065033,220398.41915010836
1065055,220398.41915010836
1065146,220398.41915010836
1065162,220398.41915010836
1065164,220398.41915010836
1065198,220398.41915010836
1065199,220398.41915010836
1065201,220398.41915010836
1065202,220398.41915010836
1065203,220398.41915010836
1065246,220398.41915010836
1065262,220398.41915010836
1065274,220398.41915010836
1065275,220398.41915010836
1065297,220398.41915010836
1065304,220398.41915010836
1065320,220398.41915010836
1065322,220398.41915010836
1065328,220398.41915010836
1065359,220398.41915010836
1065372,220398.41915010836
1065374,220398.41915010836
1065377,220398.41915010836
1065396,220398.41915010836
1065406,220398.41915010836
1065413,220398.41915010836
1065448,220398.41915010836
1065477,220398.41915010836
1065483,220398.41915010836
1065488,220398.41915010836
1065529,220398.41915010836
1065572,220398.41915010836
1065607,220398.41915010836
1065613,220398.41915010836
1065615,220398.41915010836
1065617,220398.41915010836
1065619,220398.41915010836
1065621,220398.41915010836
1065641,220398.41915010836
1065658,220398.41915010836
1065662,220398.41915010836
1065702,220398.41915010836
1065761,220398.41915010836
1065771,220398.41915010836
1065835,220398.41915010836
1065838,220398.41915010836
1065848,220398.41915010836
1065852,220398.41915010836
1065855,220398.41915010836
1065857,220398.41915010836
1065859,220398.41915010836
1065883,220398.41915010836
1065901,220398.41915010836
1065927,220398.41915010836
1065939,220398.41915010836
1065940,220398.41915010836
1065970,220398.41915010836
1065973,220398.41915010836
1066009,220398.41915010836
1066029,220398.41915010836
1066035,220398.41915010836
1066052,220398.41915010836
1066060,220398.41915010836
1066082,220398.41915010836
1066109,220398.41915010836
1066119,220398.41915010836
1066134,220398.41915010836
1066159,220398.41915010836
1066160,220398.41915010836
1066161,220398.41915010836
1066162,220398.41915010836
1066163,220398.41915010836
1066170,220398.41915010836
1066171,220398.41915010836
1066172,220398.41915010836
1066174,220398.41915010836
1066191,220398.41915010836
1066194,220398.41915010836
1066245,220398.41915010836
1066361,220398.41915010836
1066365,220398.41915010836
1066375,220398.41915010836
1066378,220398.41915010836
1066379,220398.41915010836
1066409,220398.41915010836
1066413,220398.41915010836
1066448,220398.41915010836
1066476,220398.41915010836
1066524,220398.41915010836
1066548,220398.41915010836
1066602,220398.41915010836
1066603,220398.41915010836
1066605,220398.41915010836
1066643,220398.41915010836
1066644,220398.41915010836
1066664,220398.41915010836
1066730,220398.41915010836
1066734,220398.41915010836
1066736,220398.41915010836
1066759,220398.41915010836
1066761,220398.41915010836
1066772,220398.41915010836
1066792,220398.41915010836
1066795,220398.41915010836
1066832,220398.41915010836
1066845,220398.41915010836
1066847,220398.41915010836
1066938,220398.41915010836
1066944,220398.41915010836
1066988,220398.41915010836
1066996,220398.41915010836
1067005,220398.41915010836
1067009,220398.41915010836
1067011,220398.41915010836
1067037,220398.41915010836
1067063,220398.41915010836
1067064,220398.41915010836
1067088,220398.41915010836
1067115,220398.41915010836
1067119,220398.41915010836
1067291,220398.41915010836
1067363,220398.41915010836
1067374,220398.41915010836
1067395,220398.41915010836
1067402,220398.41915010836
1067412,220398.41915010836
1067425,220398.41915010836
1067428,220398.41915010836
1067430,220398.41915010836
1067435,220398.41915010836
1067478,220398.41915010836
1067512,220398.41915010836
1067533,220398.41915010836
1067536,220398.41915010836
1067549,220398.41915010836
1067555,220398.41915010836
1067557,220398.41915010836
1067570,220398.41915010836
1067575,220398.41915010836
1067577,220398.41915010836
1067578,220398.41915010836
1067584,220398.41915010836
1067596,220398.41915010836
1067598,220398.41915010836
1067614,220398.41915010836
1067631,220398.41915010836
1067649,220398.41915010836
1067652,220398.41915010836
1067687,220398.41915010836
1067688,220398.41915010836
1067704,220398.41915010836
1067705,220398.41915010836
1067731,220398.41915010836
1067746,220398.41915010836
1067756,220398.41915010836
1067777,220398.41915010836
1067793,220398.41915010836
1067808,220398.41915010836
1067821,220398.41915010836
1067834,220398.41915010836
1067846,220398.41915010836
1067850,220398.41915010836
1067853,220398.41915010836
1067863,220398.41915010836
1067913,220398.41915010836
1067914,220398.41915010836
1067962,220398.41915010836
1067999,220398.41915010836
1068022,220398.41915010836
1068055,220398.41915010836
1068076,220398.41915010836
1068078,220398.41915010836
1068136,220398.41915010836
1068137,220398.41915010836
1068155,220398.41915010836
1068157,220398.41915010836
1068158,220398.41915010836
1068173,220398.41915010836
1068240,220398.41915010836
1068266,220398.41915010836
1068324,220398.41915010836
1068360,220398.41915010836
1068386,220398.41915010836
1068396,220398.41915010836
1068406,220398.41915010836
1068409,220398.41915010836
1068414,220398.41915010836
1068466,220398.41915010836
1068489,220398.41915010836
1068501,220398.41915010836
1068520,220398.41915010836
1068533,220398.41915010836
1068611,220398.41915010836
1068645,220398.41915010836
1068683,220398.41915010836
1068685,220398.41915010836
1068698,220398.41915010836
1068703,220398.41915010836
1068737,220398.41915010836
1068751,220398.41915010836
1068752,220398.41915010836
1068797,220398.41915010836
1068824,220398.41915010836
1068840,220398.41915010836
1068894,220398.41915010836
1068949,220398.41915010836
1068954,220398.41915010836
1068960,220398.41915010836
1069002,220398.41915010836
1069029,220398.41915010836
1069034,220398.41915010836
1069058,220398.41915010836
1069115,220398.41915010836
1069117,220398.41915010836
1069137,220398.41915010836
1069138,220398.41915010836
1069204,220398.41915010836
1069246,220398.41915010836
1069293,220398.41915010836
1069308,220398.41915010836
1069388,220398.41915010836
1069416,220398.41915010836
1069429,220398.41915010836
1069430,220398.41915010836
1069489,220398.41915010836
1069539,220398.41915010836
1069541,220398.41915010836
1069543,220398.41915010836
1069544,220398.41915010836
1069545,220398.41915010836
1069602,220398.41915010836
1069619,220398.41915010836
1069633,220398.41915010836
1069662,220398.41915010836
1069672,220398.41915010836
1069673,220398.41915010836
1069712,220398.41915010836
1069750,220398.41915010836
1069782,220398.41915010836
1069813,220398.41915010836
1069835,220398.41915010836
1069857,220398.41915010836
1069881,220398.41915010836
1069973,220398.41915010836
1069981,220398.41915010836
1069982,220398.41915010836
1070002,220398.41915010836
1070067,220398.41915010836
1070070,220398.41915010836
1070084,220398.41915010836
1070089,220398.41915010836
1070103,220398.41915010836
1070165,220398.41915010836
1070183,220398.41915010836
1070185,220398.41915010836
1070208,220398.41915010836
1070245,220398.41915010836
1070308,220398.41915010836
1070362,220398.41915010836
1070374,220398.41915010836
1070378,220398.41915010836
1070388,220398.41915010836
1070394,220398.41915010836
1070438,220398.41915010836
1070454,220398.41915010836
1070455,220398.41915010836
1070456,220398.41915010836
1070463,220398.41915010836
1070467,220398.41915010836
1070469,220398.41915010836
1070498,220398.41915010836
1070501,220398.41915010836
1070516,220398.41915010836
1070554,220398.41915010836
1070570,220398.41915010836
1070573,220398.41915010836
1070643,220398.41915010836
1070656,220398.41915010836
1070675,220398.41915010836
1070677,220398.41915010836
1070707,220398.41915010836
1070760,220398.41915010836
1070770,220398.41915010836
1070862,220398.41915010836
1070866,220398.41915010836
1070907,220398.41915010836
1070916,220398.41915010836
1071031,220398.41915010836
1071038,220398.41915010836
1071042,220398.41915010836
1071045,220398.41915010836
1071046,220398.41915010836
1071118,220398.41915010836
1071145,220398.41915010836
1071161,220398.41915010836
1071166,220398.41915010836
1071202,220398.41915010836
1071335,220398.41915010836
1071349,220398.41915010836
1071350,220398.41915010836
1071356,220398.41915010836
1071357,220398.41915010836
1071360,220398.41915010836
1071370,220398.41915010836
1071376,220398.41915010836
1071378,220398.41915010836
1071390,220398.41915010836
1071413,220398.41915010836
1071414,220398.41915010836
1071415,220398.41915010836
1071419,220398.41915010836
1071427,220398.41915010836
1071430,220398.41915010836
1071434,220398.41915010836
1071481,220398.41915010836
1071503,220398.41915010836
1071504,220398.41915010836
1071532,220398.41915010836
1071537,220398.41915010836
1071551,220398.41915010836
1071574,220398.41915010836
1071613,220398.41915010836
1071621,220398.41915010836
1071651,220398.41915010836
1071653,220398.41915010836
1071669,220398.41915010836
1071704,220398.41915010836
1071722,220398.41915010836
1071727,220398.41915010836
1071737,220398.41915010836
1071740,220398.41915010836
1071782,220398.41915010836
1071889,220398.41915010836
1071899,220398.41915010836
1071920,220398.41915010836
1071948,220398.41915010836
1071950,220398.41915010836
1071983,220398.41915010836
1071997,220398.41915010836
1072066,220398.41915010836
1072080,220398.41915010836
1072081,220398.41915010836
1072086,220398.41915010836
1072176,220398.41915010836
1072178,220398.41915010836
1072201,220398.41915010836
1072204,220398.41915010836
1072219,220398.41915010836
1072229,220398.41915010836
1072242,220398.41915010836
1072245,220398.41915010836
1072249,220398.41915010836
1072259,220398.41915010836
1072306,220398.41915010836
1072320,220398.41915010836
1072326,220398.41915010836
1072334,220398.41915010836
1072345,220398.41915010836
1072353,220398.41915010836
1072382,220398.41915010836
1072387,220398.41915010836
1072403,220398.41915010836
1072484,220398.41915010836
1072487,220398.41915010836
1072490,220398.41915010836
1072493,220398.41915010836
1072503,220398.41915010836
1072536,220398.41915010836
1072548,220398.41915010836
1072599,220398.41915010836
1072627,220398.41915010836
1072632,220398.41915010836
1072681,220398.41915010836
1072729,220398.41915010836
1072752,220398.41915010836
1072775,220398.41915010836
1072776,220398.41915010836
1072779,220398.41915010836
1072780,220398.41915010836
1072784,220398.41915010836
1072800,220398.41915010836
1072809,220398.41915010836
1072819,220398.41915010836
1072842,220398.41915010836
1072873,220398.41915010836
1072880,220398.41915010836
1072894,220398.41915010836
1072901,220398.41915010836
1072913,220398.41915010836
1072929,220398.41915010836
1072973,220398.41915010836
1073092,220398.41915010836
1073108,220398.41915010836
1073195,220398.41915010836
1073200,220398.41915010836
1073209,220398.41915010836
1073215,220398.41915010836
1073216,220398.41915010836
1073217,220398.41915010836
1073218,220398.41915010836
1073219,220398.41915010836
1073220,220398.41915010836
1073221,220398.41915010836
1073222,220398.41915010836
1073223,220398.41915010836
1073224,220398.41915010836
1073225,220398.41915010836
1073226,220398.41915010836
1073228,220398.41915010836
1073229,220398.41915010836
1073234,220398.41915010836
1073238,220398.41915010836
1073240,220398.41915010836
1073251,220398.41915010836
1073388,220398.41915010836
1073391,220398.41915010836
1073420,220398.41915010836
1073428,220398.41915010836
1073465,220398.41915010836
1073471,220398.41915010836
1073484,220398.41915010836
1073529,220398.41915010836
1073563,220398.41915010836
1073604,220398.41915010836
1073621,220398.41915010836
1073622,220398.41915010836
1073626,220398.41915010836
1073663,220398.41915010836
1073675,220398.41915010836
1073681,220398.41915010836
1073695,220398.41915010836
1073753,220398.41915010836
1073779,220398.41915010836
1073844,220398.41915010836
1073846,220398.41915010836
1074053,220398.41915010836
1074196,220398.41915010836
1074279,220398.41915010836
1074340,220398.41915010836
1074532,220398.41915010836
1074540,220398.41915010836
1074548,220398.41915010836
1074550,220398.41915010836
1074554,220398.41915010836
1074575,220398.41915010836
1074579,220398.41915010836
1074603,220398.41915010836
1074607,220398.41915010836
1074608,220398.41915010836
1074643,220398.41915010836
1074677,220398.41915010836
1074682,220398.41915010836
1074697,220398.41915010836
1074710,220398.41915010836
1074741,220398.41915010836
1074816,220398.41915010836
1074821,220398.41915010836
1074882,220398.41915010836
1074943,220398.41915010836
1074946,220398.41915010836
1074968,220398.41915010836
1074991,220398.41915010836
1075071,220398.41915010836
1075075,220398.41915010836
1075078,220398.41915010836
1075192,220398.41915010836
1075221,220398.41915010836
1075262,220398.41915010836
1075320,220398.41915010836
1075321,220398.41915010836
1075527,220398.41915010836
1075555,220398.41915010836
1075566,220398.41915010836
1075576,220398.41915010836
1075621,220398.41915010836
1075623,220398.41915010836
1075669,220398.41915010836
1075694,220398.41915010836
1075794,220398.41915010836
1075855,220398.41915010836
1075875,220398.41915010836
1075876,220398.41915010836
1075878,220398.41915010836
1075902,220398.41915010836
1075981,220398.41915010836
1076017,220398.41915010836
1076028,220398.41915010836
1076116,220398.41915010836
1076133,220398.41915010836
1076153,220398.41915010836
1076223,220398.41915010836
1076232,220398.41915010836
1076237,220398.41915010836
1076242,220398.41915010836
1076246,220398.41915010836
1076250,220398.41915010836
1076256,220398.41915010836
1076265,220398.41915010836
1076270,220398.41915010836
1076275,220398.41915010836
1076282,220398.41915010836
1076297,220398.41915010836
1076314,220398.41915010836
1076342,220398.41915010836
1076353,220398.41915010836
1076399,220398.41915010836
1076400,220398.41915010836
1076410,220398.41915010836
1076411,220398.41915010836
1076419,220398.41915010836
1076451,220398.41915010836
1076453,220398.41915010836
1076479,220398.41915010836
1076502,220398.41915010836
1076505,220398.41915010836
1076512,220398.41915010836
1076516,220398.41915010836
1076615,220398.41915010836
1076618,220398.41915010836
1076619,220398.41915010836
1076637,220398.41915010836
1076655,220398.41915010836
1076670,220398.41915010836
1076672,220398.41915010836
1076751,220398.41915010836
1076780,220398.41915010836
1076822,220398.41915010836
1076837,220398.41915010836
1076848,220398.41915010836
1076851,220398.41915010836
1076867,220398.41915010836
1076870,220398.41915010836
1076873,220398.41915010836
1076877,220398.41915010836
1076899,220398.41915010836
1076928,220398.41915010836
1076931,220398.41915010836
1077002,220398.41915010836
1077007,220398.41915010836
1077008,220398.41915010836
1077013,220398.41915010836
1077024,220398.41915010836
1077043,220398.41915010836
1077056,220398.41915010836
1077067,220398.41915010836
1077162,220398.41915010836
1077187,220398.41915010836
1077265,220398.41915010836
1077596,220398.41915010836
1077624,220398.41915010836
1077752,220398.41915010836
1077787,220398.41915010836
1077884,220398.41915010836
1078098,220398.41915010836
1078219,220398.41915010836
1078257,220398.41915010836
1078341,220398.41915010836
1078355,220398.41915010836
1078360,220398.41915010836
1078409,220398.41915010836
1078431,220398.41915010836
1078454,220398.41915010836
1078476,220398.41915010836
1078477,220398.41915010836
1078497,220398.41915010836
1078545,220398.41915010836
1078556,220398.41915010836
1078564,220398.41915010836
1078585,220398.41915010836
1078640,220398.41915010836
1078648,220398.41915010836
1078660,220398.41915010836
1078685,220398.41915010836
1078699,220398.41915010836
1078723,220398.41915010836
1078725,220398.41915010836
1078736,220398.41915010836
1078773,220398.41915010836
1078806,220398.41915010836
1078814,220398.41915010836
1078885,220398.41915010836
1078899,220398.41915010836
1078908,220398.41915010836
1078969,220398.41915010836
1079020,220398.41915010836
1079036,220398.41915010836
1079059,220398.41915010836
1079068,220398.41915010836
1079153,220398.41915010836
1079183,220398.41915010836
1079230,220398.41915010836
1079254,220398.41915010836
1079277,220398.41915010836
1079282,220398.41915010836
1079294,220398.41915010836
1079320,220398.41915010836
1079334,220398.41915010836
1079343,220398.41915010836
1079356,220398.41915010836
1079382,220398.41915010836
1079459,220398.41915010836
1079463,220398.41915010836
1079464,220398.41915010836
1079479,220398.41915010836
1079483,220398.41915010836
1079497,220398.41915010836
1079498,220398.41915010836
1079503,220398.41915010836
1079504,220398.41915010836
1079528,220398.41915010836
1079568,220398.41915010836
1079600,220398.41915010836
1079607,220398.41915010836
1079608,220398.41915010836
1079612,220398.41915010836
1079618,220398.41915010836
1079705,220398.41915010836
1079766,220398.41915010836
1079842,220398.41915010836
1079850,220398.41915010836
1079853,220398.41915010836
1079868,220398.41915010836
1079892,220398.41915010836
1079895,220398.41915010836
1079928,220398.41915010836
1079992,220398.41915010836
1079994,220398.41915010836
1079995,220398.41915010836
1080005,220398.41915010836
1080008,220398.41915010836
1080010,220398.41915010836
1080011,220398.41915010836
1080015,220398.41915010836
1080025,220398.41915010836
1080028,220398.41915010836
1080030,220398.41915010836
1080032,220398.41915010836
1080034,220398.41915010836
1080037,220398.41915010836
1080063,220398.41915010836
1080064,220398.41915010836
1080065,220398.41915010836
1080066,220398.41915010836
1080069,220398.41915010836
1080072,220398.41915010836
1080077,220398.41915010836
1080111,220398.41915010836
1080133,220398.41915010836
1080147,220398.41915010836
1080162,220398.41915010836
1080187,220398.41915010836
1080200,220398.41915010836
1080279,220398.41915010836
1080290,220398.41915010836
1080292,220398.41915010836
1080299,220398.41915010836
1080327,220398.41915010836
1080328,220398.41915010836
1080332,220398.41915010836
1080334,220398.41915010836
1080342,220398.41915010836
1080343,220398.41915010836
1080364,220398.41915010836
1080379,220398.41915010836
1080382,220398.41915010836
1080383,220398.41915010836
1080399,220398.41915010836
1080401,220398.41915010836
1080426,220398.41915010836
1080440,220398.41915010836
1080450,220398.41915010836
1080465,220398.41915010836
1080482,220398.41915010836
1080485,220398.41915010836
1080507,220398.41915010836
1080562,220398.41915010836
1080606,220398.41915010836
1080621,220398.41915010836
1080633,220398.41915010836
1080663,220398.41915010836
1080670,220398.41915010836
1080752,220398.41915010836
1080755,220398.41915010836
1080757,220398.41915010836
1080776,220398.41915010836
1080802,220398.41915010836
1080807,220398.41915010836
1080836,220398.41915010836
1080849,220398.41915010836
1080858,220398.41915010836
1080859,220398.41915010836
1080914,220398.41915010836
1080921,220398.41915010836
1080937,220398.41915010836
1080977,220398.41915010836
1080980,220398.41915010836
1080983,220398.41915010836
1081011,220398.41915010836
1081038,220398.41915010836
1081055,220398.41915010836
1081112,220398.41915010836
1081125,220398.41915010836
1081153,220398.41915010836
1081170,220398.41915010836
1081201,220398.41915010836
1081232,220398.41915010836
1081267,220398.41915010836
1081351,220398.41915010836
1081356,220398.41915010836
1081395,220398.41915010836
1081435,220398.41915010836
1081436,220398.41915010836
1081442,220398.41915010836
1081472,220398.41915010836
1081487,220398.41915010836
1081508,220398.41915010836
1081512,220398.41915010836
1081528,220398.41915010836
1081552,220398.41915010836
1081575,220398.41915010836
1081706,220398.41915010836
1081782,220398.41915010836
1081785,220398.41915010836
1081787,220398.41915010836
1081832,220398.41915010836
1081833,220398.41915010836
1081838,220398.41915010836
1081841,220398.41915010836
1081843,220398.41915010836
1081844,220398.41915010836
1081848,220398.41915010836
1081869,220398.41915010836
1081902,220398.41915010836
1081903,220398.41915010836
1081908,220398.41915010836
1081924,220398.41915010836
1081936,220398.41915010836
1081949,220398.41915010836
1081970,220398.41915010836
1082039,220398.41915010836
1082045,220398.41915010836
1082046,220398.41915010836
1082048,220398.41915010836
1082118,220398.41915010836
1082145,220398.41915010836
1082147,220398.41915010836
1082163,220398.41915010836
1082251,220398.41915010836
1082254,220398.41915010836
1082255,220398.41915010836
1082327,220398.41915010836
1082342,220398.41915010836
1082343,220398.41915010836
1082360,220398.41915010836
1082376,220398.41915010836
1082382,220398.41915010836
1082390,220398.41915010836
1082417,220398.41915010836
1082420,220398.41915010836
1082432,220398.41915010836
1082441,220398.41915010836
1082442,220398.41915010836
1082461,220398.41915010836
1082482,220398.41915010836
1082483,220398.41915010836
1082488,220398.41915010836
1082504,220398.41915010836
1082508,220398.41915010836
1082533,220398.41915010836
1082548,220398.41915010836
1082549,220398.41915010836
1082586,220398.41915010836
1082640,220398.41915010836
1082677,220398.41915010836
1082833,220398.41915010836
1082840,220398.41915010836
1082846,220398.41915010836
1082857,220398.41915010836
1082863,220398.41915010836
1082867,220398.41915010836
1082927,220398.41915010836
1082928,220398.41915010836
1082958,220398.41915010836
1083026,220398.41915010836
1083029,220398.41915010836
1083052,220398.41915010836
1083095,220398.41915010836
1083118,220398.41915010836
1083122,220398.41915010836
1083137,220398.41915010836
1083208,220398.41915010836
1083251,220398.41915010836
1083264,220398.41915010836
1083284,220398.41915010836
1083291,220398.41915010836
1083296,220398.41915010836
1083300,220398.41915010836
1083303,220398.41915010836
1083345,220398.41915010836
1083382,220398.41915010836
1083388,220398.41915010836
1083392,220398.41915010836
1083402,220398.41915010836
1083405,220398.41915010836
1083495,220398.41915010836
1083545,220398.41915010836
1086147,220398.41915010836
1086216,220398.41915010836
1086243,220398.41915010836
1086254,220398.41915010836
1086282,220398.41915010836
1086309,220398.41915010836
1086312,220398.41915010836
1086333,220398.41915010836
1086344,220398.41915010836
1086616,220398.41915010836
1086670,220398.41915010836
1086770,220398.41915010836
1086802,220398.41915010836
1086813,220398.41915010836
1086818,220398.41915010836
1086819,220398.41915010836
1086820,220398.41915010836
1086826,220398.41915010836
1086827,220398.41915010836
1086842,220398.41915010836
1086844,220398.41915010836
1086846,220398.41915010836
1086847,220398.41915010836
1086848,220398.41915010836
1086864,220398.41915010836
1086917,220398.41915010836
1086918,220398.41915010836
1086963,220398.41915010836
1086991,220398.41915010836
1086999,220398.41915010836
1087035,220398.41915010836
1087054,220398.41915010836
1087111,220398.41915010836
1087112,220398.41915010836
1087115,220398.41915010836
1087116,220398.41915010836
1087132,220398.41915010836
1087135,220398.41915010836
1087193,220398.41915010836
1087235,220398.41915010836
1087237,220398.41915010836
1087238,220398.41915010836
1087241,220398.41915010836
1087288,220398.41915010836
1087329,220398.41915010836
1087340,220398.41915010836
1087346,220398.41915010836
1087349,220398.41915010836
1087375,220398.41915010836
1087389,220398.41915010836
1087406,220398.41915010836
1087423,220398.41915010836
1087432,220398.41915010836
1093650,220398.41915010836
1093654,220398.41915010836
1093657,220398.41915010836
1093659,220398.41915010836
1093661,220398.41915010836
1093675,220398.41915010836
1093684,220398.41915010836
1093703,220398.41915010836
1093710,220398.41915010836
1093711,220398.41915010836
1093718,220398.41915010836
1093725,220398.41915010836
1093808,220398.41915010836
1093813,220398.41915010836
1093816,220398.41915010836
1093817,220398.41915010836
1093845,220398.41915010836
1093848,220398.41915010836
1093904,220398.41915010836
1093906,220398.41915010836
1093909,220398.41915010836
1093920,220398.41915010836
1093958,220398.41915010836
1093960,220398.41915010836
1094005,220398.41915010836
1094008,220398.41915010836
1094012,220398.41915010836
1094018,220398.41915010836
1094108,220398.41915010836
1094111,220398.41915010836
1094126,220398.41915010836
1094128,220398.41915010836
1094133,220398.41915010836
1094136,220398.41915010836
1094142,220398.41915010836
1094151,220398.41915010836
1094174,220398.41915010836
1094196,220398.41915010836
1094198,220398.41915010836
1094232,220398.41915010836
1094299,220398.41915010836
1094334,220398.41915010836
1094348,220398.41915010836
1094353,220398.41915010836
1094362,220398.41915010836
1094412,220398.41915010836
1094416,220398.41915010836
1094419,220398.41915010836
1094463,220398.41915010836
1094464,220398.41915010836
1094519,220398.41915010836
1094530,220398.41915010836
1094531,220398.41915010836
1094538,220398.41915010836
1094590,220398.41915010836
1094633,220398.41915010836
1094660,220398.41915010836
1094668,220398.41915010836
1094694,220398.41915010836
1094714,220398.41915010836
1094717,220398.41915010836
1094747,220398.41915010836
1094771,220398.41915010836
1094773,220398.41915010836
1094779,220398.41915010836
1094810,220398.41915010836
1094817,220398.41915010836
1094818,220398.41915010836
1094822,220398.41915010836
1094855,220398.41915010836
1094858,220398.41915010836
1094864,220398.41915010836
1094895,220398.41915010836
1094910,220398.41915010836
1094939,220398.41915010836
1094960,220398.41915010836
1095019,220398.41915010836
1095021,220398.41915010836
1095025,220398.41915010836
1095029,220398.41915010836
1095031,220398.41915010836
1095067,220398.41915010836
1095105,220398.41915010836
1095126,220398.41915010836
1095135,220398.41915010836
1095139,220398.41915010836
1095146,220398.41915010836
1095292,220398.41915010836
1095313,220398.41915010836
1095326,220398.41915010836
1095334,220398.41915010836
1095343,220398.41915010836
1095383,220398.41915010836
1095399,220398.41915010836
1095416,220398.41915010836
1095448,220398.41915010836
1095478,220398.41915010836
1095480,220398.41915010836
1095496,220398.41915010836
1095500,220398.41915010836
1095529,220398.41915010836
1095536,220398.41915010836
1095552,220398.41915010836
1095588,220398.41915010836
1095624,220398.41915010836
1095650,220398.41915010836
1095691,220398.41915010836
1095735,220398.41915010836
1095799,220398.41915010836
1095804,220398.41915010836
1095810,220398.41915010836
1095827,220398.41915010836
1095841,220398.41915010836
1095853,220398.41915010836
1095860,220398.41915010836
1095866,220398.41915010836
1095906,220398.41915010836
1095907,220398.41915010836
1095926,220398.41915010836
1095949,220398.41915010836
1096078,220398.41915010836
1096079,220398.41915010836
1096090,220398.41915010836
1096148,220398.41915010836
1096213,220398.41915010836
1096235,220398.41915010836
1096271,220398.41915010836
1096279,220398.41915010836
1096316,220398.41915010836
1096318,220398.41915010836
1096335,220398.41915010836
1096339,220398.41915010836
1096405,220398.41915010836
1096417,220398.41915010836
1096464,220398.41915010836
1096480,220398.41915010836
1096484,220398.41915010836
1096513,220398.41915010836
1096539,220398.41915010836
1096546,220398.41915010836
1096550,220398.41915010836
1096556,220398.41915010836
1096573,220398.41915010836
1096583,220398.41915010836
1096585,220398.41915010836
1096590,220398.41915010836
1096593,220398.41915010836
1096600,220398.41915010836
1096627,220398.41915010836
1096631,220398.41915010836
1096691,220398.41915010836
1096700,220398.41915010836
1096716,220398.41915010836
1096723,220398.41915010836
1096749,220398.41915010836
1096777,220398.41915010836
1096784,220398.41915010836
1096858,220398.41915010836
1096873,220398.41915010836
1096921,220398.41915010836
1096936,220398.41915010836
1096968,220398.41915010836
1096972,220398.41915010836
1097023,220398.41915010836
1097024,220398.41915010836
1097040,220398.41915010836
1097041,220398.41915010836
1097045,220398.41915010836
1097078,220398.41915010836
1097079,220398.41915010836
1097082,220398.41915010836
1097084,220398.41915010836
1097102,220398.41915010836
1097259,220398.41915010836
1097283,220398.41915010836
1097365,220398.41915010836
1097366,220398.41915010836
1097476,220398.41915010836
1097499,220398.41915010836
1097500,220398.41915010836
1097511,220398.41915010836
1097514,220398.41915010836
1097544,220398.41915010836
1097562,220398.41915010836
1097569,220398.41915010836
1097597,220398.41915010836
1097609,220398.41915010836
1097635,220398.41915010836
1097650,220398.41915010836
1097655,220398.41915010836
1097659,220398.41915010836
1097664,220398.41915010836
1097673,220398.41915010836
1097675,220398.41915010836
1097698,220398.41915010836
1097718,220398.41915010836
1097755,220398.41915010836
1097767,220398.41915010836
1097777,220398.41915010836
1097778,220398.41915010836
1097795,220398.41915010836
1097861,220398.41915010836
1097886,220398.41915010836
1097887,220398.41915010836
1097888,220398.41915010836
1097928,220398.41915010836
1097949,220398.41915010836
1097975,220398.41915010836
1097993,220398.41915010836
1097994,220398.41915010836
1098066,220398.41915010836
1098122,220398.41915010836
1098125,220398.41915010836
1098140,220398.41915010836
1098199,220398.41915010836
1098213,220398.41915010836
1098215,220398.41915010836
1098219,220398.41915010836
1098228,220398.41915010836
1098252,220398.41915010836
1098268,220398.41915010836
1098275,220398.41915010836
1098362,220398.41915010836
1098365,220398.41915010836
1098396,220398.41915010836
1098468,220398.41915010836
1098495,220398.41915010836
1098569,220398.41915010836
1098588,220398.41915010836
1098633,220398.41915010836
1098693,220398.41915010836
1098698,220398.41915010836
1098706,220398.41915010836
1098771,220398.41915010836
1098971,220398.41915010836
1098987,220398.41915010836
1098991,220398.41915010836
1098994,220398.41915010836
1099004,220398.41915010836
1099021,220398.41915010836
1099030,220398.41915010836
1099038,220398.41915010836
1099039,220398.41915010836
1099045,220398.41915010836
1099133,220398.41915010836
1099137,220398.41915010836
1099153,220398.41915010836
1099180,220398.41915010836
1099183,220398.41915010836
1099184,220398.41915010836
1099199,220398.41915010836
1099315,220398.41915010836
1099316,220398.41915010836
1099320,220398.41915010836
1099323,220398.41915010836
1099326,220398.41915010836
1099329,220398.41915010836
1099335,220398.41915010836
1099338,220398.41915010836
1099342,220398.41915010836
1099350,220398.41915010836
1099351,220398.41915010836
1099359,220398.41915010836
1099364,220398.41915010836
1099366,220398.41915010836
1099382,220398.41915010836
1099383,220398.41915010836
1099407,220398.41915010836
1099414,220398.41915010836
1099441,220398.41915010836
1099447,220398.41915010836
1099465,220398.41915010836
1099469,220398.41915010836
1099488,220398.41915010836
1099520,220398.41915010836
1099562,220398.41915010836
1099567,220398.41915010836
1099623,220398.41915010836
1099651,220398.41915010836
1099664,220398.41915010836
1099665,220398.41915010836
1099671,220398.41915010836
1099702,220398.41915010836
1099722,220398.41915010836
1099725,220398.41915010836
1099726,220398.41915010836
1099728,220398.41915010836
1099729,220398.41915010836
1099734,220398.41915010836
1099740,220398.41915010836
1099743,220398.41915010836
1099768,220398.41915010836
1099774,220398.41915010836
1099796,220398.41915010836
1099815,220398.41915010836
1099837,220398.41915010836
1099916,220398.41915010836
1099928,220398.41915010836
1099941,220398.41915010836
1099946,220398.41915010836
1099948,220398.41915010836
1099950,220398.41915010836
1099972,220398.41915010836
1099995,220398.41915010836
1099996,220398.41915010836
1100056,220398.41915010836
1100076,220398.41915010836
1100169,220398.41915010836
1100171,220398.41915010836
1100178,220398.41915010836
1100189,220398.41915010836
1100191,220398.41915010836
1100192,220398.41915010836
1100194,220398.41915010836
1100205,220398.41915010836
1100224,220398.41915010836
1100257,220398.41915010836
1100317,220398.41915010836
1100329,220398.41915010836
1100345,220398.41915010836
1100388,220398.41915010836
1100391,220398.41915010836
1100460,220398.41915010836
1100509,220398.41915010836
1100516,220398.41915010836
1100532,220398.41915010836
1100537,220398.41915010836
1100548,220398.41915010836
1100583,220398.41915010836
1100596,220398.41915010836
1100601,220398.41915010836
1100611,220398.41915010836
1100619,220398.41915010836
1100658,220398.41915010836
1100660,220398.41915010836
1100674,220398.41915010836
1100682,220398.41915010836
1100692,220398.41915010836
1100719,220398.41915010836
1100743,220398.41915010836
1100780,220398.41915010836
1100810,220398.41915010836
1100829,220398.41915010836
1100840,220398.41915010836
1100852,220398.41915010836
1100865,220398.41915010836
1100897,220398.41915010836
1100931,220398.41915010836
1100932,220398.41915010836
1100938,220398.41915010836
1100944,220398.41915010836
1100945,220398.41915010836
1100946,220398.41915010836
1100947,220398.41915010836
1100948,220398.41915010836
1100953,220398.41915010836
1100955,220398.41915010836
1100957,220398.41915010836
1100960,220398.41915010836
1100962,220398.41915010836
1100984,220398.41915010836
1100985,220398.41915010836
1101003,220398.41915010836
1101004,220398.41915010836
1101005,220398.41915010836
1101006,220398.41915010836
1101007,220398.41915010836
1101012,220398.41915010836
1101064,220398.41915010836
1101073,220398.41915010836
1101084,220398.41915010836
1101086,220398.41915010836
1101094,220398.41915010836
1101102,220398.41915010836
1101127,220398.41915010836
1101173,220398.41915010836
1101180,220398.41915010836
1101202,220398.41915010836
1101203,220398.41915010836
1101207,220398.41915010836
1101208,220398.41915010836
1101232,220398.41915010836
1101240,220398.41915010836
1101252,220398.41915010836
1101258,220398.41915010836
1101263,220398.41915010836
1101276,220398.41915010836
1101292,220398.41915010836
1101294,220398.41915010836
1101303,220398.41915010836
1101319,220398.41915010836
1101326,220398.41915010836
1101330,220398.41915010836
1101331,220398.41915010836
1101333,220398.41915010836
1101335,220398.41915010836
1101351,220398.41915010836
1101378,220398.41915010836
1101418,220398.41915010836
1101423,220398.41915010836
1101428,220398.41915010836
1101517,220398.41915010836
1101591,220398.41915010836
1101616,220398.41915010836
1101739,220398.41915010836
1101759,220398.41915010836
1101799,220398.41915010836
1101800,220398.41915010836
1101801,220398.41915010836
1101814,220398.41915010836
1101859,220398.41915010836
1101869,220398.41915010836
1101901,220398.41915010836
1101931,220398.41915010836
1101932,220398.41915010836
1101976,220398.41915010836
1102031,220398.41915010836
1102046,220398.41915010836
1102066,220398.41915010836
1102090,220398.41915010836
1102112,220398.41915010836
1102117,220398.41915010836
1102119,220398.41915010836
1102123,220398.41915010836
1102135,220398.41915010836
1102169,220398.41915010836
1102170,220398.41915010836
1102240,220398.41915010836
1102248,220398.41915010836
1102273,220398.41915010836
1102307,220398.41915010836
1102332,220398.41915010836
1102413,220398.41915010836
1102414,220398.41915010836
1102415,220398.41915010836
1102416,220398.41915010836
1102417,220398.41915010836
1102422,220398.41915010836
1102423,220398.41915010836
1102430,220398.41915010836
1102431,220398.41915010836
1102434,220398.41915010836
1102452,220398.41915010836
1102470,220398.41915010836
1102505,220398.41915010836
1102509,220398.41915010836
1102527,220398.41915010836
1102537,220398.41915010836
1102564,220398.41915010836
1102603,220398.41915010836
1102608,220398.41915010836
1102646,220398.41915010836
1102647,220398.41915010836
1102650,220398.41915010836
1102655,220398.41915010836
1102657,220398.41915010836
1102660,220398.41915010836
1102685,220398.41915010836
1102688,220398.41915010836
1102699,220398.41915010836
1102704,220398.41915010836
1102705,220398.41915010836
1102728,220398.41915010836
1102735,220398.41915010836
1102750,220398.41915010836
1102770,220398.41915010836
1102790,220398.41915010836
1102797,220398.41915010836
1102800,220398.41915010836
1102806,220398.41915010836
1102844,220398.41915010836
1102862,220398.41915010836
1102908,220398.41915010836
1102909,220398.41915010836
1102959,220398.41915010836
1102970,220398.41915010836
1102986,220398.41915010836
1103044,220398.41915010836
1103076,220398.41915010836
1103095,220398.41915010836
1103226,220398.41915010836
1103227,220398.41915010836
1103228,220398.41915010836
1103229,220398.41915010836
1103249,220398.41915010836
1103253,220398.41915010836
1103258,220398.41915010836
1103264,220398.41915010836
1103265,220398.41915010836
1103278,220398.41915010836
1103279,220398.41915010836
1103282,220398.41915010836
1103361,220398.41915010836
1103386,220398.41915010836
1103396,220398.41915010836
1103402,220398.41915010836
1103403,220398.41915010836
1103404,220398.41915010836
1103418,220398.41915010836
1103419,220398.41915010836
1103431,220398.41915010836
1103481,220398.41915010836
1103489,220398.41915010836
1103584,220398.41915010836
1103598,220398.41915010836
1103600,220398.41915010836
1103604,220398.41915010836
1103606,220398.41915010836
1103614,220398.41915010836
1103646,220398.41915010836
1103668,220398.41915010836
1103669,220398.41915010836
1103678,220398.41915010836
1103711,220398.41915010836
1103726,220398.41915010836
1103731,220398.41915010836
1103735,220398.41915010836
1103741,220398.41915010836
1103838,220398.41915010836
1103903,220398.41915010836
1103914,220398.41915010836
1103991,220398.41915010836
1103997,220398.41915010836
1104005,220398.41915010836
1104027,220398.41915010836
1104035,220398.41915010836
1104045,220398.41915010836
1104073,220398.41915010836
1104122,220398.41915010836
1104123,220398.41915010836
1104132,220398.41915010836
1104247,220398.41915010836
1104252,220398.41915010836
1104265,220398.41915010836
1104276,220398.41915010836
1104292,220398.41915010836
1104347,220398.41915010836
1104357,220398.41915010836
1104358,220398.41915010836
1104369,220398.41915010836
1104944,220398.41915010836
1104946,220398.41915010836
1104949,220398.41915010836
1104951,220398.41915010836
1104953,220398.41915010836
1104955,220398.41915010836
1104972,220398.41915010836
1105018,220398.41915010836
1105021,220398.41915010836
1105024,220398.41915010836
1105025,220398.41915010836
1105044,220398.41915010836
1105046,220398.41915010836
1105047,220398.41915010836
1105050,220398.41915010836
1105051,220398.41915010836
1105052,220398.41915010836
1105053,220398.41915010836
1105071,220398.41915010836
1105081,220398.41915010836
1105207,220398.41915010836
1105210,220398.41915010836
1105265,220398.41915010836
1105266,220398.41915010836
1105267,220398.41915010836
1105268,220398.41915010836
1105280,220398.41915010836
1105281,220398.41915010836
1105282,220398.41915010836
1105376,220398.41915010836
1105429,220398.41915010836
1105465,220398.41915010836
1105493,220398.41915010836
1105496,220398.41915010836
1105557,220398.41915010836
1105558,220398.41915010836
1105575,220398.41915010836
1105576,220398.41915010836
1105581,220398.41915010836
1105621,220398.41915010836
1105622,220398.41915010836
1105698,220398.41915010836
1105699,220398.41915010836
1105700,220398.41915010836
1105702,220398.41915010836
1105705,220398.41915010836
1105706,220398.41915010836
1105711,220398.41915010836
1105799,220398.41915010836
1105802,220398.41915010836
1105803,220398.41915010836
1105805,220398.41915010836
1105806,220398.41915010836
1105807,220398.41915010836
1105828,220398.41915010836
1105830,220398.41915010836
1105831,220398.41915010836
1105832,220398.41915010836
1105849,220398.41915010836
1105855,220398.41915010836
1105898,220398.41915010836
1105899,220398.41915010836
1105935,220398.41915010836
1105989,220398.41915010836
1106068,220398.41915010836
1106069,220398.41915010836
1106073,220398.41915010836
1106085,220398.41915010836
1106086,220398.41915010836
1106135,220398.41915010836
1106164,220398.41915010836
1106193,220398.41915010836
1106196,220398.41915010836
1106244,220398.41915010836
1106253,220398.41915010836
1106256,220398.41915010836
1106586,220398.41915010836
1106587,220398.41915010836
1106588,220398.41915010836
1106589,220398.41915010836
1106600,220398.41915010836
1106608,220398.41915010836
1106715,220398.41915010836
1106789,220398.41915010836
1106790,220398.41915010836
1106791,220398.41915010836
1106792,220398.41915010836
1106793,220398.41915010836
1106794,220398.41915010836
1106869,220398.41915010836
1106954,220398.41915010836
1107205,220398.41915010836
1107331,220398.41915010836
1107333,220398.41915010836
1107389,220398.41915010836
1107390,220398.41915010836
1107392,220398.41915010836
1107394,220398.41915010836
1107395,220398.41915010836
1107469,220398.41915010836
1107483,220398.41915010836
1107491,220398.41915010836
1107667,220398.41915010836
1107772,220398.41915010836
1107775,220398.41915010836
1107785,220398.41915010836
1107786,220398.41915010836
1107787,220398.41915010836
1202392,220398.41915010836
1202393,220398.41915010836
1202395,220398.41915010836
1202440,220398.41915010836
1202550,220398.41915010836
1202552,220398.41915010836
1202577,220398.41915010836
1202580,220398.41915010836
1202842,220398.41915010836
1202844,220398.41915010836
1202860,220398.41915010836
1202861,220398.41915010836
1202869,220398.41915010836
1202876,220398.41915010836
1202892,220398.41915010836
1202903,220398.41915010836
1214273,220398.41915010836
1214280,220398.41915010836
1214445,220398.41915010836
1214448,220398.41915010836
1214449,220398.41915010836
1214464,220398.41915010836
1214572,220398.41915010836
1214574,220398.41915010836
1214584,220398.41915010836
1214608,220398.41915010836
1214640,220398.41915010836
1214643,220398.41915010836
1214651,220398.41915010836
1214652,220398.41915010836
1214657,220398.41915010836
1214661,220398.41915010836
1214673,220398.41915010836
1214675,220398.41915010836
1214679,220398.41915010836
1214703,220398.41915010836
1215040,220398.41915010836
1215050,220398.41915010836
1215134,220398.41915010836
1215138,220398.41915010836
1215362,220398.41915010836
1215366,220398.41915010836
1215368,220398.41915010836
1215369,220398.41915010836
1215374,220398.41915010836
1215388,220398.41915010836
1215448,220398.41915010836
1215451,220398.41915010836
1215486,220398.41915010836
1215488,220398.41915010836
1215496,220398.41915010836
1215498,220398.41915010836
1215555,220398.41915010836
1215556,220398.41915010836
1215560,220398.41915010836
1215573,220398.41915010836
1215591,220398.41915010836
1215596,220398.41915010836
1215746,220398.41915010836
1215748,220398.41915010836
1215754,220398.41915010836
1215756,220398.41915010836
1215758,220398.41915010836
1215761,220398.41915010836
1215762,220398.41915010836
1215766,220398.41915010836
1215767,220398.41915010836
1215776,220398.41915010836
1215784,220398.41915010836
1215791,220398.41915010836
1215796,220398.41915010836
1215797,220398.41915010836
1215798,220398.41915010836
1215806,220398.41915010836
1215810,220398.41915010836
1216439,220398.41915010836
1217024,220398.41915010836
1217029,220398.41915010836
1217034,220398.41915010836
1217036,220398.41915010836
1217037,220398.41915010836
1217038,220398.41915010836
1217233,220398.41915010836
1217234,220398.41915010836
1217247,220398.41915010836
1217248,220398.41915010836
1217250,220398.41915010836
1217540,220398.41915010836
1217556,220398.41915010836
1217557,220398.41915010836
1217559,220398.41915010836
1217578,220398.41915010836
1217875,220398.41915010836
1217881,220398.41915010836
1219303,220398.41915010836
1219356,220398.41915010836
1219361,220398.41915010836
1219426,220398.41915010836
1219482,220398.41915010836
1219492,220398.41915010836
1219515,220398.41915010836
1219518,220398.41915010836
1219520,220398.41915010836
1219620,220398.41915010836
1219653,220398.41915010836
1219665,220398.41915010836
1219668,220398.41915010836
1219670,220398.41915010836
1219706,220398.41915010836
1219714,220398.41915010836
1219756,220398.41915010836
1220007,220398.41915010836
1220137,220398.41915010836
1220139,220398.41915010836
1220671,220398.41915010836
1220690,220398.41915010836
1220731,220398.41915010836
1220732,220398.41915010836
1220739,220398.41915010836
1222082,220398.41915010836
1222084,220398.41915010836
1222087,220398.41915010836
1222182,220398.41915010836
1222183,220398.41915010836
1222194,220398.41915010836
1222252,220398.41915010836
1223720,220398.41915010836
1223812,220398.41915010836
1223816,220398.41915010836
1223827,220398.41915010836
1223836,220398.41915010836
1223838,220398.41915010836
1223841,220398.41915010836
1223860,220398.41915010836
1223861,220398.41915010836
1223863,220398.41915010836
1223867,220398.41915010836
1223875,220398.41915010836
1223892,220398.41915010836
1223897,220398.41915010836
1224003,220398.41915010836
1224006,220398.41915010836
1224010,220398.41915010836
1224014,220398.41915010836
1224033,220398.41915010836
1224068,220398.41915010836
1224071,220398.41915010836
1224121,220398.41915010836
1224146,220398.41915010836
1224153,220398.41915010836
1224653,220398.41915010836
1224668,220398.41915010836
1224776,220398.41915010836
1224788,220398.41915010836
1225148,220398.41915010836
1225155,220398.41915010836
1225157,220398.41915010836
1225159,220398.41915010836
1225238,220398.41915010836
1225323,220398.41915010836
1225362,220398.41915010836
1225363,220398.41915010836
1225376,220398.41915010836
1225378,220398.41915010836
1225818,220398.41915010836
1226392,220398.41915010836
1226394,220398.41915010836
1226516,220398.41915010836
1226517,220398.41915010836
1226741,220398.41915010836
1226743,220398.41915010836
1226745,220398.41915010836
1226748,220398.41915010836
1226749,220398.41915010836
1226782,220398.41915010836
1226789,220398.41915010836
1226799,220398.41915010836
1226860,220398.41915010836
1226867,220398.41915010836
1226963,220398.41915010836
1227068,220398.41915010836
1227072,220398.41915010836
1227075,220398.41915010836
1227080,220398.41915010836
1227083,220398.41915010836
1227087,220398.41915010836
1227113,220398.41915010836
1227115,220398.41915010836
1227127,220398.41915010836
1227165,220398.41915010836
1227292,220398.41915010836
1227294,220398.41915010836
1227296,220398.41915010836
1227675,220398.41915010836
1227679,220398.41915010836
1227680,220398.41915010836
1227687,220398.41915010836
1227690,220398.41915010836
1227707,220398.41915010836
1227708,220398.41915010836
1227709,220398.41915010836
1227720,220398.41915010836
1227815,220398.41915010836
1227857,220398.41915010836
1227859,220398.41915010836
1227865,220398.41915010836
1227902,220398.41915010836
1227904,220398.41915010836
1227921,220398.41915010836
1227928,220398.41915010836
1227948,220398.41915010836
1227951,220398.41915010836
1228096,220398.41915010836
1228098,220398.41915010836
1228597,220398.41915010836
1228622,220398.41915010836
1228630,220398.41915010836
1228639,220398.41915010836
1228640,220398.41915010836
1228821,220398.41915010836
1228828,220398.41915010836
1228829,220398.41915010836
1228966,220398.41915010836
1228972,220398.41915010836
1228973,220398.41915010836
1228974,220398.41915010836
1228985,220398.41915010836
1229013,220398.41915010836
1229016,220398.41915010836
1229018,220398.41915010836
1229020,220398.41915010836
1229022,220398.41915010836
1229028,220398.41915010836
1229030,220398.41915010836
1229031,220398.41915010836
1229038,220398.41915010836
1229176,220398.41915010836
1229188,220398.41915010836
1229190,220398.41915010836
1229201,220398.41915010836
1229212,220398.41915010836
1229218,220398.41915010836
1229220,220398.41915010836
1229224,220398.41915010836
1229225,220398.41915010836
1229462,220398.41915010836
1229540,220398.41915010836
1229541,220398.41915010836
1229591,220398.41915010836
1229597,220398.41915010836
1229598,220398.41915010836
1230015,220398.41915010836
1230020,220398.41915010836
1230030,220398.41915010836
1230031,220398.41915010836
1230037,220398.41915010836
1230038,220398.41915010836
1230039,220398.41915010836
1230040,220398.41915010836
1230045,220398.41915010836
1230070,220398.41915010836
1231407,220398.41915010836
1231410,220398.41915010836
1231549,220398.41915010836
1231551,220398.41915010836
1231558,220398.41915010836
1231661,220398.41915010836
1231688,220398.41915010836
1231696,220398.41915010836
1231704,220398.41915010836
1231710,220398.41915010836
1231711,220398.41915010836
1231719,220398.41915010836
1231753,220398.41915010836
1231846,220398.41915010836
1231908,220398.41915010836
1231938,220398.41915010836
1231982,220398.41915010836
1232000,220398.41915010836
1232001,220398.41915010836
1232002,220398.41915010836
1232475,220398.41915010836
1232477,220398.41915010836
1232484,220398.41915010836
1232490,220398.41915010836
1232637,220398.41915010836
1232646,220398.41915010836
1232662,220398.41915010836
1233033,220398.41915010836
1233038,220398.41915010836
1233250,220398.41915010836
1233263,220398.41915010836
1233265,220398.41915010836
1233268,220398.41915010836
1233307,220398.41915010836
1233314,220398.41915010836
1233329,220398.41915010836
1233345,220398.41915010836
1233349,220398.41915010836
1233447,220398.41915010836
1233450,220398.41915010836
1233453,220398.41915010836
1233462,220398.41915010836
1233465,220398.41915010836
1233471,220398.41915010836
1233474,220398.41915010836
1233479,220398.41915010836
1233487,220398.41915010836
1233488,220398.41915010836
1233490,220398.41915010836
1233493,220398.41915010836
1233495,220398.41915010836
1233497,220398.41915010836
1233542,220398.41915010836
1233552,220398.41915010836
1233557,220398.41915010836
1233567,220398.41915010836
1233568,220398.41915010836
1233569,220398.41915010836
1233683,220398.41915010836
1233764,220398.41915010836
1233861,220398.41915010836
1233877,220398.41915010836
1233987,220398.41915010836
1233989,220398.41915010836
1234069,220398.41915010836
1234103,220398.41915010836
1234104,220398.41915010836
1234343,220398.41915010836
1234348,220398.41915010836
1234349,220398.41915010836
1234495,220398.41915010836
1234496,220398.41915010836
1234497,220398.41915010836
1234499,220398.41915010836
1234515,220398.41915010836
1234516,220398.41915010836
1234528,220398.41915010836
1234612,220398.41915010836
1234760,220398.41915010836
1234763,220398.41915010836
1234766,220398.41915010836
1234772,220398.41915010836
1234818,220398.41915010836
1235137,220398.41915010836
1235157,220398.41915010836
1235163,220398.41915010836
1235168,220398.41915010836
1235169,220398.41915010836
1235170,220398.41915010836
1235228,220398.41915010836
1235244,220398.41915010836
1235266,220398.41915010836
1235290,220398.41915010836
1235294,220398.41915010836
1235303,220398.41915010836
1235312,220398.41915010836
1235314,220398.41915010836
1235337,220398.41915010836
1235354,220398.41915010836
1235360,220398.41915010836
1235386,220398.41915010836
1235538,220398.41915010836
1235542,220398.41915010836
1235546,220398.41915010836
1235552,220398.41915010836
1235662,220398.41915010836
1235678,220398.41915010836
1235679,220398.41915010836
1235688,220398.41915010836
1235689,220398.41915010836
1235741,220398.41915010836
1235742,220398.41915010836
1235744,220398.41915010836
1235745,220398.41915010836
1235746,220398.41915010836
1235747,220398.41915010836
1235786,220398.41915010836
1235796,220398.41915010836
1235824,220398.41915010836
1235825,220398.41915010836
1235874,220398.41915010836
1235885,220398.41915010836
1235886,220398.41915010836
1235887,220398.41915010836
1235916,220398.41915010836
1235996,220398.41915010836
1235997,220398.41915010836
1236001,220398.41915010836
1236007,220398.41915010836
1236009,220398.41915010836
1236010,220398.41915010836
1236082,220398.41915010836
1236126,220398.41915010836
1236137,220398.41915010836
1236150,220398.41915010836
1236152,220398.41915010836
1236160,220398.41915010836
1236162,220398.41915010836
1236183,220398.41915010836
1236186,220398.41915010836
1236189,220398.41915010836
1236201,220398.41915010836
1236353,220398.41915010836
1236355,220398.41915010836
1236463,220398.41915010836
1236479,220398.41915010836
1236480,220398.41915010836
1236822,220398.41915010836
1236911,220398.41915010836
1236986,220398.41915010836
1236991,220398.41915010836
1236993,220398.41915010836
1237029,220398.41915010836
1237033,220398.41915010836
1237049,220398.41915010836
1237051,220398.41915010836
1237164,220398.41915010836
1237170,220398.41915010836
1237492,220398.41915010836
1237495,220398.41915010836
1237545,220398.41915010836
1237979,220398.41915010836
1237998,220398.41915010836
1238015,220398.41915010836
1238100,220398.41915010836
1238115,220398.41915010836
1238129,220398.41915010836
1238182,220398.41915010836
1238190,220398.41915010836
1238195,220398.41915010836
1238198,220398.41915010836
1238207,220398.41915010836
1238213,220398.41915010836
1238216,220398.41915010836
1238226,220398.41915010836
1238229,220398.41915010836
1238231,220398.41915010836
1238232,220398.41915010836
1238237,220398.41915010836
1238241,220398.41915010836
1238242,220398.41915010836
1238244,220398.41915010836
1238245,220398.41915010836
1238258,220398.41915010836
1238259,220398.41915010836
1238261,220398.41915010836
1238263,220398.41915010836
1238264,220398.41915010836
1238384,220398.41915010836
1238386,220398.41915010836
1238419,220398.41915010836
1238422,220398.41915010836
1238435,220398.41915010836
1238439,220398.41915010836
1238572,220398.41915010836
1238582,220398.41915010836
1238589,220398.41915010836
1238614,220398.41915010836
1238793,220398.41915010836
1238800,220398.41915010836
1238802,220398.41915010836
1238807,220398.41915010836
1238812,220398.41915010836
1238813,220398.41915010836
1238814,220398.41915010836
1238827,220398.41915010836
1238834,220398.41915010836
1238964,220398.41915010836
1238965,220398.41915010836
1239003,220398.41915010836
1239006,220398.41915010836
1239029,220398.41915010836
1239054,220398.41915010836
1239062,220398.41915010836
1239067,220398.41915010836
1239078,220398.41915010836
1239100,220398.41915010836
1239106,220398.41915010836
1239112,220398.41915010836
1239158,220398.41915010836
1239160,220398.41915010836
1239161,220398.41915010836
1239162,220398.41915010836
1239239,220398.41915010836
1239260,220398.41915010836
1239261,220398.41915010836
1239271,220398.41915010836
1239276,220398.41915010836
1239278,220398.41915010836
1239294,220398.41915010836
1239313,220398.41915010836
1239402,220398.41915010836
1239482,220398.41915010836
1239483,220398.41915010836
1239484,220398.41915010836
1239485,220398.41915010836
1239490,220398.41915010836
1239519,220398.41915010836
1239527,220398.41915010836
1239532,220398.41915010836
1239533,220398.41915010836
1239534,220398.41915010836
1239535,220398.41915010836
1239537,220398.41915010836
1239558,220398.41915010836
1239566,220398.41915010836
1239568,220398.41915010836
1239577,220398.41915010836
1239578,220398.41915010836
1239585,220398.41915010836
1239589,220398.41915010836
1239598,220398.41915010836
1239601,220398.41915010836
1239963,220398.41915010836
1239978,220398.41915010836
1239994,220398.41915010836
1240122,220398.41915010836
1240137,220398.41915010836
1240202,220398.41915010836
1240229,220398.41915010836
1240235,220398.41915010836
1240281,220398.41915010836
1240283,220398.41915010836
1240338,220398.41915010836
1240418,220398.41915010836
1240441,220398.41915010836
1240442,220398.41915010836
1240444,220398.41915010836
1240448,220398.41915010836
1240464,220398.41915010836
1240465,220398.41915010836
1240498,220398.41915010836
1240504,220398.41915010836
1240505,220398.41915010836
1240516,220398.41915010836
1240535,220398.41915010836
1240539,220398.41915010836
1240540,220398.41915010836
1240617,220398.41915010836
1240649,220398.41915010836
1240720,220398.41915010836
1240728,220398.41915010836
1240735,220398.41915010836
1240736,220398.41915010836
1240977,220398.41915010836
1240979,220398.41915010836
1241045,220398.41915010836
1241069,220398.41915010836
1241079,220398.41915010836
1241087,220398.41915010836
1241091,220398.41915010836
1241093,220398.41915010836
1241095,220398.41915010836
1241101,220398.41915010836
1241103,220398.41915010836
1241115,220398.41915010836
1241117,220398.41915010836
1241128,220398.41915010836
1241130,220398.41915010836
1241139,220398.41915010836
1241151,220398.41915010836
1241289,220398.41915010836
1241295,220398.41915010836
1241453,220398.41915010836
1241454,220398.41915010836
1241459,220398.41915010836
1241460,220398.41915010836
1241478,220398.41915010836
1241488,220398.41915010836
1241744,220398.41915010836
1241746,220398.41915010836
1241753,220398.41915010836
1241756,220398.41915010836
1241757,220398.41915010836
1241760,220398.41915010836
1241761,220398.41915010836
1241764,220398.41915010836
1241795,220398.41915010836
1241796,220398.41915010836
1241798,220398.41915010836
1241803,220398.41915010836
1241804,220398.41915010836
1241807,220398.41915010836
1241810,220398.41915010836
1241813,220398.41915010836
1241826,220398.41915010836
1241833,220398.41915010836
1241834,220398.41915010836
1241837,220398.41915010836
1241842,220398.41915010836
1241843,220398.41915010836
1241897,220398.41915010836
1241913,220398.41915010836
1241975,220398.41915010836
1241978,220398.41915010836
1241980,220398.41915010836
1241981,220398.41915010836
1241983,220398.41915010836
1242077,220398.41915010836
1242080,220398.41915010836
1242082,220398.41915010836
1242090,220398.41915010836
1242092,220398.41915010836
1242118,220398.41915010836
1242119,220398.41915010836
1242131,220398.41915010836
1242132,220398.41915010836
1242135,220398.41915010836
1242139,220398.41915010836
70723,137350.04229292905
71009,353743.44290290616
71030,173453.80429899172
71670,176673.38002029902
71671,176673.38002029902
71694,261861.74586289737
71697,137350.04229292905
71717,261861.74586289737
71727,176673.38002029902
71785,173453.80429899172
72264,605754.7385838486
72276,246278.0541879524
72325,147698.25398727527
72326,134157.14683790103
72327,258329.53933509317
72548,256689.36881124566
72571,366397.84102396993
72713,177442.44067679901
696861,173616.75042731166
696875,134157.14683790103
696882,175345.45632622228
