id,price
264893,227529.68118368438
264899,217065.3177495639
264910,227529.68118368438
264915,227529.68118368438
264919,227529.68118368438
264928,217065.3177495639
264932,227529.68118368438
264935,227529.68118368438
264939,217065.3177495639
264944,227529.68118368438
264954,217065.3177495639
264955,217065.3177495639
264969,227529.68118368438
264978,227529.68118368438
264983,227529.68118368438
264984,227529.68118368438
264985,227529.68118368438
265031,227529.68118368438
265032,227529.68118368438
265058,227529.68118368438
265066,193975.88497459493
265068,227529.68118368438
265069,227529.68118368438
265070,227529.68118368438
265077,227529.68118368438
265090,227529.68118368438
265094,227529.68118368438
265101,217065.3177495639
265102,217065.3177495639
265105,227529.68118368438
265106,217065.3177495639
265108,217065.3177495639
265115,217065.3177495639
265147,227529.68118368438
265152,227529.68118368438
265153,227529.68118368438
265170,193975.88497459493
265176,227529.68118368438
265187,227529.68118368438
265189,227529.68118368438
265198,227529.68118368438
265225,227529.68118368438
265233,227529.68118368438
265237,227529.68118368438
265253,227529.68118368438
265280,217065.3177495639
265287,227529.68118368438
265293,227529.68118368438
265296,227529.68118368438
265307,227529.68118368438
265308,227529.68118368438
265312,227529.68118368438
265313,227529.68118368438
265314,227529.68118368438
265315,227529.68118368438
265320,227529.68118368438
265333,217065.3177495639
265346,227529.68118368438
265351,227529.68118368438
265356,227529.68118368438
265357,227529.68118368438
265358,227529.68118368438
265363,217065.3177495639
265369,227529.68118368438
265372,227529.68118368438
265402,227529.68118368438
265406,217065.3177495639
265420,217065.3177495639
265436,217065.3177495639
265438,227529.68118368438
265442,227529.68118368438
265449,227529.68118368438
265452,227529.68118368438
265455,227529.68118368438
265461,227529.68118368438
265465,227529.68118368438
265481,227529.68118368438
265488,227529.68118368438
265501,227529.68118368438
265514,227529.68118368438
265515,227529.68118368438
265516,227529.68118368438
265517,227529.68118368438
265526,227529.68118368438
265533,227529.68118368438
265539,227529.68118368438
265543,227529.68118368438
265544,227529.68118368438
265556,217065.3177495639
265559,227529.68118368438
265561,227529.68118368438
265584,217065.3177495639
265586,217065.3177495639
265587,217065.3177495639
265588,217065.3177495639
265593,227529.68118368438
265596,227529.68118368438
265607,227529.68118368438
265608,227529.68118368438
265610,227529.68118368438
265613,227529.68118368438
265653,217065.3177495639
265663,217065.3177495639
265669,227529.68118368438
265675,227529.68118368438
265699,217065.3177495639
265701,217065.3177495639
265703,217065.3177495639
265704,217065.3177495639
265743,217065.3177495639
265748,227529.68118368438
265759,217065.3177495639
265795,227529.68118368438
265797,227529.68118368438
265805,217065.3177495639
265806,227529.68118368438
265810,217065.3177495639
265819,227529.68118368438
265820,227529.68118368438
265833,217065.3177495639
265834,217065.3177495639
265843,227529.68118368438
265851,227529.68118368438
265862,227529.68118368438
265864,227529.68118368438
265869,227529.68118368438
265887,227529.68118368438
265907,217065.3177495639
265913,227529.68118368438
265921,227529.68118368438
265923,227529.68118368438
265925,227529.68118368438
265957,227529.68118368438
265958,227529.68118368438
265960,227529.68118368438
265963,227529.68118368438
265969,227529.68118368438
266004,227529.68118368438
266028,227529.68118368438
266029,227529.68118368438
266032,227529.68118368438
266034,227529.68118368438
266055,227529.68118368438
266075,227529.68118368438
266077,227529.68118368438
266080,227529.68118368438
266093,217065.3177495639
266094,217065.3177495639
266100,227529.68118368438
266116,227529.68118368438
266129,227529.68118368438
266144,227529.68118368438
266160,227529.68118368438
266165,227529.68118368438
266196,227529.68118368438
266199,217065.3177495639
266202,227529.68118368438
266210,227529.68118368438
266211,227529.68118368438
266213,227529.68118368438
266218,227529.68118368438
266219,227529.68118368438
266220,227529.68118368438
266234,227529.68118368438
266241,227529.68118368438
266248,227529.68118368438
266251,227529.68118368438
266256,227529.68118368438
266259,227529.68118368438
266274,217065.3177495639
266275,217065.3177495639
266276,227529.68118368438
266279,227529.68118368438
266280,227529.68118368438
266281,227529.68118368438
266299,227529.68118368438
266300,227529.68118368438
266305,227529.68118368438
266314,227529.68118368438
266315,227529.68118368438
266329,227529.68118368438
266332,227529.68118368438
266350,227529.68118368438
266368,227529.68118368438
266375,227529.68118368438
266381,227529.68118368438
266382,227529.68118368438
266393,227529.68118368438
266394,227529.68118368438
266402,227529.68118368438
266406,227529.68118368438
266423,227529.68118368438
266424,227529.68118368438
266438,227529.68118368438
266454,227529.68118368438
266463,227529.68118368438
266465,227529.68118368438
266479,194396.88009472258
266480,227529.68118368438
266485,227529.68118368438
266486,227529.68118368438
266496,227529.68118368438
266508,227529.68118368438
266510,227529.68118368438
266511,227529.68118368438
266512,227529.68118368438
266514,227529.68118368438
266517,227529.68118368438
266539,227529.68118368438
266542,227529.68118368438
266545,227529.68118368438
266548,227529.68118368438
266550,227529.68118368438
266556,227529.68118368438
266559,227529.68118368438
266565,227529.68118368438
266568,227529.68118368438
266569,227529.68118368438
266575,227529.68118368438
266580,227529.68118368438
266581,227529.68118368438
266582,227529.68118368438
266583,227529.68118368438
266602,217065.3177495639
266606,227529.68118368438
266618,227529.68118368438
266619,217065.3177495639
266620,227529.68118368438
266624,217065.3177495639
266626,227529.68118368438
266662,227529.68118368438
266667,227529.68118368438
266668,227529.68118368438
266677,227529.68118368438
266681,227529.68118368438
266682,227529.68118368438
266690,227529.68118368438
266694,227529.68118368438
266695,227529.68118368438
266698,227529.68118368438
266699,227529.68118368438
266727,217065.3177495639
266729,227529.68118368438
266731,227529.68118368438
266732,227529.68118368438
266740,227529.68118368438
266744,227529.68118368438
266748,227529.68118368438
266768,227529.68118368438
266770,227529.68118368438
266771,227529.68118368438
266778,227529.68118368438
266779,227529.68118368438
266781,227529.68118368438
266785,227529.68118368438
266809,227529.68118368438
266819,227529.68118368438
266821,227529.68118368438
266824,217065.3177495639
266830,217065.3177495639
266831,227529.68118368438
266845,227529.68118368438
266846,227529.68118368438
266847,227529.68118368438
266851,217065.3177495639
266858,217065.3177495639
266859,227529.68118368438
266862,227529.68118368438
266863,227529.68118368438
266864,227529.68118368438
266872,227529.68118368438
266875,227529.68118368438
266877,227529.68118368438
266882,227529.68118368438
266883,227529.68118368438
266886,227529.68118368438
266918,227529.68118368438
266919,227529.68118368438
266920,217065.3177495639
266953,227529.68118368438
266954,227529.68118368438
266955,227529.68118368438
266957,227529.68118368438
266965,227529.68118368438
266966,227529.68118368438
266969,227529.68118368438
266984,217065.3177495639
266989,217065.3177495639
266990,217065.3177495639
267015,217065.3177495639
267016,217065.3177495639
267017,217065.3177495639
267018,227529.68118368438
267019,217065.3177495639
267020,217065.3177495639
267025,227529.68118368438
267028,227529.68118368438
267041,217065.3177495639
267054,217065.3177495639
267082,217065.3177495639
267084,227529.68118368438
267085,227529.68118368438
267103,227529.68118368438
267104,227529.68118368438
267106,217065.3177495639
267113,217065.3177495639
267126,217065.3177495639
267128,227529.68118368438
267131,227529.68118368438
267138,227529.68118368438
267147,227529.68118368438
267153,227529.68118368438
267154,227529.68118368438
267171,217065.3177495639
267173,217065.3177495639
267188,217065.3177495639
267198,217065.3177495639
267199,217065.3177495639
267218,227529.68118368438
267220,227529.68118368438
267221,227529.68118368438
267245,227529.68118368438
267247,227529.68118368438
267248,227529.68118368438
267249,227529.68118368438
267253,227529.68118368438
267269,227529.68118368438
267271,227529.68118368438
267274,227529.68118368438
267281,227529.68118368438
267303,227529.68118368438
267305,217065.3177495639
267306,227529.68118368438
267307,227529.68118368438
267309,217065.3177495639
267311,217065.3177495639
267312,227529.68118368438
267315,227529.68118368438
267331,227529.68118368438
267338,227529.68118368438
267342,227529.68118368438
267344,227529.68118368438
267346,227529.68118368438
267366,227529.68118368438
267369,227529.68118368438
267371,227529.68118368438
267375,227529.68118368438
267376,194396.88009472258
267379,227529.68118368438
267381,227529.68118368438
267382,227529.68118368438
267407,227529.68118368438
267422,227529.68118368438
267424,227529.68118368438
267428,227529.68118368438
267431,227529.68118368438
267434,227529.68118368438
267437,227529.68118368438
267438,227529.68118368438
267439,227529.68118368438
267440,227529.68118368438
267441,227529.68118368438
267443,227529.68118368438
267460,227529.68118368438
267463,227529.68118368438
267494,227529.68118368438
267510,217065.3177495639
267515,227529.68118368438
267520,227529.68118368438
267522,227529.68118368438
267523,227529.68118368438
267524,227529.68118368438
267544,217065.3177495639
267546,227529.68118368438
267551,227529.68118368438
267553,227529.68118368438
267563,217065.3177495639
267584,227529.68118368438
267585,227529.68118368438
267587,227529.68118368438
267598,227529.68118368438
267602,227529.68118368438
267614,227529.68118368438
267617,227529.68118368438
267619,227529.68118368438
267620,227529.68118368438
267623,227529.68118368438
267627,227529.68118368438
267633,227529.68118368438
267644,217065.3177495639
267667,227529.68118368438
267738,217065.3177495639
267740,217065.3177495639
267743,227529.68118368438
267778,227529.68118368438
267779,227529.68118368438
267799,227529.68118368438
267800,227529.68118368438
267814,217065.3177495639
267816,227529.68118368438
267833,227529.68118368438
267834,227529.68118368438
267836,227529.68118368438
267847,227529.68118368438
267858,227529.68118368438
267891,227529.68118368438
267896,227529.68118368438
267899,227529.68118368438
267900,217065.3177495639
267902,227529.68118368438
267908,227529.68118368438
267924,227529.68118368438
267933,227529.68118368438
267936,227529.68118368438
267939,227529.68118368438
267941,227529.68118368438
267942,227529.68118368438
267967,227529.68118368438
267970,217065.3177495639
267980,227529.68118368438
267990,217065.3177495639
267992,227529.68118368438
267994,227529.68118368438
267995,227529.68118368438
267999,227529.68118368438
268003,227529.68118368438
268020,217065.3177495639
268033,227529.68118368438
268041,227529.68118368438
268056,227529.68118368438
268067,217065.3177495639
268070,217065.3177495639
268071,227529.68118368438
268121,227529.68118368438
268144,227529.68118368438
268145,217065.3177495639
268147,227529.68118368438
268149,217065.3177495639
268150,227529.68118368438
268157,227529.68118368438
268159,227529.68118368438
268161,227529.68118368438
268175,227529.68118368438
268189,227529.68118368438
268208,217065.3177495639
308905,227529.68118368438
312310,227529.68118368438
312331,227529.68118368438
695165,200889.8412347065
695166,199683.88997833975
695170,194069.16225544992
695176,193255.9976218013
695178,181428.684872982
695181,199461.0456601387
695183,181428.684872982
695185,230217.5895936484
695196,177451.62569426157
695203,166018.53691911406
695205,199683.88997833975
695207,193255.9976218013
695236,171563.70874360634
695238,174475.91524730955
695252,166018.53691911406
695257,167669.5335629637
713635,223010.7616439484
714108,223010.7616439484
714284,223010.7616439484
714645,223010.7616439484
714753,223010.7616439484
714863,223010.7616439484
714924,223010.7616439484
715132,223010.7616439484
715405,223010.7616439484
715433,223010.7616439484
715694,223010.7616439484
715746,223010.7616439484
715898,223010.7616439484
715902,223010.7616439484
715996,223010.7616439484
716065,223010.7616439484
716097,223010.7616439484
716329,223010.7616439484
716360,223010.7616439484
716377,223010.7616439484
716484,223010.7616439484
716541,223010.7616439484
716634,223010.7616439484
716888,223010.7616439484
717017,223010.7616439484
717109,223010.7616439484
717307,223010.7616439484
717459,223010.7616439484
717524,223010.7616439484
717568,223010.7616439484
717688,223010.7616439484
717690,223010.7616439484
717797,223010.7616439484
717829,223010.7616439484
717945,223010.7616439484
717983,223010.7616439484
718276,223010.7616439484
718584,223010.7616439484
718617,223010.7616439484
718717,223010.7616439484
718867,223010.7616439484
718943,223010.7616439484
718997,223010.7616439484
719116,223010.7616439484
719132,223010.7616439484
719287,223010.7616439484
719579,223010.7616439484
719846,223010.7616439484
719893,223010.7616439484
720041,223010.7616439484
720088,223010.7616439484
720180,223010.7616439484
720249,223010.7616439484
720261,223010.7616439484
720293,223010.7616439484
720364,223010.7616439484
720455,223010.7616439484
720564,223010.7616439484
720679,223010.7616439484
720725,223010.7616439484
720817,223010.7616439484
720854,223010.7616439484
720920,223010.7616439484
721130,223010.7616439484
721266,223010.7616439484
721531,223010.7616439484
721844,223010.7616439484
721882,223010.7616439484
722050,223010.7616439484
722151,223010.7616439484
722225,223010.7616439484
722264,223010.7616439484
722516,223010.7616439484
722520,223010.7616439484
722594,223010.7616439484
722649,223010.7616439484
722769,223010.7616439484
724397,223010.7616439484
724457,223010.7616439484
724486,223010.7616439484
724488,223010.7616439484
724574,223010.7616439484
724620,223010.7616439484
724674,223010.7616439484
724767,223010.7616439484
724786,223010.7616439484
724908,223010.7616439484
725124,223010.7616439484
725211,223010.7616439484
725280,223010.7616439484
725364,223010.7616439484
725393,223010.7616439484
725425,223010.7616439484
725455,168834.93237516726
725547,223010.7616439484
725814,223010.7616439484
725829,223010.7616439484
725999,223010.7616439484
726088,223010.7616439484
726214,223010.7616439484
726348,223010.7616439484
726542,223010.7616439484
726620,223010.7616439484
726910,223010.7616439484
727068,223010.7616439484
727229,223010.7616439484
727458,223010.7616439484
727699,223010.7616439484
728077,223010.7616439484
728089,223010.7616439484
728272,223010.7616439484
728553,223010.7616439484
728592,223010.7616439484
728640,223010.7616439484
728663,223010.7616439484
729105,223010.7616439484
729267,223010.7616439484
729622,223010.7616439484
730128,223010.7616439484
730298,223010.7616439484
730619,223010.7616439484
730712,223010.7616439484
731061,223010.7616439484
731131,223010.7616439484
731142,223010.7616439484
731240,223010.7616439484
731527,223010.7616439484
731655,223010.7616439484
731841,223010.7616439484
731925,223010.7616439484
732382,223010.7616439484
732568,223010.7616439484
732810,223010.7616439484
732969,223010.7616439484
733029,223010.7616439484
733077,223010.7616439484
733091,223010.7616439484
733208,223010.7616439484
733226,223010.7616439484
733230,223010.7616439484
733238,223010.7616439484
733347,223010.7616439484
733542,223010.7616439484
734153,223010.7616439484
734154,223010.7616439484
734176,223010.7616439484
734212,223010.7616439484
734217,223010.7616439484
734258,223010.7616439484
734334,223010.7616439484
734397,223010.7616439484
734666,223010.7616439484
734674,223010.7616439484
734675,223010.7616439484
734724,223010.7616439484
734919,223010.7616439484
735058,223010.7616439484
735319,223010.7616439484
735691,223010.7616439484
735730,168834.93237516726
735875,223010.7616439484
736019,223010.7616439484
736274,223010.7616439484
736752,223010.7616439484
736842,223010.7616439484
736845,223010.7616439484
736880,223010.7616439484
737208,223010.7616439484
737501,223010.7616439484
737652,223010.7616439484
737722,223010.7616439484
738039,223010.7616439484
738057,223010.7616439484
738082,223010.7616439484
738665,223010.7616439484
738841,223010.7616439484
739007,223010.7616439484
739075,223010.7616439484
739255,223010.7616439484
739492,223010.7616439484
740378,168834.93237516726
740535,223010.7616439484
741340,223010.7616439484
741408,223010.7616439484
741684,223010.7616439484
742269,223010.7616439484
742430,223010.7616439484
742608,223010.7616439484
742744,223010.7616439484
742791,223010.7616439484
742826,223010.7616439484
742881,223010.7616439484
742899,223010.7616439484
743231,223010.7616439484
743527,223010.7616439484
743534,223010.7616439484
743562,223010.7616439484
743664,223010.7616439484
743926,223010.7616439484
744027,223010.7616439484
744337,223010.7616439484
744508,223010.7616439484
744690,223010.7616439484
745006,223010.7616439484
745047,223010.7616439484
745193,223010.7616439484
745245,223010.7616439484
745515,223010.7616439484
746017,223010.7616439484
746053,223010.7616439484
746265,223010.7616439484
746355,223010.7616439484
746375,223010.7616439484
746382,223010.7616439484
746483,223010.7616439484
746772,223010.7616439484
746949,223010.7616439484
746954,223010.7616439484
746984,223010.7616439484
748310,223010.7616439484
748476,168834.93237516726
748712,223010.7616439484
748736,223010.7616439484
748773,223010.7616439484
748803,223010.7616439484
749336,223010.7616439484
749657,223010.7616439484
749755,168834.93237516726
749845,223010.7616439484
750054,223010.7616439484
750136,223010.7616439484
750580,223010.7616439484
750771,223010.7616439484
751301,223010.7616439484
751365,223010.7616439484
751450,223010.7616439484
751496,223010.7616439484
751560,223010.7616439484
751799,223010.7616439484
751846,223010.7616439484
751847,223010.7616439484
751897,223010.7616439484
751958,223010.7616439484
751960,223010.7616439484
752204,223010.7616439484
752309,223010.7616439484
752365,223010.7616439484
752608,223010.7616439484
752648,223010.7616439484
752691,223010.7616439484
752814,223010.7616439484
752877,223010.7616439484
753069,223010.7616439484
753118,223010.7616439484
753224,223010.7616439484
753227,223010.7616439484
753248,223010.7616439484
753391,223010.7616439484
753482,223010.7616439484
753516,223010.7616439484
753532,223010.7616439484
753563,223010.7616439484
753651,223010.7616439484
753842,223010.7616439484
754089,223010.7616439484
754090,223010.7616439484
754125,223010.7616439484
754506,223010.7616439484
754620,223010.7616439484
754630,223010.7616439484
754802,223010.7616439484
754861,223010.7616439484
754927,223010.7616439484
754936,223010.7616439484
755034,223010.7616439484
755072,223010.7616439484
755075,223010.7616439484
755879,223010.7616439484
756141,223010.7616439484
757137,223010.7616439484
757268,223010.7616439484
757525,223010.7616439484
757552,223010.7616439484
757671,223010.7616439484
757699,223010.7616439484
757723,223010.7616439484
757778,223010.7616439484
757807,223010.7616439484
757810,223010.7616439484
758073,223010.7616439484
758157,223010.7616439484
758385,223010.7616439484
758409,223010.7616439484
758503,223010.7616439484
758531,223010.7616439484
758589,223010.7616439484
758722,223010.7616439484
758785,223010.7616439484
758793,223010.7616439484
758855,223010.7616439484
758943,223010.7616439484
758961,223010.7616439484
759020,223010.7616439484
759066,223010.7616439484
759073,223010.7616439484
759076,223010.7616439484
759330,223010.7616439484
760184,223010.7616439484
760381,223010.7616439484
760382,223010.7616439484
760545,223010.7616439484
760920,223010.7616439484
767749,223010.7616439484
767766,223010.7616439484
767960,168834.93237516726
768051,223010.7616439484
771578,223010.7616439484
771667,223010.7616439484
771785,223010.7616439484
771860,223010.7616439484
772094,223010.7616439484
772238,223010.7616439484
772563,223010.7616439484
772956,223010.7616439484
773061,223010.7616439484
773111,223010.7616439484
773288,223010.7616439484
773498,223010.7616439484
773599,223010.7616439484
773705,223010.7616439484
773905,223010.7616439484
773965,223010.7616439484
773973,223010.7616439484
774075,223010.7616439484
774236,223010.7616439484
774296,223010.7616439484
774423,223010.7616439484
774558,223010.7616439484
774559,223010.7616439484
774858,223010.7616439484
774859,223010.7616439484
774860,223010.7616439484
774861,223010.7616439484
774863,223010.7616439484
774864,223010.7616439484
774865,223010.7616439484
774866,223010.7616439484
774870,223010.7616439484
774874,223010.7616439484
774908,223010.7616439484
774914,223010.7616439484
775168,223010.7616439484
775205,223010.7616439484
775210,223010.7616439484
775320,223010.7616439484
775438,223010.7616439484
775442,223010.7616439484
775443,223010.7616439484
775444,223010.7616439484
775445,223010.7616439484
775447,223010.7616439484
775448,223010.7616439484
775554,223010.7616439484
775555,223010.7616439484
775586,223010.7616439484
775612,223010.7616439484
775729,223010.7616439484
775785,223010.7616439484
775911,223010.7616439484
776126,223010.7616439484
776220,223010.7616439484
776281,223010.7616439484
776537,223010.7616439484
776718,223010.7616439484
776786,223010.7616439484
777092,223010.7616439484
777265,223010.7616439484
777365,223010.7616439484
777442,223010.7616439484
777610,223010.7616439484
777612,168834.93237516726
777763,223010.7616439484
777818,223010.7616439484
778020,223010.7616439484
792324,223010.7616439484
792630,223010.7616439484
792713,223010.7616439484
792725,223010.7616439484
792887,223010.7616439484
792939,223010.7616439484
793005,168834.93237516726
793008,223010.7616439484
793066,223010.7616439484
793127,223010.7616439484
793161,223010.7616439484
793409,223010.7616439484
793475,223010.7616439484
793537,223010.7616439484
793642,223010.7616439484
793661,223010.7616439484
793768,223010.7616439484
793977,223010.7616439484
793978,223010.7616439484
794009,223010.7616439484
794521,223010.7616439484
794522,223010.7616439484
794646,223010.7616439484
794657,223010.7616439484
794681,223010.7616439484
794957,223010.7616439484
795043,168834.93237516726
795214,223010.7616439484
795458,223010.7616439484
795504,223010.7616439484
795614,223010.7616439484
795689,223010.7616439484
795690,223010.7616439484
795749,223010.7616439484
795780,223010.7616439484
796046,223010.7616439484
796093,223010.7616439484
796230,223010.7616439484
796239,223010.7616439484
796407,223010.7616439484
796414,223010.7616439484
796526,223010.7616439484
796611,223010.7616439484
796612,223010.7616439484
796693,223010.7616439484
796941,223010.7616439484
797000,223010.7616439484
797301,223010.7616439484
797320,223010.7616439484
797501,223010.7616439484
797556,223010.7616439484
797602,223010.7616439484
797607,223010.7616439484
797650,223010.7616439484
797759,223010.7616439484
797840,223010.7616439484
797920,223010.7616439484
797955,223010.7616439484
797986,223010.7616439484
798122,223010.7616439484
798154,223010.7616439484
799016,223010.7616439484
799634,223010.7616439484
799788,223010.7616439484
800114,223010.7616439484
800138,223010.7616439484
800424,223010.7616439484
800449,223010.7616439484
800510,223010.7616439484
800532,223010.7616439484
800541,223010.7616439484
800609,223010.7616439484
800668,168834.93237516726
800744,223010.7616439484
800866,223010.7616439484
800903,223010.7616439484
800916,223010.7616439484
801752,223010.7616439484
801804,223010.7616439484
801847,223010.7616439484
801858,223010.7616439484
802128,223010.7616439484
802258,223010.7616439484
802295,223010.7616439484
802341,223010.7616439484
802386,223010.7616439484
802424,223010.7616439484
802445,223010.7616439484
802668,223010.7616439484
802700,223010.7616439484
802704,223010.7616439484
802728,166836.90998469398
802910,223010.7616439484
803292,223010.7616439484
803311,223010.7616439484
803329,223010.7616439484
803374,223010.7616439484
803536,223010.7616439484
803639,223010.7616439484
804024,223010.7616439484
804212,223010.7616439484
804231,223010.7616439484
804291,223010.7616439484
804531,223010.7616439484
804598,223010.7616439484
804627,223010.7616439484
804631,223010.7616439484
804637,223010.7616439484
804655,223010.7616439484
804744,223010.7616439484
804766,223010.7616439484
804807,223010.7616439484
805014,223010.7616439484
805098,223010.7616439484
805194,223010.7616439484
805373,223010.7616439484
805394,223010.7616439484
805486,223010.7616439484
805500,223010.7616439484
805630,223010.7616439484
805757,223010.7616439484
806068,223010.7616439484
806144,223010.7616439484
806361,223010.7616439484
806422,223010.7616439484
806448,223010.7616439484
806622,223010.7616439484
806748,223010.7616439484
806977,223010.7616439484
806994,223010.7616439484
807158,223010.7616439484
807182,223010.7616439484
807185,223010.7616439484
807247,223010.7616439484
807280,223010.7616439484
807366,223010.7616439484
807797,223010.7616439484
808029,223010.7616439484
808116,223010.7616439484
808193,223010.7616439484
808317,223010.7616439484
808398,223010.7616439484
808402,223010.7616439484
808665,223010.7616439484
808694,223010.7616439484
809040,223010.7616439484
809598,223010.7616439484
809658,223010.7616439484
810178,223010.7616439484
810217,223010.7616439484
810247,223010.7616439484
810250,223010.7616439484
810315,223010.7616439484
810593,223010.7616439484
810694,223010.7616439484
810750,223010.7616439484
810752,223010.7616439484
810823,223010.7616439484
811013,223010.7616439484
811014,223010.7616439484
811029,223010.7616439484
811033,223010.7616439484
811079,223010.7616439484
811149,223010.7616439484
811154,223010.7616439484
811318,223010.7616439484
811572,223010.7616439484
811752,223010.7616439484
811825,223010.7616439484
811863,223010.7616439484
811890,223010.7616439484
812013,223010.7616439484
812020,223010.7616439484
812190,223010.7616439484
812277,223010.7616439484
812281,223010.7616439484
812496,223010.7616439484
813366,223010.7616439484
813513,223010.7616439484
813541,223010.7616439484
813723,223010.7616439484
813854,223010.7616439484
813900,223010.7616439484
813905,223010.7616439484
813991,223010.7616439484
814439,223010.7616439484
814562,223010.7616439484
814741,223010.7616439484
814748,223010.7616439484
814792,223010.7616439484
814808,223010.7616439484
814955,223010.7616439484
815240,223010.7616439484
815395,223010.7616439484
815501,223010.7616439484
815512,223010.7616439484
815573,223010.7616439484
815588,223010.7616439484
815670,223010.7616439484
815688,223010.7616439484
815690,223010.7616439484
815696,223010.7616439484
815763,223010.7616439484
815988,223010.7616439484
816064,223010.7616439484
816242,168834.93237516726
816290,223010.7616439484
816334,223010.7616439484
816744,223010.7616439484
816890,223010.7616439484
816995,223010.7616439484
816999,223010.7616439484
817070,223010.7616439484
817184,223010.7616439484
817220,223010.7616439484
817222,223010.7616439484
817335,168834.93237516726
817398,223010.7616439484
817401,223010.7616439484
817469,223010.7616439484
817478,223010.7616439484
817485,223010.7616439484
849254,223010.7616439484
849335,223010.7616439484
849583,223010.7616439484
849628,223010.7616439484
849715,223010.7616439484
849938,223010.7616439484
850070,223010.7616439484
850071,223010.7616439484
850074,223010.7616439484
850143,223010.7616439484
850650,223010.7616439484
850688,223010.7616439484
850706,223010.7616439484
851200,223010.7616439484
851362,223010.7616439484
851404,223010.7616439484
851791,223010.7616439484
851810,223010.7616439484
851844,223010.7616439484
851885,223010.7616439484
851929,223010.7616439484
852009,223010.7616439484
852060,223010.7616439484
852108,223010.7616439484
852166,223010.7616439484
852210,223010.7616439484
852356,223010.7616439484
852727,223010.7616439484
852786,223010.7616439484
852794,223010.7616439484
852798,223010.7616439484
852811,223010.7616439484
852983,223010.7616439484
853152,223010.7616439484
853212,223010.7616439484
853308,223010.7616439484
853360,223010.7616439484
853400,223010.7616439484
853448,223010.7616439484
853547,223010.7616439484
853738,223010.7616439484
853999,223010.7616439484
854058,223010.7616439484
854206,223010.7616439484
854316,223010.7616439484
854372,223010.7616439484
854548,223010.7616439484
854627,223010.7616439484
854717,223010.7616439484
854804,223010.7616439484
854850,223010.7616439484
855254,223010.7616439484
855290,223010.7616439484
855591,223010.7616439484
855835,223010.7616439484
856006,223010.7616439484
856174,223010.7616439484
856192,223010.7616439484
856247,223010.7616439484
856511,223010.7616439484
856637,223010.7616439484
856638,223010.7616439484
856646,223010.7616439484
856699,223010.7616439484
856869,223010.7616439484
856903,223010.7616439484
857014,223010.7616439484
857021,223010.7616439484
857337,223010.7616439484
857466,223010.7616439484
857561,223010.7616439484
857715,223010.7616439484
857930,223010.7616439484
857933,223010.7616439484
857984,223010.7616439484
858020,223010.7616439484
858115,223010.7616439484
858187,168834.93237516726
858284,223010.7616439484
858313,223010.7616439484
858343,223010.7616439484
858367,223010.7616439484
858368,223010.7616439484
858391,223010.7616439484
858467,223010.7616439484
858620,223010.7616439484
858789,223010.7616439484
858910,168834.93237516726
858923,223010.7616439484
858925,223010.7616439484
859089,223010.7616439484
859208,223010.7616439484
859213,223010.7616439484
859448,223010.7616439484
859735,223010.7616439484
859737,223010.7616439484
859952,223010.7616439484
860006,223010.7616439484
860132,223010.7616439484
860301,223010.7616439484
860323,223010.7616439484
860335,223010.7616439484
860364,223010.7616439484
860502,223010.7616439484
860548,223010.7616439484
860582,168834.93237516726
860748,223010.7616439484
860775,223010.7616439484
860948,223010.7616439484
861031,223010.7616439484
861333,223010.7616439484
861384,223010.7616439484
861474,223010.7616439484
861714,223010.7616439484
861731,223010.7616439484
861732,223010.7616439484
861737,223010.7616439484
861820,168834.93237516726
861885,223010.7616439484
862030,223010.7616439484
862188,223010.7616439484
862261,223010.7616439484
862281,223010.7616439484
862618,223010.7616439484
862788,223010.7616439484
862799,223010.7616439484
862968,223010.7616439484
862970,223010.7616439484
862972,223010.7616439484
863013,223010.7616439484
863030,223010.7616439484
863134,223010.7616439484
863308,223010.7616439484
863598,223010.7616439484
863775,223010.7616439484
863870,223010.7616439484
863876,223010.7616439484
863878,223010.7616439484
863962,223010.7616439484
864003,223010.7616439484
864031,168834.93237516726
864076,223010.7616439484
864259,223010.7616439484
864264,223010.7616439484
864392,223010.7616439484
864413,223010.7616439484
864696,223010.7616439484
864957,223010.7616439484
864967,223010.7616439484
865059,223010.7616439484
865088,223010.7616439484
865172,223010.7616439484
865294,223010.7616439484
865295,223010.7616439484
865397,223010.7616439484
865837,223010.7616439484
865915,223010.7616439484
865988,223010.7616439484
866170,223010.7616439484
866219,223010.7616439484
866221,223010.7616439484
866233,223010.7616439484
866670,223010.7616439484
866690,223010.7616439484
866710,223010.7616439484
866832,223010.7616439484
866953,223010.7616439484
867179,223010.7616439484
867437,223010.7616439484
867463,223010.7616439484
867734,223010.7616439484
867910,223010.7616439484
868080,223010.7616439484
868188,223010.7616439484
868288,223010.7616439484
868374,223010.7616439484
868833,223010.7616439484
869107,223010.7616439484
869128,223010.7616439484
869129,223010.7616439484
869138,223010.7616439484
869231,223010.7616439484
869299,223010.7616439484
869366,223010.7616439484
869499,223010.7616439484
869632,223010.7616439484
869658,223010.7616439484
869693,223010.7616439484
870083,223010.7616439484
870420,223010.7616439484
870666,223010.7616439484
870737,223010.7616439484
870738,223010.7616439484
870742,223010.7616439484
870773,223010.7616439484
870921,223010.7616439484
871140,223010.7616439484
871143,223010.7616439484
871239,223010.7616439484
871264,223010.7616439484
871783,223010.7616439484
871887,223010.7616439484
872186,223010.7616439484
872351,223010.7616439484
872453,223010.7616439484
872615,223010.7616439484
873114,223010.7616439484
873126,223010.7616439484
873173,223010.7616439484
873306,223010.7616439484
874035,223010.7616439484
874087,223010.7616439484
874106,223010.7616439484
874111,223010.7616439484
874132,223010.7616439484
874172,223010.7616439484
874299,223010.7616439484
874301,223010.7616439484
874678,168834.93237516726
875005,223010.7616439484
875040,223010.7616439484
875084,223010.7616439484
875343,223010.7616439484
875373,223010.7616439484
875694,223010.7616439484
875715,223010.7616439484
875883,223010.7616439484
875956,223010.7616439484
876188,223010.7616439484
876243,223010.7616439484
876248,223010.7616439484
876298,223010.7616439484
876348,223010.7616439484
876525,223010.7616439484
876573,223010.7616439484
876658,223010.7616439484
876802,223010.7616439484
877045,223010.7616439484
877057,223010.7616439484
877061,223010.7616439484
877082,223010.7616439484
877159,223010.7616439484
877356,223010.7616439484
877405,223010.7616439484
877586,223010.7616439484
877678,223010.7616439484
877695,223010.7616439484
877858,223010.7616439484
877986,168834.93237516726
877992,223010.7616439484
877993,168834.93237516726
877999,223010.7616439484
878136,223010.7616439484
878160,223010.7616439484
878162,223010.7616439484
878163,223010.7616439484
878164,223010.7616439484
878185,223010.7616439484
878259,223010.7616439484
878329,223010.7616439484
878421,223010.7616439484
878447,223010.7616439484
878983,223010.7616439484
879011,166836.90998469398
879025,223010.7616439484
879202,223010.7616439484
879262,223010.7616439484
879410,223010.7616439484
879445,223010.7616439484
879490,223010.7616439484
879704,223010.7616439484
879837,223010.7616439484
879874,223010.7616439484
879899,223010.7616439484
879907,223010.7616439484
880010,223010.7616439484
880022,223010.7616439484
880054,223010.7616439484
880204,223010.7616439484
880277,223010.7616439484
880443,223010.7616439484
880473,223010.7616439484
880481,223010.7616439484
880488,223010.7616439484
880535,223010.7616439484
880552,166836.90998469398
880554,166836.90998469398
880659,223010.7616439484
880698,223010.7616439484
880710,223010.7616439484
880760,223010.7616439484
880910,223010.7616439484
881195,223010.7616439484
881204,166836.90998469398
881269,223010.7616439484
881271,223010.7616439484
881536,223010.7616439484
881648,223010.7616439484
881673,166836.90998469398
881944,223010.7616439484
882063,223010.7616439484
882221,223010.7616439484
882324,223010.7616439484
882337,223010.7616439484
882438,223010.7616439484
882778,223010.7616439484
882904,223010.7616439484
882962,223010.7616439484
883438,223010.7616439484
883576,223010.7616439484
883600,223010.7616439484
883704,223010.7616439484
883831,223010.7616439484
884093,223010.7616439484
884099,223010.7616439484
884231,223010.7616439484
884499,223010.7616439484
884561,223010.7616439484
884563,223010.7616439484
884654,223010.7616439484
917473,223010.7616439484
917675,223010.7616439484
917724,223010.7616439484
918021,223010.7616439484
918033,223010.7616439484
918035,223010.7616439484
918495,223010.7616439484
918508,223010.7616439484
918559,223010.7616439484
918632,223010.7616439484
918906,223010.7616439484
918909,223010.7616439484
918921,223010.7616439484
919282,223010.7616439484
919294,223010.7616439484
919346,223010.7616439484
919348,223010.7616439484
919349,223010.7616439484
919389,223010.7616439484
919475,223010.7616439484
919477,223010.7616439484
919478,223010.7616439484
919577,223010.7616439484
919708,223010.7616439484
919726,223010.7616439484
919736,223010.7616439484
919757,223010.7616439484
919778,223010.7616439484
919891,223010.7616439484
919997,223010.7616439484
920012,223010.7616439484
920013,223010.7616439484
920137,223010.7616439484
920258,223010.7616439484
920314,223010.7616439484
920322,166836.90998469398
922004,223010.7616439484
922014,223010.7616439484
922214,223010.7616439484
922244,223010.7616439484
1024686,223010.7616439484
1024698,166836.90998469398
1024801,223010.7616439484
1025018,223010.7616439484
1025058,223010.7616439484
1025061,223010.7616439484
1025080,223010.7616439484
1025173,223010.7616439484
1025211,223010.7616439484
1025298,223010.7616439484
1025315,223010.7616439484
1025346,223010.7616439484
1025350,223010.7616439484
1026050,223010.7616439484
1026150,223010.7616439484
1026439,223010.7616439484
1026667,223010.7616439484
1026670,223010.7616439484
1026853,223010.7616439484
1026857,223010.7616439484
1027120,223010.7616439484
1027152,223010.7616439484
1027154,223010.7616439484
1027285,223010.7616439484
1027287,223010.7616439484
1027289,223010.7616439484
1027304,223010.7616439484
1027312,223010.7616439484
1027564,223010.7616439484
1027908,223010.7616439484
1028089,223010.7616439484
1028529,223010.7616439484
1028591,223010.7616439484
1028658,223010.7616439484
1028708,223010.7616439484
1028749,223010.7616439484
1028829,223010.7616439484
1028874,223010.7616439484
1029454,223010.7616439484
1029472,223010.7616439484
1029518,223010.7616439484
1029744,223010.7616439484
1029859,223010.7616439484
1030059,223010.7616439484
1030097,223010.7616439484
1030101,223010.7616439484
1030123,223010.7616439484
1030203,223010.7616439484
1030283,223010.7616439484
1030444,223010.7616439484
1030455,223010.7616439484
1030459,223010.7616439484
1030503,223010.7616439484
1030736,223010.7616439484
1030804,223010.7616439484
1030937,223010.7616439484
1031066,223010.7616439484
1031181,223010.7616439484
1031311,223010.7616439484
1031478,223010.7616439484
1031619,223010.7616439484
1031690,223010.7616439484
1031854,223010.7616439484
1031858,223010.7616439484
1031906,223010.7616439484
1031920,223010.7616439484
1031942,223010.7616439484
1032259,223010.7616439484
1032333,223010.7616439484
1032385,223010.7616439484
1032393,223010.7616439484
1032599,223010.7616439484
1032620,223010.7616439484
1032637,223010.7616439484
1032669,223010.7616439484
1032731,223010.7616439484
1032777,223010.7616439484
1032887,223010.7616439484
1032923,223010.7616439484
1032932,223010.7616439484
1033063,223010.7616439484
1033091,223010.7616439484
1033395,223010.7616439484
1033445,223010.7616439484
1033457,223010.7616439484
1033533,223010.7616439484
1033712,223010.7616439484
1033894,223010.7616439484
1033932,223010.7616439484
1033937,223010.7616439484
1033988,223010.7616439484
1033989,223010.7616439484
1034003,223010.7616439484
1034012,223010.7616439484
1034047,223010.7616439484
1034062,223010.7616439484
1034064,223010.7616439484
1034065,223010.7616439484
1034066,223010.7616439484
1034068,223010.7616439484
1034078,223010.7616439484
1034088,223010.7616439484
1034300,223010.7616439484
1034363,223010.7616439484
1034496,223010.7616439484
1034605,223010.7616439484
1034670,223010.7616439484
1034716,223010.7616439484
1034718,223010.7616439484
1034778,223010.7616439484
1034779,166836.90998469398
1034803,223010.7616439484
1034837,223010.7616439484
1034944,223010.7616439484
1035106,223010.7616439484
1035111,223010.7616439484
1035166,166836.90998469398
1035490,223010.7616439484
1035494,223010.7616439484
1035524,223010.7616439484
1035548,223010.7616439484
1035564,223010.7616439484
1035605,223010.7616439484
1035785,223010.7616439484
1035893,223010.7616439484
1036037,223010.7616439484
1036072,223010.7616439484
1036103,223010.7616439484
1036226,223010.7616439484
1037508,223010.7616439484
1037509,223010.7616439484
1037613,223010.7616439484
1037615,166836.90998469398
1037616,223010.7616439484
1037617,223010.7616439484
1037619,166836.90998469398
1037699,223010.7616439484
1037850,223010.7616439484
1037908,223010.7616439484
1038175,223010.7616439484
1038180,223010.7616439484
1038183,223010.7616439484
1038322,166836.90998469398
1038432,223010.7616439484
1038447,223010.7616439484
1038448,223010.7616439484
1038494,223010.7616439484
1038509,223010.7616439484
1038512,223010.7616439484
1038516,223010.7616439484
1038517,223010.7616439484
1038532,223010.7616439484
1038541,223010.7616439484
1038551,223010.7616439484
1038600,223010.7616439484
1038788,223010.7616439484
1038956,223010.7616439484
1038957,223010.7616439484
1039041,223010.7616439484
1039176,223010.7616439484
1039208,223010.7616439484
1039427,223010.7616439484
1039430,223010.7616439484
1039434,223010.7616439484
1039449,223010.7616439484
1039523,223010.7616439484
1039795,223010.7616439484
1039810,223010.7616439484
1039879,168834.93237516726
1040038,223010.7616439484
1040077,223010.7616439484
1040154,223010.7616439484
1040155,223010.7616439484
1040245,223010.7616439484
1040616,223010.7616439484
1040659,223010.7616439484
1040829,223010.7616439484
1040841,223010.7616439484
1041077,223010.7616439484
1041312,223010.7616439484
1041324,223010.7616439484
1041354,223010.7616439484
1041377,223010.7616439484
1041469,223010.7616439484
1041480,223010.7616439484
1041501,166836.90998469398
1041515,223010.7616439484
1041815,223010.7616439484
1041945,223010.7616439484
1041997,223010.7616439484
1042010,166836.90998469398
1042250,223010.7616439484
1042254,223010.7616439484
1042365,223010.7616439484
1042421,223010.7616439484
1042710,223010.7616439484
1043106,223010.7616439484
1043116,223010.7616439484
1043117,223010.7616439484
1043349,223010.7616439484
1043369,223010.7616439484
1043413,223010.7616439484
1043475,223010.7616439484
1043480,223010.7616439484
1043482,223010.7616439484
1043492,223010.7616439484
1043501,223010.7616439484
1043542,223010.7616439484
1043603,223010.7616439484
1043620,223010.7616439484
1043688,223010.7616439484
1043779,223010.7616439484
1043799,223010.7616439484
1043891,223010.7616439484
1043892,223010.7616439484
1043945,223010.7616439484
1044186,223010.7616439484
1044193,223010.7616439484
1044204,223010.7616439484
1044205,223010.7616439484
1044215,166836.90998469398
1044236,223010.7616439484
1044277,223010.7616439484
1044296,166836.90998469398
1044297,223010.7616439484
1044356,223010.7616439484
1044456,223010.7616439484
1044496,223010.7616439484
1044569,223010.7616439484
1044700,223010.7616439484
1044742,223010.7616439484
1044802,223010.7616439484
1044803,223010.7616439484
1044813,168834.93237516726
1044832,223010.7616439484
1044867,223010.7616439484
1045016,223010.7616439484
1045148,223010.7616439484
1045209,223010.7616439484
1045223,223010.7616439484
1045320,223010.7616439484
1045323,223010.7616439484
1045414,223010.7616439484
1045572,223010.7616439484
1045573,223010.7616439484
1045595,223010.7616439484
1045679,223010.7616439484
1045724,223010.7616439484
1045725,223010.7616439484
1045730,223010.7616439484
1045799,223010.7616439484
1045886,223010.7616439484
1045930,223010.7616439484
1045955,223010.7616439484
1045981,223010.7616439484
1046127,223010.7616439484
1046209,223010.7616439484
1046212,223010.7616439484
1046225,223010.7616439484
1046231,168834.93237516726
1046257,223010.7616439484
1046283,223010.7616439484
1046328,223010.7616439484
1046331,223010.7616439484
1046356,223010.7616439484
1046430,223010.7616439484
1046462,223010.7616439484
1046488,223010.7616439484
1046498,223010.7616439484
1046576,223010.7616439484
1046593,223010.7616439484
1046597,223010.7616439484
1046633,223010.7616439484
1046719,223010.7616439484
1046832,223010.7616439484
1046844,223010.7616439484
1046861,223010.7616439484
1046862,223010.7616439484
1046875,223010.7616439484
1046947,223010.7616439484
1046952,223010.7616439484
1046992,223010.7616439484
1047083,223010.7616439484
1047115,223010.7616439484
1047118,223010.7616439484
1047172,223010.7616439484
1047190,223010.7616439484
1047193,223010.7616439484
1047257,223010.7616439484
1047273,223010.7616439484
1047480,223010.7616439484
1047498,223010.7616439484
1047543,223010.7616439484
1047617,223010.7616439484
1047712,223010.7616439484
1047901,223010.7616439484
1047986,223010.7616439484
1048124,223010.7616439484
1048181,223010.7616439484
1048203,223010.7616439484
1048241,223010.7616439484
1048292,223010.7616439484
1048310,223010.7616439484
1048513,223010.7616439484
1048631,223010.7616439484
1049174,223010.7616439484
1049242,223010.7616439484
1049249,223010.7616439484
1049252,223010.7616439484
1049305,223010.7616439484
1049306,223010.7616439484
1049317,223010.7616439484
1049322,223010.7616439484
1049326,223010.7616439484
1049334,223010.7616439484
1049336,223010.7616439484
1049377,223010.7616439484
1049418,223010.7616439484
1049447,223010.7616439484
1049476,223010.7616439484
1049480,223010.7616439484
1049490,223010.7616439484
1049498,223010.7616439484
1049499,223010.7616439484
1049504,223010.7616439484
1049505,223010.7616439484
1049521,223010.7616439484
1049551,223010.7616439484
1049557,223010.7616439484
1049586,223010.7616439484
1049673,223010.7616439484
1049674,223010.7616439484
1049684,223010.7616439484
1049721,223010.7616439484
1049728,223010.7616439484
1049744,223010.7616439484
1049769,223010.7616439484
1049783,223010.7616439484
1049881,166836.90998469398
1049888,223010.7616439484
1049902,223010.7616439484
1049929,223010.7616439484
1050083,223010.7616439484
1050117,166836.90998469398
1050132,223010.7616439484
1050134,223010.7616439484
1050140,168834.93237516726
1050208,223010.7616439484
1050240,223010.7616439484
1050279,223010.7616439484
1050338,223010.7616439484
1050362,223010.7616439484
1050433,223010.7616439484
1050457,223010.7616439484
1050501,223010.7616439484
1050574,223010.7616439484
1050594,166836.90998469398
1050656,223010.7616439484
1050862,223010.7616439484
1050863,168834.93237516726
1050909,223010.7616439484
1050939,223010.7616439484
1050946,223010.7616439484
1050995,223010.7616439484
1051015,223010.7616439484
1051038,168834.93237516726
1051097,223010.7616439484
1051130,223010.7616439484
1051148,223010.7616439484
1051151,168834.93237516726
1051239,223010.7616439484
1051244,223010.7616439484
1051288,223010.7616439484
1051313,223010.7616439484
1051314,223010.7616439484
1051354,223010.7616439484
1051440,223010.7616439484
1051504,223010.7616439484
1051585,223010.7616439484
1051651,223010.7616439484
1051887,223010.7616439484
1051929,223010.7616439484
1052048,223010.7616439484
1052213,223010.7616439484
1052363,223010.7616439484
1052422,223010.7616439484
1052438,168834.93237516726
1052484,223010.7616439484
1052505,223010.7616439484
1052581,223010.7616439484
1052622,223010.7616439484
1052708,223010.7616439484
1052827,168834.93237516726
1052838,223010.7616439484
1052871,223010.7616439484
1052891,223010.7616439484
1053088,223010.7616439484
1053226,223010.7616439484
1053352,223010.7616439484
1053730,223010.7616439484
1053935,223010.7616439484
1054083,223010.7616439484
1054093,223010.7616439484
1054179,223010.7616439484
1054262,223010.7616439484
1054334,223010.7616439484
1054358,223010.7616439484
1054564,223010.7616439484
1054624,223010.7616439484
1054633,223010.7616439484
1054796,223010.7616439484
1054801,223010.7616439484
1054937,223010.7616439484
1054961,223010.7616439484
1055035,223010.7616439484
1055041,223010.7616439484
1055092,223010.7616439484
1055135,223010.7616439484
1055232,223010.7616439484
1055233,223010.7616439484
1055361,223010.7616439484
1055407,223010.7616439484
1055408,223010.7616439484
1055462,223010.7616439484
1055471,223010.7616439484
1055681,223010.7616439484
1055727,223010.7616439484
1055783,223010.7616439484
1055884,223010.7616439484
1055885,223010.7616439484
1055936,223010.7616439484
1055950,223010.7616439484
1055976,223010.7616439484
1056019,223010.7616439484
1056287,223010.7616439484
1056414,223010.7616439484
1056599,223010.7616439484
1056744,223010.7616439484
1056825,223010.7616439484
1056826,223010.7616439484
1056908,223010.7616439484
1056914,223010.7616439484
1056944,223010.7616439484
1057065,223010.7616439484
1057090,223010.7616439484
1057091,223010.7616439484
1057148,223010.7616439484
1057149,223010.7616439484
1057150,223010.7616439484
1057151,223010.7616439484
1057152,223010.7616439484
1057153,223010.7616439484
1057234,223010.7616439484
1057297,223010.7616439484
1057375,223010.7616439484
1057507,223010.7616439484
1057887,223010.7616439484
1057947,223010.7616439484
1057950,223010.7616439484
1057955,223010.7616439484
1057965,223010.7616439484
1058044,168834.93237516726
1058078,223010.7616439484
1058101,223010.7616439484
1058176,223010.7616439484
1058333,223010.7616439484
1058334,223010.7616439484
1058599,223010.7616439484
1058796,223010.7616439484
1058801,223010.7616439484
1058802,166836.90998469398
1058822,223010.7616439484
1058928,223010.7616439484
1058931,223010.7616439484
1059002,223010.7616439484
1059048,223010.7616439484
1059114,223010.7616439484
1059119,223010.7616439484
1059129,223010.7616439484
1059188,223010.7616439484
1059376,223010.7616439484
1059388,223010.7616439484
1059539,223010.7616439484
1059545,223010.7616439484
1059547,223010.7616439484
1059555,223010.7616439484
1059586,223010.7616439484
1059624,223010.7616439484
1059665,223010.7616439484
1059675,223010.7616439484
1059677,223010.7616439484
1059748,223010.7616439484
1059846,223010.7616439484
1059865,223010.7616439484
1059892,223010.7616439484
1059967,223010.7616439484
1059984,223010.7616439484
1059989,223010.7616439484
1060018,223010.7616439484
1060098,223010.7616439484
1060175,223010.7616439484
1060194,223010.7616439484
1060278,223010.7616439484
1060355,223010.7616439484
1060363,223010.7616439484
1060389,223010.7616439484
1060551,223010.7616439484
1060564,223010.7616439484
1060584,223010.7616439484
1060585,223010.7616439484
1060754,223010.7616439484
1060785,223010.7616439484
1060795,223010.7616439484
1060797,223010.7616439484
1060800,223010.7616439484
1060854,223010.7616439484
1060907,223010.7616439484
1060916,223010.7616439484
1060943,223010.7616439484
1060944,223010.7616439484
1061025,168834.93237516726
1061064,223010.7616439484
1061103,223010.7616439484
1061329,223010.7616439484
1061352,223010.7616439484
1061419,223010.7616439484
1061472,223010.7616439484
1061474,223010.7616439484
1061489,223010.7616439484
1061521,223010.7616439484
1061613,223010.7616439484
1061628,223010.7616439484
1061716,223010.7616439484
1061773,168834.93237516726
1061906,223010.7616439484
1061981,223010.7616439484
1062059,223010.7616439484
1062062,166836.90998469398
1062154,223010.7616439484
1062179,223010.7616439484
1062215,223010.7616439484
1062231,223010.7616439484
1062234,223010.7616439484
1062235,223010.7616439484
1062237,223010.7616439484
1150057,223010.7616439484
1150061,223010.7616439484
1150062,223010.7616439484
1150302,223010.7616439484
1150304,223010.7616439484
1150307,223010.7616439484
1150308,223010.7616439484
1150312,223010.7616439484
1150313,223010.7616439484
1150315,223010.7616439484
1150318,223010.7616439484
1150709,223010.7616439484
1150711,223010.7616439484
1150714,223010.7616439484
1150716,223010.7616439484
1150721,223010.7616439484
1150722,223010.7616439484
1150723,223010.7616439484
1150727,223010.7616439484
1150729,223010.7616439484
1150732,223010.7616439484
1150733,223010.7616439484
1150739,223010.7616439484
1150741,223010.7616439484
1150744,223010.7616439484
1150751,223010.7616439484
1158788,223010.7616439484
1158790,223010.7616439484
1158794,223010.7616439484
1158798,223010.7616439484
1158802,223010.7616439484
1158803,223010.7616439484
1158804,223010.7616439484
1158972,223010.7616439484
1158973,223010.7616439484
1158979,223010.7616439484
1158980,223010.7616439484
1158982,223010.7616439484
1159208,223010.7616439484
1159224,223010.7616439484
1159254,223010.7616439484
1159717,223010.7616439484
1159725,223010.7616439484
1159755,223010.7616439484
1159756,223010.7616439484
1159757,223010.7616439484
1159758,223010.7616439484
1159760,223010.7616439484
1159762,223010.7616439484
1159764,223010.7616439484
1160340,223010.7616439484
1160342,223010.7616439484
1160347,223010.7616439484
1160348,223010.7616439484
1160352,223010.7616439484
1160353,223010.7616439484
1160357,223010.7616439484
1160368,223010.7616439484
1160370,223010.7616439484
1160372,223010.7616439484
1160628,223010.7616439484
1160633,223010.7616439484
1160635,223010.7616439484
1160642,223010.7616439484
1160644,223010.7616439484
1160646,223010.7616439484
1160651,223010.7616439484
1160652,223010.7616439484
1160659,223010.7616439484
1160663,223010.7616439484
1160877,223010.7616439484
1160879,223010.7616439484
1160881,223010.7616439484
1160884,223010.7616439484
1160887,223010.7616439484
1160891,223010.7616439484
1160892,223010.7616439484
1160893,223010.7616439484
1160897,223010.7616439484
1160900,223010.7616439484
1160901,223010.7616439484
1160903,223010.7616439484
1160909,223010.7616439484
1160910,223010.7616439484
1160913,223010.7616439484
1160916,223010.7616439484
1162333,223010.7616439484
1162334,223010.7616439484
1162374,223010.7616439484
1162376,223010.7616439484
1162380,223010.7616439484
1162381,223010.7616439484
1162382,223010.7616439484
1162385,223010.7616439484
1162386,223010.7616439484
1162638,223010.7616439484
1162639,223010.7616439484
1162640,223010.7616439484
1162641,223010.7616439484
1162643,223010.7616439484
1162707,223010.7616439484
1162708,223010.7616439484
1162764,223010.7616439484
1162899,223010.7616439484
1162918,223010.7616439484
1162924,223010.7616439484
1162925,223010.7616439484
1162926,223010.7616439484
1162927,223010.7616439484
1163023,223010.7616439484
1163027,223010.7616439484
1163028,223010.7616439484
1163039,223010.7616439484
1163040,223010.7616439484
1163042,223010.7616439484
1163043,223010.7616439484
1163044,223010.7616439484
1163047,223010.7616439484
1163050,223010.7616439484
1163083,223010.7616439484
1163086,223010.7616439484
1163089,223010.7616439484
1163090,223010.7616439484
1163091,223010.7616439484
1163092,223010.7616439484
1163093,223010.7616439484
1163095,223010.7616439484
1163096,223010.7616439484
1163264,223010.7616439484
1163271,223010.7616439484
1164020,223010.7616439484
1164022,223010.7616439484
1164028,223010.7616439484
1164565,223010.7616439484
1164567,223010.7616439484
1164571,223010.7616439484
1164576,223010.7616439484
1164578,223010.7616439484
1164580,223010.7616439484
1164581,223010.7616439484
1164582,223010.7616439484
1164583,223010.7616439484
1164617,223010.7616439484
1164618,223010.7616439484
1164622,223010.7616439484
1164625,223010.7616439484
1164627,223010.7616439484
1164629,223010.7616439484
1164911,223010.7616439484
1164914,223010.7616439484
1164916,223010.7616439484
1164936,223010.7616439484
1164938,223010.7616439484
1164940,223010.7616439484
1167361,223010.7616439484
1167364,223010.7616439484
1167369,223010.7616439484
1167373,223010.7616439484
1167374,223010.7616439484
1167375,223010.7616439484
1167383,223010.7616439484
1167385,223010.7616439484
1167387,223010.7616439484
1167388,223010.7616439484
1167392,223010.7616439484
1167397,223010.7616439484
1167398,223010.7616439484
1167399,223010.7616439484
1167401,223010.7616439484
1167402,223010.7616439484
1167403,223010.7616439484
1167404,223010.7616439484
1167405,223010.7616439484
1167406,223010.7616439484
1167407,223010.7616439484
1167409,223010.7616439484
1167410,223010.7616439484
1167411,223010.7616439484
1167412,223010.7616439484
1167413,223010.7616439484
1167414,223010.7616439484
1167426,223010.7616439484
1167429,223010.7616439484
1167430,223010.7616439484
1167431,223010.7616439484
1167437,223010.7616439484
1167439,223010.7616439484
1171188,223010.7616439484
1171191,223010.7616439484
1171194,223010.7616439484
1171195,223010.7616439484
1171196,223010.7616439484
1171200,223010.7616439484
1171201,223010.7616439484
1171203,223010.7616439484
1171204,223010.7616439484
1171205,223010.7616439484
1171362,223010.7616439484
1171367,223010.7616439484
1172945,223010.7616439484
1172952,223010.7616439484
1173341,223010.7616439484
1173343,223010.7616439484
1173347,168834.93237516726
1173351,168834.93237516726
1173353,168834.93237516726
1173355,168834.93237516726
1173356,168834.93237516726
1173358,168834.93237516726
1173362,168834.93237516726
1173364,168834.93237516726
1174252,223010.7616439484
1174253,223010.7616439484
1174258,223010.7616439484
1174265,223010.7616439484
1174280,223010.7616439484
1174393,223010.7616439484
1174395,223010.7616439484
1174396,223010.7616439484
1174397,223010.7616439484
1174398,223010.7616439484
1174400,223010.7616439484
1174404,223010.7616439484
1174405,223010.7616439484
1174407,223010.7616439484
1174456,223010.7616439484
1174460,223010.7616439484
1174462,223010.7616439484
1174465,223010.7616439484
1174466,223010.7616439484
1174468,223010.7616439484
1174469,223010.7616439484
1174471,223010.7616439484
1174472,223010.7616439484
1174473,223010.7616439484
1174475,223010.7616439484
1174491,223010.7616439484
1174496,223010.7616439484
1174501,223010.7616439484
1174592,223010.7616439484
1174593,223010.7616439484
1174595,223010.7616439484
1174596,223010.7616439484
1174598,223010.7616439484
1174599,223010.7616439484
1174602,223010.7616439484
1174607,223010.7616439484
1174608,223010.7616439484
1174732,223010.7616439484
1174738,223010.7616439484
1174742,223010.7616439484
1174743,223010.7616439484
1174748,223010.7616439484
1175538,223010.7616439484
1175539,223010.7616439484
1175543,223010.7616439484
1175547,223010.7616439484
1175548,223010.7616439484
1175550,223010.7616439484
1176289,223010.7616439484
1176758,223010.7616439484
1176759,223010.7616439484
1176764,223010.7616439484
1176772,223010.7616439484
1177110,223010.7616439484
1177116,223010.7616439484
1177118,223010.7616439484
1177121,223010.7616439484
1177122,223010.7616439484
1177125,223010.7616439484
1177822,223010.7616439484
1178019,223010.7616439484
1178024,223010.7616439484
1179391,223010.7616439484
1179392,223010.7616439484
1179393,223010.7616439484
1179512,223010.7616439484
1179513,223010.7616439484
1179516,223010.7616439484
1179517,223010.7616439484
1179518,223010.7616439484
1179526,223010.7616439484
1179527,223010.7616439484
1179540,223010.7616439484
1179542,223010.7616439484
1179543,223010.7616439484
1179546,223010.7616439484
1179548,223010.7616439484
1179552,223010.7616439484
1179554,223010.7616439484
1179555,223010.7616439484
1179557,223010.7616439484
1179944,166836.90998469398
1179948,166836.90998469398
1179949,166836.90998469398
1179952,166836.90998469398
1179953,166836.90998469398
1179955,166836.90998469398
1180044,223010.7616439484
1180046,223010.7616439484
1180047,223010.7616439484
1180048,223010.7616439484
1180049,223010.7616439484
1180050,223010.7616439484
1180051,223010.7616439484
1180053,223010.7616439484
1180054,223010.7616439484
1180056,223010.7616439484
1180060,223010.7616439484
1180070,223010.7616439484
1180073,223010.7616439484
1180078,223010.7616439484
1180080,223010.7616439484
1180241,223010.7616439484
1180242,223010.7616439484
1180243,223010.7616439484
1180251,223010.7616439484
1180253,223010.7616439484
1180254,223010.7616439484
1180255,223010.7616439484
1180257,223010.7616439484
1180452,223010.7616439484
1180461,223010.7616439484
1180464,223010.7616439484
1180465,223010.7616439484
1180466,223010.7616439484
1180467,223010.7616439484
1180469,223010.7616439484
1180471,223010.7616439484
1180472,223010.7616439484
1180474,223010.7616439484
1180479,223010.7616439484
1180481,223010.7616439484
1180482,223010.7616439484
1180484,223010.7616439484
1180485,223010.7616439484
1180487,223010.7616439484
1180619,223010.7616439484
1180622,223010.7616439484
1180628,223010.7616439484
1180629,223010.7616439484
1180630,223010.7616439484
1180701,223010.7616439484
1180702,223010.7616439484
1180704,223010.7616439484
1180707,223010.7616439484
1180708,223010.7616439484
1180711,223010.7616439484
1180712,223010.7616439484
1180716,223010.7616439484
1180717,223010.7616439484
1180732,223010.7616439484
1180733,223010.7616439484
1180734,223010.7616439484
1180735,223010.7616439484
1180738,223010.7616439484
1180739,223010.7616439484
1180741,223010.7616439484
1180743,223010.7616439484
1180744,223010.7616439484
1180748,223010.7616439484
1180749,223010.7616439484
1180770,223010.7616439484
1180771,223010.7616439484
1180774,223010.7616439484
1180777,223010.7616439484
1180938,223010.7616439484
1180945,223010.7616439484
1180951,223010.7616439484
1180954,223010.7616439484
1180967,223010.7616439484
1180976,223010.7616439484
1180977,223010.7616439484
1181989,223010.7616439484
1182023,223010.7616439484
1182025,223010.7616439484
1182026,223010.7616439484
1182030,223010.7616439484
1182033,223010.7616439484
1182314,223010.7616439484
1182315,223010.7616439484
1182316,223010.7616439484
1182317,223010.7616439484
1182321,223010.7616439484
1182322,223010.7616439484
1182323,223010.7616439484
1182628,223010.7616439484
1182650,223010.7616439484
1182652,223010.7616439484
1182654,223010.7616439484
1182655,223010.7616439484
1182744,223010.7616439484
1182745,223010.7616439484
1182746,223010.7616439484
1182748,223010.7616439484
1182749,223010.7616439484
1182754,223010.7616439484
1182756,223010.7616439484
1182757,223010.7616439484
1183211,223010.7616439484
1183213,223010.7616439484
1183689,223010.7616439484
1183690,223010.7616439484
1183691,223010.7616439484
1183692,223010.7616439484
1184185,223010.7616439484
1184271,223010.7616439484
1184272,223010.7616439484
1184678,223010.7616439484
1184679,223010.7616439484
1184680,223010.7616439484
1184730,223010.7616439484
1184731,223010.7616439484
1184772,223010.7616439484
1184775,223010.7616439484
1184780,223010.7616439484
1184783,223010.7616439484
1184806,223010.7616439484
1184809,223010.7616439484
1184956,223010.7616439484
1185123,223010.7616439484
1185129,223010.7616439484
1185141,223010.7616439484
1185144,223010.7616439484
1185145,223010.7616439484
1185150,223010.7616439484
1185316,223010.7616439484
1185317,223010.7616439484
1185326,223010.7616439484
1185328,223010.7616439484
1185330,223010.7616439484
1185331,223010.7616439484
1185722,223010.7616439484
1185744,166836.90998469398
1185746,223010.7616439484
1185748,223010.7616439484
1185818,223010.7616439484
1185819,223010.7616439484
1186256,223010.7616439484
1186257,223010.7616439484
1186258,223010.7616439484
1186260,223010.7616439484
1186261,223010.7616439484
1186284,223010.7616439484
1186288,223010.7616439484
1186368,223010.7616439484
1186370,223010.7616439484
1186371,223010.7616439484
1186373,166836.90998469398
1186374,223010.7616439484
1186376,223010.7616439484
1186379,223010.7616439484
1186380,223010.7616439484
1186827,223010.7616439484
1186830,223010.7616439484
1186831,223010.7616439484
1186832,223010.7616439484
1186834,223010.7616439484
1186835,223010.7616439484
1186837,223010.7616439484
1186840,223010.7616439484
1187587,223010.7616439484
1187625,168834.93237516726
1187626,168834.93237516726
1187628,168834.93237516726
1187839,223010.7616439484
1187840,223010.7616439484
1187842,223010.7616439484
1187843,223010.7616439484
1187844,223010.7616439484
1187851,223010.7616439484
1187853,223010.7616439484
1187854,223010.7616439484
1188373,223010.7616439484
1188428,223010.7616439484
1188429,223010.7616439484
1188430,223010.7616439484
1188431,223010.7616439484
1188439,223010.7616439484
1188440,223010.7616439484
1188442,223010.7616439484
1188484,223010.7616439484
1188485,223010.7616439484
1188487,223010.7616439484
1188488,223010.7616439484
1188490,223010.7616439484
1188493,223010.7616439484
1188499,223010.7616439484
1188519,223010.7616439484
1188531,223010.7616439484
1188535,223010.7616439484
1188538,223010.7616439484
1188539,223010.7616439484
1188577,223010.7616439484
1188578,223010.7616439484
1188581,223010.7616439484
1189583,223010.7616439484
1189587,223010.7616439484
1189590,223010.7616439484
1189593,223010.7616439484
1189594,223010.7616439484
1189595,223010.7616439484
1189596,223010.7616439484
1189599,223010.7616439484
1189600,223010.7616439484
1189603,223010.7616439484
1189605,223010.7616439484
1189606,223010.7616439484
1189610,223010.7616439484
1189611,223010.7616439484
1191966,223010.7616439484
1191971,223010.7616439484
1191972,223010.7616439484
1192091,223010.7616439484
1192096,223010.7616439484
1192970,223010.7616439484
1192973,223010.7616439484
1193162,223010.7616439484
1193163,223010.7616439484
1193168,168834.93237516726
1193169,168834.93237516726
1193170,168834.93237516726
1193171,168834.93237516726
1193543,223010.7616439484
1193676,223010.7616439484
1193751,223010.7616439484
1193761,223010.7616439484
1193775,223010.7616439484
1193777,223010.7616439484
1193779,223010.7616439484
1193782,223010.7616439484
1193783,223010.7616439484
1193836,223010.7616439484
1193848,223010.7616439484
1193849,223010.7616439484
1193850,223010.7616439484
1193855,223010.7616439484
1193857,223010.7616439484
1193859,223010.7616439484
1193861,223010.7616439484
1193862,223010.7616439484
1193863,223010.7616439484
1193864,223010.7616439484
1193866,223010.7616439484
1193915,223010.7616439484
1193925,223010.7616439484
1193927,223010.7616439484
1193952,223010.7616439484
1193953,223010.7616439484
1193954,223010.7616439484
1193955,223010.7616439484
1193956,223010.7616439484
1193957,223010.7616439484
1194415,223010.7616439484
1194922,223010.7616439484
1194977,223010.7616439484
1195222,223010.7616439484
1195223,223010.7616439484
1195224,223010.7616439484
1195225,223010.7616439484
1195425,223010.7616439484
1195426,223010.7616439484
1195432,223010.7616439484
1195891,223010.7616439484
1195892,223010.7616439484
1195893,223010.7616439484
1195900,223010.7616439484
1195901,223010.7616439484
1195903,223010.7616439484
1196019,223010.7616439484
1196842,223010.7616439484
1196844,223010.7616439484
1196847,223010.7616439484
1196872,223010.7616439484
1196892,223010.7616439484
1196893,223010.7616439484
1196894,223010.7616439484
1196895,223010.7616439484
1196904,223010.7616439484
1196912,223010.7616439484
1196913,223010.7616439484
1196993,223010.7616439484
1196994,223010.7616439484
1196998,223010.7616439484
1196999,223010.7616439484
1197000,223010.7616439484
1197002,223010.7616439484
1197106,223010.7616439484
1197107,223010.7616439484
1197108,223010.7616439484
1197166,168834.93237516726
1197209,223010.7616439484
1197214,223010.7616439484
1197215,223010.7616439484
1197216,223010.7616439484
1197253,223010.7616439484
1197256,223010.7616439484
1197309,223010.7616439484
1197311,223010.7616439484
1197315,223010.7616439484
1197316,223010.7616439484
1197321,223010.7616439484
1197322,223010.7616439484
1197323,223010.7616439484
1197324,223010.7616439484
1197325,223010.7616439484
1197326,223010.7616439484
1197328,223010.7616439484
1197329,223010.7616439484
1197331,223010.7616439484
1197345,223010.7616439484
1197351,223010.7616439484
1197462,223010.7616439484
1197463,223010.7616439484
1197465,223010.7616439484
1197467,223010.7616439484
1197469,223010.7616439484
1197470,223010.7616439484
1197502,223010.7616439484
1197549,223010.7616439484
1197570,223010.7616439484
1197627,223010.7616439484
1197672,223010.7616439484
1197859,223010.7616439484
1197860,223010.7616439484
1197977,223010.7616439484
1197978,223010.7616439484
1198019,223010.7616439484
1198021,223010.7616439484
1198337,166836.90998469398
1198358,223010.7616439484
1198364,223010.7616439484
1198365,223010.7616439484
1198366,223010.7616439484
1198367,223010.7616439484
1198368,223010.7616439484
1198369,223010.7616439484
1198373,223010.7616439484
1198446,223010.7616439484
1198450,223010.7616439484
1198451,223010.7616439484
1198452,223010.7616439484
1198453,223010.7616439484
1198457,223010.7616439484
1198621,223010.7616439484
1198645,223010.7616439484
1198649,223010.7616439484
1198650,223010.7616439484
1198664,223010.7616439484
1198665,223010.7616439484
1198669,223010.7616439484
1198670,223010.7616439484
1198671,223010.7616439484
1198760,223010.7616439484
1198766,223010.7616439484
1198768,223010.7616439484
1198771,223010.7616439484
1198773,223010.7616439484
715273,223010.7616439484
717643,223010.7616439484
720473,223010.7616439484
722274,223010.7616439484
722610,223010.7616439484
722632,223010.7616439484
724293,223010.7616439484
724296,223010.7616439484
724367,223010.7616439484
724383,223010.7616439484
724402,223010.7616439484
724436,223010.7616439484
724693,223010.7616439484
725035,223010.7616439484
726164,223010.7616439484
728018,223010.7616439484
728963,223010.7616439484
730396,223010.7616439484
730570,223010.7616439484
732096,223010.7616439484
732455,223010.7616439484
733749,223010.7616439484
739805,223010.7616439484
762985,223010.7616439484
765024,223010.7616439484
766318,223010.7616439484
767291,223010.7616439484
768075,223010.7616439484
768187,223010.7616439484
768450,223010.7616439484
768818,223010.7616439484
775095,223010.7616439484
777984,223010.7616439484
780334,223010.7616439484
782037,223010.7616439484
783338,223010.7616439484
788907,223010.7616439484
791183,223010.7616439484
791186,223010.7616439484
800871,223010.7616439484
805218,223010.7616439484
808371,223010.7616439484
810903,223010.7616439484
813910,223010.7616439484
814295,223010.7616439484
816599,223010.7616439484
817980,223010.7616439484
818854,223010.7616439484
821034,223010.7616439484
822425,223010.7616439484
823206,223010.7616439484
823722,223010.7616439484
824962,223010.7616439484
827620,223010.7616439484
829106,223010.7616439484
829983,223010.7616439484
835034,223010.7616439484
835905,223010.7616439484
836853,223010.7616439484
836965,223010.7616439484
837221,223010.7616439484
837226,223010.7616439484
837310,223010.7616439484
837312,223010.7616439484
837322,223010.7616439484
837364,223010.7616439484
837447,223010.7616439484
837450,223010.7616439484
837480,223010.7616439484
837481,223010.7616439484
837534,223010.7616439484
837603,223010.7616439484
837604,223010.7616439484
837695,223010.7616439484
837700,223010.7616439484
838738,223010.7616439484
838739,223010.7616439484
838747,223010.7616439484
839708,223010.7616439484
839728,223010.7616439484
839729,223010.7616439484
839750,223010.7616439484
839751,223010.7616439484
839752,223010.7616439484
839753,223010.7616439484
839754,223010.7616439484
839789,223010.7616439484
839793,223010.7616439484
839796,223010.7616439484
840813,223010.7616439484
843860,223010.7616439484
844526,223010.7616439484
844543,223010.7616439484
844754,223010.7616439484
846486,223010.7616439484
847164,223010.7616439484
848484,223010.7616439484
936754,223010.7616439484
937863,223010.7616439484
937904,223010.7616439484
938417,223010.7616439484
938423,223010.7616439484
938603,223010.7616439484
938622,223010.7616439484
939544,223010.7616439484
940696,223010.7616439484
942465,223010.7616439484
942737,223010.7616439484
943019,223010.7616439484
943421,223010.7616439484
945655,223010.7616439484
947947,223010.7616439484
949288,223010.7616439484
952129,223010.7616439484
952131,223010.7616439484
952904,223010.7616439484
953479,223010.7616439484
954602,223010.7616439484
954929,223010.7616439484
955982,223010.7616439484
958924,223010.7616439484
959475,223010.7616439484
960089,223010.7616439484
960166,223010.7616439484
961081,223010.7616439484
961152,223010.7616439484
961156,223010.7616439484
963917,223010.7616439484
963924,223010.7616439484
963928,223010.7616439484
964509,223010.7616439484
965003,223010.7616439484
967216,223010.7616439484
967710,223010.7616439484
967711,223010.7616439484
967715,223010.7616439484
968678,223010.7616439484
969661,223010.7616439484
970940,223010.7616439484
971513,223010.7616439484
972147,223010.7616439484
972176,223010.7616439484
972866,223010.7616439484
974942,223010.7616439484
974954,223010.7616439484
976609,223010.7616439484
978142,223010.7616439484
978273,223010.7616439484
978277,223010.7616439484
978278,223010.7616439484
978281,223010.7616439484
978860,223010.7616439484
979110,223010.7616439484
979112,223010.7616439484
979516,223010.7616439484
980337,223010.7616439484
980476,223010.7616439484
982006,223010.7616439484
983877,223010.7616439484
983878,223010.7616439484
983879,223010.7616439484
985387,223010.7616439484
985462,223010.7616439484
985808,223010.7616439484
986398,223010.7616439484
987620,223010.7616439484
988304,223010.7616439484
988676,223010.7616439484
989018,223010.7616439484
995698,223010.7616439484
995822,223010.7616439484
1002393,223010.7616439484
1003195,223010.7616439484
1003292,223010.7616439484
1003326,223010.7616439484
1003655,223010.7616439484
1003662,223010.7616439484
1003847,223010.7616439484
1006131,223010.7616439484
1008419,223010.7616439484
1008432,223010.7616439484
1008509,223010.7616439484
1008929,223010.7616439484
1009457,223010.7616439484
1010167,223010.7616439484
1010251,223010.7616439484
1010311,223010.7616439484
1011035,223010.7616439484
1011899,223010.7616439484
1013203,223010.7616439484
1013464,223010.7616439484
1013942,223010.7616439484
1014952,223010.7616439484
1015519,223010.7616439484
1018488,223010.7616439484
1018565,223010.7616439484
1018830,223010.7616439484
1019163,223010.7616439484
1019257,223010.7616439484
1019258,223010.7616439484
1022427,223010.7616439484
1023024,223010.7616439484
1024198,223010.7616439484
1024386,223010.7616439484
1024633,223010.7616439484
1065813,223010.7616439484
1066642,223010.7616439484
1066903,223010.7616439484
1068872,223010.7616439484
1071707,223010.7616439484
1072579,223010.7616439484
1072606,223010.7616439484
1073519,223010.7616439484
1073733,223010.7616439484
1074535,223010.7616439484
1075895,223010.7616439484
1076216,223010.7616439484
1076517,223010.7616439484
1076917,223010.7616439484
1077573,223010.7616439484
1078672,223010.7616439484
1080081,223010.7616439484
1080084,223010.7616439484
1080177,223010.7616439484
1080179,223010.7616439484
1080180,223010.7616439484
1080182,223010.7616439484
1080646,223010.7616439484
1081890,223010.7616439484
1082838,223010.7616439484
1082935,223010.7616439484
1083177,223010.7616439484
1083187,223010.7616439484
1093683,223010.7616439484
1094194,223010.7616439484
1097426,223010.7616439484
1098571,223010.7616439484
1102741,223010.7616439484
1102778,223010.7616439484
1224860,223010.7616439484
1224861,223010.7616439484
1224864,223010.7616439484
1224865,223010.7616439484
1224868,223010.7616439484
1224877,223010.7616439484
1229111,223010.7616439484
1229116,223010.7616439484
1229118,223010.7616439484
1235951,223010.7616439484
1235954,223010.7616439484
1236545,223010.7616439484
1236554,223010.7616439484
1236560,223010.7616439484
1239168,223010.7616439484
1239172,223010.7616439484
1239175,223010.7616439484
1239178,223010.7616439484
1239179,223010.7616439484
1239182,223010.7616439484
1239184,223010.7616439484
1241221,223010.7616439484
1241227,223010.7616439484
1241228,223010.7616439484
96029,227529.68118368438
96056,227529.68118368438
96065,227529.68118368438
96072,227529.68118368438
96079,227529.68118368438
96099,227529.68118368438
96100,227529.68118368438
96136,227529.68118368438
96137,227529.68118368438
96138,227529.68118368438
96140,227529.68118368438
96142,227529.68118368438
96143,227529.68118368438
96193,227529.68118368438
96202,227529.68118368438
96206,227529.68118368438
96207,227529.68118368438
96224,227529.68118368438
96225,227529.68118368438
96227,227529.68118368438
96302,227529.68118368438
96318,227529.68118368438
96339,227529.68118368438
96369,227529.68118368438
96417,227529.68118368438
96432,227529.68118368438
96464,227529.68118368438
96467,227529.68118368438
96471,227529.68118368438
96476,227529.68118368438
96477,227529.68118368438
96481,227529.68118368438
96486,227529.68118368438
96487,227529.68118368438
96515,227529.68118368438
96547,227529.68118368438
96571,217065.3177495639
96574,227529.68118368438
96593,217065.3177495639
96606,227529.68118368438
96648,217065.3177495639
96654,217065.3177495639
96656,217065.3177495639
96661,217065.3177495639
96662,217065.3177495639
96664,217065.3177495639
96668,217065.3177495639
96669,217065.3177495639
96672,217065.3177495639
96678,217065.3177495639
96679,217065.3177495639
96683,217065.3177495639
96713,217065.3177495639
96715,217065.3177495639
96735,217065.3177495639
96742,217065.3177495639
96750,217065.3177495639
96751,217065.3177495639
96758,217065.3177495639
96760,217065.3177495639
96762,217065.3177495639
96765,217065.3177495639
96771,217065.3177495639
96772,217065.3177495639
96782,217065.3177495639
96790,227529.68118368438
96791,227529.68118368438
96816,227529.68118368438
96819,227529.68118368438
96821,227529.68118368438
96838,227529.68118368438
96862,227529.68118368438
96863,227529.68118368438
96869,227529.68118368438
96875,227529.68118368438
96876,227529.68118368438
96896,227529.68118368438
96897,227529.68118368438
96937,227529.68118368438
96946,227529.68118368438
96952,227529.68118368438
96957,227529.68118368438
96986,227529.68118368438
96988,227529.68118368438
96990,227529.68118368438
97005,227529.68118368438
97065,227529.68118368438
97071,227529.68118368438
97077,227529.68118368438
97081,227529.68118368438
97083,227529.68118368438
97093,217065.3177495639
97097,227529.68118368438
97122,227529.68118368438
97125,227529.68118368438
97126,227529.68118368438
97127,227529.68118368438
97129,227529.68118368438
97133,227529.68118368438
97137,227529.68118368438
97139,227529.68118368438
97140,227529.68118368438
97144,227529.68118368438
97146,227529.68118368438
97148,227529.68118368438
97149,227529.68118368438
97152,227529.68118368438
97154,227529.68118368438
97155,227529.68118368438
97161,227529.68118368438
97166,227529.68118368438
97194,227529.68118368438
97210,227529.68118368438
97213,227529.68118368438
97215,227529.68118368438
97217,227529.68118368438
97224,227529.68118368438
97226,227529.68118368438
97229,227529.68118368438
97235,227529.68118368438
97250,227529.68118368438
97263,227529.68118368438
97269,227529.68118368438
97312,227529.68118368438
97318,227529.68118368438
97327,227529.68118368438
97336,227529.68118368438
97447,227529.68118368438
97449,227529.68118368438
97467,227529.68118368438
97482,227529.68118368438
97495,227529.68118368438
97527,227529.68118368438
97531,227529.68118368438
97533,227529.68118368438
97545,227529.68118368438
97550,227529.68118368438
97555,227529.68118368438
97562,227529.68118368438
97564,227529.68118368438
97565,227529.68118368438
97566,227529.68118368438
97573,227529.68118368438
97575,227529.68118368438
97578,227529.68118368438
97579,227529.68118368438
97580,227529.68118368438
97582,227529.68118368438
97583,227529.68118368438
97584,227529.68118368438
97585,227529.68118368438
97586,227529.68118368438
97589,227529.68118368438
97590,217065.3177495639
97677,227529.68118368438
97680,227529.68118368438
97681,227529.68118368438
97686,227529.68118368438
97687,227529.68118368438
97690,227529.68118368438
97692,227529.68118368438
97696,227529.68118368438
97698,227529.68118368438
97699,227529.68118368438
97701,227529.68118368438
97704,217065.3177495639
97707,217065.3177495639
97729,227529.68118368438
97807,217065.3177495639
97808,217065.3177495639
97858,227529.68118368438
97859,227529.68118368438
97861,227529.68118368438
97879,217065.3177495639
97881,217065.3177495639
97885,217065.3177495639
97888,217065.3177495639
97897,217065.3177495639
97907,217065.3177495639
97911,217065.3177495639
97914,227529.68118368438
97927,217065.3177495639
97943,227529.68118368438
97949,217065.3177495639
97967,217065.3177495639
97988,217065.3177495639
97989,217065.3177495639
97990,217065.3177495639
97991,217065.3177495639
97993,217065.3177495639
97996,217065.3177495639
97997,217065.3177495639
97998,217065.3177495639
97999,217065.3177495639
98001,217065.3177495639
98014,227529.68118368438
98016,227529.68118368438
98036,227529.68118368438
98054,227529.68118368438
98063,227529.68118368438
98082,227529.68118368438
98083,227529.68118368438
98085,227529.68118368438
98086,227529.68118368438
98087,217065.3177495639
98090,227529.68118368438
98095,227529.68118368438
98103,227529.68118368438
98108,227529.68118368438
98119,227529.68118368438
98149,217065.3177495639
98164,227529.68118368438
98167,227529.68118368438
98168,227529.68118368438
98204,227529.68118368438
98248,227529.68118368438
98249,227529.68118368438
98257,227529.68118368438
98276,227529.68118368438
98293,227529.68118368438
98301,227529.68118368438
98308,227529.68118368438
98357,227529.68118368438
98358,227529.68118368438
98366,227529.68118368438
98394,227529.68118368438
98400,227529.68118368438
98403,227529.68118368438
98412,227529.68118368438
98413,227529.68118368438
98433,227529.68118368438
98450,227529.68118368438
98451,227529.68118368438
98452,227529.68118368438
98455,227529.68118368438
98462,227529.68118368438
98475,227529.68118368438
98499,227529.68118368438
98525,227529.68118368438
98526,227529.68118368438
98528,227529.68118368438
98531,227529.68118368438
98544,227529.68118368438
98553,227529.68118368438
98573,227529.68118368438
98582,227529.68118368438
98584,227529.68118368438
98585,227529.68118368438
98589,227529.68118368438
98593,217065.3177495639
98596,227529.68118368438
98648,227529.68118368438
98652,227529.68118368438
98653,217065.3177495639
98654,227529.68118368438
98656,217065.3177495639
98710,217065.3177495639
98754,217065.3177495639
98770,217065.3177495639
98780,217065.3177495639
98781,217065.3177495639
98782,217065.3177495639
98789,217065.3177495639
98804,217065.3177495639
98822,217065.3177495639
98823,227529.68118368438
98828,227529.68118368438
98842,217065.3177495639
98843,217065.3177495639
98846,217065.3177495639
98862,227529.68118368438
98863,227529.68118368438
98869,227529.68118368438
98870,227529.68118368438
98874,227529.68118368438
98876,227529.68118368438
98878,227529.68118368438
98883,227529.68118368438
98895,227529.68118368438
98899,227529.68118368438
98900,227529.68118368438
98901,227529.68118368438
98902,227529.68118368438
98905,227529.68118368438
98929,227529.68118368438
98948,227529.68118368438
98979,227529.68118368438
99010,227529.68118368438
99022,227529.68118368438
99035,227529.68118368438
99043,227529.68118368438
99044,227529.68118368438
99048,227529.68118368438
99051,227529.68118368438
99087,227529.68118368438
99098,227529.68118368438
99102,227529.68118368438
99104,227529.68118368438
99105,227529.68118368438
99114,227529.68118368438
99148,227529.68118368438
99163,227529.68118368438
99168,227529.68118368438
99198,227529.68118368438
99200,227529.68118368438
99205,217065.3177495639
99273,227529.68118368438
99277,217065.3177495639
99292,227529.68118368438
99293,217065.3177495639
99298,217065.3177495639
99300,217065.3177495639
99304,217065.3177495639
99305,217065.3177495639
99316,217065.3177495639
99319,227529.68118368438
99341,227529.68118368438
99344,227529.68118368438
99356,227529.68118368438
99360,227529.68118368438
99361,227529.68118368438
99389,227529.68118368438
99399,227529.68118368438
99400,227529.68118368438
99401,227529.68118368438
99421,227529.68118368438
99429,227529.68118368438
99433,227529.68118368438
99436,227529.68118368438
99439,227529.68118368438
99442,227529.68118368438
99450,227529.68118368438
99451,227529.68118368438
99460,227529.68118368438
99475,227529.68118368438
99480,227529.68118368438
99483,227529.68118368438
99529,217065.3177495639
99532,227529.68118368438
99542,227529.68118368438
99575,227529.68118368438
99583,227529.68118368438
99597,227529.68118368438
99601,227529.68118368438
99603,227529.68118368438
99624,227529.68118368438
99625,227529.68118368438
99651,227529.68118368438
99655,227529.68118368438
99673,227529.68118368438
99694,227529.68118368438
99697,227529.68118368438
99698,227529.68118368438
99714,227529.68118368438
99716,227529.68118368438
99717,227529.68118368438
99718,227529.68118368438
99719,227529.68118368438
99728,217065.3177495639
99736,227529.68118368438
99739,227529.68118368438
99751,217065.3177495639
99759,217065.3177495639
99760,227529.68118368438
99761,227529.68118368438
99765,217065.3177495639
99769,227529.68118368438
99812,227529.68118368438
99817,227529.68118368438
99855,227529.68118368438
99868,227529.68118368438
99869,227529.68118368438
99874,227529.68118368438
99895,217065.3177495639
99897,227529.68118368438
99980,227529.68118368438
99982,227529.68118368438
99984,227529.68118368438
99985,227529.68118368438
99990,227529.68118368438
99991,227529.68118368438
100086,227529.68118368438
100110,217065.3177495639
100115,217065.3177495639
100118,217065.3177495639
100119,217065.3177495639
100122,217065.3177495639
100125,217065.3177495639
100126,217065.3177495639
100127,217065.3177495639
100129,217065.3177495639
100130,217065.3177495639
100134,217065.3177495639
100136,217065.3177495639
100156,217065.3177495639
100157,217065.3177495639
100169,227529.68118368438
100171,227529.68118368438
100179,227529.68118368438
100187,217065.3177495639
100192,227529.68118368438
100193,227529.68118368438
100219,217065.3177495639
100243,217065.3177495639
100244,217065.3177495639
100289,217065.3177495639
100297,217065.3177495639
100310,227529.68118368438
100312,227529.68118368438
100327,227529.68118368438
100378,227529.68118368438
100422,227529.68118368438
100447,227529.68118368438
100513,227529.68118368438
100520,227529.68118368438
100532,227529.68118368438
100534,227529.68118368438
100537,227529.68118368438
100550,227529.68118368438
100557,227529.68118368438
100564,227529.68118368438
100571,227529.68118368438
100575,227529.68118368438
100595,227529.68118368438
100596,227529.68118368438
100620,227529.68118368438
100621,227529.68118368438
100648,227529.68118368438
100652,227529.68118368438
100661,227529.68118368438
100677,227529.68118368438
100678,227529.68118368438
100681,227529.68118368438
100708,227529.68118368438
100709,227529.68118368438
100723,227529.68118368438
100730,227529.68118368438
100733,227529.68118368438
100735,227529.68118368438
100736,227529.68118368438
100744,227529.68118368438
100755,227529.68118368438
100774,227529.68118368438
100800,227529.68118368438
100805,227529.68118368438
100812,227529.68118368438
100813,227529.68118368438
100819,227529.68118368438
100821,227529.68118368438
100866,227529.68118368438
100906,227529.68118368438
100942,227529.68118368438
100950,227529.68118368438
101142,227529.68118368438
101185,217065.3177495639
101191,217065.3177495639
101193,217065.3177495639
101283,217065.3177495639
101287,217065.3177495639
101300,227529.68118368438
101308,217065.3177495639
101316,217065.3177495639
101318,227529.68118368438
101326,217065.3177495639
101402,227529.68118368438
101456,227529.68118368438
101469,227529.68118368438
101478,227529.68118368438
101486,227529.68118368438
101499,227529.68118368438
101501,227529.68118368438
101506,227529.68118368438
101512,227529.68118368438
101514,227529.68118368438
101515,227529.68118368438
101527,227529.68118368438
101552,227529.68118368438
101571,227529.68118368438
101583,227529.68118368438
101600,227529.68118368438
101601,227529.68118368438
101603,227529.68118368438
101614,227529.68118368438
101619,227529.68118368438
101642,227529.68118368438
101673,227529.68118368438
101680,227529.68118368438
101694,227529.68118368438
101702,227529.68118368438
101707,227529.68118368438
101720,227529.68118368438
101755,227529.68118368438
101770,227529.68118368438
101780,227529.68118368438
101785,227529.68118368438
101817,227529.68118368438
101913,227529.68118368438
101915,217065.3177495639
101919,227529.68118368438
101976,227529.68118368438
101987,227529.68118368438
102114,227529.68118368438
102116,217065.3177495639
102197,217065.3177495639
102198,227529.68118368438
102217,217065.3177495639
102252,217065.3177495639
102299,227529.68118368438
102330,217065.3177495639
102350,227529.68118368438
102352,227529.68118368438
102353,227529.68118368438
102404,227529.68118368438
102405,227529.68118368438
102415,227529.68118368438
102420,227529.68118368438
102442,227529.68118368438
102475,227529.68118368438
102479,227529.68118368438
102511,227529.68118368438
102568,227529.68118368438
102580,227529.68118368438
102593,227529.68118368438
102598,227529.68118368438
102607,227529.68118368438
102637,227529.68118368438
102792,217065.3177495639
102794,217065.3177495639
102837,227529.68118368438
102890,227529.68118368438
102905,227529.68118368438
102910,227529.68118368438
102922,227529.68118368438
102985,227529.68118368438
103028,227529.68118368438
103115,227529.68118368438
103132,227529.68118368438
103138,227529.68118368438
103179,227529.68118368438
103199,227529.68118368438
103244,227529.68118368438
103246,227529.68118368438
103276,227529.68118368438
103283,227529.68118368438
103313,227529.68118368438
103362,227529.68118368438
103392,227529.68118368438
103395,227529.68118368438
103428,227529.68118368438
103436,217065.3177495639
103463,227529.68118368438
103493,227529.68118368438
103495,227529.68118368438
103498,227529.68118368438
103504,227529.68118368438
103524,227529.68118368438
103527,227529.68118368438
103530,227529.68118368438
103532,227529.68118368438
103534,227529.68118368438
103540,227529.68118368438
103547,227529.68118368438
103555,227529.68118368438
103556,227529.68118368438
103557,227529.68118368438
103567,227529.68118368438
103568,227529.68118368438
103571,227529.68118368438
103577,227529.68118368438
103578,227529.68118368438
103579,227529.68118368438
103595,227529.68118368438
103601,227529.68118368438
103603,227529.68118368438
103604,227529.68118368438
103608,227529.68118368438
103614,227529.68118368438
103620,227529.68118368438
103625,227529.68118368438
103627,227529.68118368438
103678,227529.68118368438
103679,227529.68118368438
103685,227529.68118368438
103716,227529.68118368438
103720,227529.68118368438
103778,227529.68118368438
103780,227529.68118368438
103785,227529.68118368438
103787,227529.68118368438
103815,227529.68118368438
103816,227529.68118368438
103821,217065.3177495639
103836,217065.3177495639
103845,227529.68118368438
103851,227529.68118368438
103858,227529.68118368438
103859,227529.68118368438
103862,227529.68118368438
103866,217065.3177495639
103873,217065.3177495639
103876,217065.3177495639
103879,217065.3177495639
103885,217065.3177495639
103889,217065.3177495639
103898,217065.3177495639
103899,217065.3177495639
103909,217065.3177495639
103911,227529.68118368438
103920,227529.68118368438
103927,217065.3177495639
103933,217065.3177495639
103946,227529.68118368438
103949,227529.68118368438
103950,227529.68118368438
103965,227529.68118368438
103997,227529.68118368438
104017,227529.68118368438
104028,227529.68118368438
104068,227529.68118368438
104077,227529.68118368438
104098,227529.68118368438
104099,217065.3177495639
104103,227529.68118368438
104135,227529.68118368438
104141,227529.68118368438
104148,227529.68118368438
104149,227529.68118368438
104151,227529.68118368438
104154,227529.68118368438
104161,227529.68118368438
104163,227529.68118368438
104165,227529.68118368438
104195,227529.68118368438
104205,227529.68118368438
104218,227529.68118368438
104238,227529.68118368438
104245,227529.68118368438
104248,227529.68118368438
104252,227529.68118368438
104265,227529.68118368438
104266,227529.68118368438
104273,227529.68118368438
104274,227529.68118368438
104286,227529.68118368438
104290,227529.68118368438
104293,227529.68118368438
104299,227529.68118368438
104309,227529.68118368438
104326,227529.68118368438
104345,227529.68118368438
104359,227529.68118368438
104368,227529.68118368438
104379,227529.68118368438
104381,227529.68118368438
104403,227529.68118368438
104414,227529.68118368438
104417,227529.68118368438
104419,227529.68118368438
104431,227529.68118368438
104439,227529.68118368438
104445,227529.68118368438
104447,227529.68118368438
104451,227529.68118368438
104454,227529.68118368438
104456,227529.68118368438
104465,227529.68118368438
104473,227529.68118368438
104489,227529.68118368438
104492,227529.68118368438
104513,227529.68118368438
104517,227529.68118368438
104519,227529.68118368438
104523,227529.68118368438
104524,227529.68118368438
104526,227529.68118368438
104533,227529.68118368438
104538,227529.68118368438
104539,227529.68118368438
104545,227529.68118368438
104561,227529.68118368438
104598,227529.68118368438
104599,227529.68118368438
104611,227529.68118368438
104613,227529.68118368438
104623,227529.68118368438
104627,227529.68118368438
104628,227529.68118368438
104629,227529.68118368438
104630,227529.68118368438
104640,227529.68118368438
104641,227529.68118368438
104642,227529.68118368438
104665,227529.68118368438
104804,227529.68118368438
104847,227529.68118368438
104861,227529.68118368438
104862,227529.68118368438
104863,227529.68118368438
104896,217065.3177495639
104899,217065.3177495639
104901,217065.3177495639
104906,217065.3177495639
104922,217065.3177495639
104924,217065.3177495639
104925,217065.3177495639
104930,227529.68118368438
104935,227529.68118368438
104936,227529.68118368438
104964,217065.3177495639
104965,217065.3177495639
104970,217065.3177495639
104973,217065.3177495639
104975,217065.3177495639
104979,217065.3177495639
104995,217065.3177495639
104996,227529.68118368438
104998,217065.3177495639
104999,217065.3177495639
105000,217065.3177495639
105024,227529.68118368438
105029,217065.3177495639
105037,217065.3177495639
105038,217065.3177495639
105039,217065.3177495639
105049,227529.68118368438
105057,227529.68118368438
105061,227529.68118368438
105065,227529.68118368438
105076,227529.68118368438
105091,227529.68118368438
105116,227529.68118368438
105136,227529.68118368438
105143,227529.68118368438
105151,227529.68118368438
105160,227529.68118368438
105162,227529.68118368438
105170,227529.68118368438
105172,227529.68118368438
105179,227529.68118368438
105184,227529.68118368438
105185,227529.68118368438
105197,227529.68118368438
105202,217065.3177495639
105231,227529.68118368438
105232,227529.68118368438
105235,227529.68118368438
105249,227529.68118368438
105258,227529.68118368438
105259,227529.68118368438
105272,227529.68118368438
105287,227529.68118368438
105293,227529.68118368438
105304,227529.68118368438
105314,227529.68118368438
105315,227529.68118368438
105328,227529.68118368438
105341,227529.68118368438
105344,227529.68118368438
105349,227529.68118368438
105350,227529.68118368438
105351,227529.68118368438
105362,227529.68118368438
105376,227529.68118368438
105386,227529.68118368438
105392,227529.68118368438
105401,227529.68118368438
105409,227529.68118368438
105414,227529.68118368438
105418,227529.68118368438
105419,227529.68118368438
105425,227529.68118368438
105440,227529.68118368438
105447,227529.68118368438
105448,227529.68118368438
105452,227529.68118368438
105463,227529.68118368438
105464,227529.68118368438
105465,227529.68118368438
105524,227529.68118368438
105526,227529.68118368438
105531,227529.68118368438
105536,227529.68118368438
105557,217065.3177495639
105633,217065.3177495639
105635,227529.68118368438
105637,217065.3177495639
105674,217065.3177495639
105681,227529.68118368438
105703,217065.3177495639
105704,217065.3177495639
105705,217065.3177495639
105706,227529.68118368438
105711,227529.68118368438
105712,227529.68118368438
105719,217065.3177495639
105728,217065.3177495639
105734,217065.3177495639
105735,217065.3177495639
105745,227529.68118368438
105749,217065.3177495639
105764,217065.3177495639
105765,217065.3177495639
105768,227529.68118368438
105772,217065.3177495639
105778,217065.3177495639
105779,217065.3177495639
105785,217065.3177495639
105790,217065.3177495639
105806,227529.68118368438
105827,227529.68118368438
105831,227529.68118368438
105845,227529.68118368438
105848,227529.68118368438
105852,227529.68118368438
105865,227529.68118368438
105874,227529.68118368438
105906,227529.68118368438
105910,227529.68118368438
105915,227529.68118368438
105929,227529.68118368438
105945,227529.68118368438
105946,227529.68118368438
105947,227529.68118368438
105948,227529.68118368438
105954,227529.68118368438
105990,227529.68118368438
106000,227529.68118368438
106016,227529.68118368438
106030,227529.68118368438
106034,227529.68118368438
106035,227529.68118368438
106040,227529.68118368438
106074,217065.3177495639
106139,227529.68118368438
106142,227529.68118368438
106155,227529.68118368438
106168,227529.68118368438
106177,227529.68118368438
106183,227529.68118368438
106184,227529.68118368438
106185,227529.68118368438
106201,227529.68118368438
106215,227529.68118368438
106233,227529.68118368438
106235,227529.68118368438
106236,227529.68118368438
106239,227529.68118368438
106241,227529.68118368438
106242,227529.68118368438
106243,227529.68118368438
106254,227529.68118368438
106259,227529.68118368438
106263,227529.68118368438
106281,227529.68118368438
106282,227529.68118368438
106292,227529.68118368438
106294,227529.68118368438
106343,217065.3177495639
106356,227529.68118368438
106359,227529.68118368438
106360,227529.68118368438
106362,227529.68118368438
106390,227529.68118368438
106391,227529.68118368438
106398,227529.68118368438
106442,227529.68118368438
106449,227529.68118368438
106456,227529.68118368438
106458,227529.68118368438
106467,227529.68118368438
106512,227529.68118368438
106522,227529.68118368438
106565,227529.68118368438
106572,227529.68118368438
106579,227529.68118368438
106587,227529.68118368438
106591,227529.68118368438
106599,227529.68118368438
106604,227529.68118368438
106618,217065.3177495639
106647,227529.68118368438
106654,227529.68118368438
106665,227529.68118368438
106668,227529.68118368438
106678,227529.68118368438
106685,227529.68118368438
106707,217065.3177495639
106727,217065.3177495639
106760,227529.68118368438
106776,227529.68118368438
106780,227529.68118368438
106781,227529.68118368438
106783,227529.68118368438
106784,227529.68118368438
106790,227529.68118368438
106792,227529.68118368438
106819,227529.68118368438
106835,217065.3177495639
106845,217065.3177495639
106849,217065.3177495639
106857,227529.68118368438
106858,227529.68118368438
106860,227529.68118368438
106862,227529.68118368438
106871,227529.68118368438
106881,227529.68118368438
106896,227529.68118368438
106900,227529.68118368438
106902,227529.68118368438
106907,227529.68118368438
106918,227529.68118368438
106925,227529.68118368438
106927,227529.68118368438
106929,227529.68118368438
106934,227529.68118368438
106948,227529.68118368438
106949,227529.68118368438
106951,227529.68118368438
106954,227529.68118368438
106965,227529.68118368438
106975,227529.68118368438
106990,227529.68118368438
106992,227529.68118368438
107003,227529.68118368438
107004,227529.68118368438
107015,227529.68118368438
107016,227529.68118368438
107035,227529.68118368438
107058,227529.68118368438
107062,227529.68118368438
107071,227529.68118368438
107086,227529.68118368438
107093,227529.68118368438
107100,217065.3177495639
107122,217065.3177495639
107268,227529.68118368438
107275,217065.3177495639
107357,217065.3177495639
107361,227529.68118368438
107393,217065.3177495639
107395,217065.3177495639
107412,217065.3177495639
107416,217065.3177495639
107428,227529.68118368438
107452,217065.3177495639
107454,217065.3177495639
107464,217065.3177495639
107467,217065.3177495639
107469,217065.3177495639
107470,217065.3177495639
107472,217065.3177495639
107473,217065.3177495639
107487,217065.3177495639
107489,217065.3177495639
107495,217065.3177495639
107497,227529.68118368438
107501,217065.3177495639
107506,217065.3177495639
107510,217065.3177495639
107520,227529.68118368438
107551,227529.68118368438
107556,227529.68118368438
107572,227529.68118368438
107584,227529.68118368438
107594,217065.3177495639
107595,227529.68118368438
107601,227529.68118368438
107614,227529.68118368438
107616,227529.68118368438
107617,227529.68118368438
107619,227529.68118368438
107621,227529.68118368438
107650,227529.68118368438
107656,227529.68118368438
107678,227529.68118368438
107680,227529.68118368438
107684,227529.68118368438
107687,227529.68118368438
107690,227529.68118368438
107692,227529.68118368438
107693,227529.68118368438
107694,227529.68118368438
107695,227529.68118368438
107702,227529.68118368438
107712,227529.68118368438
107718,227529.68118368438
107722,227529.68118368438
107757,227529.68118368438
107762,227529.68118368438
107769,227529.68118368438
107770,227529.68118368438
107771,227529.68118368438
107776,227529.68118368438
107778,227529.68118368438
107788,227529.68118368438
107792,227529.68118368438
107812,227529.68118368438
107831,227529.68118368438
107832,227529.68118368438
107863,227529.68118368438
107871,227529.68118368438
107873,227529.68118368438
107874,227529.68118368438
107875,227529.68118368438
107906,227529.68118368438
107915,227529.68118368438
107916,227529.68118368438
107917,227529.68118368438
107918,227529.68118368438
107919,227529.68118368438
107920,227529.68118368438
107998,227529.68118368438
108021,217065.3177495639
108137,227529.68118368438
108190,217065.3177495639
108231,227529.68118368438
108235,217065.3177495639
108237,217065.3177495639
108246,227529.68118368438
108272,217065.3177495639
108277,217065.3177495639
108281,217065.3177495639
108283,217065.3177495639
108285,217065.3177495639
108340,227529.68118368438
108343,227529.68118368438
108401,227529.68118368438
108406,227529.68118368438
108408,227529.68118368438
108410,227529.68118368438
108429,227529.68118368438
108444,227529.68118368438
108447,227529.68118368438
108465,227529.68118368438
108468,227529.68118368438
108479,227529.68118368438
108496,227529.68118368438
108505,227529.68118368438
108512,227529.68118368438
108518,227529.68118368438
108519,227529.68118368438
108524,227529.68118368438
108527,227529.68118368438
108528,227529.68118368438
108545,227529.68118368438
108548,227529.68118368438
108551,227529.68118368438
108557,227529.68118368438
108558,227529.68118368438
108574,227529.68118368438
108580,227529.68118368438
108581,227529.68118368438
108589,217065.3177495639
108654,217065.3177495639
108658,227529.68118368438
108757,227529.68118368438
108771,217065.3177495639
108778,217065.3177495639
108802,217065.3177495639
108814,217065.3177495639
108816,217065.3177495639
108817,217065.3177495639
108832,227529.68118368438
108855,227529.68118368438
108867,227529.68118368438
108886,227529.68118368438
108900,227529.68118368438
108916,227529.68118368438
108948,227529.68118368438
108960,227529.68118368438
108962,227529.68118368438
108983,227529.68118368438
108984,227529.68118368438
108992,227529.68118368438
108993,227529.68118368438
109002,227529.68118368438
109051,227529.68118368438
109135,217065.3177495639
109157,227529.68118368438
109160,227529.68118368438
109175,227529.68118368438
109189,227529.68118368438
109236,227529.68118368438
109250,227529.68118368438
109251,227529.68118368438
109254,227529.68118368438
109323,217065.3177495639
109368,227529.68118368438
109384,227529.68118368438
109388,227529.68118368438
109389,227529.68118368438
109414,227529.68118368438
109434,227529.68118368438
109448,227529.68118368438
109454,227529.68118368438
109455,227529.68118368438
109456,227529.68118368438
109478,217065.3177495639
109488,227529.68118368438
109499,227529.68118368438
109504,227529.68118368438
109509,227529.68118368438
109523,217065.3177495639
109524,217065.3177495639
109525,217065.3177495639
109526,217065.3177495639
109534,227529.68118368438
109546,227529.68118368438
109566,217065.3177495639
109570,217065.3177495639
109577,227529.68118368438
109586,227529.68118368438
109589,227529.68118368438
109597,227529.68118368438
109608,227529.68118368438
109624,227529.68118368438
109633,227529.68118368438
109634,227529.68118368438
109650,227529.68118368438
109651,227529.68118368438
109653,227529.68118368438
109654,227529.68118368438
109656,227529.68118368438
109658,227529.68118368438
109659,227529.68118368438
109661,227529.68118368438
109667,227529.68118368438
109672,227529.68118368438
109673,227529.68118368438
109674,227529.68118368438
109675,227529.68118368438
109690,227529.68118368438
109698,227529.68118368438
109703,227529.68118368438
109710,227529.68118368438
109711,227529.68118368438
109724,227529.68118368438
109729,227529.68118368438
109736,227529.68118368438
109777,227529.68118368438
109778,227529.68118368438
109779,217065.3177495639
109780,227529.68118368438
109781,227529.68118368438
109794,227529.68118368438
109860,227529.68118368438
109861,227529.68118368438
109867,227529.68118368438
109868,227529.68118368438
109876,217065.3177495639
109891,227529.68118368438
109896,227529.68118368438
109903,227529.68118368438
109905,227529.68118368438
109915,227529.68118368438
109925,227529.68118368438
109959,227529.68118368438
109962,227529.68118368438
109985,227529.68118368438
109986,227529.68118368438
110001,227529.68118368438
110013,227529.68118368438
110024,227529.68118368438
110041,227529.68118368438
110055,227529.68118368438
110056,227529.68118368438
110060,227529.68118368438
110065,227529.68118368438
110079,227529.68118368438
110092,227529.68118368438
110099,227529.68118368438
110108,227529.68118368438
110121,227529.68118368438
110130,227529.68118368438
110132,227529.68118368438
110135,227529.68118368438
110136,227529.68118368438
110137,227529.68118368438
110138,227529.68118368438
110139,227529.68118368438
110148,227529.68118368438
110150,227529.68118368438
110158,227529.68118368438
110160,227529.68118368438
110161,227529.68118368438
110180,227529.68118368438
110223,227529.68118368438
110226,227529.68118368438
110236,227529.68118368438
110248,227529.68118368438
110295,227529.68118368438
110319,227529.68118368438
110327,227529.68118368438
110330,227529.68118368438
110335,227529.68118368438
110345,227529.68118368438
110348,227529.68118368438
110349,227529.68118368438
110351,227529.68118368438
110355,227529.68118368438
110365,227529.68118368438
110380,227529.68118368438
110387,227529.68118368438
110392,217065.3177495639
110393,227529.68118368438
110403,227529.68118368438
110452,227529.68118368438
110462,227529.68118368438
110538,217065.3177495639
110626,217065.3177495639
110628,217065.3177495639
110631,227529.68118368438
110642,227529.68118368438
110672,227529.68118368438
110695,217065.3177495639
110698,217065.3177495639
110716,217065.3177495639
110725,217065.3177495639
110733,227529.68118368438
110742,227529.68118368438
110743,227529.68118368438
110747,227529.68118368438
110758,227529.68118368438
110769,227529.68118368438
110780,227529.68118368438
110790,227529.68118368438
110791,227529.68118368438
110792,227529.68118368438
110795,227529.68118368438
110796,227529.68118368438
110797,227529.68118368438
110798,227529.68118368438
110803,227529.68118368438
110807,227529.68118368438
110817,227529.68118368438
110824,227529.68118368438
110854,227529.68118368438
110872,227529.68118368438
110875,227529.68118368438
110883,227529.68118368438
110902,227529.68118368438
110903,227529.68118368438
110912,227529.68118368438
110914,227529.68118368438
110923,227529.68118368438
110934,227529.68118368438
110938,227529.68118368438
110939,227529.68118368438
110945,227529.68118368438
110948,227529.68118368438
110949,227529.68118368438
110964,227529.68118368438
110980,227529.68118368438
110983,227529.68118368438
110992,227529.68118368438
110993,227529.68118368438
110999,227529.68118368438
111000,227529.68118368438
111001,227529.68118368438
111003,227529.68118368438
111005,227529.68118368438
111008,227529.68118368438
111009,227529.68118368438
111014,227529.68118368438
111018,227529.68118368438
111023,227529.68118368438
111031,227529.68118368438
111035,227529.68118368438
111054,227529.68118368438
111059,227529.68118368438
111079,227529.68118368438
111113,227529.68118368438
111114,227529.68118368438
111117,227529.68118368438
111118,227529.68118368438
111119,227529.68118368438
111120,227529.68118368438
111122,227529.68118368438
111123,227529.68118368438
111124,227529.68118368438
111125,227529.68118368438
111127,227529.68118368438
111129,227529.68118368438
111143,227529.68118368438
111147,227529.68118368438
111148,227529.68118368438
111166,227529.68118368438
111167,227529.68118368438
111168,227529.68118368438
111191,227529.68118368438
111196,227529.68118368438
111197,227529.68118368438
111199,227529.68118368438
111208,217065.3177495639
111216,227529.68118368438
111252,217065.3177495639
111255,227529.68118368438
111319,227529.68118368438
111384,217065.3177495639
111386,217065.3177495639
111388,217065.3177495639
111389,217065.3177495639
111394,217065.3177495639
111395,217065.3177495639
111435,217065.3177495639
111446,217065.3177495639
111457,217065.3177495639
111459,217065.3177495639
111463,217065.3177495639
111477,227529.68118368438
111496,227529.68118368438
111506,227529.68118368438
111507,227529.68118368438
111510,227529.68118368438
111512,227529.68118368438
111523,227529.68118368438
111530,227529.68118368438
111531,227529.68118368438
111534,227529.68118368438
111538,227529.68118368438
111554,227529.68118368438
111573,227529.68118368438
111590,227529.68118368438
111598,227529.68118368438
111608,227529.68118368438
111611,227529.68118368438
111621,227529.68118368438
111628,227529.68118368438
111629,227529.68118368438
111633,227529.68118368438
111636,227529.68118368438
111637,227529.68118368438
111658,227529.68118368438
111665,227529.68118368438
111697,227529.68118368438
111703,227529.68118368438
111774,227529.68118368438
111775,217065.3177495639
111820,217065.3177495639
111839,217065.3177495639
111846,217065.3177495639
111850,227529.68118368438
111856,227529.68118368438
111860,227529.68118368438
111865,227529.68118368438
111883,227529.68118368438
111884,227529.68118368438
111885,227529.68118368438
111894,227529.68118368438
111915,227529.68118368438
111924,227529.68118368438
111939,227529.68118368438
111954,217065.3177495639
111965,227529.68118368438
111970,227529.68118368438
111976,227529.68118368438
111987,227529.68118368438
111988,227529.68118368438
112051,227529.68118368438
112063,217065.3177495639
112068,227529.68118368438
112075,227529.68118368438
112157,217065.3177495639
112162,217065.3177495639
112163,217065.3177495639
112227,227529.68118368438
112230,227529.68118368438
112247,227529.68118368438
112271,227529.68118368438
112297,217065.3177495639
112315,227529.68118368438
112335,227529.68118368438
112353,227529.68118368438
112355,227529.68118368438
112367,227529.68118368438
112375,227529.68118368438
112378,227529.68118368438
112388,227529.68118368438
112412,227529.68118368438
112424,227529.68118368438
112431,227529.68118368438
112465,227529.68118368438
112466,227529.68118368438
112474,227529.68118368438
112486,227529.68118368438
112510,227529.68118368438
112511,227529.68118368438
112512,227529.68118368438
112657,227529.68118368438
112663,227529.68118368438
112673,227529.68118368438
112680,227529.68118368438
112681,227529.68118368438
112694,227529.68118368438
112696,227529.68118368438
112713,227529.68118368438
112716,227529.68118368438
112718,227529.68118368438
112720,227529.68118368438
112726,227529.68118368438
112744,227529.68118368438
112748,227529.68118368438
112755,227529.68118368438
112757,227529.68118368438
112780,227529.68118368438
112793,227529.68118368438
112796,227529.68118368438
112816,227529.68118368438
112822,227529.68118368438
112823,227529.68118368438
112825,227529.68118368438
112828,227529.68118368438
112851,227529.68118368438
112872,227529.68118368438
112874,227529.68118368438
112921,227529.68118368438
112925,227529.68118368438
112926,227529.68118368438
112928,227529.68118368438
112929,227529.68118368438
112930,227529.68118368438
112933,227529.68118368438
112938,227529.68118368438
112960,227529.68118368438
112963,227529.68118368438
112970,227529.68118368438
112974,227529.68118368438
112986,227529.68118368438
112987,227529.68118368438
113022,227529.68118368438
113037,227529.68118368438
113109,227529.68118368438
113113,227529.68118368438
113114,227529.68118368438
113163,227529.68118368438
113169,227529.68118368438
113181,227529.68118368438
113206,227529.68118368438
113207,227529.68118368438
113230,227529.68118368438
113231,227529.68118368438
113246,227529.68118368438
113248,227529.68118368438
113313,227529.68118368438
113314,227529.68118368438
113315,227529.68118368438
113320,227529.68118368438
113322,227529.68118368438
113323,227529.68118368438
113326,227529.68118368438
113329,227529.68118368438
113465,227529.68118368438
113468,217065.3177495639
113478,217065.3177495639
113488,217065.3177495639
113491,217065.3177495639
113503,227529.68118368438
113552,217065.3177495639
113568,227529.68118368438
113608,227529.68118368438
113613,227529.68118368438
113616,227529.68118368438
113617,227529.68118368438
113630,227529.68118368438
113644,227529.68118368438
113645,227529.68118368438
113657,227529.68118368438
113662,227529.68118368438
113668,227529.68118368438
113703,227529.68118368438
113704,227529.68118368438
113706,227529.68118368438
113711,227529.68118368438
113750,227529.68118368438
113752,227529.68118368438
113762,227529.68118368438
113804,227529.68118368438
113809,227529.68118368438
113813,227529.68118368438
113831,227529.68118368438
113871,227529.68118368438
113884,227529.68118368438
113888,227529.68118368438
113890,227529.68118368438
113909,227529.68118368438
113922,227529.68118368438
113950,227529.68118368438
113957,227529.68118368438
113995,227529.68118368438
114001,227529.68118368438
114002,227529.68118368438
114007,227529.68118368438
114030,227529.68118368438
114031,227529.68118368438
114139,227529.68118368438
114172,217065.3177495639
114187,217065.3177495639
114200,227529.68118368438
114204,227529.68118368438
114217,217065.3177495639
114242,217065.3177495639
114253,227529.68118368438
114266,227529.68118368438
114276,227529.68118368438
114334,227529.68118368438
114335,227529.68118368438
114336,227529.68118368438
114337,227529.68118368438
114377,227529.68118368438
114379,227529.68118368438
114396,227529.68118368438
114401,227529.68118368438
114405,227529.68118368438
114407,227529.68118368438
114431,227529.68118368438
114432,227529.68118368438
114440,227529.68118368438
114449,227529.68118368438
114454,227529.68118368438
114458,227529.68118368438
114461,227529.68118368438
114468,227529.68118368438
114560,227529.68118368438
114619,217065.3177495639
114634,227529.68118368438
114649,217065.3177495639
114650,227529.68118368438
114658,227529.68118368438
114661,227529.68118368438
114676,227529.68118368438
114684,227529.68118368438
114688,227529.68118368438
114690,227529.68118368438
114698,227529.68118368438
114702,227529.68118368438
114711,227529.68118368438
114717,227529.68118368438
114721,227529.68118368438
114728,227529.68118368438
114732,227529.68118368438
114736,227529.68118368438
114748,227529.68118368438
114764,217065.3177495639
114780,227529.68118368438
114781,227529.68118368438
114790,227529.68118368438
114804,227529.68118368438
114809,227529.68118368438
114812,227529.68118368438
114816,227529.68118368438
114839,227529.68118368438
114847,227529.68118368438
114884,227529.68118368438
114886,227529.68118368438
114887,227529.68118368438
114893,217065.3177495639
114904,227529.68118368438
114941,227529.68118368438
114950,227529.68118368438
114969,227529.68118368438
114993,227529.68118368438
114997,227529.68118368438
115004,227529.68118368438
115020,227529.68118368438
115025,227529.68118368438
115027,217065.3177495639
115078,227529.68118368438
115080,227529.68118368438
115081,227529.68118368438
115082,227529.68118368438
115085,227529.68118368438
115086,227529.68118368438
115087,227529.68118368438
115088,227529.68118368438
115093,227529.68118368438
115098,227529.68118368438
115099,227529.68118368438
115100,227529.68118368438
115178,217065.3177495639
115179,217065.3177495639
115181,227529.68118368438
115243,227529.68118368438
115261,227529.68118368438
115279,227529.68118368438
115316,227529.68118368438
115318,227529.68118368438
115360,227529.68118368438
115394,227529.68118368438
115403,227529.68118368438
115408,227529.68118368438
115412,227529.68118368438
115417,227529.68118368438
115418,227529.68118368438
115422,227529.68118368438
115479,227529.68118368438
115480,227529.68118368438
115481,227529.68118368438
115482,227529.68118368438
115483,227529.68118368438
115485,227529.68118368438
115488,227529.68118368438
115505,227529.68118368438
115506,227529.68118368438
115507,227529.68118368438
115508,227529.68118368438
115509,227529.68118368438
115510,227529.68118368438
115511,227529.68118368438
115512,227529.68118368438
115514,227529.68118368438
115515,227529.68118368438
115516,227529.68118368438
115517,227529.68118368438
115528,227529.68118368438
115536,227529.68118368438
115537,227529.68118368438
115538,227529.68118368438
115539,227529.68118368438
115541,227529.68118368438
115542,227529.68118368438
115543,227529.68118368438
115544,227529.68118368438
115545,227529.68118368438
115548,217065.3177495639
115551,227529.68118368438
115552,227529.68118368438
115553,227529.68118368438
115554,227529.68118368438
115555,227529.68118368438
115559,227529.68118368438
115597,227529.68118368438
115598,227529.68118368438
115642,227529.68118368438
115652,217065.3177495639
115780,227529.68118368438
115818,227529.68118368438
115896,217065.3177495639
115898,217065.3177495639
115900,217065.3177495639
115902,217065.3177495639
115910,217065.3177495639
115927,217065.3177495639
115980,227529.68118368438
115983,227529.68118368438
116008,227529.68118368438
116056,227529.68118368438
116064,227529.68118368438
116065,227529.68118368438
116066,227529.68118368438
116067,227529.68118368438
116068,227529.68118368438
116069,227529.68118368438
116071,227529.68118368438
116072,227529.68118368438
116094,227529.68118368438
116099,227529.68118368438
116105,227529.68118368438
116152,227529.68118368438
116154,227529.68118368438
116173,227529.68118368438
116174,227529.68118368438
116175,227529.68118368438
116176,227529.68118368438
116178,227529.68118368438
116179,227529.68118368438
116189,227529.68118368438
116190,227529.68118368438
116196,227529.68118368438
116197,227529.68118368438
116198,227529.68118368438
116199,227529.68118368438
116205,227529.68118368438
116269,217065.3177495639
116350,227529.68118368438
116434,217065.3177495639
116435,217065.3177495639
116446,217065.3177495639
116471,227529.68118368438
116501,227529.68118368438
116506,227529.68118368438
116507,227529.68118368438
116508,227529.68118368438
116509,227529.68118368438
116547,227529.68118368438
116562,227529.68118368438
116581,227529.68118368438
116634,217065.3177495639
116635,217065.3177495639
116661,227529.68118368438
116675,227529.68118368438
116690,227529.68118368438
116706,227529.68118368438
116787,227529.68118368438
116890,227529.68118368438
116909,227529.68118368438
116920,227529.68118368438
116926,227529.68118368438
116932,227529.68118368438
116934,227529.68118368438
116937,227529.68118368438
116940,227529.68118368438
116941,227529.68118368438
116942,227529.68118368438
116944,227529.68118368438
116945,227529.68118368438
116947,227529.68118368438
116948,227529.68118368438
116950,227529.68118368438
116957,227529.68118368438
116958,227529.68118368438
116959,227529.68118368438
116960,227529.68118368438
116981,227529.68118368438
116988,227529.68118368438
116992,227529.68118368438
117046,227529.68118368438
117055,227529.68118368438
117076,217065.3177495639
117077,217065.3177495639
117078,217065.3177495639
117093,217065.3177495639
117127,227529.68118368438
117128,227529.68118368438
117137,227529.68118368438
117140,227529.68118368438
117145,227529.68118368438
117174,227529.68118368438
117188,227529.68118368438
117201,227529.68118368438
117212,227529.68118368438
117216,227529.68118368438
117220,227529.68118368438
117222,227529.68118368438
117224,227529.68118368438
117225,227529.68118368438
117226,227529.68118368438
117227,227529.68118368438
117232,227529.68118368438
117236,227529.68118368438
117238,227529.68118368438
117239,227529.68118368438
117245,227529.68118368438
117246,227529.68118368438
117247,227529.68118368438
117253,227529.68118368438
117263,227529.68118368438
117265,227529.68118368438
117272,227529.68118368438
117275,227529.68118368438
117278,227529.68118368438
117288,227529.68118368438
117290,227529.68118368438
117313,227529.68118368438
117317,227529.68118368438
117318,227529.68118368438
117325,227529.68118368438
117326,227529.68118368438
117328,227529.68118368438
117331,227529.68118368438
117333,227529.68118368438
117335,227529.68118368438
117345,227529.68118368438
117346,227529.68118368438
117349,227529.68118368438
117359,227529.68118368438
117365,227529.68118368438
117374,227529.68118368438
117416,217065.3177495639
117511,227529.68118368438
117513,227529.68118368438
117514,217065.3177495639
117589,227529.68118368438
117619,227529.68118368438
117632,217065.3177495639
117680,217065.3177495639
117682,217065.3177495639
117688,217065.3177495639
117714,217065.3177495639
117716,217065.3177495639
117718,217065.3177495639
117719,217065.3177495639
117746,217065.3177495639
117750,217065.3177495639
117752,217065.3177495639
117759,217065.3177495639
117772,227529.68118368438
117777,227529.68118368438
117785,227529.68118368438
117788,227529.68118368438
117796,227529.68118368438
117797,227529.68118368438
117803,227529.68118368438
117808,227529.68118368438
117810,227529.68118368438
117821,227529.68118368438
117846,227529.68118368438
117847,227529.68118368438
117848,227529.68118368438
117849,227529.68118368438
117850,227529.68118368438
117851,227529.68118368438
117853,227529.68118368438
117875,227529.68118368438
117888,227529.68118368438
117900,227529.68118368438
117903,227529.68118368438
117906,227529.68118368438
117917,227529.68118368438
117918,227529.68118368438
117919,227529.68118368438
117925,227529.68118368438
117927,227529.68118368438
117931,227529.68118368438
117935,227529.68118368438
117945,227529.68118368438
117953,227529.68118368438
117956,227529.68118368438
117964,227529.68118368438
117965,227529.68118368438
117966,227529.68118368438
117967,227529.68118368438
117968,227529.68118368438
117969,227529.68118368438
117970,227529.68118368438
117974,227529.68118368438
117984,227529.68118368438
117999,227529.68118368438
118001,227529.68118368438
118006,227529.68118368438
118010,227529.68118368438
118020,227529.68118368438
118023,227529.68118368438
118027,227529.68118368438
118030,227529.68118368438
118048,227529.68118368438
118049,227529.68118368438
118056,227529.68118368438
118060,227529.68118368438
118061,227529.68118368438
118062,227529.68118368438
118067,227529.68118368438
118091,227529.68118368438
118094,227529.68118368438
118095,227529.68118368438
118096,227529.68118368438
118097,227529.68118368438
118098,227529.68118368438
118099,227529.68118368438
118100,227529.68118368438
118101,227529.68118368438
118104,227529.68118368438
118109,227529.68118368438
118116,227529.68118368438
118118,227529.68118368438
118125,227529.68118368438
118126,227529.68118368438
118130,227529.68118368438
118132,227529.68118368438
118133,227529.68118368438
118141,227529.68118368438
118148,227529.68118368438
118149,227529.68118368438
118151,227529.68118368438
118157,227529.68118368438
118163,227529.68118368438
118165,227529.68118368438
118168,227529.68118368438
118169,227529.68118368438
118170,227529.68118368438
118178,227529.68118368438
118180,227529.68118368438
118182,227529.68118368438
118186,227529.68118368438
118192,227529.68118368438
118196,227529.68118368438
118198,227529.68118368438
118209,227529.68118368438
118218,227529.68118368438
118229,227529.68118368438
118230,227529.68118368438
118244,227529.68118368438
118250,227529.68118368438
118255,227529.68118368438
118316,227529.68118368438
118319,227529.68118368438
118320,227529.68118368438
118323,227529.68118368438
118437,227529.68118368438
118449,217065.3177495639
118461,217065.3177495639
118491,217065.3177495639
118511,217065.3177495639
118533,227529.68118368438
118555,227529.68118368438
118562,227529.68118368438
118575,227529.68118368438
118578,227529.68118368438
118589,227529.68118368438
118590,227529.68118368438
118612,227529.68118368438
118617,227529.68118368438
118627,227529.68118368438
118637,227529.68118368438
118646,227529.68118368438
118647,227529.68118368438
118650,227529.68118368438
118659,227529.68118368438
118668,227529.68118368438
118669,227529.68118368438
118701,227529.68118368438
118704,227529.68118368438
118826,227529.68118368438
118866,227529.68118368438
118867,227529.68118368438
118869,227529.68118368438
118870,227529.68118368438
118871,227529.68118368438
118872,227529.68118368438
118881,227529.68118368438
118893,217065.3177495639
118894,217065.3177495639
118897,217065.3177495639
118899,217065.3177495639
118908,227529.68118368438
118923,227529.68118368438
118944,227529.68118368438
118965,227529.68118368438
118987,227529.68118368438
119087,227529.68118368438
119092,227529.68118368438
119098,227529.68118368438
119099,227529.68118368438
119143,217065.3177495639
119180,227529.68118368438
119190,217065.3177495639
119207,227529.68118368438
119217,227529.68118368438
119236,227529.68118368438
119246,227529.68118368438
119247,227529.68118368438
119248,227529.68118368438
119251,227529.68118368438
119252,227529.68118368438
119255,227529.68118368438
119259,227529.68118368438
119262,227529.68118368438
119264,227529.68118368438
119275,227529.68118368438
119284,227529.68118368438
119285,227529.68118368438
119291,227529.68118368438
119294,227529.68118368438
119305,227529.68118368438
119306,227529.68118368438
119311,227529.68118368438
119326,227529.68118368438
119328,227529.68118368438
119334,227529.68118368438
119338,227529.68118368438
119341,227529.68118368438
119343,227529.68118368438
119345,227529.68118368438
119346,227529.68118368438
119348,227529.68118368438
119351,227529.68118368438
119374,227529.68118368438
119389,227529.68118368438
119397,227529.68118368438
119398,227529.68118368438
119401,227529.68118368438
119402,227529.68118368438
119403,227529.68118368438
119406,227529.68118368438
119446,227529.68118368438
119505,227529.68118368438
119514,227529.68118368438
119515,227529.68118368438
119516,227529.68118368438
119529,217065.3177495639
119549,227529.68118368438
119561,227529.68118368438
119562,227529.68118368438
119567,227529.68118368438
119572,227529.68118368438
119573,227529.68118368438
119574,227529.68118368438
119575,227529.68118368438
119590,227529.68118368438
119591,227529.68118368438
119605,227529.68118368438
119606,227529.68118368438
119608,227529.68118368438
119609,227529.68118368438
119611,227529.68118368438
119613,227529.68118368438
119621,227529.68118368438
119637,227529.68118368438
119641,227529.68118368438
119647,227529.68118368438
119648,227529.68118368438
119649,227529.68118368438
119650,227529.68118368438
119656,227529.68118368438
119657,227529.68118368438
119658,227529.68118368438
119673,227529.68118368438
119676,227529.68118368438
119680,227529.68118368438
119683,227529.68118368438
119685,227529.68118368438
119703,227529.68118368438
119709,227529.68118368438
119712,227529.68118368438
119724,227529.68118368438
119731,227529.68118368438
119733,227529.68118368438
119735,227529.68118368438
119748,227529.68118368438
119750,227529.68118368438
119754,227529.68118368438
119759,227529.68118368438
119765,227529.68118368438
119768,227529.68118368438
119770,227529.68118368438
119771,227529.68118368438
119792,227529.68118368438
119794,227529.68118368438
119796,227529.68118368438
119798,227529.68118368438
119804,227529.68118368438
119809,227529.68118368438
119811,227529.68118368438
119813,227529.68118368438
119821,227529.68118368438
119824,227529.68118368438
119825,227529.68118368438
119826,227529.68118368438
119830,227529.68118368438
119831,227529.68118368438
119832,227529.68118368438
119833,227529.68118368438
119834,227529.68118368438
119835,227529.68118368438
119842,227529.68118368438
119847,227529.68118368438
119848,227529.68118368438
119857,227529.68118368438
119871,227529.68118368438
119872,227529.68118368438
119873,227529.68118368438
119876,227529.68118368438
119884,217065.3177495639
119931,227529.68118368438
119932,227529.68118368438
119933,217065.3177495639
119934,227529.68118368438
119937,227529.68118368438
119938,227529.68118368438
119939,227529.68118368438
119944,227529.68118368438
120014,227529.68118368438
120072,217065.3177495639
120077,217065.3177495639
120105,217065.3177495639
120107,227529.68118368438
120111,227529.68118368438
120124,227529.68118368438
120132,217065.3177495639
120133,227529.68118368438
120141,227529.68118368438
120165,227529.68118368438
120166,227529.68118368438
120169,227529.68118368438
120176,227529.68118368438
120177,227529.68118368438
120180,227529.68118368438
120181,227529.68118368438
120193,227529.68118368438
120194,227529.68118368438
120196,227529.68118368438
120205,227529.68118368438
120206,227529.68118368438
120207,227529.68118368438
120208,227529.68118368438
120218,227529.68118368438
120223,227529.68118368438
120231,227529.68118368438
120261,227529.68118368438
120262,227529.68118368438
120263,227529.68118368438
120269,227529.68118368438
120273,227529.68118368438
120279,227529.68118368438
120295,227529.68118368438
120298,227529.68118368438
120302,227529.68118368438
120304,227529.68118368438
120305,227529.68118368438
120306,227529.68118368438
120311,227529.68118368438
120312,227529.68118368438
120314,227529.68118368438
120320,227529.68118368438
120326,227529.68118368438
120327,227529.68118368438
120337,227529.68118368438
120338,227529.68118368438
120339,227529.68118368438
120348,227529.68118368438
120349,227529.68118368438
120350,227529.68118368438
120363,227529.68118368438
120365,227529.68118368438
120371,227529.68118368438
120372,227529.68118368438
120378,227529.68118368438
120381,227529.68118368438
120383,227529.68118368438
120385,227529.68118368438
120414,227529.68118368438
120415,227529.68118368438
120417,227529.68118368438
120419,227529.68118368438
120421,227529.68118368438
120499,227529.68118368438
120500,217065.3177495639
120501,217065.3177495639
120515,217065.3177495639
120516,217065.3177495639
120545,217065.3177495639
120548,227529.68118368438
120561,217065.3177495639
120562,227529.68118368438
120564,227529.68118368438
120569,217065.3177495639
120590,227529.68118368438
120591,227529.68118368438
120592,227529.68118368438
120593,227529.68118368438
120596,227529.68118368438
120597,217065.3177495639
120608,227529.68118368438
120609,227529.68118368438
120614,227529.68118368438
120615,227529.68118368438
120616,227529.68118368438
120629,227529.68118368438
120642,227529.68118368438
120643,227529.68118368438
120646,227529.68118368438
120672,227529.68118368438
120675,227529.68118368438
120676,227529.68118368438
120678,227529.68118368438
120687,227529.68118368438
120688,227529.68118368438
120689,227529.68118368438
120691,227529.68118368438
120692,227529.68118368438
120702,227529.68118368438
120715,227529.68118368438
120720,227529.68118368438
120735,227529.68118368438
120743,227529.68118368438
120744,227529.68118368438
120745,227529.68118368438
120749,227529.68118368438
120756,227529.68118368438
120769,227529.68118368438
120803,217065.3177495639
120810,227529.68118368438
120822,227529.68118368438
120832,227529.68118368438
120833,227529.68118368438
120844,227529.68118368438
120851,227529.68118368438
120886,217065.3177495639
120887,217065.3177495639
120895,227529.68118368438
120903,227529.68118368438
120905,227529.68118368438
120906,227529.68118368438
120910,227529.68118368438
120916,227529.68118368438
120918,227529.68118368438
120920,227529.68118368438
120922,227529.68118368438
120924,227529.68118368438
120925,227529.68118368438
120926,227529.68118368438
120960,227529.68118368438
120970,227529.68118368438
120976,227529.68118368438
121014,227529.68118368438
121019,217065.3177495639
121021,217065.3177495639
121025,217065.3177495639
121030,227529.68118368438
121038,227529.68118368438
121041,227529.68118368438
121042,227529.68118368438
121043,227529.68118368438
121045,227529.68118368438
121046,227529.68118368438
121047,227529.68118368438
121048,227529.68118368438
121049,227529.68118368438
121050,227529.68118368438
121051,227529.68118368438
121061,227529.68118368438
121062,227529.68118368438
121064,227529.68118368438
121068,227529.68118368438
121070,227529.68118368438
121085,227529.68118368438
121097,227529.68118368438
121150,217065.3177495639
121158,227529.68118368438
121159,227529.68118368438
121169,227529.68118368438
121172,227529.68118368438
121187,227529.68118368438
121189,227529.68118368438
121192,227529.68118368438
121193,227529.68118368438
121195,227529.68118368438
121204,227529.68118368438
121208,227529.68118368438
121210,227529.68118368438
121219,227529.68118368438
121224,227529.68118368438
121235,227529.68118368438
121236,227529.68118368438
121238,227529.68118368438
121239,227529.68118368438
121240,227529.68118368438
121241,227529.68118368438
121242,227529.68118368438
121243,227529.68118368438
121244,227529.68118368438
121246,227529.68118368438
121249,227529.68118368438
121251,227529.68118368438
121256,227529.68118368438
121257,227529.68118368438
121258,227529.68118368438
121264,227529.68118368438
121265,227529.68118368438
121270,227529.68118368438
121274,227529.68118368438
121280,227529.68118368438
121282,227529.68118368438
121283,227529.68118368438
121286,227529.68118368438
121295,227529.68118368438
121296,227529.68118368438
121299,227529.68118368438
121300,227529.68118368438
121301,227529.68118368438
121307,227529.68118368438
121308,227529.68118368438
121311,227529.68118368438
121315,227529.68118368438
121320,227529.68118368438
121321,227529.68118368438
121323,227529.68118368438
121324,227529.68118368438
121331,227529.68118368438
121333,227529.68118368438
121335,227529.68118368438
121337,227529.68118368438
121338,227529.68118368438
121339,227529.68118368438
121343,227529.68118368438
121346,227529.68118368438
121347,227529.68118368438
121348,227529.68118368438
121350,227529.68118368438
121351,227529.68118368438
121352,227529.68118368438
121364,227529.68118368438
121365,227529.68118368438
121373,227529.68118368438
121375,227529.68118368438
121376,227529.68118368438
121377,227529.68118368438
121385,227529.68118368438
121397,227529.68118368438
121400,217065.3177495639
121402,227529.68118368438
121408,227529.68118368438
121444,227529.68118368438
121452,227529.68118368438
121455,217065.3177495639
121538,227529.68118368438
121544,227529.68118368438
121597,217065.3177495639
121647,227529.68118368438
121688,227529.68118368438
121697,227529.68118368438
121707,227529.68118368438
121708,227529.68118368438
121710,227529.68118368438
121716,227529.68118368438
121723,227529.68118368438
121739,227529.68118368438
121742,227529.68118368438
121746,227529.68118368438
121751,227529.68118368438
121756,227529.68118368438
121757,227529.68118368438
121765,227529.68118368438
121766,227529.68118368438
121767,227529.68118368438
121771,227529.68118368438
121777,227529.68118368438
121781,227529.68118368438
121787,227529.68118368438
121788,227529.68118368438
121793,227529.68118368438
121802,227529.68118368438
121807,227529.68118368438
121822,227529.68118368438
121824,227529.68118368438
121825,227529.68118368438
121826,227529.68118368438
121829,227529.68118368438
121843,227529.68118368438
121847,227529.68118368438
121848,227529.68118368438
121849,227529.68118368438
121850,227529.68118368438
121854,227529.68118368438
121857,227529.68118368438
121868,227529.68118368438
121878,227529.68118368438
121884,227529.68118368438
121892,227529.68118368438
121899,227529.68118368438
121900,227529.68118368438
121901,227529.68118368438
121909,227529.68118368438
121923,227529.68118368438
121927,227529.68118368438
121930,227529.68118368438
121932,227529.68118368438
121935,227529.68118368438
121941,227529.68118368438
121944,227529.68118368438
121948,227529.68118368438
121954,227529.68118368438
121964,227529.68118368438
121966,227529.68118368438
121970,227529.68118368438
121984,227529.68118368438
121993,227529.68118368438
122033,227529.68118368438
122036,227529.68118368438
122044,227529.68118368438
122165,217065.3177495639
122166,217065.3177495639
122167,217065.3177495639
122168,217065.3177495639
122169,217065.3177495639
122195,227529.68118368438
122197,227529.68118368438
122214,217065.3177495639
122219,217065.3177495639
122225,217065.3177495639
122241,227529.68118368438
122249,227529.68118368438
122262,227529.68118368438
122277,227529.68118368438
122282,227529.68118368438
122294,227529.68118368438
122299,227529.68118368438
122302,227529.68118368438
122311,227529.68118368438
122313,227529.68118368438
122315,227529.68118368438
122318,227529.68118368438
122321,227529.68118368438
122322,227529.68118368438
122323,227529.68118368438
122330,227529.68118368438
122331,227529.68118368438
122332,227529.68118368438
122333,227529.68118368438
122337,227529.68118368438
122340,227529.68118368438
122347,227529.68118368438
122350,227529.68118368438
122351,227529.68118368438
122362,227529.68118368438
122370,227529.68118368438
122371,227529.68118368438
122373,227529.68118368438
122377,227529.68118368438
122382,227529.68118368438
122398,227529.68118368438
122404,227529.68118368438
122405,227529.68118368438
122410,227529.68118368438
122411,227529.68118368438
122412,227529.68118368438
122434,227529.68118368438
122442,227529.68118368438
122454,227529.68118368438
122458,227529.68118368438
122459,227529.68118368438
122467,227529.68118368438
122472,227529.68118368438
122474,227529.68118368438
122475,227529.68118368438
122500,227529.68118368438
122559,217065.3177495639
122560,217065.3177495639
122561,217065.3177495639
122586,194396.88009472258
122599,227529.68118368438
122602,227529.68118368438
122614,227529.68118368438
122616,227529.68118368438
122622,227529.68118368438
122637,227529.68118368438
122644,227529.68118368438
122647,227529.68118368438
122665,227529.68118368438
122667,227529.68118368438
122669,217065.3177495639
122687,227529.68118368438
122695,217065.3177495639
122699,227529.68118368438
122701,227529.68118368438
122703,227529.68118368438
122744,217065.3177495639
122752,217065.3177495639
122762,227529.68118368438
122768,227529.68118368438
122783,227529.68118368438
122784,227529.68118368438
122787,227529.68118368438
122788,227529.68118368438
122792,227529.68118368438
122881,227529.68118368438
122882,227529.68118368438
122900,227529.68118368438
122901,227529.68118368438
122902,227529.68118368438
122903,227529.68118368438
122904,227529.68118368438
122909,227529.68118368438
122927,227529.68118368438
122928,227529.68118368438
122929,227529.68118368438
122932,227529.68118368438
122934,227529.68118368438
122935,227529.68118368438
122947,227529.68118368438
122969,227529.68118368438
122987,227529.68118368438
123070,217065.3177495639
123079,217065.3177495639
123083,217065.3177495639
123092,227529.68118368438
123093,227529.68118368438
123094,227529.68118368438
123095,227529.68118368438
123129,227529.68118368438
123153,227529.68118368438
123165,227529.68118368438
123176,227529.68118368438
123196,227529.68118368438
123248,227529.68118368438
123310,227529.68118368438
123311,227529.68118368438
123312,227529.68118368438
123323,227529.68118368438
123325,227529.68118368438
123326,227529.68118368438
123327,227529.68118368438
123328,227529.68118368438
123331,227529.68118368438
123335,227529.68118368438
123338,227529.68118368438
123400,227529.68118368438
123480,227529.68118368438
123558,217065.3177495639
123572,217065.3177495639
123576,217065.3177495639
123579,217065.3177495639
123580,217065.3177495639
123588,217065.3177495639
123592,217065.3177495639
123595,217065.3177495639
123605,217065.3177495639
123612,217065.3177495639
123620,227529.68118368438
123623,227529.68118368438
123624,227529.68118368438
123657,227529.68118368438
123658,227529.68118368438
123686,227529.68118368438
123734,227529.68118368438
123749,227529.68118368438
123759,227529.68118368438
123760,227529.68118368438
123767,227529.68118368438
123768,227529.68118368438
123808,227529.68118368438
123815,227529.68118368438
123825,227529.68118368438
123835,227529.68118368438
123868,227529.68118368438
123869,227529.68118368438
123870,227529.68118368438
123874,227529.68118368438
123877,227529.68118368438
123892,227529.68118368438
123898,227529.68118368438
123900,227529.68118368438
123903,227529.68118368438
123905,227529.68118368438
124032,227529.68118368438
124034,217065.3177495639
124036,217065.3177495639
124038,217065.3177495639
124039,217065.3177495639
124044,217065.3177495639
124059,217065.3177495639
124070,227529.68118368438
124071,227529.68118368438
124072,227529.68118368438
124073,227529.68118368438
124074,227529.68118368438
124094,227529.68118368438
124096,227529.68118368438
124109,227529.68118368438
124118,227529.68118368438
124125,227529.68118368438
124138,227529.68118368438
124178,227529.68118368438
124187,217065.3177495639
124197,227529.68118368438
124213,227529.68118368438
124214,227529.68118368438
124228,227529.68118368438
124263,217065.3177495639
124339,227529.68118368438
124357,227529.68118368438
124364,227529.68118368438
124380,227529.68118368438
124392,227529.68118368438
124494,217065.3177495639
124500,217065.3177495639
124536,227529.68118368438
124537,227529.68118368438
124540,227529.68118368438
124548,227529.68118368438
124597,227529.68118368438
124642,227529.68118368438
124646,217065.3177495639
124648,217065.3177495639
124662,227529.68118368438
124688,227529.68118368438
124693,217065.3177495639
124707,227529.68118368438
124714,227529.68118368438
124716,217065.3177495639
124731,227529.68118368438
124737,227529.68118368438
124747,227529.68118368438
124759,227529.68118368438
124777,227529.68118368438
124787,227529.68118368438
124796,227529.68118368438
124799,227529.68118368438
124813,227529.68118368438
124819,227529.68118368438
124894,227529.68118368438
124915,217065.3177495639
124962,227529.68118368438
124978,217065.3177495639
124993,227529.68118368438
125005,217065.3177495639
125014,227529.68118368438
125016,227529.68118368438
125020,227529.68118368438
125023,227529.68118368438
125027,227529.68118368438
125044,227529.68118368438
125045,227529.68118368438
125046,227529.68118368438
125050,227529.68118368438
125072,227529.68118368438
125073,227529.68118368438
125086,227529.68118368438
125100,227529.68118368438
125117,227529.68118368438
125118,227529.68118368438
125120,227529.68118368438
125125,227529.68118368438
125130,227529.68118368438
125134,227529.68118368438
125136,227529.68118368438
125141,227529.68118368438
125188,227529.68118368438
125200,227529.68118368438
125203,227529.68118368438
125204,227529.68118368438
125275,227529.68118368438
125291,227529.68118368438
125317,217065.3177495639
125332,227529.68118368438
125345,227529.68118368438
125351,227529.68118368438
125357,227529.68118368438
125359,227529.68118368438
125375,227529.68118368438
125380,227529.68118368438
125404,227529.68118368438
125406,227529.68118368438
125422,227529.68118368438
125431,227529.68118368438
125433,227529.68118368438
125434,227529.68118368438
125435,227529.68118368438
125444,227529.68118368438
125466,227529.68118368438
125506,227529.68118368438
125546,217065.3177495639
125554,217065.3177495639
125568,217065.3177495639
125569,217065.3177495639
125573,217065.3177495639
125579,217065.3177495639
125581,217065.3177495639
125583,227529.68118368438
125587,227529.68118368438
125596,227529.68118368438
125618,227529.68118368438
125621,227529.68118368438
125632,227529.68118368438
125639,227529.68118368438
125642,227529.68118368438
125645,227529.68118368438
125694,217065.3177495639
125695,217065.3177495639
125696,217065.3177495639
125714,227529.68118368438
125716,227529.68118368438
125727,227529.68118368438
125734,227529.68118368438
125736,227529.68118368438
125739,227529.68118368438
125744,227529.68118368438
125756,227529.68118368438
125764,217065.3177495639
125766,227529.68118368438
125776,227529.68118368438
125777,227529.68118368438
125783,217065.3177495639
125784,217065.3177495639
125791,227529.68118368438
125822,227529.68118368438
125824,227529.68118368438
125828,227529.68118368438
125829,227529.68118368438
125841,227529.68118368438
309591,227529.68118368438
309611,227529.68118368438
309613,227529.68118368438
309658,227529.68118368438
309661,227529.68118368438
309667,227529.68118368438
309669,227529.68118368438
309678,227529.68118368438
309692,227529.68118368438
309700,227529.68118368438
309707,217065.3177495639
309714,217065.3177495639
309731,227529.68118368438
309734,227529.68118368438
309735,227529.68118368438
309770,227529.68118368438
309817,217065.3177495639
309819,227529.68118368438
320845,227529.68118368438
320872,227529.68118368438
320929,217065.3177495639
320931,217065.3177495639
320932,217065.3177495639
320937,217065.3177495639
320938,217065.3177495639
320940,217065.3177495639
320948,217065.3177495639
320950,217065.3177495639
320954,217065.3177495639
320969,227529.68118368438
320974,227529.68118368438
320998,217065.3177495639
321002,217065.3177495639
321004,227529.68118368438
321023,227529.68118368438
321055,227529.68118368438
321067,227529.68118368438
321080,227529.68118368438
321083,227529.68118368438
321122,227529.68118368438
321127,227529.68118368438
321128,227529.68118368438
321229,217065.3177495639
321231,217065.3177495639
321249,217065.3177495639
321250,217065.3177495639
321258,217065.3177495639
321259,217065.3177495639
321260,217065.3177495639
321262,217065.3177495639
321270,217065.3177495639
321272,217065.3177495639
321278,217065.3177495639
321286,217065.3177495639
321288,217065.3177495639
321289,217065.3177495639
321307,217065.3177495639
321311,217065.3177495639
321316,217065.3177495639
321317,217065.3177495639
321318,217065.3177495639
321319,217065.3177495639
321321,217065.3177495639
321322,217065.3177495639
321323,217065.3177495639
321324,217065.3177495639
321340,227529.68118368438
321346,227529.68118368438
321352,227529.68118368438
321392,227529.68118368438
321393,227529.68118368438
321399,227529.68118368438
321407,227529.68118368438
321428,227529.68118368438
321429,227529.68118368438
321431,227529.68118368438
321455,227529.68118368438
321463,227529.68118368438
321480,227529.68118368438
321540,217065.3177495639
321551,227529.68118368438
321559,227529.68118368438
321561,217065.3177495639
321567,217065.3177495639
321568,217065.3177495639
321570,217065.3177495639
321573,217065.3177495639
321574,217065.3177495639
321575,217065.3177495639
321577,217065.3177495639
321581,217065.3177495639
321582,217065.3177495639
321583,217065.3177495639
321595,227529.68118368438
321616,227529.68118368438
321656,227529.68118368438
321674,227529.68118368438
321677,227529.68118368438
321730,217065.3177495639
321734,217065.3177495639
321736,217065.3177495639
321737,217065.3177495639
321739,227529.68118368438
321747,227529.68118368438
321749,227529.68118368438
321757,227529.68118368438
321758,227529.68118368438
321762,227529.68118368438
321817,227529.68118368438
321831,227529.68118368438
321834,217065.3177495639
321874,227529.68118368438
321877,227529.68118368438
321883,227529.68118368438
321903,227529.68118368438
321918,227529.68118368438
321940,217065.3177495639
321942,227529.68118368438
321949,227529.68118368438
321950,227529.68118368438
321960,227529.68118368438
321961,227529.68118368438
321965,227529.68118368438
321975,227529.68118368438
321980,227529.68118368438
321989,227529.68118368438
321990,227529.68118368438
322003,227529.68118368438
322025,227529.68118368438
322027,227529.68118368438
322029,227529.68118368438
322038,227529.68118368438
322041,227529.68118368438
322042,227529.68118368438
322045,227529.68118368438
322046,227529.68118368438
322092,217065.3177495639
322107,217065.3177495639
322110,217065.3177495639
322111,217065.3177495639
322112,217065.3177495639
322114,217065.3177495639
322115,217065.3177495639
322116,217065.3177495639
322119,217065.3177495639
322121,217065.3177495639
322132,227529.68118368438
322133,227529.68118368438
322144,227529.68118368438
322156,227529.68118368438
322181,227529.68118368438
322197,227529.68118368438
322220,227529.68118368438
322244,227529.68118368438
322256,227529.68118368438
322271,227529.68118368438
322281,227529.68118368438
322300,227529.68118368438
322304,227529.68118368438
322310,227529.68118368438
322330,227529.68118368438
322332,227529.68118368438
322335,227529.68118368438
322339,227529.68118368438
322360,217065.3177495639
322362,227529.68118368438
322436,217065.3177495639
322445,227529.68118368438
322476,217065.3177495639
322494,227529.68118368438
322500,217065.3177495639
322501,217065.3177495639
322505,227529.68118368438
322517,217065.3177495639
322518,217065.3177495639
322526,217065.3177495639
322527,194396.88009472258
322531,217065.3177495639
322533,217065.3177495639
322534,217065.3177495639
322536,217065.3177495639
322548,227529.68118368438
322553,227529.68118368438
322579,227529.68118368438
322583,227529.68118368438
322591,227529.68118368438
322610,227529.68118368438
322620,227529.68118368438
322630,227529.68118368438
322645,227529.68118368438
322651,227529.68118368438
322653,227529.68118368438
322671,227529.68118368438
322695,227529.68118368438
322712,227529.68118368438
322715,227529.68118368438
322732,227529.68118368438
322741,227529.68118368438
322744,227529.68118368438
322757,227529.68118368438
322769,227529.68118368438
322786,227529.68118368438
322789,227529.68118368438
322800,227529.68118368438
322807,227529.68118368438
322808,227529.68118368438
322810,227529.68118368438
322816,227529.68118368438
322833,227529.68118368438
322871,217065.3177495639
322980,217065.3177495639
322981,217065.3177495639
322983,217065.3177495639
322984,217065.3177495639
322985,217065.3177495639
322986,217065.3177495639
322987,217065.3177495639
322990,217065.3177495639
323000,227529.68118368438
323002,227529.68118368438
323011,217065.3177495639
323013,217065.3177495639
323017,217065.3177495639
323032,217065.3177495639
323066,227529.68118368438
323069,227529.68118368438
323077,227529.68118368438
323085,227529.68118368438
323088,227529.68118368438
323101,227529.68118368438
323102,227529.68118368438
323122,227529.68118368438
323169,227529.68118368438
323189,227529.68118368438
323192,227529.68118368438
323194,227529.68118368438
323197,227529.68118368438
323198,227529.68118368438
323233,227529.68118368438
323254,227529.68118368438
323308,217065.3177495639
323310,217065.3177495639
323318,227529.68118368438
323325,227529.68118368438
323330,227529.68118368438
323339,227529.68118368438
323342,227529.68118368438
323349,227529.68118368438
323382,227529.68118368438
323396,227529.68118368438
323403,227529.68118368438
323412,227529.68118368438
323413,227529.68118368438
323421,227529.68118368438
323425,227529.68118368438
323433,227529.68118368438
323434,227529.68118368438
323446,227529.68118368438
323459,227529.68118368438
323487,217065.3177495639
323518,227529.68118368438
323536,227529.68118368438
323549,227529.68118368438
323552,227529.68118368438
323608,227529.68118368438
323617,227529.68118368438
323622,227529.68118368438
323629,227529.68118368438
323656,227529.68118368438
323664,227529.68118368438
323668,227529.68118368438
323678,227529.68118368438
323703,227529.68118368438
323710,227529.68118368438
323722,217065.3177495639
323723,227529.68118368438
323780,217065.3177495639
323792,227529.68118368438
323831,227529.68118368438
323894,217065.3177495639
323911,227529.68118368438
323917,227529.68118368438
323926,227529.68118368438
323944,227529.68118368438
324001,217065.3177495639
324006,227529.68118368438
324023,227529.68118368438
324032,227529.68118368438
324058,227529.68118368438
324078,227529.68118368438
324079,227529.68118368438
324118,227529.68118368438
324146,227529.68118368438
324152,227529.68118368438
324158,227529.68118368438
324160,227529.68118368438
324236,227529.68118368438
324287,227529.68118368438
324306,227529.68118368438
324371,217065.3177495639
324381,227529.68118368438
324395,227529.68118368438
324415,227529.68118368438
324417,227529.68118368438
324418,227529.68118368438
324454,227529.68118368438
324455,227529.68118368438
324497,227529.68118368438
324557,227529.68118368438
324596,217065.3177495639
324605,217065.3177495639
324608,217065.3177495639
324616,227529.68118368438
324628,227529.68118368438
324634,227529.68118368438
324666,227529.68118368438
324716,227529.68118368438
324721,227529.68118368438
324723,227529.68118368438
324784,217065.3177495639
324797,227529.68118368438
324814,227529.68118368438
324819,217065.3177495639
324846,227529.68118368438
324904,217065.3177495639
324941,227529.68118368438
325010,227529.68118368438
325044,227529.68118368438
325045,227529.68118368438
695288,199461.0456601387
695340,193255.9976218013
695354,213573.79965303437
695495,189710.32169757315
695510,213573.79965303437
695519,284315.05114239926
695520,284315.05114239926
695565,199461.0456601387
695596,199461.0456601387
695610,181428.684872982
695611,181428.684872982
695614,199461.0456601387
695615,199461.0456601387
695631,199461.0456601387
695794,230217.5895936484
695813,226986.69896891818
695828,228140.5902899933
695877,342210.01153980294
696061,232392.55102291694
696119,232392.55102291694
696129,316941.26044549467
696183,199683.88997833975
696223,276199.28251504
696268,214543.60501158933
696269,214543.60501158933
696272,213590.68885788618
696273,214543.60501158933
696329,214543.60501158933
696334,214543.60501158933
696336,213590.68885788618
696337,214543.60501158933
696338,213590.68885788618
696339,214543.60501158933
696340,213590.68885788618
696352,195502.04756263335
696357,195502.04756263335
696508,217079.31093594947
696512,204290.55084044594
696609,220128.676560216
696610,222537.1993032098
696645,170181.46426422131
712644,223010.7616439484
712653,223010.7616439484
712676,223010.7616439484
712685,223010.7616439484
712690,223010.7616439484
712692,223010.7616439484
712748,223010.7616439484
712750,223010.7616439484
712751,223010.7616439484
712768,223010.7616439484
712776,223010.7616439484
712780,223010.7616439484
712788,223010.7616439484
712794,223010.7616439484
712816,166836.90998469398
712817,223010.7616439484
712818,223010.7616439484
712823,223010.7616439484
712835,223010.7616439484
712852,223010.7616439484
712858,223010.7616439484
712871,223010.7616439484
712880,223010.7616439484
712881,223010.7616439484
712890,223010.7616439484
712901,223010.7616439484
712917,223010.7616439484
712999,223010.7616439484
713027,223010.7616439484
713050,223010.7616439484
713084,166836.90998469398
713098,223010.7616439484
713109,223010.7616439484
713127,223010.7616439484
713151,223010.7616439484
713157,223010.7616439484
713159,223010.7616439484
713160,223010.7616439484
713169,223010.7616439484
713182,223010.7616439484
713190,223010.7616439484
713192,223010.7616439484
713197,223010.7616439484
713213,223010.7616439484
713216,223010.7616439484
713247,223010.7616439484
713251,223010.7616439484
713264,223010.7616439484
713309,223010.7616439484
713319,223010.7616439484
713341,223010.7616439484
713350,223010.7616439484
713375,223010.7616439484
713391,223010.7616439484
713394,223010.7616439484
713420,223010.7616439484
713421,223010.7616439484
713429,223010.7616439484
713432,223010.7616439484
713434,223010.7616439484
713437,223010.7616439484
713469,223010.7616439484
713476,223010.7616439484
713477,223010.7616439484
713501,223010.7616439484
713507,166836.90998469398
713536,223010.7616439484
713544,223010.7616439484
713560,223010.7616439484
713580,223010.7616439484
713651,223010.7616439484
713656,223010.7616439484
713740,223010.7616439484
713800,223010.7616439484
713801,223010.7616439484
713806,223010.7616439484
713820,166836.90998469398
713823,223010.7616439484
713847,223010.7616439484
713864,223010.7616439484
713866,223010.7616439484
713868,223010.7616439484
713878,223010.7616439484
713881,223010.7616439484
713897,223010.7616439484
713934,223010.7616439484
713939,223010.7616439484
713950,223010.7616439484
713991,223010.7616439484
713993,223010.7616439484
714003,223010.7616439484
714017,223010.7616439484
714021,223010.7616439484
714026,223010.7616439484
714064,223010.7616439484
714174,223010.7616439484
714196,223010.7616439484
714262,223010.7616439484
714353,223010.7616439484
714369,223010.7616439484
714374,223010.7616439484
714385,223010.7616439484
714393,223010.7616439484
714398,223010.7616439484
714412,223010.7616439484
714415,223010.7616439484
714417,223010.7616439484
714430,223010.7616439484
714507,223010.7616439484
714555,223010.7616439484
714586,223010.7616439484
714587,223010.7616439484
714609,166836.90998469398
714636,223010.7616439484
714676,223010.7616439484
714689,223010.7616439484
714713,223010.7616439484
714721,166836.90998469398
714725,166836.90998469398
714774,223010.7616439484
714784,223010.7616439484
714821,223010.7616439484
714833,223010.7616439484
714858,223010.7616439484
714864,166836.90998469398
714871,223010.7616439484
714874,223010.7616439484
714890,223010.7616439484
714911,223010.7616439484
714930,223010.7616439484
714957,223010.7616439484
714970,223010.7616439484
715017,223010.7616439484
715034,223010.7616439484
715036,223010.7616439484
715051,223010.7616439484
715078,223010.7616439484
715080,223010.7616439484
715127,223010.7616439484
715142,223010.7616439484
715176,166836.90998469398
715189,223010.7616439484
715195,223010.7616439484
715196,223010.7616439484
715264,223010.7616439484
715291,223010.7616439484
715295,223010.7616439484
715297,223010.7616439484
715305,223010.7616439484
715309,223010.7616439484
715319,223010.7616439484
715321,166836.90998469398
715381,223010.7616439484
715383,223010.7616439484
715402,223010.7616439484
715413,166836.90998469398
715440,223010.7616439484
715490,223010.7616439484
715496,223010.7616439484
715529,223010.7616439484
715546,223010.7616439484
715580,223010.7616439484
715584,223010.7616439484
715594,223010.7616439484
715611,223010.7616439484
715628,223010.7616439484
715643,223010.7616439484
715645,223010.7616439484
715666,223010.7616439484
715669,223010.7616439484
715756,223010.7616439484
715761,223010.7616439484
715771,223010.7616439484
715775,223010.7616439484
715779,223010.7616439484
715783,223010.7616439484
715789,223010.7616439484
715799,223010.7616439484
715801,223010.7616439484
715802,223010.7616439484
715816,223010.7616439484
715819,223010.7616439484
715854,223010.7616439484
715885,223010.7616439484
715904,223010.7616439484
715909,223010.7616439484
715926,223010.7616439484
715960,223010.7616439484
715975,223010.7616439484
715987,223010.7616439484
715991,223010.7616439484
716004,223010.7616439484
716016,166836.90998469398
716034,223010.7616439484
716036,223010.7616439484
716062,223010.7616439484
716088,223010.7616439484
716090,223010.7616439484
716098,223010.7616439484
716112,223010.7616439484
716122,223010.7616439484
716135,223010.7616439484
716165,223010.7616439484
716198,223010.7616439484
716225,223010.7616439484
716229,223010.7616439484
716230,166836.90998469398
716233,223010.7616439484
716243,223010.7616439484
716251,223010.7616439484
716252,223010.7616439484
716270,166836.90998469398
716289,223010.7616439484
716355,223010.7616439484
716367,223010.7616439484
716371,223010.7616439484
716379,223010.7616439484
716381,223010.7616439484
716388,223010.7616439484
716430,223010.7616439484
716437,223010.7616439484
716439,223010.7616439484
716453,223010.7616439484
716459,223010.7616439484
716475,223010.7616439484
716495,223010.7616439484
716516,223010.7616439484
716564,223010.7616439484
716566,223010.7616439484
716646,223010.7616439484
716652,168834.93237516726
716677,223010.7616439484
716680,223010.7616439484
716696,168834.93237516726
716716,166836.90998469398
716750,223010.7616439484
716759,223010.7616439484
716761,168834.93237516726
716822,223010.7616439484
716839,223010.7616439484
716905,223010.7616439484
716942,223010.7616439484
716964,166836.90998469398
717008,223010.7616439484
717022,223010.7616439484
717046,223010.7616439484
717110,223010.7616439484
717123,223010.7616439484
717146,223010.7616439484
717179,223010.7616439484
717184,223010.7616439484
717187,223010.7616439484
717188,223010.7616439484
717189,223010.7616439484
717195,223010.7616439484
717197,166836.90998469398
717227,223010.7616439484
717270,223010.7616439484
717303,223010.7616439484
717333,223010.7616439484
717335,223010.7616439484
717342,223010.7616439484
717358,223010.7616439484
717374,223010.7616439484
717386,166836.90998469398
717417,223010.7616439484
717491,223010.7616439484
717502,223010.7616439484
717549,223010.7616439484
717570,223010.7616439484
717574,223010.7616439484
717602,223010.7616439484
717626,223010.7616439484
717630,223010.7616439484
717635,223010.7616439484
717641,223010.7616439484
717648,223010.7616439484
717652,223010.7616439484
717689,223010.7616439484
717727,223010.7616439484
717783,223010.7616439484
717808,223010.7616439484
717824,166836.90998469398
717869,223010.7616439484
717986,223010.7616439484
717995,223010.7616439484
717997,223010.7616439484
717999,223010.7616439484
718069,223010.7616439484
718109,223010.7616439484
718113,223010.7616439484
718134,223010.7616439484
718135,223010.7616439484
718144,223010.7616439484
718171,223010.7616439484
718212,223010.7616439484
718229,223010.7616439484
718242,223010.7616439484
718310,223010.7616439484
718329,168834.93237516726
718331,223010.7616439484
718349,223010.7616439484
718436,168834.93237516726
718506,223010.7616439484
718581,223010.7616439484
718620,166836.90998469398
718648,223010.7616439484
718653,223010.7616439484
718675,223010.7616439484
718683,223010.7616439484
718696,223010.7616439484
718697,223010.7616439484
718773,223010.7616439484
718786,223010.7616439484
718806,223010.7616439484
718811,223010.7616439484
718812,223010.7616439484
718841,223010.7616439484
718869,223010.7616439484
718891,223010.7616439484
718902,223010.7616439484
718919,223010.7616439484
718930,223010.7616439484
718970,223010.7616439484
719018,223010.7616439484
719060,223010.7616439484
719062,223010.7616439484
719065,223010.7616439484
719076,223010.7616439484
719091,223010.7616439484
719120,223010.7616439484
719146,223010.7616439484
719186,223010.7616439484
719188,223010.7616439484
719197,223010.7616439484
719201,223010.7616439484
719203,223010.7616439484
719208,223010.7616439484
719210,223010.7616439484
719216,223010.7616439484
719224,223010.7616439484
719246,223010.7616439484
719258,223010.7616439484
719300,223010.7616439484
719334,223010.7616439484
719360,223010.7616439484
719377,223010.7616439484
719415,223010.7616439484
719424,223010.7616439484
719429,223010.7616439484
719445,223010.7616439484
719446,223010.7616439484
719469,223010.7616439484
719503,223010.7616439484
719537,223010.7616439484
719593,223010.7616439484
719616,223010.7616439484
719642,223010.7616439484
719655,223010.7616439484
719693,223010.7616439484
719720,223010.7616439484
719747,168834.93237516726
719748,168834.93237516726
719754,223010.7616439484
719784,223010.7616439484
719794,223010.7616439484
719802,223010.7616439484
719806,223010.7616439484
719810,223010.7616439484
719812,223010.7616439484
719828,223010.7616439484
719833,223010.7616439484
719882,223010.7616439484
719895,223010.7616439484
719909,223010.7616439484
719971,223010.7616439484
720043,223010.7616439484
720108,223010.7616439484
720119,223010.7616439484
720163,223010.7616439484
720166,166836.90998469398
720188,223010.7616439484
720194,223010.7616439484
720274,223010.7616439484
720292,223010.7616439484
720296,223010.7616439484
720304,223010.7616439484
720323,223010.7616439484
720342,223010.7616439484
720348,223010.7616439484
720379,223010.7616439484
720386,223010.7616439484
720388,223010.7616439484
720393,223010.7616439484
720398,223010.7616439484
720403,223010.7616439484
720409,223010.7616439484
720440,223010.7616439484
720450,223010.7616439484
720481,223010.7616439484
720530,223010.7616439484
720534,223010.7616439484
720549,166836.90998469398
720550,223010.7616439484
720609,223010.7616439484
720629,223010.7616439484
720646,223010.7616439484
720649,223010.7616439484
720659,166836.90998469398
720745,223010.7616439484
720753,223010.7616439484
720789,223010.7616439484
720879,223010.7616439484
720899,223010.7616439484
720909,223010.7616439484
720925,223010.7616439484
720932,166836.90998469398
720950,223010.7616439484
720956,223010.7616439484
720964,223010.7616439484
720970,166836.90998469398
720997,223010.7616439484
721019,223010.7616439484
721074,223010.7616439484
721104,166836.90998469398
721128,223010.7616439484
721132,166836.90998469398
721135,223010.7616439484
721138,223010.7616439484
721169,223010.7616439484
721241,223010.7616439484
721303,223010.7616439484
721327,223010.7616439484
721355,223010.7616439484
721380,223010.7616439484
721384,223010.7616439484
721403,223010.7616439484
721426,223010.7616439484
721462,223010.7616439484
721473,223010.7616439484
721548,223010.7616439484
721568,223010.7616439484
721574,166836.90998469398
721579,223010.7616439484
721598,223010.7616439484
721634,223010.7616439484
721647,223010.7616439484
721701,223010.7616439484
721727,223010.7616439484
721746,223010.7616439484
721751,223010.7616439484
721773,223010.7616439484
721806,223010.7616439484
721859,223010.7616439484
721869,223010.7616439484
721922,223010.7616439484
722035,223010.7616439484
722036,223010.7616439484
722125,223010.7616439484
722131,223010.7616439484
722173,223010.7616439484
722181,223010.7616439484
722212,223010.7616439484
722250,166836.90998469398
722257,223010.7616439484
722262,166836.90998469398
722278,223010.7616439484
722288,223010.7616439484
722289,223010.7616439484
722312,223010.7616439484
722332,223010.7616439484
722333,223010.7616439484
722344,223010.7616439484
722356,223010.7616439484
722360,223010.7616439484
722388,166836.90998469398
722430,223010.7616439484
722458,223010.7616439484
722486,223010.7616439484
722515,223010.7616439484
722557,223010.7616439484
722582,223010.7616439484
722592,223010.7616439484
722603,223010.7616439484
722611,223010.7616439484
722612,223010.7616439484
722613,223010.7616439484
722617,223010.7616439484
722639,223010.7616439484
722669,223010.7616439484
722794,223010.7616439484
722805,223010.7616439484
722979,223010.7616439484
722991,223010.7616439484
722996,223010.7616439484
723017,223010.7616439484
723054,223010.7616439484
723133,223010.7616439484
723238,223010.7616439484
723261,223010.7616439484
723269,223010.7616439484
723341,223010.7616439484
723364,223010.7616439484
723370,223010.7616439484
723418,223010.7616439484
723439,223010.7616439484
723497,223010.7616439484
723503,223010.7616439484
723527,223010.7616439484
723559,223010.7616439484
723569,223010.7616439484
723575,223010.7616439484
723590,223010.7616439484
723636,223010.7616439484
723646,223010.7616439484
723662,223010.7616439484
723694,223010.7616439484
723703,223010.7616439484
723705,223010.7616439484
723726,223010.7616439484
723746,223010.7616439484
723756,166836.90998469398
723769,223010.7616439484
723775,223010.7616439484
723789,223010.7616439484
723793,223010.7616439484
723826,223010.7616439484
723846,223010.7616439484
723856,223010.7616439484
723936,223010.7616439484
723944,223010.7616439484
723996,223010.7616439484
724017,223010.7616439484
724019,223010.7616439484
724048,223010.7616439484
724049,223010.7616439484
724059,223010.7616439484
724070,223010.7616439484
724209,166836.90998469398
724225,223010.7616439484
724230,223010.7616439484
724234,223010.7616439484
724247,223010.7616439484
724249,223010.7616439484
724273,223010.7616439484
724294,223010.7616439484
724309,223010.7616439484
724315,223010.7616439484
724343,223010.7616439484
724348,223010.7616439484
724352,223010.7616439484
724357,223010.7616439484
724385,223010.7616439484
724424,223010.7616439484
724532,223010.7616439484
724560,223010.7616439484
724606,223010.7616439484
724640,223010.7616439484
724671,223010.7616439484
724797,166836.90998469398
724820,223010.7616439484
724847,223010.7616439484
724947,223010.7616439484
724960,223010.7616439484
724977,223010.7616439484
724987,223010.7616439484
725073,223010.7616439484
725121,223010.7616439484
725177,223010.7616439484
725180,223010.7616439484
725186,223010.7616439484
725367,223010.7616439484
725435,223010.7616439484
725481,223010.7616439484
725560,223010.7616439484
725581,223010.7616439484
725620,223010.7616439484
725646,223010.7616439484
725648,223010.7616439484
725681,223010.7616439484
725683,223010.7616439484
725741,223010.7616439484
725753,223010.7616439484
725778,223010.7616439484
725811,223010.7616439484
725875,223010.7616439484
725997,223010.7616439484
726011,223010.7616439484
726050,223010.7616439484
726064,166836.90998469398
726121,223010.7616439484
726144,223010.7616439484
726145,223010.7616439484
726174,223010.7616439484
726332,223010.7616439484
726351,223010.7616439484
726359,166836.90998469398
726443,223010.7616439484
726459,223010.7616439484
726460,223010.7616439484
726461,223010.7616439484
726470,223010.7616439484
726488,223010.7616439484
726491,223010.7616439484
726518,166836.90998469398
726642,223010.7616439484
726643,223010.7616439484
726678,223010.7616439484
726698,223010.7616439484
726797,223010.7616439484
726850,223010.7616439484
726887,223010.7616439484
726898,223010.7616439484
726904,223010.7616439484
726915,223010.7616439484
726976,223010.7616439484
727014,223010.7616439484
727021,223010.7616439484
727064,223010.7616439484
727101,223010.7616439484
727114,223010.7616439484
727129,223010.7616439484
727142,223010.7616439484
727160,223010.7616439484
727168,223010.7616439484
727178,223010.7616439484
727188,223010.7616439484
727198,166836.90998469398
727202,223010.7616439484
727275,223010.7616439484
727322,223010.7616439484
727334,223010.7616439484
727345,223010.7616439484
727359,223010.7616439484
727364,223010.7616439484
727433,223010.7616439484
727438,223010.7616439484
727490,223010.7616439484
727503,223010.7616439484
727540,223010.7616439484
727542,223010.7616439484
727585,223010.7616439484
727593,223010.7616439484
727615,223010.7616439484
727627,223010.7616439484
727655,223010.7616439484
727691,223010.7616439484
727694,223010.7616439484
727811,223010.7616439484
727895,223010.7616439484
728058,223010.7616439484
728078,223010.7616439484
728243,223010.7616439484
728309,223010.7616439484
728352,223010.7616439484
728363,223010.7616439484
728364,223010.7616439484
728431,223010.7616439484
728500,223010.7616439484
728503,223010.7616439484
728529,223010.7616439484
728582,223010.7616439484
728586,223010.7616439484
728694,223010.7616439484
728709,223010.7616439484
728713,223010.7616439484
728796,223010.7616439484
728798,223010.7616439484
728926,223010.7616439484
728950,223010.7616439484
728966,166836.90998469398
728985,166836.90998469398
729017,223010.7616439484
729075,223010.7616439484
729111,223010.7616439484
729119,223010.7616439484
729136,223010.7616439484
729148,166836.90998469398
729174,223010.7616439484
729177,223010.7616439484
729181,223010.7616439484
729203,166836.90998469398
729210,223010.7616439484
729226,223010.7616439484
729265,223010.7616439484
729341,223010.7616439484
729380,223010.7616439484
729400,223010.7616439484
729445,223010.7616439484
729455,223010.7616439484
729464,223010.7616439484
729510,223010.7616439484
729514,223010.7616439484
729528,223010.7616439484
729536,223010.7616439484
729540,223010.7616439484
729554,223010.7616439484
729607,223010.7616439484
729608,223010.7616439484
729625,223010.7616439484
729641,223010.7616439484
729644,223010.7616439484
729663,223010.7616439484
729721,223010.7616439484
729768,223010.7616439484
729773,223010.7616439484
729782,223010.7616439484
729789,223010.7616439484
729812,223010.7616439484
729831,223010.7616439484
729845,223010.7616439484
729990,223010.7616439484
730059,166836.90998469398
730106,223010.7616439484
730114,223010.7616439484
730131,223010.7616439484
730151,223010.7616439484
730265,223010.7616439484
730294,223010.7616439484
730332,223010.7616439484
730363,223010.7616439484
730414,223010.7616439484
730524,223010.7616439484
730596,223010.7616439484
730640,223010.7616439484
730686,223010.7616439484
730881,223010.7616439484
730894,223010.7616439484
730939,223010.7616439484
731035,223010.7616439484
731059,166836.90998469398
731100,223010.7616439484
731187,223010.7616439484
731206,223010.7616439484
731217,223010.7616439484
731226,223010.7616439484
731245,223010.7616439484
731327,223010.7616439484
731364,223010.7616439484
731419,223010.7616439484
731420,223010.7616439484
731429,223010.7616439484
731450,223010.7616439484
731474,223010.7616439484
731507,223010.7616439484
731508,223010.7616439484
731588,223010.7616439484
731696,223010.7616439484
731757,223010.7616439484
731801,223010.7616439484
731833,223010.7616439484
731851,223010.7616439484
731874,223010.7616439484
732027,223010.7616439484
732100,223010.7616439484
732211,223010.7616439484
732262,223010.7616439484
732403,223010.7616439484
732408,223010.7616439484
732440,166836.90998469398
732456,223010.7616439484
732495,223010.7616439484
732512,223010.7616439484
732513,223010.7616439484
732518,223010.7616439484
732657,223010.7616439484
732818,223010.7616439484
732911,223010.7616439484
732929,223010.7616439484
732954,223010.7616439484
732965,223010.7616439484
732970,223010.7616439484
732998,223010.7616439484
733071,223010.7616439484
733086,223010.7616439484
733135,223010.7616439484
733209,223010.7616439484
733485,223010.7616439484
733560,223010.7616439484
733655,223010.7616439484
733708,223010.7616439484
733722,223010.7616439484
733753,223010.7616439484
733774,223010.7616439484
733855,223010.7616439484
733856,223010.7616439484
733903,223010.7616439484
733907,223010.7616439484
733919,223010.7616439484
734011,223010.7616439484
734023,223010.7616439484
734094,223010.7616439484
734149,223010.7616439484
734159,223010.7616439484
734160,223010.7616439484
734181,223010.7616439484
734275,223010.7616439484
734658,223010.7616439484
734708,223010.7616439484
734725,223010.7616439484
734836,223010.7616439484
735000,223010.7616439484
735007,223010.7616439484
735055,223010.7616439484
735124,223010.7616439484
735158,223010.7616439484
735189,223010.7616439484
735216,223010.7616439484
735230,223010.7616439484
735232,223010.7616439484
735250,223010.7616439484
735298,223010.7616439484
735355,223010.7616439484
735484,223010.7616439484
735490,223010.7616439484
735491,223010.7616439484
735493,223010.7616439484
735505,223010.7616439484
735533,223010.7616439484
735555,166836.90998469398
735561,223010.7616439484
735562,166836.90998469398
735614,223010.7616439484
735627,223010.7616439484
735634,223010.7616439484
735698,223010.7616439484
735797,223010.7616439484
735802,223010.7616439484
735891,223010.7616439484
735983,223010.7616439484
736002,223010.7616439484
736030,223010.7616439484
736051,223010.7616439484
736089,223010.7616439484
736143,223010.7616439484
736169,223010.7616439484
736175,223010.7616439484
736225,223010.7616439484
736311,223010.7616439484
736320,223010.7616439484
736337,223010.7616439484
736397,166836.90998469398
736443,223010.7616439484
736489,223010.7616439484
736635,223010.7616439484
736651,223010.7616439484
736721,223010.7616439484
736740,223010.7616439484
736799,223010.7616439484
736983,223010.7616439484
737015,223010.7616439484
737075,223010.7616439484
737150,223010.7616439484
737209,223010.7616439484
737263,223010.7616439484
737285,166836.90998469398
737397,223010.7616439484
737458,223010.7616439484
737514,166836.90998469398
737665,223010.7616439484
737976,223010.7616439484
738028,223010.7616439484
738143,223010.7616439484
738160,223010.7616439484
738192,223010.7616439484
738314,223010.7616439484
738320,223010.7616439484
738381,223010.7616439484
738406,223010.7616439484
738433,223010.7616439484
738489,223010.7616439484
738491,223010.7616439484
738574,223010.7616439484
738723,168834.93237516726
738880,223010.7616439484
738920,223010.7616439484
739033,223010.7616439484
739042,223010.7616439484
739182,223010.7616439484
739254,223010.7616439484
739359,223010.7616439484
739360,166836.90998469398
739364,223010.7616439484
739430,223010.7616439484
739497,223010.7616439484
739563,223010.7616439484
739581,223010.7616439484
739670,223010.7616439484
739702,223010.7616439484
739717,223010.7616439484
739824,223010.7616439484
740070,223010.7616439484
740158,223010.7616439484
740377,223010.7616439484
740499,223010.7616439484
740572,223010.7616439484
740609,168834.93237516726
740798,223010.7616439484
740914,223010.7616439484
740915,223010.7616439484
740917,223010.7616439484
740932,223010.7616439484
740974,223010.7616439484
740993,223010.7616439484
740998,223010.7616439484
741000,223010.7616439484
741002,223010.7616439484
741008,223010.7616439484
741036,223010.7616439484
741047,223010.7616439484
741111,223010.7616439484
741171,223010.7616439484
741174,223010.7616439484
741203,223010.7616439484
741205,223010.7616439484
741232,223010.7616439484
741270,223010.7616439484
741294,223010.7616439484
741312,223010.7616439484
741313,223010.7616439484
741329,223010.7616439484
741401,168834.93237516726
741416,223010.7616439484
741433,223010.7616439484
741457,223010.7616439484
741533,223010.7616439484
741591,223010.7616439484
741682,223010.7616439484
741699,223010.7616439484
741808,223010.7616439484
741810,223010.7616439484
741811,223010.7616439484
741813,223010.7616439484
741824,223010.7616439484
741842,223010.7616439484
741844,223010.7616439484
741999,223010.7616439484
742049,223010.7616439484
742278,223010.7616439484
742444,223010.7616439484
742500,223010.7616439484
742512,223010.7616439484
742534,166836.90998469398
742552,223010.7616439484
742592,223010.7616439484
742595,223010.7616439484
742813,223010.7616439484
742839,223010.7616439484
743024,223010.7616439484
743072,223010.7616439484
743084,223010.7616439484
743131,223010.7616439484
743197,223010.7616439484
743226,223010.7616439484
743233,223010.7616439484
743243,223010.7616439484
743310,223010.7616439484
743424,223010.7616439484
743645,223010.7616439484
743678,223010.7616439484
743689,223010.7616439484
743736,223010.7616439484
743938,223010.7616439484
744009,223010.7616439484
744134,223010.7616439484
744142,223010.7616439484
744196,223010.7616439484
744806,223010.7616439484
744824,223010.7616439484
744870,223010.7616439484
744879,223010.7616439484
744924,223010.7616439484
745039,223010.7616439484
745099,223010.7616439484
745109,223010.7616439484
745286,223010.7616439484
745287,223010.7616439484
745364,223010.7616439484
745581,223010.7616439484
745614,223010.7616439484
745630,223010.7616439484
745696,223010.7616439484
745726,223010.7616439484
745763,223010.7616439484
745819,223010.7616439484
745898,223010.7616439484
745924,223010.7616439484
745960,223010.7616439484
746269,223010.7616439484
746297,223010.7616439484
746353,223010.7616439484
746361,223010.7616439484
746390,223010.7616439484
746450,223010.7616439484
746513,223010.7616439484
746565,223010.7616439484
746720,223010.7616439484
746732,223010.7616439484
746769,223010.7616439484
746790,223010.7616439484
746846,223010.7616439484
746847,223010.7616439484
746901,223010.7616439484
747013,223010.7616439484
747015,223010.7616439484
747085,223010.7616439484
747090,223010.7616439484
747139,223010.7616439484
747310,223010.7616439484
747474,223010.7616439484
747521,223010.7616439484
747537,223010.7616439484
747736,223010.7616439484
747743,223010.7616439484
747759,223010.7616439484
747810,223010.7616439484
747995,223010.7616439484
748013,223010.7616439484
748040,223010.7616439484
748058,223010.7616439484
748060,223010.7616439484
748073,223010.7616439484
748106,223010.7616439484
748145,223010.7616439484
748150,223010.7616439484
748172,223010.7616439484
748287,223010.7616439484
748308,223010.7616439484
748311,223010.7616439484
748429,223010.7616439484
748523,223010.7616439484
748544,223010.7616439484
748713,166836.90998469398
748836,223010.7616439484
748845,223010.7616439484
748856,223010.7616439484
748895,223010.7616439484
748962,223010.7616439484
749165,223010.7616439484
749218,223010.7616439484
749232,223010.7616439484
749255,223010.7616439484
749452,223010.7616439484
749483,223010.7616439484
749497,223010.7616439484
749502,223010.7616439484
749504,223010.7616439484
749521,223010.7616439484
749571,223010.7616439484
749671,223010.7616439484
749821,223010.7616439484
749975,223010.7616439484
750049,223010.7616439484
750155,223010.7616439484
750174,223010.7616439484
750408,223010.7616439484
750418,223010.7616439484
750441,223010.7616439484
750475,223010.7616439484
750559,223010.7616439484
750579,223010.7616439484
750669,223010.7616439484
750683,223010.7616439484
750740,168834.93237516726
750956,223010.7616439484
751319,223010.7616439484
751352,223010.7616439484
751396,223010.7616439484
751416,223010.7616439484
751421,223010.7616439484
751442,166836.90998469398
751459,223010.7616439484
751587,223010.7616439484
751714,223010.7616439484
751886,223010.7616439484
751971,223010.7616439484
752242,223010.7616439484
752254,223010.7616439484
752310,223010.7616439484
752576,223010.7616439484
752705,223010.7616439484
752895,223010.7616439484
752914,223010.7616439484
752994,223010.7616439484
753036,223010.7616439484
753099,223010.7616439484
753188,223010.7616439484
753196,223010.7616439484
753234,223010.7616439484
753289,223010.7616439484
753295,223010.7616439484
753297,223010.7616439484
753387,223010.7616439484
753393,223010.7616439484
753395,223010.7616439484
753397,223010.7616439484
753399,223010.7616439484
753402,223010.7616439484
753404,223010.7616439484
753405,223010.7616439484
753406,223010.7616439484
753602,223010.7616439484
753948,223010.7616439484
754108,223010.7616439484
754112,166836.90998469398
754292,223010.7616439484
754384,223010.7616439484
754763,223010.7616439484
754978,223010.7616439484
754995,223010.7616439484
755014,223010.7616439484
755055,223010.7616439484
755065,223010.7616439484
755138,223010.7616439484
755226,223010.7616439484
755447,223010.7616439484
755448,223010.7616439484
755575,223010.7616439484
755674,223010.7616439484
755809,223010.7616439484
755892,223010.7616439484
756308,223010.7616439484
756620,223010.7616439484
756836,223010.7616439484
757366,223010.7616439484
757425,223010.7616439484
757539,223010.7616439484
757668,223010.7616439484
757758,223010.7616439484
757792,223010.7616439484
757925,223010.7616439484
757991,223010.7616439484
758122,223010.7616439484
758135,223010.7616439484
758325,223010.7616439484
758344,223010.7616439484
758410,223010.7616439484
758601,223010.7616439484
758674,223010.7616439484
758911,166836.90998469398
759246,223010.7616439484
759339,223010.7616439484
759621,223010.7616439484
759656,223010.7616439484
759823,223010.7616439484
759982,223010.7616439484
760071,223010.7616439484
760135,223010.7616439484
760172,223010.7616439484
760262,223010.7616439484
760514,223010.7616439484
760522,223010.7616439484
760523,223010.7616439484
760607,223010.7616439484
760760,223010.7616439484
760878,223010.7616439484
761015,223010.7616439484
761078,223010.7616439484
761137,223010.7616439484
761182,223010.7616439484
761221,223010.7616439484
761226,223010.7616439484
761245,223010.7616439484
761273,223010.7616439484
761281,223010.7616439484
761297,223010.7616439484
761298,223010.7616439484
761312,223010.7616439484
761418,223010.7616439484
761437,223010.7616439484
761449,166836.90998469398
761451,223010.7616439484
761462,223010.7616439484
761597,166836.90998469398
761616,223010.7616439484
761631,223010.7616439484
761638,223010.7616439484
761660,223010.7616439484
761662,223010.7616439484
761734,166836.90998469398
761737,223010.7616439484
761773,223010.7616439484
761775,223010.7616439484
761781,223010.7616439484
761783,223010.7616439484
761870,223010.7616439484
761928,223010.7616439484
762020,223010.7616439484
762104,223010.7616439484
762106,223010.7616439484
762135,223010.7616439484
762140,223010.7616439484
762146,223010.7616439484
762260,223010.7616439484
762277,223010.7616439484
762395,223010.7616439484
762467,223010.7616439484
762485,223010.7616439484
762509,223010.7616439484
762528,223010.7616439484
762572,223010.7616439484
762642,223010.7616439484
762673,223010.7616439484
762782,223010.7616439484
762792,168834.93237516726
762828,223010.7616439484
762848,223010.7616439484
762862,223010.7616439484
762894,223010.7616439484
762903,223010.7616439484
762924,223010.7616439484
762929,223010.7616439484
762937,223010.7616439484
762941,223010.7616439484
762951,223010.7616439484
762959,223010.7616439484
762965,223010.7616439484
762986,223010.7616439484
763016,223010.7616439484
763021,223010.7616439484
763034,223010.7616439484
763065,223010.7616439484
763068,223010.7616439484
763073,223010.7616439484
763090,223010.7616439484
763152,223010.7616439484
763153,223010.7616439484
763212,223010.7616439484
763270,223010.7616439484
763279,223010.7616439484
763299,223010.7616439484
763300,223010.7616439484
763314,223010.7616439484
763332,223010.7616439484
763333,223010.7616439484
763334,223010.7616439484
763337,223010.7616439484
763338,223010.7616439484
763348,223010.7616439484
763349,223010.7616439484
763351,223010.7616439484
763389,223010.7616439484
763421,223010.7616439484
763424,223010.7616439484
763429,223010.7616439484
763431,223010.7616439484
763433,223010.7616439484
763435,223010.7616439484
763438,223010.7616439484
763439,223010.7616439484
763446,223010.7616439484
763447,223010.7616439484
763448,223010.7616439484
763449,223010.7616439484
763450,223010.7616439484
763452,223010.7616439484
763453,223010.7616439484
763454,223010.7616439484
763457,223010.7616439484
763458,223010.7616439484
763460,223010.7616439484
763464,223010.7616439484
763466,166836.90998469398
763528,223010.7616439484
763572,166836.90998469398
763575,223010.7616439484
763576,223010.7616439484
763591,223010.7616439484
763627,223010.7616439484
763628,223010.7616439484
763629,223010.7616439484
763631,223010.7616439484
763633,223010.7616439484
763634,223010.7616439484
763653,223010.7616439484
763684,223010.7616439484
763733,223010.7616439484
763744,223010.7616439484
763764,223010.7616439484
763781,223010.7616439484
763788,223010.7616439484
763797,223010.7616439484
763842,223010.7616439484
763856,223010.7616439484
763925,223010.7616439484
763942,223010.7616439484
764037,223010.7616439484
764042,223010.7616439484
764044,223010.7616439484
764047,223010.7616439484
764052,223010.7616439484
764103,223010.7616439484
764132,223010.7616439484
764192,223010.7616439484
764215,223010.7616439484
764263,223010.7616439484
764332,223010.7616439484
764347,223010.7616439484
764361,223010.7616439484
764368,223010.7616439484
764413,223010.7616439484
764414,223010.7616439484
764496,223010.7616439484
764544,223010.7616439484
764737,223010.7616439484
764777,223010.7616439484
764797,166836.90998469398
764822,223010.7616439484
764827,223010.7616439484
764828,223010.7616439484
764836,168834.93237516726
764862,223010.7616439484
764907,223010.7616439484
764910,223010.7616439484
764922,223010.7616439484
764946,223010.7616439484
764999,223010.7616439484
765049,223010.7616439484
765056,223010.7616439484
765097,223010.7616439484
765112,223010.7616439484
765115,223010.7616439484
765282,223010.7616439484
765294,223010.7616439484
765352,223010.7616439484
765358,223010.7616439484
765365,223010.7616439484
765396,223010.7616439484
765440,223010.7616439484
765475,223010.7616439484
765494,223010.7616439484
765496,223010.7616439484
765520,223010.7616439484
765527,166836.90998469398
765571,223010.7616439484
765572,223010.7616439484
765599,223010.7616439484
765625,223010.7616439484
765669,223010.7616439484
765676,223010.7616439484
765686,166836.90998469398
765756,223010.7616439484
765760,223010.7616439484
765768,223010.7616439484
765786,166836.90998469398
765832,223010.7616439484
765840,168834.93237516726
765853,223010.7616439484
765854,223010.7616439484
765869,223010.7616439484
765883,223010.7616439484
765884,223010.7616439484
765913,223010.7616439484
765938,223010.7616439484
766020,223010.7616439484
766039,223010.7616439484
766052,223010.7616439484
766076,223010.7616439484
766102,223010.7616439484
766103,223010.7616439484
766106,223010.7616439484
766110,223010.7616439484
766114,223010.7616439484
766137,223010.7616439484
766140,223010.7616439484
766142,223010.7616439484
766151,223010.7616439484
766163,223010.7616439484
766185,223010.7616439484
766212,223010.7616439484
766222,223010.7616439484
766225,223010.7616439484
766250,223010.7616439484
766251,223010.7616439484
766253,223010.7616439484
766259,223010.7616439484
766272,223010.7616439484
766300,223010.7616439484
766328,223010.7616439484
766392,223010.7616439484
766404,223010.7616439484
766416,223010.7616439484
766459,223010.7616439484
766463,223010.7616439484
766464,223010.7616439484
766479,223010.7616439484
766501,166836.90998469398
766550,223010.7616439484
766648,223010.7616439484
766782,223010.7616439484
766785,223010.7616439484
766808,223010.7616439484
766824,223010.7616439484
766883,223010.7616439484
766891,223010.7616439484
766923,223010.7616439484
766951,223010.7616439484
766977,223010.7616439484
766984,223010.7616439484
766998,223010.7616439484
767008,223010.7616439484
767009,223010.7616439484
767047,223010.7616439484
767056,223010.7616439484
767092,223010.7616439484
767132,223010.7616439484
767229,223010.7616439484
767253,223010.7616439484
767260,223010.7616439484
767290,223010.7616439484
767319,223010.7616439484
767321,223010.7616439484
767366,223010.7616439484
767405,223010.7616439484
767407,223010.7616439484
767409,223010.7616439484
767414,223010.7616439484
767465,223010.7616439484
767487,223010.7616439484
767512,223010.7616439484
767558,223010.7616439484
767705,223010.7616439484
767856,223010.7616439484
768002,223010.7616439484
768343,223010.7616439484
768717,223010.7616439484
768790,223010.7616439484
768981,223010.7616439484
769002,166836.90998469398
769155,223010.7616439484
769216,223010.7616439484
769226,223010.7616439484
769575,223010.7616439484
769599,166836.90998469398
769768,223010.7616439484
769812,223010.7616439484
769898,223010.7616439484
769957,223010.7616439484
770294,223010.7616439484
770295,223010.7616439484
770484,223010.7616439484
770520,223010.7616439484
770523,223010.7616439484
770558,223010.7616439484
770682,223010.7616439484
770744,223010.7616439484
770751,223010.7616439484
770765,223010.7616439484
770777,223010.7616439484
770786,223010.7616439484
770972,223010.7616439484
771112,223010.7616439484
771113,223010.7616439484
771117,223010.7616439484
771118,223010.7616439484
771333,223010.7616439484
771397,223010.7616439484
771816,223010.7616439484
771858,223010.7616439484
772028,223010.7616439484
772107,223010.7616439484
772213,223010.7616439484
772214,223010.7616439484
774481,223010.7616439484
774546,223010.7616439484
774699,223010.7616439484
774950,223010.7616439484
775137,223010.7616439484
775139,223010.7616439484
775393,223010.7616439484
775537,223010.7616439484
775560,223010.7616439484
775652,223010.7616439484
775907,223010.7616439484
776742,223010.7616439484
776780,223010.7616439484
776781,223010.7616439484
776783,223010.7616439484
776981,223010.7616439484
777103,223010.7616439484
777106,223010.7616439484
777107,223010.7616439484
777108,223010.7616439484
777110,223010.7616439484
777117,223010.7616439484
777118,223010.7616439484
777121,223010.7616439484
777123,223010.7616439484
777125,223010.7616439484
777210,223010.7616439484
777453,223010.7616439484
777462,223010.7616439484
777464,223010.7616439484
777489,223010.7616439484
777572,223010.7616439484
778274,223010.7616439484
778564,223010.7616439484
778634,223010.7616439484
778678,223010.7616439484
778689,223010.7616439484
778791,223010.7616439484
778830,223010.7616439484
778851,223010.7616439484
778906,166836.90998469398
778948,223010.7616439484
778949,223010.7616439484
778952,223010.7616439484
778953,223010.7616439484
778956,223010.7616439484
778970,223010.7616439484
778976,223010.7616439484
779003,223010.7616439484
779077,223010.7616439484
779114,223010.7616439484
779141,223010.7616439484
779149,223010.7616439484
779215,223010.7616439484
779288,223010.7616439484
779384,223010.7616439484
779391,223010.7616439484
779392,223010.7616439484
779393,223010.7616439484
779705,223010.7616439484
779738,223010.7616439484
779782,223010.7616439484
779867,223010.7616439484
779904,223010.7616439484
779938,223010.7616439484
779977,223010.7616439484
779984,223010.7616439484
780002,223010.7616439484
780020,166836.90998469398
780073,223010.7616439484
780093,223010.7616439484
780095,223010.7616439484
780214,223010.7616439484
780253,223010.7616439484
780353,223010.7616439484
780376,223010.7616439484
780395,223010.7616439484
780419,223010.7616439484
780420,223010.7616439484
780421,223010.7616439484
780564,223010.7616439484
780596,223010.7616439484
780669,223010.7616439484
780694,223010.7616439484
780702,223010.7616439484
780715,223010.7616439484
780724,223010.7616439484
780846,223010.7616439484
780856,223010.7616439484
780863,223010.7616439484
780900,223010.7616439484
780951,223010.7616439484
781145,223010.7616439484
781275,223010.7616439484
781371,223010.7616439484
781416,223010.7616439484
781559,223010.7616439484
781563,223010.7616439484
781572,223010.7616439484
781698,223010.7616439484
781700,223010.7616439484
781825,223010.7616439484
781843,223010.7616439484
781844,223010.7616439484
781845,223010.7616439484
781846,223010.7616439484
781854,223010.7616439484
781859,223010.7616439484
781860,223010.7616439484
781866,223010.7616439484
781946,223010.7616439484
781982,223010.7616439484
782181,223010.7616439484
782201,223010.7616439484
782394,223010.7616439484
782416,223010.7616439484
782443,223010.7616439484
782452,223010.7616439484
782561,223010.7616439484
782627,223010.7616439484
782642,223010.7616439484
782665,223010.7616439484
782671,223010.7616439484
782675,223010.7616439484
782693,223010.7616439484
782705,223010.7616439484
782706,223010.7616439484
782708,223010.7616439484
782717,223010.7616439484
782722,166836.90998469398
782761,223010.7616439484
782782,223010.7616439484
782785,223010.7616439484
782849,223010.7616439484
782946,223010.7616439484
783038,223010.7616439484
783051,223010.7616439484
783056,223010.7616439484
783125,223010.7616439484
783130,223010.7616439484
783231,223010.7616439484
783260,223010.7616439484
783421,223010.7616439484
783512,223010.7616439484
783559,223010.7616439484
783604,223010.7616439484
783607,223010.7616439484
783636,223010.7616439484
783654,223010.7616439484
783811,223010.7616439484
783914,223010.7616439484
783951,223010.7616439484
783978,223010.7616439484
783979,223010.7616439484
784000,223010.7616439484
784012,223010.7616439484
784167,223010.7616439484
784275,223010.7616439484
784431,223010.7616439484
784568,223010.7616439484
784570,223010.7616439484
784737,223010.7616439484
784762,223010.7616439484
784768,223010.7616439484
784842,223010.7616439484
785009,223010.7616439484
785082,223010.7616439484
785261,223010.7616439484
785408,223010.7616439484
785455,223010.7616439484
785514,223010.7616439484
785588,166836.90998469398
785808,223010.7616439484
785820,223010.7616439484
785970,223010.7616439484
785973,223010.7616439484
786182,223010.7616439484
786183,223010.7616439484
786346,223010.7616439484
786447,223010.7616439484
786450,223010.7616439484
786451,223010.7616439484
786452,223010.7616439484
786456,223010.7616439484
786457,223010.7616439484
786484,223010.7616439484
786521,223010.7616439484
786587,223010.7616439484
786628,223010.7616439484
786831,223010.7616439484
786859,223010.7616439484
787068,223010.7616439484
787151,223010.7616439484
787208,223010.7616439484
787215,223010.7616439484
787216,223010.7616439484
787276,223010.7616439484
787281,223010.7616439484
787289,223010.7616439484
787291,223010.7616439484
787331,223010.7616439484
787343,223010.7616439484
787361,223010.7616439484
787369,223010.7616439484
787382,223010.7616439484
787385,223010.7616439484
787401,223010.7616439484
787405,223010.7616439484
787411,223010.7616439484
787454,223010.7616439484
787485,223010.7616439484
787486,223010.7616439484
787489,223010.7616439484
787490,223010.7616439484
787528,223010.7616439484
787529,223010.7616439484
787533,223010.7616439484
787535,223010.7616439484
787538,223010.7616439484
787555,223010.7616439484
787614,223010.7616439484
787634,223010.7616439484
787684,223010.7616439484
787868,223010.7616439484
788008,166836.90998469398
788356,223010.7616439484
788577,166836.90998469398
788645,223010.7616439484
788730,223010.7616439484
788820,223010.7616439484
788990,223010.7616439484
788994,223010.7616439484
789179,223010.7616439484
789327,223010.7616439484
789333,168834.93237516726
789339,223010.7616439484
789374,223010.7616439484
789389,223010.7616439484
789555,223010.7616439484
789568,223010.7616439484
789619,223010.7616439484
789638,223010.7616439484
789709,223010.7616439484
789843,223010.7616439484
789881,223010.7616439484
789964,223010.7616439484
789966,223010.7616439484
790026,223010.7616439484
790038,223010.7616439484
790115,223010.7616439484
790170,223010.7616439484
790184,223010.7616439484
790414,223010.7616439484
790625,223010.7616439484
790725,223010.7616439484
790798,223010.7616439484
790912,223010.7616439484
790918,223010.7616439484
790939,223010.7616439484
791067,223010.7616439484
791077,223010.7616439484
791182,223010.7616439484
791219,223010.7616439484
791221,223010.7616439484
791296,223010.7616439484
791314,223010.7616439484
791379,223010.7616439484
791445,223010.7616439484
791581,223010.7616439484
791589,223010.7616439484
791600,223010.7616439484
791608,223010.7616439484
791617,223010.7616439484
791813,223010.7616439484
791869,223010.7616439484
791870,223010.7616439484
792315,223010.7616439484
792695,223010.7616439484
793171,223010.7616439484
793172,223010.7616439484
793391,223010.7616439484
793620,223010.7616439484
793722,223010.7616439484
793967,223010.7616439484
794344,223010.7616439484
794498,223010.7616439484
794573,168834.93237516726
794576,223010.7616439484
794897,223010.7616439484
794968,223010.7616439484
796060,223010.7616439484
796252,223010.7616439484
796300,223010.7616439484
796537,223010.7616439484
796582,223010.7616439484
797433,223010.7616439484
797488,223010.7616439484
797489,223010.7616439484
797540,223010.7616439484
797866,223010.7616439484
798010,223010.7616439484
798026,223010.7616439484
799178,166836.90998469398
799179,166836.90998469398
799190,166836.90998469398
799234,223010.7616439484
799315,223010.7616439484
799472,223010.7616439484
799498,223010.7616439484
799561,166836.90998469398
799652,223010.7616439484
799732,223010.7616439484
800022,223010.7616439484
800237,223010.7616439484
800456,223010.7616439484
800963,223010.7616439484
801193,223010.7616439484
801250,223010.7616439484
801281,223010.7616439484
801487,223010.7616439484
801497,223010.7616439484
801503,223010.7616439484
801504,223010.7616439484
801727,223010.7616439484
801954,223010.7616439484
802096,166836.90998469398
802163,223010.7616439484
802196,223010.7616439484
802200,223010.7616439484
802270,223010.7616439484
802271,223010.7616439484
802331,223010.7616439484
802349,223010.7616439484
802375,223010.7616439484
802688,223010.7616439484
803023,223010.7616439484
803138,223010.7616439484
803310,166836.90998469398
803839,223010.7616439484
803941,223010.7616439484
804236,223010.7616439484
804237,223010.7616439484
804318,223010.7616439484
804335,223010.7616439484
804516,223010.7616439484
804572,223010.7616439484
804611,223010.7616439484
804663,223010.7616439484
804859,223010.7616439484
805515,223010.7616439484
805577,166836.90998469398
806450,223010.7616439484
806493,223010.7616439484
806508,223010.7616439484
806655,223010.7616439484
806775,223010.7616439484
806865,223010.7616439484
806936,223010.7616439484
806937,223010.7616439484
807537,223010.7616439484
807824,166836.90998469398
807826,166836.90998469398
808024,223010.7616439484
808123,223010.7616439484
808180,223010.7616439484
808340,223010.7616439484
808644,166836.90998469398
808647,166836.90998469398
809443,223010.7616439484
809444,223010.7616439484
809711,223010.7616439484
810556,223010.7616439484
810560,223010.7616439484
810574,223010.7616439484
810705,223010.7616439484
811018,223010.7616439484
811028,223010.7616439484
811104,223010.7616439484
811659,223010.7616439484
811817,223010.7616439484
811944,223010.7616439484
812472,223010.7616439484
812587,223010.7616439484
812588,223010.7616439484
812762,223010.7616439484
812914,223010.7616439484
813322,223010.7616439484
813323,223010.7616439484
813324,223010.7616439484
813361,223010.7616439484
813430,223010.7616439484
813750,223010.7616439484
813797,223010.7616439484
813800,223010.7616439484
814059,168834.93237516726
814159,223010.7616439484
814247,223010.7616439484
814306,223010.7616439484
814308,223010.7616439484
814310,223010.7616439484
814313,223010.7616439484
814338,166836.90998469398
814378,223010.7616439484
814381,223010.7616439484
814390,223010.7616439484
814448,223010.7616439484
814449,223010.7616439484
815043,223010.7616439484
815287,223010.7616439484
815582,223010.7616439484
815585,223010.7616439484
815640,223010.7616439484
816479,223010.7616439484
816525,223010.7616439484
816552,223010.7616439484
816589,223010.7616439484
816592,223010.7616439484
816594,223010.7616439484
816608,223010.7616439484
816611,223010.7616439484
816676,223010.7616439484
816679,223010.7616439484
816850,223010.7616439484
816967,166836.90998469398
816968,166836.90998469398
816969,166836.90998469398
816972,166836.90998469398
816974,166836.90998469398
817091,223010.7616439484
817550,223010.7616439484
817647,223010.7616439484
817658,223010.7616439484
817662,223010.7616439484
817752,223010.7616439484
817883,223010.7616439484
817978,223010.7616439484
818057,223010.7616439484
818059,223010.7616439484
818170,223010.7616439484
818217,223010.7616439484
818229,223010.7616439484
818316,223010.7616439484
818405,223010.7616439484
818412,223010.7616439484
818488,223010.7616439484
818498,223010.7616439484
818519,223010.7616439484
818520,223010.7616439484
818601,223010.7616439484
818620,223010.7616439484
818629,223010.7616439484
818668,223010.7616439484
818906,223010.7616439484
818951,223010.7616439484
818981,223010.7616439484
819022,223010.7616439484
819052,223010.7616439484
819088,223010.7616439484
819090,223010.7616439484
819154,223010.7616439484
819224,223010.7616439484
819477,223010.7616439484
819505,223010.7616439484
819532,223010.7616439484
819599,223010.7616439484
819624,223010.7616439484
819689,223010.7616439484
819690,223010.7616439484
819694,223010.7616439484
819729,166836.90998469398
819737,223010.7616439484
819839,223010.7616439484
819946,223010.7616439484
820010,223010.7616439484
820047,223010.7616439484
820221,223010.7616439484
820343,223010.7616439484
820369,223010.7616439484
820444,223010.7616439484
820485,223010.7616439484
820520,223010.7616439484
820534,223010.7616439484
820549,223010.7616439484
820550,223010.7616439484
820560,223010.7616439484
820576,223010.7616439484
820608,223010.7616439484
820640,223010.7616439484
820668,223010.7616439484
820672,223010.7616439484
820758,223010.7616439484
820763,223010.7616439484
820797,223010.7616439484
820936,223010.7616439484
821001,223010.7616439484
821049,223010.7616439484
821050,223010.7616439484
821087,223010.7616439484
821251,223010.7616439484
821372,223010.7616439484
821381,223010.7616439484
821423,166836.90998469398
821616,223010.7616439484
821664,223010.7616439484
821715,223010.7616439484
821753,223010.7616439484
821791,223010.7616439484
821800,223010.7616439484
821820,223010.7616439484
821825,223010.7616439484
821826,223010.7616439484
821876,223010.7616439484
821888,223010.7616439484
821895,223010.7616439484
822024,223010.7616439484
822169,223010.7616439484
822190,223010.7616439484
822347,223010.7616439484
822354,223010.7616439484
822421,223010.7616439484
822422,223010.7616439484
822432,223010.7616439484
822445,223010.7616439484
822453,223010.7616439484
822456,223010.7616439484
822457,223010.7616439484
822552,223010.7616439484
822622,223010.7616439484
822624,223010.7616439484
822635,223010.7616439484
822656,223010.7616439484
822684,223010.7616439484
822688,223010.7616439484
822777,223010.7616439484
822785,223010.7616439484
822858,223010.7616439484
822880,223010.7616439484
822882,223010.7616439484
822883,223010.7616439484
822930,223010.7616439484
823118,223010.7616439484
823126,223010.7616439484
823190,223010.7616439484
823243,223010.7616439484
823305,223010.7616439484
823338,223010.7616439484
823411,223010.7616439484
823441,223010.7616439484
823596,223010.7616439484
823639,223010.7616439484
823761,223010.7616439484
823773,223010.7616439484
823798,223010.7616439484
823815,223010.7616439484
823830,223010.7616439484
823846,223010.7616439484
823949,223010.7616439484
823958,223010.7616439484
824041,223010.7616439484
824138,223010.7616439484
824141,223010.7616439484
824236,223010.7616439484
824250,223010.7616439484
824261,223010.7616439484
824528,223010.7616439484
824533,223010.7616439484
824564,223010.7616439484
824568,223010.7616439484
824571,223010.7616439484
824575,223010.7616439484
824602,223010.7616439484
824686,223010.7616439484
824788,223010.7616439484
824810,223010.7616439484
824857,223010.7616439484
824886,223010.7616439484
824906,223010.7616439484
825094,223010.7616439484
825107,223010.7616439484
825186,223010.7616439484
825386,223010.7616439484
825462,223010.7616439484
825470,223010.7616439484
825472,223010.7616439484
825473,223010.7616439484
825700,223010.7616439484
825862,223010.7616439484
825950,223010.7616439484
826171,223010.7616439484
826173,223010.7616439484
826309,223010.7616439484
826322,223010.7616439484
826408,223010.7616439484
826453,223010.7616439484
826522,223010.7616439484
826555,223010.7616439484
826607,223010.7616439484
826650,223010.7616439484
826863,223010.7616439484
826864,223010.7616439484
826881,223010.7616439484
826893,223010.7616439484
826896,223010.7616439484
826968,223010.7616439484
826977,223010.7616439484
827191,223010.7616439484
827214,223010.7616439484
827230,223010.7616439484
827234,223010.7616439484
827325,223010.7616439484
827359,223010.7616439484
827399,223010.7616439484
827481,223010.7616439484
827619,223010.7616439484
827688,223010.7616439484
827711,223010.7616439484
827954,223010.7616439484
828025,223010.7616439484
828031,223010.7616439484
828082,223010.7616439484
828144,223010.7616439484
828174,223010.7616439484
828265,223010.7616439484
828273,223010.7616439484
828285,223010.7616439484
828351,223010.7616439484
828477,223010.7616439484
828604,223010.7616439484
828623,223010.7616439484
828718,223010.7616439484
828750,223010.7616439484
828793,223010.7616439484
828812,223010.7616439484
828827,223010.7616439484
828862,166836.90998469398
828965,223010.7616439484
829067,223010.7616439484
829087,223010.7616439484
829171,223010.7616439484
829240,223010.7616439484
829278,223010.7616439484
829282,223010.7616439484
829293,223010.7616439484
829295,223010.7616439484
829318,223010.7616439484
829322,223010.7616439484
829336,223010.7616439484
829344,223010.7616439484
829351,223010.7616439484
829359,223010.7616439484
829367,223010.7616439484
829372,223010.7616439484
829378,223010.7616439484
829383,223010.7616439484
829389,223010.7616439484
829390,223010.7616439484
829395,223010.7616439484
829413,223010.7616439484
829417,223010.7616439484
829419,223010.7616439484
829599,223010.7616439484
829600,223010.7616439484
829612,223010.7616439484
829673,166836.90998469398
829767,223010.7616439484
829883,223010.7616439484
829947,223010.7616439484
830002,223010.7616439484
830122,223010.7616439484
830143,223010.7616439484
830151,223010.7616439484
830160,223010.7616439484
830199,223010.7616439484
830245,223010.7616439484
830262,168834.93237516726
830265,168834.93237516726
830279,223010.7616439484
830280,223010.7616439484
830333,223010.7616439484
830384,223010.7616439484
830410,223010.7616439484
830446,223010.7616439484
830448,223010.7616439484
830535,166836.90998469398
830581,166836.90998469398
830587,223010.7616439484
830702,223010.7616439484
830731,166836.90998469398
830739,223010.7616439484
830764,223010.7616439484
830772,166836.90998469398
830774,166836.90998469398
830971,223010.7616439484
831037,223010.7616439484
831091,223010.7616439484
831105,223010.7616439484
831106,223010.7616439484
831112,223010.7616439484
831247,223010.7616439484
831261,166836.90998469398
831269,223010.7616439484
831321,223010.7616439484
831459,223010.7616439484
831529,223010.7616439484
831628,223010.7616439484
831792,223010.7616439484
831881,166836.90998469398
831882,166836.90998469398
831883,166836.90998469398
831884,166836.90998469398
831910,223010.7616439484
831944,223010.7616439484
831946,166836.90998469398
831947,166836.90998469398
831949,166836.90998469398
831950,166836.90998469398
831960,223010.7616439484
831961,223010.7616439484
831974,223010.7616439484
832022,223010.7616439484
832156,223010.7616439484
832213,223010.7616439484
832254,223010.7616439484
832261,223010.7616439484
832343,223010.7616439484
832367,223010.7616439484
832436,223010.7616439484
832439,166836.90998469398
832460,223010.7616439484
832470,223010.7616439484
832511,223010.7616439484
832513,223010.7616439484
832624,223010.7616439484
832707,223010.7616439484
832726,223010.7616439484
832780,223010.7616439484
832924,223010.7616439484
832953,223010.7616439484
833013,223010.7616439484
833045,223010.7616439484
833051,223010.7616439484
833052,223010.7616439484
833055,223010.7616439484
833056,223010.7616439484
833057,223010.7616439484
833058,223010.7616439484
833091,223010.7616439484
833216,223010.7616439484
833233,223010.7616439484
833350,223010.7616439484
833459,223010.7616439484
833510,223010.7616439484
833525,223010.7616439484
833527,223010.7616439484
833554,223010.7616439484
833634,223010.7616439484
833668,223010.7616439484
833688,223010.7616439484
833789,223010.7616439484
833827,223010.7616439484
833846,223010.7616439484
833858,223010.7616439484
833886,223010.7616439484
833925,223010.7616439484
833968,223010.7616439484
834026,223010.7616439484
834042,223010.7616439484
834049,223010.7616439484
834113,223010.7616439484
834265,223010.7616439484
834280,223010.7616439484
834315,223010.7616439484
834335,223010.7616439484
834341,223010.7616439484
834343,223010.7616439484
834348,223010.7616439484
834350,223010.7616439484
834391,223010.7616439484
834443,223010.7616439484
834451,223010.7616439484
834514,223010.7616439484
834613,223010.7616439484
834616,223010.7616439484
834623,223010.7616439484
834662,223010.7616439484
834702,223010.7616439484
834746,223010.7616439484
834751,223010.7616439484
834764,166836.90998469398
834785,223010.7616439484
834788,223010.7616439484
834836,223010.7616439484
834858,223010.7616439484
834903,223010.7616439484
834917,223010.7616439484
834959,223010.7616439484
835037,223010.7616439484
835090,223010.7616439484
835122,223010.7616439484
835129,223010.7616439484
835137,223010.7616439484
835262,223010.7616439484
835290,223010.7616439484
835307,223010.7616439484
835336,223010.7616439484
835361,223010.7616439484
835388,223010.7616439484
835459,223010.7616439484
835465,223010.7616439484
835522,223010.7616439484
835523,223010.7616439484
835635,223010.7616439484
835651,223010.7616439484
835661,223010.7616439484
835673,223010.7616439484
835692,223010.7616439484
835759,223010.7616439484
835813,223010.7616439484
835814,223010.7616439484
835816,223010.7616439484
835884,223010.7616439484
835965,223010.7616439484
836013,223010.7616439484
836041,223010.7616439484
836103,223010.7616439484
836173,223010.7616439484
836254,223010.7616439484
836316,223010.7616439484
836341,223010.7616439484
836417,223010.7616439484
836550,223010.7616439484
836555,166836.90998469398
836556,223010.7616439484
836559,223010.7616439484
836561,223010.7616439484
836562,223010.7616439484
836563,223010.7616439484
836564,223010.7616439484
836566,223010.7616439484
836735,223010.7616439484
836782,223010.7616439484
836821,223010.7616439484
837005,223010.7616439484
837092,223010.7616439484
837095,223010.7616439484
837197,223010.7616439484
837467,223010.7616439484
837506,223010.7616439484
837521,223010.7616439484
837550,223010.7616439484
837592,223010.7616439484
837618,223010.7616439484
837632,223010.7616439484
837642,166836.90998469398
837658,223010.7616439484
837769,223010.7616439484
837779,223010.7616439484
837784,223010.7616439484
837831,223010.7616439484
837832,223010.7616439484
837836,223010.7616439484
837961,223010.7616439484
838054,223010.7616439484
838186,223010.7616439484
838254,223010.7616439484
838257,223010.7616439484
838287,223010.7616439484
838374,223010.7616439484
838443,223010.7616439484
838471,223010.7616439484
838609,166836.90998469398
838636,223010.7616439484
838681,223010.7616439484
838696,223010.7616439484
838729,223010.7616439484
838745,166836.90998469398
838778,223010.7616439484
838834,223010.7616439484
838840,223010.7616439484
839042,223010.7616439484
839134,223010.7616439484
839179,223010.7616439484
839299,223010.7616439484
839328,223010.7616439484
839358,223010.7616439484
839379,223010.7616439484
839481,223010.7616439484
839688,166836.90998469398
839804,223010.7616439484
839807,223010.7616439484
839857,223010.7616439484
839875,223010.7616439484
839896,223010.7616439484
839906,223010.7616439484
839907,223010.7616439484
839912,223010.7616439484
839923,223010.7616439484
839964,223010.7616439484
840015,166836.90998469398
840075,223010.7616439484
840137,223010.7616439484
840187,223010.7616439484
840267,223010.7616439484
840277,223010.7616439484
840279,223010.7616439484
840282,223010.7616439484
840284,223010.7616439484
840287,223010.7616439484
840313,223010.7616439484
840333,223010.7616439484
840334,223010.7616439484
840337,166836.90998469398
840425,223010.7616439484
840558,223010.7616439484
840569,223010.7616439484
840632,223010.7616439484
840829,223010.7616439484
840859,223010.7616439484
840895,223010.7616439484
840951,223010.7616439484
841008,223010.7616439484
841041,223010.7616439484
841075,223010.7616439484
841077,223010.7616439484
841273,223010.7616439484
841289,223010.7616439484
841313,223010.7616439484
841337,166836.90998469398
841354,223010.7616439484
841376,223010.7616439484
841400,223010.7616439484
841446,223010.7616439484
841484,223010.7616439484
841515,223010.7616439484
841521,223010.7616439484
841536,223010.7616439484
841557,223010.7616439484
841585,223010.7616439484
841696,223010.7616439484
841763,223010.7616439484
841803,223010.7616439484
841851,223010.7616439484
841869,166836.90998469398
841984,223010.7616439484
842034,223010.7616439484
842041,223010.7616439484
842044,223010.7616439484
842056,223010.7616439484
842219,223010.7616439484
842222,223010.7616439484
842243,223010.7616439484
842245,223010.7616439484
842350,223010.7616439484
842357,223010.7616439484
842459,223010.7616439484
842460,223010.7616439484
842623,168834.93237516726
842624,223010.7616439484
842791,223010.7616439484
842797,223010.7616439484
842808,223010.7616439484
842868,223010.7616439484
842953,223010.7616439484
842960,223010.7616439484
843026,223010.7616439484
843041,223010.7616439484
843066,223010.7616439484
843070,223010.7616439484
843072,223010.7616439484
843183,223010.7616439484
843192,223010.7616439484
843194,223010.7616439484
843197,223010.7616439484
843201,223010.7616439484
843205,223010.7616439484
843339,223010.7616439484
843353,223010.7616439484
843397,166836.90998469398
843417,223010.7616439484
843468,166836.90998469398
843471,223010.7616439484
843505,223010.7616439484
843512,223010.7616439484
843536,223010.7616439484
843564,223010.7616439484
843575,223010.7616439484
843622,223010.7616439484
843737,223010.7616439484
843742,223010.7616439484
843767,223010.7616439484
843770,223010.7616439484
843784,223010.7616439484
843794,223010.7616439484
843797,223010.7616439484
843906,223010.7616439484
843914,223010.7616439484
843942,223010.7616439484
843943,223010.7616439484
843979,223010.7616439484
843980,223010.7616439484
843993,223010.7616439484
844008,223010.7616439484
844035,223010.7616439484
844085,223010.7616439484
844097,223010.7616439484
844104,223010.7616439484
844109,223010.7616439484
844110,223010.7616439484
844126,223010.7616439484
844162,223010.7616439484
844165,223010.7616439484
844198,223010.7616439484
844211,223010.7616439484
844233,223010.7616439484
844310,223010.7616439484
844316,223010.7616439484
844329,223010.7616439484
844338,223010.7616439484
844468,223010.7616439484
844503,223010.7616439484
844536,223010.7616439484
844539,223010.7616439484
844564,223010.7616439484
844590,223010.7616439484
844617,223010.7616439484
844640,223010.7616439484
844716,223010.7616439484
844747,223010.7616439484
844748,223010.7616439484
844755,223010.7616439484
844762,223010.7616439484
844789,223010.7616439484
844804,223010.7616439484
844846,166836.90998469398
844847,166836.90998469398
844849,223010.7616439484
844855,166836.90998469398
844856,166836.90998469398
844857,166836.90998469398
844862,223010.7616439484
844886,223010.7616439484
844915,223010.7616439484
844925,223010.7616439484
844991,223010.7616439484
844993,166836.90998469398
845024,223010.7616439484
845033,223010.7616439484
845082,223010.7616439484
845083,223010.7616439484
845096,223010.7616439484
845106,223010.7616439484
845107,223010.7616439484
845121,223010.7616439484
845124,223010.7616439484
845155,223010.7616439484
845166,223010.7616439484
845183,223010.7616439484
845217,223010.7616439484
845244,223010.7616439484
845251,223010.7616439484
845344,223010.7616439484
845370,223010.7616439484
845397,166836.90998469398
845405,223010.7616439484
845471,223010.7616439484
845486,223010.7616439484
845528,223010.7616439484
845534,223010.7616439484
845545,223010.7616439484
845594,223010.7616439484
845685,166836.90998469398
845705,223010.7616439484
845720,223010.7616439484
845802,223010.7616439484
845879,166836.90998469398
845943,223010.7616439484
845962,223010.7616439484
846140,223010.7616439484
846147,223010.7616439484
846152,223010.7616439484
846284,223010.7616439484
846499,223010.7616439484
846556,223010.7616439484
846559,223010.7616439484
846573,223010.7616439484
846575,223010.7616439484
846768,168834.93237516726
846871,223010.7616439484
846968,223010.7616439484
847095,223010.7616439484
847100,223010.7616439484
847161,223010.7616439484
847191,223010.7616439484
847227,223010.7616439484
847230,223010.7616439484
847306,223010.7616439484
847476,223010.7616439484
847537,223010.7616439484
847657,223010.7616439484
847727,223010.7616439484
847766,223010.7616439484
847773,223010.7616439484
847809,223010.7616439484
847861,223010.7616439484
847892,223010.7616439484
847917,166836.90998469398
847950,223010.7616439484
848039,166836.90998469398
848093,223010.7616439484
848095,223010.7616439484
848112,223010.7616439484
848157,223010.7616439484
848164,223010.7616439484
848302,223010.7616439484
848330,223010.7616439484
848365,223010.7616439484
848375,223010.7616439484
848386,223010.7616439484
848437,223010.7616439484
848493,223010.7616439484
848543,166836.90998469398
848549,223010.7616439484
848623,223010.7616439484
848661,166836.90998469398
848707,223010.7616439484
848775,223010.7616439484
848843,223010.7616439484
848978,223010.7616439484
848989,223010.7616439484
849002,223010.7616439484
849024,223010.7616439484
849047,223010.7616439484
849062,223010.7616439484
849064,223010.7616439484
936612,223010.7616439484
936685,223010.7616439484
936696,223010.7616439484
936725,223010.7616439484
936735,223010.7616439484
936772,223010.7616439484
936806,223010.7616439484
936808,223010.7616439484
936854,223010.7616439484
936871,223010.7616439484
936899,223010.7616439484
936915,223010.7616439484
936923,223010.7616439484
936950,223010.7616439484
936973,223010.7616439484
937001,223010.7616439484
937003,223010.7616439484
937056,166836.90998469398
937090,223010.7616439484
937110,223010.7616439484
937130,223010.7616439484
937183,223010.7616439484
937255,223010.7616439484
937276,223010.7616439484
937318,223010.7616439484
937335,223010.7616439484
937337,223010.7616439484
937358,223010.7616439484
937360,223010.7616439484
937362,223010.7616439484
937390,223010.7616439484
937462,223010.7616439484
937472,223010.7616439484
937477,223010.7616439484
937493,223010.7616439484
937518,223010.7616439484
937519,223010.7616439484
937555,223010.7616439484
937658,223010.7616439484
937662,166836.90998469398
937663,166836.90998469398
937665,166836.90998469398
937676,223010.7616439484
937694,223010.7616439484
937735,223010.7616439484
937740,223010.7616439484
937751,223010.7616439484
937776,223010.7616439484
937780,223010.7616439484
937812,223010.7616439484
937813,223010.7616439484
937943,223010.7616439484
938043,223010.7616439484
938056,223010.7616439484
938064,223010.7616439484
938068,223010.7616439484
938080,223010.7616439484
938114,223010.7616439484
938187,223010.7616439484
938204,223010.7616439484
938206,223010.7616439484
938209,223010.7616439484
938212,223010.7616439484
938232,223010.7616439484
938233,223010.7616439484
938349,223010.7616439484
938350,223010.7616439484
938351,223010.7616439484
938354,223010.7616439484
938361,223010.7616439484
938362,223010.7616439484
938363,223010.7616439484
938433,223010.7616439484
938579,223010.7616439484
938635,223010.7616439484
938636,223010.7616439484
938637,223010.7616439484
938639,223010.7616439484
938651,223010.7616439484
938670,223010.7616439484
938703,223010.7616439484
938705,223010.7616439484
938715,223010.7616439484
938733,223010.7616439484
938812,223010.7616439484
938814,223010.7616439484
938894,223010.7616439484
938913,223010.7616439484
938938,223010.7616439484
938957,223010.7616439484
938990,223010.7616439484
939010,223010.7616439484
939028,223010.7616439484
939075,223010.7616439484
939121,223010.7616439484
939133,223010.7616439484
939146,223010.7616439484
939224,223010.7616439484
939227,223010.7616439484
939256,223010.7616439484
939297,223010.7616439484
939305,223010.7616439484
939310,223010.7616439484
939349,223010.7616439484
939360,223010.7616439484
939392,223010.7616439484
939400,223010.7616439484
939409,166836.90998469398
939411,166836.90998469398
939414,166836.90998469398
939420,166836.90998469398
939421,166836.90998469398
939438,223010.7616439484
939494,166836.90998469398
939496,166836.90998469398
939497,166836.90998469398
939501,223010.7616439484
939587,223010.7616439484
939589,223010.7616439484
939629,223010.7616439484
939636,223010.7616439484
939645,223010.7616439484
939650,223010.7616439484
939666,223010.7616439484
939669,223010.7616439484
939711,223010.7616439484
939877,223010.7616439484
939886,223010.7616439484
939890,223010.7616439484
939892,223010.7616439484
939905,223010.7616439484
939930,223010.7616439484
939935,223010.7616439484
939960,223010.7616439484
939964,223010.7616439484
939970,223010.7616439484
940066,223010.7616439484
940094,223010.7616439484
940095,223010.7616439484
940096,223010.7616439484
940118,166836.90998469398
940138,223010.7616439484
940168,223010.7616439484
940172,223010.7616439484
940240,166836.90998469398
940262,223010.7616439484
940282,166836.90998469398
940283,166836.90998469398
940336,223010.7616439484
940389,223010.7616439484
940487,223010.7616439484
940552,223010.7616439484
940571,223010.7616439484
940579,223010.7616439484
940602,223010.7616439484
940627,223010.7616439484
940735,223010.7616439484
940740,223010.7616439484
940742,223010.7616439484
940767,223010.7616439484
940788,223010.7616439484
940807,223010.7616439484
940855,223010.7616439484
940868,223010.7616439484
940875,223010.7616439484
940876,223010.7616439484
940890,223010.7616439484
940950,223010.7616439484
941026,223010.7616439484
941059,223010.7616439484
941089,223010.7616439484
941112,223010.7616439484
941121,223010.7616439484
941123,223010.7616439484
941146,223010.7616439484
941344,223010.7616439484
941346,223010.7616439484
941369,223010.7616439484
941370,223010.7616439484
941373,223010.7616439484
941384,223010.7616439484
941500,223010.7616439484
941524,223010.7616439484
941554,223010.7616439484
941713,223010.7616439484
941780,223010.7616439484
941782,223010.7616439484
941786,223010.7616439484
941790,223010.7616439484
941791,223010.7616439484
941792,223010.7616439484
941793,223010.7616439484
941797,223010.7616439484
941798,166836.90998469398
941801,223010.7616439484
941810,223010.7616439484
941826,223010.7616439484
941843,223010.7616439484
941862,223010.7616439484
941864,223010.7616439484
941867,223010.7616439484
941875,223010.7616439484
941876,223010.7616439484
941881,223010.7616439484
941883,223010.7616439484
941884,223010.7616439484
941891,223010.7616439484
941919,223010.7616439484
941959,166836.90998469398
942057,223010.7616439484
942070,223010.7616439484
942098,223010.7616439484
942103,223010.7616439484
942105,223010.7616439484
942106,223010.7616439484
942109,223010.7616439484
942111,223010.7616439484
942113,223010.7616439484
942115,223010.7616439484
942116,223010.7616439484
942130,223010.7616439484
942139,223010.7616439484
942145,223010.7616439484
942168,223010.7616439484
942177,223010.7616439484
942181,223010.7616439484
942196,223010.7616439484
942210,223010.7616439484
942217,223010.7616439484
942275,223010.7616439484
942370,223010.7616439484
942375,223010.7616439484
942383,223010.7616439484
942415,223010.7616439484
942422,223010.7616439484
942463,223010.7616439484
942469,223010.7616439484
942480,223010.7616439484
942488,223010.7616439484
942583,223010.7616439484
942628,166836.90998469398
942635,223010.7616439484
942636,223010.7616439484
942651,223010.7616439484
942653,223010.7616439484
942655,223010.7616439484
942657,223010.7616439484
942741,223010.7616439484
942753,166836.90998469398
942779,223010.7616439484
942802,223010.7616439484
942843,223010.7616439484
942844,223010.7616439484
942890,223010.7616439484
942964,223010.7616439484
942968,223010.7616439484
942969,223010.7616439484
942985,223010.7616439484
942989,223010.7616439484
942990,223010.7616439484
943022,168834.93237516726
943032,223010.7616439484
943039,223010.7616439484
943044,223010.7616439484
943112,223010.7616439484
943140,223010.7616439484
943141,223010.7616439484
943143,223010.7616439484
943145,223010.7616439484
943149,223010.7616439484
943167,223010.7616439484
943193,223010.7616439484
943238,223010.7616439484
943352,223010.7616439484
943368,223010.7616439484
943373,223010.7616439484
943397,223010.7616439484
943398,166836.90998469398
943402,223010.7616439484
943412,166836.90998469398
943473,223010.7616439484
943478,223010.7616439484
943482,166836.90998469398
943484,223010.7616439484
943489,223010.7616439484
943497,223010.7616439484
943503,223010.7616439484
943504,223010.7616439484
943505,223010.7616439484
943592,223010.7616439484
943684,223010.7616439484
943693,223010.7616439484
943696,223010.7616439484
943698,223010.7616439484
943699,223010.7616439484
943750,223010.7616439484
943756,223010.7616439484
943782,223010.7616439484
943783,223010.7616439484
943810,223010.7616439484
943821,223010.7616439484
943822,223010.7616439484
943872,223010.7616439484
943889,223010.7616439484
943928,223010.7616439484
943939,223010.7616439484
943944,223010.7616439484
943953,223010.7616439484
943954,223010.7616439484
943955,223010.7616439484
943960,223010.7616439484
943964,223010.7616439484
943968,168834.93237516726
943969,168834.93237516726
943985,223010.7616439484
944000,168834.93237516726
944002,223010.7616439484
944018,223010.7616439484
944025,223010.7616439484
944030,223010.7616439484
944101,223010.7616439484
944105,223010.7616439484
944256,223010.7616439484
944265,223010.7616439484
944289,223010.7616439484
944295,223010.7616439484
944305,223010.7616439484
944306,223010.7616439484
944312,223010.7616439484
944341,223010.7616439484
944342,223010.7616439484
944347,223010.7616439484
944360,223010.7616439484
944384,223010.7616439484
944425,223010.7616439484
944434,166836.90998469398
944435,166836.90998469398
944436,166836.90998469398
944442,223010.7616439484
944552,223010.7616439484
944568,223010.7616439484
944662,223010.7616439484
944671,223010.7616439484
944683,223010.7616439484
944887,223010.7616439484
944902,223010.7616439484
944906,166836.90998469398
944913,223010.7616439484
944921,223010.7616439484
944935,223010.7616439484
944942,223010.7616439484
944943,223010.7616439484
944955,223010.7616439484
944967,223010.7616439484
945015,223010.7616439484
945046,223010.7616439484
945082,223010.7616439484
945116,223010.7616439484
945151,223010.7616439484
945180,223010.7616439484
945181,223010.7616439484
945182,223010.7616439484
945273,223010.7616439484
945283,223010.7616439484
945305,223010.7616439484
945332,223010.7616439484
945388,223010.7616439484
945444,223010.7616439484
945448,223010.7616439484
945453,223010.7616439484
945454,223010.7616439484
945470,223010.7616439484
945495,223010.7616439484
945498,223010.7616439484
945505,223010.7616439484
945513,223010.7616439484
945554,223010.7616439484
945590,166836.90998469398
945627,223010.7616439484
945628,223010.7616439484
945629,223010.7616439484
945630,223010.7616439484
945749,223010.7616439484
945790,223010.7616439484
945801,223010.7616439484
945838,223010.7616439484
945839,223010.7616439484
945840,223010.7616439484
945843,223010.7616439484
945880,223010.7616439484
945900,223010.7616439484
945901,223010.7616439484
945902,223010.7616439484
945903,223010.7616439484
945940,223010.7616439484
945942,223010.7616439484
945945,223010.7616439484
945946,223010.7616439484
945952,223010.7616439484
945965,223010.7616439484
945967,223010.7616439484
945997,223010.7616439484
945998,223010.7616439484
946016,223010.7616439484
946307,223010.7616439484
946318,223010.7616439484
946327,223010.7616439484
946351,223010.7616439484
946358,223010.7616439484
946373,223010.7616439484
946376,223010.7616439484
946385,223010.7616439484
946386,223010.7616439484
946397,223010.7616439484
946398,223010.7616439484
946401,223010.7616439484
946403,223010.7616439484
946433,223010.7616439484
946446,223010.7616439484
946447,223010.7616439484
946448,223010.7616439484
946462,223010.7616439484
946463,223010.7616439484
946492,223010.7616439484
946496,223010.7616439484
946540,223010.7616439484
946541,223010.7616439484
946591,223010.7616439484
946601,223010.7616439484
946638,223010.7616439484
946640,223010.7616439484
946653,223010.7616439484
946678,223010.7616439484
946687,223010.7616439484
946688,223010.7616439484
946689,223010.7616439484
946716,223010.7616439484
946732,223010.7616439484
946738,223010.7616439484
946746,166836.90998469398
946779,223010.7616439484
946784,223010.7616439484
946788,223010.7616439484
946820,223010.7616439484
946836,223010.7616439484
946870,223010.7616439484
946873,223010.7616439484
946896,223010.7616439484
946944,223010.7616439484
946972,223010.7616439484
946973,223010.7616439484
947007,223010.7616439484
947031,223010.7616439484
947057,223010.7616439484
947141,223010.7616439484
947176,223010.7616439484
947187,223010.7616439484
947206,223010.7616439484
947216,223010.7616439484
947274,223010.7616439484
947300,223010.7616439484
947332,223010.7616439484
947383,223010.7616439484
947395,223010.7616439484
947405,223010.7616439484
947436,223010.7616439484
947473,223010.7616439484
947495,223010.7616439484
947530,223010.7616439484
947537,223010.7616439484
947552,223010.7616439484
947564,223010.7616439484
947584,223010.7616439484
947625,223010.7616439484
947677,223010.7616439484
947689,223010.7616439484
947698,223010.7616439484
947699,223010.7616439484
947700,223010.7616439484
947701,223010.7616439484
947702,223010.7616439484
947725,223010.7616439484
947743,223010.7616439484
947833,223010.7616439484
947872,223010.7616439484
947881,223010.7616439484
947930,223010.7616439484
947977,223010.7616439484
948034,166836.90998469398
948036,166836.90998469398
948039,166836.90998469398
948066,223010.7616439484
948107,223010.7616439484
948115,223010.7616439484
948121,166836.90998469398
948137,223010.7616439484
948148,223010.7616439484
948306,223010.7616439484
948339,223010.7616439484
948361,223010.7616439484
948386,166836.90998469398
948387,166836.90998469398
948388,166836.90998469398
948423,223010.7616439484
948470,223010.7616439484
948479,223010.7616439484
948484,166836.90998469398
948486,166836.90998469398
948598,223010.7616439484
948607,223010.7616439484
948629,166836.90998469398
948630,166836.90998469398
948631,166836.90998469398
948632,166836.90998469398
948633,166836.90998469398
948641,166836.90998469398
948643,166836.90998469398
948651,166836.90998469398
948652,166836.90998469398
948675,223010.7616439484
948740,223010.7616439484
948743,223010.7616439484
948744,223010.7616439484
948745,223010.7616439484
948774,223010.7616439484
948789,223010.7616439484
948807,223010.7616439484
948808,223010.7616439484
948809,223010.7616439484
948813,223010.7616439484
948816,223010.7616439484
948819,223010.7616439484
948830,223010.7616439484
948870,223010.7616439484
948912,223010.7616439484
948941,223010.7616439484
949105,223010.7616439484
949143,223010.7616439484
949144,223010.7616439484
949147,223010.7616439484
949248,223010.7616439484
949250,223010.7616439484
949278,223010.7616439484
949283,223010.7616439484
949293,223010.7616439484
949340,223010.7616439484
949379,223010.7616439484
949426,223010.7616439484
949427,223010.7616439484
949428,223010.7616439484
949431,223010.7616439484
949443,223010.7616439484
949474,223010.7616439484
949492,223010.7616439484
949501,223010.7616439484
949517,223010.7616439484
949518,223010.7616439484
949519,223010.7616439484
949529,223010.7616439484
949544,166836.90998469398
949545,166836.90998469398
949584,223010.7616439484
949592,223010.7616439484
949593,223010.7616439484
949627,223010.7616439484
949651,223010.7616439484
949661,223010.7616439484
949762,223010.7616439484
949815,223010.7616439484
949827,223010.7616439484
949858,223010.7616439484
949933,223010.7616439484
949934,223010.7616439484
949943,166836.90998469398
949960,223010.7616439484
950036,223010.7616439484
950037,223010.7616439484
950038,223010.7616439484
950039,223010.7616439484
950044,223010.7616439484
950060,223010.7616439484
950088,223010.7616439484
950194,223010.7616439484
950227,223010.7616439484
950234,223010.7616439484
950303,223010.7616439484
950339,223010.7616439484
950374,223010.7616439484
950378,223010.7616439484
950382,223010.7616439484
950385,223010.7616439484
950489,166836.90998469398
950576,223010.7616439484
950581,223010.7616439484
950583,223010.7616439484
950584,223010.7616439484
950585,223010.7616439484
950607,166836.90998469398
950630,223010.7616439484
950634,223010.7616439484
950664,223010.7616439484
950671,223010.7616439484
950686,223010.7616439484
950746,223010.7616439484
950751,223010.7616439484
950916,223010.7616439484
951001,223010.7616439484
951065,223010.7616439484
951129,223010.7616439484
951162,223010.7616439484
951195,223010.7616439484
951200,223010.7616439484
951201,223010.7616439484
951405,223010.7616439484
951412,223010.7616439484
951454,223010.7616439484
951460,223010.7616439484
951463,223010.7616439484
951471,223010.7616439484
951553,223010.7616439484
951564,223010.7616439484
951646,223010.7616439484
951663,166836.90998469398
951687,223010.7616439484
951692,223010.7616439484
951704,223010.7616439484
951780,223010.7616439484
951782,223010.7616439484
951915,223010.7616439484
951963,223010.7616439484
951975,223010.7616439484
951988,223010.7616439484
952013,223010.7616439484
952025,223010.7616439484
952036,223010.7616439484
952096,223010.7616439484
952268,223010.7616439484
952271,223010.7616439484
952273,223010.7616439484
952448,223010.7616439484
952466,223010.7616439484
952537,223010.7616439484
952541,166836.90998469398
952545,223010.7616439484
952546,223010.7616439484
952566,223010.7616439484
952651,223010.7616439484
952689,223010.7616439484
952699,223010.7616439484
952773,166836.90998469398
952778,223010.7616439484
952818,223010.7616439484
952900,223010.7616439484
952916,223010.7616439484
953005,223010.7616439484
953024,223010.7616439484
953047,223010.7616439484
953057,223010.7616439484
953161,223010.7616439484
953163,223010.7616439484
953176,223010.7616439484
953177,223010.7616439484
953181,223010.7616439484
953182,223010.7616439484
953227,223010.7616439484
953228,223010.7616439484
953237,223010.7616439484
953293,223010.7616439484
953325,223010.7616439484
953326,223010.7616439484
953330,223010.7616439484
953375,223010.7616439484
953481,223010.7616439484
953486,223010.7616439484
953512,223010.7616439484
953552,223010.7616439484
953564,223010.7616439484
953626,223010.7616439484
953702,223010.7616439484
953744,223010.7616439484
953778,223010.7616439484
953795,223010.7616439484
953797,223010.7616439484
953857,223010.7616439484
953894,223010.7616439484
953920,223010.7616439484
953922,223010.7616439484
953931,223010.7616439484
953965,223010.7616439484
954066,223010.7616439484
954138,223010.7616439484
954190,223010.7616439484
954216,223010.7616439484
954292,223010.7616439484
954302,223010.7616439484
954319,223010.7616439484
954351,223010.7616439484
954413,223010.7616439484
954419,223010.7616439484
954452,223010.7616439484
954503,223010.7616439484
954505,223010.7616439484
954535,223010.7616439484
954548,223010.7616439484
954563,223010.7616439484
954578,223010.7616439484
954584,223010.7616439484
954608,223010.7616439484
954615,223010.7616439484
954627,223010.7616439484
954649,223010.7616439484
954700,223010.7616439484
954717,223010.7616439484
954721,223010.7616439484
954735,223010.7616439484
954747,223010.7616439484
954762,223010.7616439484
954787,223010.7616439484
954809,166836.90998469398
954828,223010.7616439484
954831,223010.7616439484
954867,223010.7616439484
954868,223010.7616439484
954880,223010.7616439484
954892,223010.7616439484
954911,223010.7616439484
954926,223010.7616439484
954928,223010.7616439484
954955,223010.7616439484
954963,223010.7616439484
954972,223010.7616439484
954992,223010.7616439484
955082,223010.7616439484
955110,223010.7616439484
955132,223010.7616439484
955142,223010.7616439484
955152,223010.7616439484
955153,223010.7616439484
955160,223010.7616439484
955162,223010.7616439484
955164,223010.7616439484
955189,223010.7616439484
955190,223010.7616439484
955207,166836.90998469398
955287,223010.7616439484
955308,223010.7616439484
955309,223010.7616439484
955361,166836.90998469398
955376,223010.7616439484
955429,223010.7616439484
955444,223010.7616439484
955445,223010.7616439484
955456,223010.7616439484
955502,223010.7616439484
955525,223010.7616439484
955528,223010.7616439484
955541,223010.7616439484
955557,223010.7616439484
955562,223010.7616439484
955575,223010.7616439484
955601,223010.7616439484
955609,223010.7616439484
955639,223010.7616439484
955664,223010.7616439484
955682,223010.7616439484
955700,223010.7616439484
955727,223010.7616439484
955782,223010.7616439484
955786,223010.7616439484
955801,223010.7616439484
955815,223010.7616439484
955864,166836.90998469398
955926,223010.7616439484
955932,223010.7616439484
955939,223010.7616439484
955961,223010.7616439484
955974,223010.7616439484
955994,223010.7616439484
956001,223010.7616439484
956005,223010.7616439484
956031,223010.7616439484
956035,223010.7616439484
956036,223010.7616439484
956038,223010.7616439484
956042,223010.7616439484
956044,223010.7616439484
956046,223010.7616439484
956050,223010.7616439484
956051,223010.7616439484
956130,223010.7616439484
956137,223010.7616439484
956144,223010.7616439484
956156,223010.7616439484
956187,223010.7616439484
956223,223010.7616439484
956246,223010.7616439484
956263,223010.7616439484
956304,223010.7616439484
956308,223010.7616439484
956488,223010.7616439484
956523,223010.7616439484
956535,223010.7616439484
956556,223010.7616439484
956558,223010.7616439484
956600,223010.7616439484
956627,223010.7616439484
956631,223010.7616439484
956661,223010.7616439484
956687,223010.7616439484
956694,223010.7616439484
956767,223010.7616439484
956774,223010.7616439484
956907,223010.7616439484
956962,223010.7616439484
956966,223010.7616439484
957053,223010.7616439484
957065,168834.93237516726
957149,223010.7616439484
957192,223010.7616439484
957242,223010.7616439484
957408,223010.7616439484
957420,223010.7616439484
957421,223010.7616439484
957444,223010.7616439484
957446,223010.7616439484
957539,223010.7616439484
957550,223010.7616439484
957566,223010.7616439484
957573,223010.7616439484
957608,223010.7616439484
957648,223010.7616439484
957674,223010.7616439484
957675,223010.7616439484
957676,223010.7616439484
957679,223010.7616439484
957684,223010.7616439484
957685,223010.7616439484
957687,166836.90998469398
957699,223010.7616439484
957708,223010.7616439484
957709,223010.7616439484
957720,223010.7616439484
957724,223010.7616439484
957725,223010.7616439484
957749,223010.7616439484
957758,166836.90998469398
957793,223010.7616439484
957840,223010.7616439484
957852,223010.7616439484
957875,166836.90998469398
957955,223010.7616439484
957967,223010.7616439484
957971,223010.7616439484
957987,223010.7616439484
958016,223010.7616439484
958019,223010.7616439484
958038,223010.7616439484
958045,223010.7616439484
958063,223010.7616439484
958116,223010.7616439484
958119,223010.7616439484
958190,223010.7616439484
958198,223010.7616439484
958259,223010.7616439484
958270,223010.7616439484
958285,223010.7616439484
958288,223010.7616439484
958345,223010.7616439484
958383,223010.7616439484
958422,223010.7616439484
958425,223010.7616439484
958428,223010.7616439484
958430,166836.90998469398
958447,223010.7616439484
958454,223010.7616439484
958455,223010.7616439484
958456,223010.7616439484
958493,223010.7616439484
958512,223010.7616439484
958516,223010.7616439484
958517,223010.7616439484
958519,223010.7616439484
958526,223010.7616439484
958527,223010.7616439484
958533,223010.7616439484
958535,223010.7616439484
958538,223010.7616439484
958565,223010.7616439484
958569,223010.7616439484
958570,223010.7616439484
958572,223010.7616439484
958601,223010.7616439484
958657,223010.7616439484
958666,223010.7616439484
958667,223010.7616439484
958671,223010.7616439484
958675,223010.7616439484
958676,223010.7616439484
958679,223010.7616439484
958693,223010.7616439484
958694,223010.7616439484
958697,223010.7616439484
958698,223010.7616439484
958705,223010.7616439484
958707,223010.7616439484
958770,223010.7616439484
958783,223010.7616439484
958791,223010.7616439484
958792,223010.7616439484
958793,223010.7616439484
958797,223010.7616439484
958799,223010.7616439484
958831,223010.7616439484
958839,223010.7616439484
958896,223010.7616439484
958898,223010.7616439484
958985,223010.7616439484
959021,223010.7616439484
959030,223010.7616439484
959031,223010.7616439484
959060,223010.7616439484
959112,223010.7616439484
959114,223010.7616439484
959117,223010.7616439484
959118,223010.7616439484
959121,223010.7616439484
959122,223010.7616439484
959123,223010.7616439484
959124,223010.7616439484
959125,223010.7616439484
959126,223010.7616439484
959128,223010.7616439484
959129,223010.7616439484
959130,223010.7616439484
959131,223010.7616439484
959133,223010.7616439484
959134,223010.7616439484
959142,223010.7616439484
959153,223010.7616439484
959154,223010.7616439484
959166,223010.7616439484
959224,223010.7616439484
959227,223010.7616439484
959265,223010.7616439484
959323,166836.90998469398
959324,223010.7616439484
959357,223010.7616439484
959362,223010.7616439484
959394,223010.7616439484
959419,223010.7616439484
959433,223010.7616439484
959451,223010.7616439484
959466,223010.7616439484
959468,223010.7616439484
959469,223010.7616439484
959476,223010.7616439484
959683,223010.7616439484
959723,223010.7616439484
959725,223010.7616439484
959726,223010.7616439484
959728,223010.7616439484
959741,166836.90998469398
959742,223010.7616439484
959743,223010.7616439484
959744,223010.7616439484
959757,166836.90998469398
959759,223010.7616439484
959940,223010.7616439484
959967,223010.7616439484
960018,223010.7616439484
960029,223010.7616439484
960058,223010.7616439484
960091,223010.7616439484
960118,223010.7616439484
960163,223010.7616439484
960165,223010.7616439484
960169,223010.7616439484
960226,223010.7616439484
960235,223010.7616439484
960241,223010.7616439484
960274,223010.7616439484
960275,223010.7616439484
960284,223010.7616439484
960286,223010.7616439484
960287,223010.7616439484
960289,223010.7616439484
960290,223010.7616439484
960310,223010.7616439484
960340,223010.7616439484
960362,223010.7616439484
960393,223010.7616439484
960410,223010.7616439484
960431,223010.7616439484
960451,223010.7616439484
960478,223010.7616439484
960529,223010.7616439484
960530,223010.7616439484
960581,223010.7616439484
960597,223010.7616439484
960598,223010.7616439484
960634,223010.7616439484
960687,223010.7616439484
960863,223010.7616439484
960913,223010.7616439484
960931,223010.7616439484
960946,223010.7616439484
960947,223010.7616439484
960983,223010.7616439484
961006,223010.7616439484
961035,223010.7616439484
961042,223010.7616439484
961048,166836.90998469398
961123,223010.7616439484
961141,223010.7616439484
961143,223010.7616439484
961183,223010.7616439484
961216,223010.7616439484
961226,223010.7616439484
961246,223010.7616439484
961256,223010.7616439484
961289,223010.7616439484
961337,223010.7616439484
961387,223010.7616439484
961389,223010.7616439484
961395,223010.7616439484
961408,223010.7616439484
961419,223010.7616439484
961420,223010.7616439484
961421,223010.7616439484
961452,223010.7616439484
961461,223010.7616439484
961478,223010.7616439484
961488,223010.7616439484
961489,166836.90998469398
961522,223010.7616439484
961530,223010.7616439484
961548,168834.93237516726
961574,223010.7616439484
961601,223010.7616439484
961605,223010.7616439484
961608,223010.7616439484
961609,223010.7616439484
961699,223010.7616439484
961715,223010.7616439484
961768,223010.7616439484
961788,223010.7616439484
961789,223010.7616439484
961790,223010.7616439484
961791,223010.7616439484
961792,223010.7616439484
961817,223010.7616439484
961822,223010.7616439484
961854,223010.7616439484
961872,223010.7616439484
961877,223010.7616439484
961882,223010.7616439484
962051,223010.7616439484
962065,223010.7616439484
962066,223010.7616439484
962080,223010.7616439484
962082,223010.7616439484
962083,223010.7616439484
962090,223010.7616439484
962109,223010.7616439484
962116,223010.7616439484
962141,223010.7616439484
962144,223010.7616439484
962159,223010.7616439484
962160,223010.7616439484
962165,223010.7616439484
962176,223010.7616439484
962178,223010.7616439484
962179,223010.7616439484
962180,223010.7616439484
962181,223010.7616439484
962182,223010.7616439484
962184,223010.7616439484
962186,223010.7616439484
962217,223010.7616439484
962219,223010.7616439484
962225,223010.7616439484
962235,223010.7616439484
962236,223010.7616439484
962263,223010.7616439484
962287,223010.7616439484
962316,223010.7616439484
962319,223010.7616439484
962336,223010.7616439484
962412,166836.90998469398
962416,223010.7616439484
962419,166836.90998469398
962438,223010.7616439484
962448,223010.7616439484
962501,168834.93237516726
962520,223010.7616439484
962546,223010.7616439484
962551,168834.93237516726
962559,223010.7616439484
962567,223010.7616439484
962572,223010.7616439484
962579,223010.7616439484
962585,223010.7616439484
962586,223010.7616439484
962591,223010.7616439484
962592,223010.7616439484
962630,223010.7616439484
962635,223010.7616439484
962677,223010.7616439484
962728,223010.7616439484
962755,223010.7616439484
962778,223010.7616439484
962796,223010.7616439484
962835,223010.7616439484
962839,223010.7616439484
962845,223010.7616439484
962907,166836.90998469398
962922,223010.7616439484
963001,223010.7616439484
963003,223010.7616439484
963019,223010.7616439484
963020,223010.7616439484
963022,223010.7616439484
963023,223010.7616439484
963041,223010.7616439484
963049,223010.7616439484
963118,223010.7616439484
963122,223010.7616439484
963130,223010.7616439484
963165,223010.7616439484
963199,223010.7616439484
963205,223010.7616439484
963229,223010.7616439484
963313,223010.7616439484
963314,223010.7616439484
963319,166836.90998469398
963325,223010.7616439484
963327,223010.7616439484
963340,223010.7616439484
963362,223010.7616439484
963366,223010.7616439484
963375,223010.7616439484
963378,223010.7616439484
963381,223010.7616439484
963447,223010.7616439484
963472,223010.7616439484
963488,223010.7616439484
963490,223010.7616439484
963539,223010.7616439484
963651,166836.90998469398
963676,223010.7616439484
963682,223010.7616439484
963837,223010.7616439484
963857,223010.7616439484
963905,166836.90998469398
963929,223010.7616439484
963960,223010.7616439484
963971,223010.7616439484
963973,223010.7616439484
963986,223010.7616439484
964018,223010.7616439484
964048,223010.7616439484
964049,223010.7616439484
964055,223010.7616439484
964098,223010.7616439484
964135,223010.7616439484
964156,223010.7616439484
964157,223010.7616439484
964171,223010.7616439484
964207,223010.7616439484
964208,223010.7616439484
964209,223010.7616439484
964271,223010.7616439484
964304,223010.7616439484
964312,168834.93237516726
964314,223010.7616439484
964333,223010.7616439484
964369,223010.7616439484
964488,223010.7616439484
964527,223010.7616439484
964570,223010.7616439484
964580,223010.7616439484
964591,223010.7616439484
964592,223010.7616439484
964593,223010.7616439484
964595,223010.7616439484
964622,223010.7616439484
964625,223010.7616439484
964642,223010.7616439484
964705,223010.7616439484
964813,223010.7616439484
964839,223010.7616439484
964849,223010.7616439484
964911,223010.7616439484
964984,223010.7616439484
964997,223010.7616439484
965033,223010.7616439484
965053,223010.7616439484
965089,166836.90998469398
965099,223010.7616439484
965116,223010.7616439484
965131,223010.7616439484
965145,223010.7616439484
965153,223010.7616439484
965176,223010.7616439484
965182,223010.7616439484
965184,223010.7616439484
965201,223010.7616439484
965216,223010.7616439484
965242,223010.7616439484
965260,223010.7616439484
965262,223010.7616439484
965305,223010.7616439484
965315,223010.7616439484
965320,223010.7616439484
965321,223010.7616439484
965322,223010.7616439484
965324,223010.7616439484
965325,223010.7616439484
965326,223010.7616439484
965341,223010.7616439484
965342,223010.7616439484
965346,223010.7616439484
965349,223010.7616439484
965438,166836.90998469398
965466,223010.7616439484
965474,223010.7616439484
965499,223010.7616439484
965515,223010.7616439484
965560,223010.7616439484
965648,223010.7616439484
965688,223010.7616439484
965717,223010.7616439484
965754,223010.7616439484
965792,223010.7616439484
965794,223010.7616439484
965821,223010.7616439484
965856,223010.7616439484
965860,223010.7616439484
965954,223010.7616439484
965967,223010.7616439484
965968,223010.7616439484
965975,223010.7616439484
965981,223010.7616439484
965989,223010.7616439484
965993,223010.7616439484
966015,223010.7616439484
966059,223010.7616439484
966070,223010.7616439484
966074,223010.7616439484
966123,223010.7616439484
966139,223010.7616439484
966205,223010.7616439484
966220,166836.90998469398
966221,223010.7616439484
966238,223010.7616439484
966269,223010.7616439484
966276,223010.7616439484
966385,223010.7616439484
966397,223010.7616439484
966400,223010.7616439484
966406,223010.7616439484
966407,223010.7616439484
966413,223010.7616439484
966548,223010.7616439484
966549,223010.7616439484
966562,223010.7616439484
966579,223010.7616439484
966639,223010.7616439484
966650,223010.7616439484
966654,223010.7616439484
966664,223010.7616439484
966674,223010.7616439484
966692,223010.7616439484
966729,223010.7616439484
966732,223010.7616439484
966736,223010.7616439484
966737,223010.7616439484
966740,223010.7616439484
966773,223010.7616439484
966776,223010.7616439484
966777,223010.7616439484
966785,223010.7616439484
966863,223010.7616439484
966867,223010.7616439484
966884,223010.7616439484
967014,223010.7616439484
967027,223010.7616439484
967032,223010.7616439484
967048,223010.7616439484
967051,223010.7616439484
967073,223010.7616439484
967078,223010.7616439484
967082,223010.7616439484
967103,223010.7616439484
967105,223010.7616439484
967112,223010.7616439484
967117,223010.7616439484
967166,223010.7616439484
967193,223010.7616439484
967213,223010.7616439484
967243,223010.7616439484
967255,223010.7616439484
967256,223010.7616439484
967274,223010.7616439484
967362,223010.7616439484
967411,223010.7616439484
967424,223010.7616439484
967430,223010.7616439484
967440,223010.7616439484
967447,223010.7616439484
967477,223010.7616439484
967478,223010.7616439484
967479,223010.7616439484
967480,223010.7616439484
967481,223010.7616439484
967482,223010.7616439484
967517,223010.7616439484
967546,223010.7616439484
967589,223010.7616439484
967639,223010.7616439484
967656,223010.7616439484
967666,223010.7616439484
967726,223010.7616439484
967727,168834.93237516726
967768,223010.7616439484
967803,223010.7616439484
967816,166836.90998469398
967891,223010.7616439484
967966,223010.7616439484
967985,223010.7616439484
967996,223010.7616439484
968019,223010.7616439484
968035,223010.7616439484
968063,223010.7616439484
968149,223010.7616439484
968159,223010.7616439484
968186,223010.7616439484
968187,223010.7616439484
968188,223010.7616439484
968215,223010.7616439484
968217,223010.7616439484
968228,223010.7616439484
968232,223010.7616439484
968238,223010.7616439484
968240,223010.7616439484
968277,223010.7616439484
968292,223010.7616439484
968333,223010.7616439484
968353,223010.7616439484
968365,223010.7616439484
968442,223010.7616439484
968487,223010.7616439484
968527,223010.7616439484
968535,223010.7616439484
968598,223010.7616439484
968605,223010.7616439484
968628,223010.7616439484
968631,223010.7616439484
968633,223010.7616439484
968723,223010.7616439484
968786,223010.7616439484
968788,223010.7616439484
968812,223010.7616439484
968839,223010.7616439484
968898,223010.7616439484
968899,223010.7616439484
968907,223010.7616439484
968908,223010.7616439484
968942,223010.7616439484
968974,223010.7616439484
968981,223010.7616439484
968986,223010.7616439484
968991,223010.7616439484
969006,223010.7616439484
969040,223010.7616439484
969050,223010.7616439484
969082,223010.7616439484
969083,223010.7616439484
969126,223010.7616439484
969168,223010.7616439484
969211,223010.7616439484
969215,223010.7616439484
969216,223010.7616439484
969312,223010.7616439484
969313,223010.7616439484
969332,223010.7616439484
969338,223010.7616439484
969382,223010.7616439484
969384,223010.7616439484
969386,223010.7616439484
969420,168834.93237516726
969432,223010.7616439484
969434,223010.7616439484
969465,223010.7616439484
969484,223010.7616439484
969486,166836.90998469398
969510,166836.90998469398
969529,223010.7616439484
969551,223010.7616439484
969572,223010.7616439484
969592,223010.7616439484
969597,223010.7616439484
969753,223010.7616439484
969763,223010.7616439484
969791,223010.7616439484
969793,223010.7616439484
969821,223010.7616439484
969838,223010.7616439484
969862,223010.7616439484
969873,166836.90998469398
969882,223010.7616439484
969889,223010.7616439484
969891,223010.7616439484
969926,166836.90998469398
969928,223010.7616439484
969929,223010.7616439484
969933,223010.7616439484
969954,166836.90998469398
970078,223010.7616439484
970079,223010.7616439484
970210,223010.7616439484
970216,223010.7616439484
970312,223010.7616439484
970329,223010.7616439484
970398,223010.7616439484
970400,223010.7616439484
970401,223010.7616439484
970404,223010.7616439484
970405,223010.7616439484
970412,223010.7616439484
970427,223010.7616439484
970442,223010.7616439484
970459,223010.7616439484
970491,223010.7616439484
970585,223010.7616439484
970587,223010.7616439484
970654,223010.7616439484
970657,223010.7616439484
970705,223010.7616439484
970711,223010.7616439484
970714,223010.7616439484
970728,223010.7616439484
970764,223010.7616439484
970771,223010.7616439484
970786,223010.7616439484
970817,223010.7616439484
970868,223010.7616439484
970888,223010.7616439484
970947,223010.7616439484
970961,223010.7616439484
970980,223010.7616439484
970988,223010.7616439484
971011,223010.7616439484
971020,223010.7616439484
971029,223010.7616439484
971033,223010.7616439484
971083,223010.7616439484
971088,223010.7616439484
971102,223010.7616439484
971111,223010.7616439484
971160,223010.7616439484
971222,223010.7616439484
971235,223010.7616439484
971238,223010.7616439484
971248,223010.7616439484
971264,223010.7616439484
971332,223010.7616439484
971401,223010.7616439484
971433,223010.7616439484
971445,223010.7616439484
971483,223010.7616439484
971505,166836.90998469398
971510,223010.7616439484
971557,223010.7616439484
971558,223010.7616439484
971561,223010.7616439484
971563,223010.7616439484
971591,223010.7616439484
971615,223010.7616439484
971627,223010.7616439484
971633,223010.7616439484
971661,223010.7616439484
971666,223010.7616439484
971673,223010.7616439484
971685,223010.7616439484
971688,223010.7616439484
971731,223010.7616439484
971733,223010.7616439484
971748,223010.7616439484
971779,166836.90998469398
971780,223010.7616439484
971794,223010.7616439484
971800,223010.7616439484
971828,223010.7616439484
971852,223010.7616439484
971853,223010.7616439484
971869,223010.7616439484
971893,223010.7616439484
971896,223010.7616439484
971941,223010.7616439484
971953,223010.7616439484
971973,223010.7616439484
971981,223010.7616439484
972061,223010.7616439484
972062,223010.7616439484
972118,223010.7616439484
972189,223010.7616439484
972259,223010.7616439484
972279,168834.93237516726
972291,223010.7616439484
972303,223010.7616439484
972341,223010.7616439484
972396,223010.7616439484
972409,223010.7616439484
972423,223010.7616439484
972428,223010.7616439484
972438,223010.7616439484
972457,223010.7616439484
972463,223010.7616439484
972466,223010.7616439484
972471,223010.7616439484
972475,223010.7616439484
972507,223010.7616439484
972521,223010.7616439484
972525,223010.7616439484
972565,223010.7616439484
972580,223010.7616439484
972715,223010.7616439484
972769,223010.7616439484
972838,223010.7616439484
972842,223010.7616439484
972867,223010.7616439484
972923,223010.7616439484
973030,223010.7616439484
973244,223010.7616439484
973273,223010.7616439484
973296,223010.7616439484
973300,223010.7616439484
973304,223010.7616439484
973322,223010.7616439484
973360,223010.7616439484
973361,223010.7616439484
973392,223010.7616439484
973393,223010.7616439484
973399,223010.7616439484
973409,223010.7616439484
973625,223010.7616439484
973626,223010.7616439484
973674,223010.7616439484
973790,223010.7616439484
973799,223010.7616439484
973800,223010.7616439484
973808,223010.7616439484
973816,166836.90998469398
973848,223010.7616439484
973849,223010.7616439484
973850,223010.7616439484
973852,223010.7616439484
973913,223010.7616439484
973914,223010.7616439484
973919,223010.7616439484
973923,223010.7616439484
973931,223010.7616439484
973933,223010.7616439484
973936,166836.90998469398
973937,166836.90998469398
973938,166836.90998469398
973939,223010.7616439484
973974,166836.90998469398
973997,223010.7616439484
973998,223010.7616439484
974004,223010.7616439484
974009,166836.90998469398
974010,223010.7616439484
974011,223010.7616439484
974029,223010.7616439484
974044,223010.7616439484
974062,223010.7616439484
974122,223010.7616439484
974123,223010.7616439484
974125,223010.7616439484
974128,223010.7616439484
974129,223010.7616439484
974130,223010.7616439484
974132,223010.7616439484
974138,223010.7616439484
974182,223010.7616439484
974209,223010.7616439484
974288,223010.7616439484
974291,223010.7616439484
974321,223010.7616439484
974325,223010.7616439484
974329,223010.7616439484
974335,223010.7616439484
974337,223010.7616439484
974363,223010.7616439484
974365,223010.7616439484
974370,223010.7616439484
974406,223010.7616439484
974407,223010.7616439484
974432,223010.7616439484
974460,223010.7616439484
974472,223010.7616439484
974498,223010.7616439484
974527,223010.7616439484
974566,223010.7616439484
974570,223010.7616439484
974571,223010.7616439484
974605,223010.7616439484
974625,223010.7616439484
974627,223010.7616439484
974737,223010.7616439484
974748,223010.7616439484
974756,223010.7616439484
974802,223010.7616439484
974803,223010.7616439484
974848,223010.7616439484
974863,223010.7616439484
974957,223010.7616439484
974995,223010.7616439484
975004,223010.7616439484
975034,223010.7616439484
975045,223010.7616439484
975064,223010.7616439484
975094,223010.7616439484
975113,223010.7616439484
975121,223010.7616439484
975142,223010.7616439484
975189,223010.7616439484
975204,223010.7616439484
975684,223010.7616439484
975738,223010.7616439484
975893,223010.7616439484
975960,223010.7616439484
975965,223010.7616439484
975971,223010.7616439484
975973,223010.7616439484
976102,223010.7616439484
976136,223010.7616439484
976176,223010.7616439484
976194,223010.7616439484
976223,223010.7616439484
976790,223010.7616439484
976796,223010.7616439484
976831,223010.7616439484
976844,223010.7616439484
976846,223010.7616439484
976869,223010.7616439484
976876,223010.7616439484
976942,223010.7616439484
976948,223010.7616439484
977106,223010.7616439484
977126,223010.7616439484
977160,223010.7616439484
977222,223010.7616439484
977224,223010.7616439484
977232,223010.7616439484
977312,223010.7616439484
977316,223010.7616439484
977321,223010.7616439484
977324,223010.7616439484
977326,223010.7616439484
977344,223010.7616439484
977374,223010.7616439484
977376,223010.7616439484
977377,223010.7616439484
977379,223010.7616439484
977412,223010.7616439484
977458,223010.7616439484
977460,223010.7616439484
977464,223010.7616439484
977488,223010.7616439484
977506,223010.7616439484
977613,223010.7616439484
977650,223010.7616439484
977652,223010.7616439484
977653,223010.7616439484
977658,223010.7616439484
977661,223010.7616439484
977687,223010.7616439484
977726,223010.7616439484
977754,223010.7616439484
977778,223010.7616439484
977783,223010.7616439484
977790,223010.7616439484
977815,223010.7616439484
977816,223010.7616439484
977850,223010.7616439484
977854,223010.7616439484
977860,223010.7616439484
977892,223010.7616439484
977893,223010.7616439484
977908,223010.7616439484
977923,223010.7616439484
977960,223010.7616439484
977971,223010.7616439484
978147,223010.7616439484
978197,223010.7616439484
978202,223010.7616439484
978203,166836.90998469398
978279,223010.7616439484
978321,223010.7616439484
978322,223010.7616439484
978325,223010.7616439484
978329,223010.7616439484
978331,223010.7616439484
978334,223010.7616439484
978348,223010.7616439484
978375,223010.7616439484
978425,223010.7616439484
978427,223010.7616439484
978429,223010.7616439484
978432,223010.7616439484
978444,223010.7616439484
978449,223010.7616439484
978673,223010.7616439484
978695,223010.7616439484
978730,223010.7616439484
978731,223010.7616439484
978753,223010.7616439484
978765,223010.7616439484
978789,223010.7616439484
978795,223010.7616439484
978858,223010.7616439484
978906,223010.7616439484
978909,223010.7616439484
978910,223010.7616439484
978912,223010.7616439484
978935,223010.7616439484
978958,223010.7616439484
978959,223010.7616439484
978999,223010.7616439484
979014,223010.7616439484
979050,223010.7616439484
979051,223010.7616439484
979084,223010.7616439484
979101,223010.7616439484
979108,223010.7616439484
979121,223010.7616439484
979131,166836.90998469398
979175,166836.90998469398
979191,223010.7616439484
979243,223010.7616439484
979248,223010.7616439484
979249,223010.7616439484
979256,223010.7616439484
979279,223010.7616439484
979282,223010.7616439484
979283,223010.7616439484
979319,223010.7616439484
979358,223010.7616439484
979369,223010.7616439484
979393,223010.7616439484
979403,223010.7616439484
979443,223010.7616439484
979445,223010.7616439484
979447,223010.7616439484
979449,223010.7616439484
979453,223010.7616439484
979457,223010.7616439484
979458,223010.7616439484
979468,223010.7616439484
979551,223010.7616439484
979584,223010.7616439484
979587,223010.7616439484
979595,223010.7616439484
979642,223010.7616439484
979659,223010.7616439484
979665,223010.7616439484
979679,223010.7616439484
979743,223010.7616439484
979750,223010.7616439484
979751,223010.7616439484
979812,166836.90998469398
979832,223010.7616439484
979837,223010.7616439484
979853,223010.7616439484
979854,223010.7616439484
979931,223010.7616439484
980083,223010.7616439484
980197,223010.7616439484
980233,223010.7616439484
980239,223010.7616439484
980240,223010.7616439484
980273,223010.7616439484
980329,223010.7616439484
980330,223010.7616439484
980349,223010.7616439484
980411,223010.7616439484
980460,223010.7616439484
980526,223010.7616439484
980552,223010.7616439484
980564,223010.7616439484
980566,223010.7616439484
980601,223010.7616439484
980692,223010.7616439484
980751,168834.93237516726
980849,223010.7616439484
980863,223010.7616439484
980864,223010.7616439484
980867,223010.7616439484
980942,223010.7616439484
980981,223010.7616439484
981136,223010.7616439484
981167,223010.7616439484
981169,223010.7616439484
981268,223010.7616439484
981269,223010.7616439484
981270,223010.7616439484
981332,223010.7616439484
981380,223010.7616439484
981464,223010.7616439484
981671,166836.90998469398
981683,223010.7616439484
981684,223010.7616439484
981685,223010.7616439484
981689,223010.7616439484
981696,223010.7616439484
981697,223010.7616439484
981698,223010.7616439484
981699,223010.7616439484
981714,223010.7616439484
981742,223010.7616439484
981894,223010.7616439484
981947,223010.7616439484
982012,223010.7616439484
982055,223010.7616439484
982274,223010.7616439484
982285,223010.7616439484
983029,223010.7616439484
983030,223010.7616439484
983126,223010.7616439484
983170,223010.7616439484
983293,223010.7616439484
983294,223010.7616439484
983298,168834.93237516726
983374,223010.7616439484
983378,223010.7616439484
983651,223010.7616439484
983752,223010.7616439484
984096,223010.7616439484
984122,223010.7616439484
984320,223010.7616439484
984322,223010.7616439484
984733,223010.7616439484
984734,223010.7616439484
984768,223010.7616439484
984892,223010.7616439484
985039,223010.7616439484
985041,223010.7616439484
985042,223010.7616439484
985043,223010.7616439484
985119,223010.7616439484
985151,166836.90998469398
985154,166836.90998469398
985156,166836.90998469398
985159,166836.90998469398
985161,166836.90998469398
985165,166836.90998469398
985166,166836.90998469398
985167,166836.90998469398
985313,223010.7616439484
985320,223010.7616439484
985337,223010.7616439484
985364,223010.7616439484
985407,223010.7616439484
985520,223010.7616439484
985545,223010.7616439484
985670,223010.7616439484
985683,223010.7616439484
985684,223010.7616439484
985767,223010.7616439484
985811,223010.7616439484
985813,223010.7616439484
985814,223010.7616439484
985815,223010.7616439484
985818,223010.7616439484
985840,223010.7616439484
985841,223010.7616439484
985981,223010.7616439484
986056,223010.7616439484
986103,223010.7616439484
986115,223010.7616439484
986139,166836.90998469398
986207,223010.7616439484
986208,223010.7616439484
986212,223010.7616439484
986213,223010.7616439484
986214,223010.7616439484
986274,223010.7616439484
986275,223010.7616439484
986390,223010.7616439484
986417,223010.7616439484
986512,223010.7616439484
986616,223010.7616439484
986618,223010.7616439484
987237,223010.7616439484
987240,223010.7616439484
987247,223010.7616439484
987346,223010.7616439484
987563,223010.7616439484
987614,223010.7616439484
987631,223010.7616439484
987671,223010.7616439484
987844,223010.7616439484
987916,166836.90998469398
987959,223010.7616439484
988030,223010.7616439484
988085,166836.90998469398
988120,223010.7616439484
988128,223010.7616439484
988131,223010.7616439484
988330,223010.7616439484
988404,166836.90998469398
988522,223010.7616439484
988664,223010.7616439484
988763,223010.7616439484
988798,223010.7616439484
988844,223010.7616439484
988874,223010.7616439484
988876,223010.7616439484
988929,223010.7616439484
988942,223010.7616439484
988993,223010.7616439484
989061,223010.7616439484
989298,223010.7616439484
989301,223010.7616439484
989302,223010.7616439484
989305,223010.7616439484
989372,223010.7616439484
989373,223010.7616439484
989378,223010.7616439484
989379,223010.7616439484
989380,223010.7616439484
989419,223010.7616439484
989524,223010.7616439484
989588,223010.7616439484
989589,223010.7616439484
989592,223010.7616439484
989593,223010.7616439484
989666,223010.7616439484
989733,223010.7616439484
989814,166836.90998469398
989873,223010.7616439484
989876,223010.7616439484
989903,223010.7616439484
989933,223010.7616439484
989942,223010.7616439484
989988,223010.7616439484
989990,223010.7616439484
989996,223010.7616439484
990011,223010.7616439484
990133,223010.7616439484
990149,223010.7616439484
990150,223010.7616439484
990151,223010.7616439484
990152,223010.7616439484
990166,223010.7616439484
990272,223010.7616439484
990286,223010.7616439484
990330,223010.7616439484
991069,223010.7616439484
991073,223010.7616439484
991157,223010.7616439484
991199,223010.7616439484
991266,223010.7616439484
991272,223010.7616439484
991278,223010.7616439484
991349,223010.7616439484
991352,223010.7616439484
991425,223010.7616439484
991464,223010.7616439484
991467,223010.7616439484
991468,223010.7616439484
991469,223010.7616439484
991475,223010.7616439484
991477,223010.7616439484
991480,223010.7616439484
991487,223010.7616439484
991490,223010.7616439484
991616,223010.7616439484
991701,223010.7616439484
991703,223010.7616439484
991720,223010.7616439484
991738,223010.7616439484
991812,223010.7616439484
991825,223010.7616439484
991826,223010.7616439484
991832,223010.7616439484
991836,223010.7616439484
991895,223010.7616439484
991908,223010.7616439484
991913,223010.7616439484
991940,223010.7616439484
992565,223010.7616439484
992574,223010.7616439484
992717,223010.7616439484
992721,223010.7616439484
992722,223010.7616439484
992724,223010.7616439484
992726,223010.7616439484
992727,223010.7616439484
992728,223010.7616439484
992745,223010.7616439484
992746,223010.7616439484
992775,223010.7616439484
992783,166836.90998469398
992832,223010.7616439484
992874,223010.7616439484
992899,223010.7616439484
992904,223010.7616439484
992948,223010.7616439484
992977,223010.7616439484
992988,223010.7616439484
993216,166836.90998469398
993459,223010.7616439484
993468,223010.7616439484
993509,223010.7616439484
993527,223010.7616439484
994032,223010.7616439484
994088,223010.7616439484
994215,223010.7616439484
994299,223010.7616439484
994506,223010.7616439484
994507,223010.7616439484
994530,223010.7616439484
994764,223010.7616439484
994812,166836.90998469398
994814,166836.90998469398
994834,166836.90998469398
994906,223010.7616439484
994936,223010.7616439484
994956,223010.7616439484
994960,223010.7616439484
994983,223010.7616439484
994991,223010.7616439484
994995,223010.7616439484
995000,223010.7616439484
995001,223010.7616439484
995007,166836.90998469398
995008,223010.7616439484
995021,166836.90998469398
995031,223010.7616439484
995035,223010.7616439484
995036,223010.7616439484
995042,223010.7616439484
995044,223010.7616439484
995055,223010.7616439484
995057,223010.7616439484
995076,223010.7616439484
995118,223010.7616439484
995133,223010.7616439484
995142,223010.7616439484
995260,223010.7616439484
995313,223010.7616439484
995352,223010.7616439484
995366,223010.7616439484
995437,223010.7616439484
995479,223010.7616439484
995619,223010.7616439484
995646,223010.7616439484
995669,166836.90998469398
995780,223010.7616439484
995874,223010.7616439484
995916,223010.7616439484
995946,223010.7616439484
995947,223010.7616439484
995948,223010.7616439484
996053,223010.7616439484
996103,223010.7616439484
996178,223010.7616439484
996180,223010.7616439484
996184,223010.7616439484
996364,223010.7616439484
996473,223010.7616439484
996581,223010.7616439484
996796,223010.7616439484
996804,223010.7616439484
997041,223010.7616439484
997166,223010.7616439484
997167,223010.7616439484
997168,223010.7616439484
997186,223010.7616439484
997196,223010.7616439484
997244,223010.7616439484
997245,223010.7616439484
997392,223010.7616439484
997403,223010.7616439484
997443,223010.7616439484
997541,223010.7616439484
997542,223010.7616439484
997691,223010.7616439484
997755,223010.7616439484
997773,166836.90998469398
997774,166836.90998469398
997795,223010.7616439484
997808,223010.7616439484
997935,223010.7616439484
998092,223010.7616439484
998095,223010.7616439484
998098,223010.7616439484
998275,223010.7616439484
998276,223010.7616439484
998376,223010.7616439484
998498,223010.7616439484
998564,223010.7616439484
998567,223010.7616439484
998574,223010.7616439484
998575,223010.7616439484
998577,223010.7616439484
998615,223010.7616439484
998616,223010.7616439484
998620,223010.7616439484
998621,223010.7616439484
998622,223010.7616439484
998624,223010.7616439484
998645,223010.7616439484
998646,223010.7616439484
998649,223010.7616439484
998650,223010.7616439484
998651,223010.7616439484
998862,223010.7616439484
998925,223010.7616439484
999025,223010.7616439484
999050,223010.7616439484
999543,223010.7616439484
999625,223010.7616439484
999712,223010.7616439484
999754,223010.7616439484
999960,223010.7616439484
1000541,223010.7616439484
1000644,223010.7616439484
1000692,223010.7616439484
1000727,223010.7616439484
1001116,223010.7616439484
1001294,223010.7616439484
1001409,223010.7616439484
1001421,223010.7616439484
1001616,223010.7616439484
1001945,223010.7616439484
1001991,223010.7616439484
1002183,223010.7616439484
1002319,223010.7616439484
1002326,223010.7616439484
1002411,223010.7616439484
1002412,223010.7616439484
1002571,223010.7616439484
1002606,223010.7616439484
1002607,223010.7616439484
1002626,223010.7616439484
1002643,223010.7616439484
1002658,223010.7616439484
1002678,223010.7616439484
1002694,223010.7616439484
1002727,223010.7616439484
1002742,223010.7616439484
1002822,223010.7616439484
1002827,223010.7616439484
1002861,223010.7616439484
1002863,223010.7616439484
1002864,223010.7616439484
1002865,223010.7616439484
1003030,223010.7616439484
1003043,223010.7616439484
1003047,223010.7616439484
1003089,223010.7616439484
1003171,223010.7616439484
1003257,223010.7616439484
1003435,223010.7616439484
1003611,223010.7616439484
1003612,223010.7616439484
1003619,223010.7616439484
1003639,223010.7616439484
1003692,223010.7616439484
1003816,223010.7616439484
1003817,223010.7616439484
1003836,223010.7616439484
1003840,223010.7616439484
1003859,223010.7616439484
1003902,223010.7616439484
1003907,223010.7616439484
1003940,223010.7616439484
1003956,223010.7616439484
1003974,223010.7616439484
1003976,223010.7616439484
1003980,223010.7616439484
1003985,223010.7616439484
1003988,223010.7616439484
1004037,223010.7616439484
1004051,223010.7616439484
1004069,223010.7616439484
1004074,223010.7616439484
1004075,223010.7616439484
1004084,223010.7616439484
1004189,223010.7616439484
1004217,223010.7616439484
1004262,223010.7616439484
1004284,223010.7616439484
1004331,223010.7616439484
1004336,223010.7616439484
1004413,223010.7616439484
1004421,223010.7616439484
1004490,223010.7616439484
1004566,223010.7616439484
1004579,223010.7616439484
1004675,223010.7616439484
1004832,223010.7616439484
1004935,223010.7616439484
1005039,223010.7616439484
1005060,223010.7616439484
1005124,223010.7616439484
1005127,223010.7616439484
1005128,223010.7616439484
1005129,223010.7616439484
1005130,223010.7616439484
1005132,223010.7616439484
1005134,223010.7616439484
1005138,223010.7616439484
1005236,223010.7616439484
1005238,223010.7616439484
1005262,223010.7616439484
1005413,223010.7616439484
1005464,223010.7616439484
1005466,223010.7616439484
1005467,223010.7616439484
1005547,223010.7616439484
1005674,223010.7616439484
1005675,223010.7616439484
1005710,223010.7616439484
1005732,223010.7616439484
1005936,223010.7616439484
1005980,223010.7616439484
1005986,223010.7616439484
1005987,223010.7616439484
1006073,223010.7616439484
1006141,223010.7616439484
1006421,223010.7616439484
1006494,223010.7616439484
1006532,223010.7616439484
1006557,223010.7616439484
1006674,223010.7616439484
1006675,223010.7616439484
1006761,223010.7616439484
1006797,223010.7616439484
1006798,223010.7616439484
1006876,223010.7616439484
1006880,166836.90998469398
1006988,223010.7616439484
1007061,223010.7616439484
1007082,223010.7616439484
1007101,223010.7616439484
1007108,223010.7616439484
1007109,223010.7616439484
1007172,223010.7616439484
1007233,223010.7616439484
1007235,223010.7616439484
1007239,223010.7616439484
1007271,223010.7616439484
1007352,223010.7616439484
1007401,223010.7616439484
1007430,223010.7616439484
1007571,223010.7616439484
1007600,223010.7616439484
1007789,223010.7616439484
1007797,223010.7616439484
1007830,223010.7616439484
1007849,223010.7616439484
1007856,223010.7616439484
1007857,223010.7616439484
1007917,223010.7616439484
1007967,223010.7616439484
1007994,223010.7616439484
1008148,223010.7616439484
1008157,223010.7616439484
1008169,223010.7616439484
1008170,166836.90998469398
1008173,223010.7616439484
1008307,223010.7616439484
1008308,223010.7616439484
1008352,223010.7616439484
1008357,223010.7616439484
1008358,223010.7616439484
1008361,223010.7616439484
1008386,223010.7616439484
1008418,223010.7616439484
1008428,223010.7616439484
1008433,223010.7616439484
1008501,223010.7616439484
1008510,223010.7616439484
1008550,223010.7616439484
1008563,166836.90998469398
1008564,166836.90998469398
1008595,223010.7616439484
1008641,223010.7616439484
1008677,223010.7616439484
1008707,223010.7616439484
1008732,223010.7616439484
1008734,223010.7616439484
1008741,223010.7616439484
1008744,223010.7616439484
1008749,223010.7616439484
1008759,223010.7616439484
1008760,223010.7616439484
1008803,223010.7616439484
1008804,223010.7616439484
1008805,223010.7616439484
1008829,223010.7616439484
1008833,223010.7616439484
1008838,223010.7616439484
1008855,223010.7616439484
1008862,223010.7616439484
1008878,223010.7616439484
1008892,223010.7616439484
1008914,223010.7616439484
1008927,223010.7616439484
1008932,223010.7616439484
1009016,223010.7616439484
1009077,223010.7616439484
1009084,223010.7616439484
1009088,223010.7616439484
1009218,223010.7616439484
1009229,223010.7616439484
1009308,223010.7616439484
1009310,223010.7616439484
1009337,223010.7616439484
1009366,223010.7616439484
1009424,223010.7616439484
1009487,223010.7616439484
1009509,166836.90998469398
1009510,166836.90998469398
1009517,223010.7616439484
1009520,223010.7616439484
1009528,223010.7616439484
1009530,223010.7616439484
1009531,223010.7616439484
1009532,223010.7616439484
1009533,223010.7616439484
1009534,223010.7616439484
1009535,223010.7616439484
1009590,168834.93237516726
1009596,168834.93237516726
1009672,223010.7616439484
1009736,223010.7616439484
1009859,223010.7616439484
1009864,223010.7616439484
1009866,223010.7616439484
1009891,223010.7616439484
1009942,223010.7616439484
1009948,223010.7616439484
1009965,166836.90998469398
1009970,166836.90998469398
1010054,223010.7616439484
1010066,168834.93237516726
1010068,223010.7616439484
1010069,223010.7616439484
1010104,223010.7616439484
1010110,223010.7616439484
1010185,223010.7616439484
1010186,223010.7616439484
1010276,223010.7616439484
1010411,223010.7616439484
1010542,223010.7616439484
1010544,223010.7616439484
1010584,166836.90998469398
1010592,166836.90998469398
1010667,223010.7616439484
1010678,223010.7616439484
1010679,223010.7616439484
1010680,223010.7616439484
1010686,223010.7616439484
1010704,223010.7616439484
1010740,223010.7616439484
1010833,166836.90998469398
1010913,168834.93237516726
1010950,223010.7616439484
1010951,223010.7616439484
1010980,166836.90998469398
1010999,223010.7616439484
1011028,223010.7616439484
1011032,223010.7616439484
1011122,223010.7616439484
1011132,223010.7616439484
1011134,223010.7616439484
1011135,223010.7616439484
1011148,223010.7616439484
1011150,223010.7616439484
1011203,223010.7616439484
1011204,223010.7616439484
1011275,223010.7616439484
1011335,223010.7616439484
1011414,223010.7616439484
1011429,223010.7616439484
1011430,223010.7616439484
1011489,223010.7616439484
1011573,223010.7616439484
1011574,223010.7616439484
1011701,223010.7616439484
1011778,223010.7616439484
1011854,223010.7616439484
1011914,223010.7616439484
1012038,223010.7616439484
1012128,223010.7616439484
1012273,223010.7616439484
1012311,223010.7616439484
1012320,223010.7616439484
1012331,223010.7616439484
1012332,223010.7616439484
1012339,166836.90998469398
1012507,223010.7616439484
1012542,223010.7616439484
1012574,223010.7616439484
1012587,223010.7616439484
1012712,223010.7616439484
1012714,223010.7616439484
1012716,223010.7616439484
1012752,223010.7616439484
1012830,223010.7616439484
1012898,223010.7616439484
1012945,223010.7616439484
1013031,223010.7616439484
1013155,223010.7616439484
1013161,223010.7616439484
1013177,223010.7616439484
1013187,223010.7616439484
1013234,223010.7616439484
1013244,223010.7616439484
1013288,168834.93237516726
1013290,168834.93237516726
1013352,223010.7616439484
1013443,223010.7616439484
1013494,223010.7616439484
1013507,223010.7616439484
1013544,223010.7616439484
1013547,223010.7616439484
1013630,166836.90998469398
1013704,223010.7616439484
1013740,223010.7616439484
1013742,223010.7616439484
1013743,223010.7616439484
1013786,223010.7616439484
1013962,223010.7616439484
1014083,223010.7616439484
1014108,223010.7616439484
1014164,223010.7616439484
1014237,166836.90998469398
1014240,223010.7616439484
1014368,223010.7616439484
1014476,223010.7616439484
1014483,223010.7616439484
1014498,223010.7616439484
1014551,166836.90998469398
1014571,223010.7616439484
1014624,223010.7616439484
1014635,223010.7616439484
1014637,223010.7616439484
1014638,223010.7616439484
1014641,223010.7616439484
1014665,223010.7616439484
1014669,223010.7616439484
1014738,223010.7616439484
1014928,223010.7616439484
1014999,223010.7616439484
1015031,223010.7616439484
1015103,223010.7616439484
1015125,223010.7616439484
1015134,223010.7616439484
1015243,223010.7616439484
1015347,223010.7616439484
1015350,223010.7616439484
1015360,223010.7616439484
1015361,223010.7616439484
1015366,223010.7616439484
1015403,223010.7616439484
1015482,223010.7616439484
1015484,223010.7616439484
1015485,223010.7616439484
1015486,223010.7616439484
1015502,223010.7616439484
1015524,223010.7616439484
1015534,223010.7616439484
1015540,223010.7616439484
1015557,223010.7616439484
1015579,223010.7616439484
1015597,223010.7616439484
1015681,223010.7616439484
1015697,223010.7616439484
1015714,223010.7616439484
1015804,223010.7616439484
1015824,223010.7616439484
1015843,223010.7616439484
1015872,223010.7616439484
1015908,223010.7616439484
1015909,223010.7616439484
1015911,223010.7616439484
1015919,223010.7616439484
1015920,223010.7616439484
1016040,223010.7616439484
1016042,223010.7616439484
1016098,223010.7616439484
1016117,223010.7616439484
1016413,223010.7616439484
1016734,223010.7616439484
1016888,223010.7616439484
1016927,223010.7616439484
1017116,223010.7616439484
1017118,223010.7616439484
1017166,223010.7616439484
1017176,166836.90998469398
1017264,166836.90998469398
1017383,223010.7616439484
1017418,223010.7616439484
1017424,223010.7616439484
1017427,223010.7616439484
1017428,223010.7616439484
1017503,223010.7616439484
1017563,223010.7616439484
1017579,223010.7616439484
1017600,223010.7616439484
1017626,223010.7616439484
1017637,223010.7616439484
1017693,223010.7616439484
1017750,223010.7616439484
1017763,223010.7616439484
1017782,223010.7616439484
1017792,223010.7616439484
1017846,223010.7616439484
1017992,223010.7616439484
1017998,223010.7616439484
1018079,223010.7616439484
1018135,223010.7616439484
1018136,223010.7616439484
1018166,223010.7616439484
1018229,223010.7616439484
1018248,223010.7616439484
1018257,223010.7616439484
1018417,223010.7616439484
1018421,223010.7616439484
1018428,223010.7616439484
1018486,223010.7616439484
1018523,223010.7616439484
1018598,223010.7616439484
1018621,223010.7616439484
1018671,223010.7616439484
1018822,223010.7616439484
1018943,223010.7616439484
1019039,223010.7616439484
1019057,223010.7616439484
1019062,223010.7616439484
1019149,223010.7616439484
1019151,223010.7616439484
1019206,223010.7616439484
1019298,223010.7616439484
1019309,223010.7616439484
1019343,223010.7616439484
1019366,223010.7616439484
1019367,223010.7616439484
1019432,223010.7616439484
1019561,223010.7616439484
1019575,223010.7616439484
1019659,223010.7616439484
1019668,223010.7616439484
1019672,223010.7616439484
1019681,166836.90998469398
1019683,166836.90998469398
1019686,166836.90998469398
1019696,223010.7616439484
1019720,166836.90998469398
1019763,223010.7616439484
1019835,223010.7616439484
1019872,223010.7616439484
1019903,223010.7616439484
1019908,223010.7616439484
1019958,223010.7616439484
1020047,223010.7616439484
1020124,223010.7616439484
1020278,223010.7616439484
1020508,223010.7616439484
1020554,223010.7616439484
1020672,223010.7616439484
1020673,166836.90998469398
1020745,223010.7616439484
1020844,223010.7616439484
1021039,223010.7616439484
1021263,223010.7616439484
1021316,223010.7616439484
1021412,223010.7616439484
1021444,223010.7616439484
1021447,166836.90998469398
1021453,223010.7616439484
1021485,223010.7616439484
1021500,223010.7616439484
1021509,223010.7616439484
1021520,223010.7616439484
1021560,223010.7616439484
1021605,223010.7616439484
1021606,223010.7616439484
1021607,223010.7616439484
1021749,223010.7616439484
1021765,223010.7616439484
1021768,223010.7616439484
1021770,223010.7616439484
1021833,166836.90998469398
1021834,166836.90998469398
1021855,223010.7616439484
1021973,223010.7616439484
1022085,223010.7616439484
1022163,223010.7616439484
1022166,223010.7616439484
1022273,223010.7616439484
1022312,223010.7616439484
1022388,166836.90998469398
1022399,223010.7616439484
1022582,223010.7616439484
1022587,223010.7616439484
1022588,223010.7616439484
1022596,223010.7616439484
1022614,223010.7616439484
1022695,223010.7616439484
1022704,223010.7616439484
1022715,223010.7616439484
1022716,223010.7616439484
1022717,223010.7616439484
1022718,223010.7616439484
1022719,223010.7616439484
1022721,223010.7616439484
1022750,223010.7616439484
1022753,223010.7616439484
1022755,223010.7616439484
1022756,223010.7616439484
1022760,223010.7616439484
1022781,223010.7616439484
1022782,223010.7616439484
1022787,223010.7616439484
1022790,223010.7616439484
1022794,223010.7616439484
1022795,223010.7616439484
1022796,223010.7616439484
1022798,223010.7616439484
1022800,223010.7616439484
1022801,223010.7616439484
1022802,223010.7616439484
1022844,223010.7616439484
1022848,223010.7616439484
1022960,223010.7616439484
1023168,223010.7616439484
1023169,223010.7616439484
1023172,223010.7616439484
1023173,223010.7616439484
1023209,223010.7616439484
1023230,223010.7616439484
1023304,223010.7616439484
1023340,223010.7616439484
1023351,223010.7616439484
1023393,223010.7616439484
1023450,223010.7616439484
1023458,223010.7616439484
1023465,223010.7616439484
1023468,223010.7616439484
1023501,166836.90998469398
1023505,166836.90998469398
1023508,166836.90998469398
1023511,166836.90998469398
1023512,166836.90998469398
1023513,166836.90998469398
1023514,166836.90998469398
1023518,166836.90998469398
1023520,166836.90998469398
1023521,166836.90998469398
1023552,223010.7616439484
1023559,223010.7616439484
1023590,223010.7616439484
1023664,223010.7616439484
1023676,223010.7616439484
1023677,223010.7616439484
1023744,223010.7616439484
1023764,223010.7616439484
1023774,223010.7616439484
1024012,223010.7616439484
1024071,223010.7616439484
1024126,223010.7616439484
1024133,166836.90998469398
1024324,223010.7616439484
1024371,223010.7616439484
1024444,223010.7616439484
1024449,223010.7616439484
1024456,223010.7616439484
1024463,223010.7616439484
1024474,223010.7616439484
1024477,223010.7616439484
1024508,223010.7616439484
1024529,223010.7616439484
1024536,223010.7616439484
1024590,223010.7616439484
1024625,223010.7616439484
1024628,223010.7616439484
1024636,223010.7616439484
1062270,223010.7616439484
1062278,223010.7616439484
1062287,223010.7616439484
1062389,223010.7616439484
1062404,223010.7616439484
1062442,223010.7616439484
1062482,223010.7616439484
1062512,223010.7616439484
1062516,223010.7616439484
1062537,223010.7616439484
1062557,223010.7616439484
1062572,223010.7616439484
1062643,223010.7616439484
1062645,223010.7616439484
1062676,223010.7616439484
1062691,223010.7616439484
1062714,223010.7616439484
1062737,223010.7616439484
1062839,223010.7616439484
1062840,223010.7616439484
1062844,223010.7616439484
1062946,223010.7616439484
1062972,223010.7616439484
1062991,223010.7616439484
1063009,223010.7616439484
1063010,223010.7616439484
1063011,223010.7616439484
1063045,223010.7616439484
1063050,223010.7616439484
1063051,223010.7616439484
1063070,223010.7616439484
1063106,223010.7616439484
1063130,223010.7616439484
1063217,223010.7616439484
1063317,223010.7616439484
1063480,223010.7616439484
1063535,223010.7616439484
1063601,223010.7616439484
1063668,223010.7616439484
1063704,223010.7616439484
1063829,223010.7616439484
1063862,223010.7616439484
1063906,223010.7616439484
1063923,223010.7616439484
1064029,223010.7616439484
1064042,223010.7616439484
1064047,223010.7616439484
1064050,223010.7616439484
1064059,223010.7616439484
1064061,223010.7616439484
1064082,223010.7616439484
1064093,223010.7616439484
1064155,223010.7616439484
1064165,223010.7616439484
1064170,223010.7616439484
1064189,223010.7616439484
1064253,168834.93237516726
1064260,223010.7616439484
1064263,223010.7616439484
1064289,223010.7616439484
1064327,223010.7616439484
1064340,223010.7616439484
1064342,223010.7616439484
1064347,223010.7616439484
1064358,223010.7616439484
1064389,223010.7616439484
1064391,223010.7616439484
1064393,223010.7616439484
1064415,223010.7616439484
1064420,223010.7616439484
1064421,223010.7616439484
1064424,223010.7616439484
1064425,223010.7616439484
1064433,223010.7616439484
1064438,223010.7616439484
1064469,223010.7616439484
1064535,166836.90998469398
1064536,223010.7616439484
1064538,223010.7616439484
1064539,223010.7616439484
1064552,223010.7616439484
1064556,223010.7616439484
1064605,223010.7616439484
1064632,166836.90998469398
1064660,223010.7616439484
1064707,223010.7616439484
1064708,223010.7616439484
1064709,223010.7616439484
1064715,223010.7616439484
1064718,223010.7616439484
1064724,223010.7616439484
1064774,223010.7616439484
1064782,223010.7616439484
1064786,223010.7616439484
1064791,223010.7616439484
1064836,223010.7616439484
1064856,223010.7616439484
1064863,223010.7616439484
1064870,223010.7616439484
1064872,223010.7616439484
1064873,223010.7616439484
1064904,223010.7616439484
1064906,223010.7616439484
1064997,223010.7616439484
1064998,223010.7616439484
1065033,223010.7616439484
1065055,223010.7616439484
1065146,223010.7616439484
1065162,223010.7616439484
1065164,223010.7616439484
1065198,166836.90998469398
1065199,166836.90998469398
1065201,223010.7616439484
1065202,223010.7616439484
1065203,223010.7616439484
1065246,223010.7616439484
1065262,223010.7616439484
1065274,223010.7616439484
1065275,223010.7616439484
1065297,223010.7616439484
1065304,223010.7616439484
1065320,223010.7616439484
1065322,223010.7616439484
1065328,223010.7616439484
1065359,223010.7616439484
1065372,223010.7616439484
1065374,223010.7616439484
1065377,223010.7616439484
1065396,223010.7616439484
1065406,223010.7616439484
1065413,223010.7616439484
1065448,223010.7616439484
1065477,223010.7616439484
1065483,223010.7616439484
1065488,223010.7616439484
1065529,223010.7616439484
1065572,223010.7616439484
1065607,223010.7616439484
1065613,223010.7616439484
1065615,223010.7616439484
1065617,223010.7616439484
1065619,223010.7616439484
1065621,223010.7616439484
1065641,223010.7616439484
1065658,223010.7616439484
1065662,223010.7616439484
1065702,223010.7616439484
1065761,223010.7616439484
1065771,223010.7616439484
1065835,223010.7616439484
1065838,223010.7616439484
1065848,223010.7616439484
1065852,223010.7616439484
1065855,223010.7616439484
1065857,223010.7616439484
1065859,223010.7616439484
1065883,223010.7616439484
1065901,223010.7616439484
1065927,166836.90998469398
1065939,223010.7616439484
1065940,223010.7616439484
1065970,223010.7616439484
1065973,223010.7616439484
1066009,223010.7616439484
1066029,223010.7616439484
1066035,223010.7616439484
1066052,223010.7616439484
1066060,223010.7616439484
1066082,223010.7616439484
1066109,223010.7616439484
1066119,223010.7616439484
1066134,223010.7616439484
1066159,223010.7616439484
1066160,223010.7616439484
1066161,223010.7616439484
1066162,223010.7616439484
1066163,223010.7616439484
1066170,223010.7616439484
1066171,223010.7616439484
1066172,223010.7616439484
1066174,168834.93237516726
1066191,223010.7616439484
1066194,223010.7616439484
1066245,223010.7616439484
1066361,223010.7616439484
1066365,223010.7616439484
1066375,223010.7616439484
1066378,223010.7616439484
1066379,223010.7616439484
1066409,223010.7616439484
1066413,223010.7616439484
1066448,223010.7616439484
1066476,223010.7616439484
1066524,223010.7616439484
1066548,223010.7616439484
1066602,166836.90998469398
1066603,223010.7616439484
1066605,223010.7616439484
1066643,223010.7616439484
1066644,223010.7616439484
1066664,223010.7616439484
1066730,223010.7616439484
1066734,223010.7616439484
1066736,223010.7616439484
1066759,223010.7616439484
1066761,223010.7616439484
1066772,223010.7616439484
1066792,223010.7616439484
1066795,223010.7616439484
1066832,223010.7616439484
1066845,223010.7616439484
1066847,223010.7616439484
1066938,223010.7616439484
1066944,223010.7616439484
1066988,223010.7616439484
1066996,223010.7616439484
1067005,223010.7616439484
1067009,223010.7616439484
1067011,223010.7616439484
1067037,223010.7616439484
1067063,223010.7616439484
1067064,223010.7616439484
1067088,223010.7616439484
1067115,223010.7616439484
1067119,223010.7616439484
1067291,223010.7616439484
1067363,223010.7616439484
1067374,223010.7616439484
1067395,223010.7616439484
1067402,223010.7616439484
1067412,166836.90998469398
1067425,223010.7616439484
1067428,223010.7616439484
1067430,223010.7616439484
1067435,223010.7616439484
1067478,223010.7616439484
1067512,223010.7616439484
1067533,223010.7616439484
1067536,223010.7616439484
1067549,223010.7616439484
1067555,223010.7616439484
1067557,223010.7616439484
1067570,223010.7616439484
1067575,223010.7616439484
1067577,223010.7616439484
1067578,223010.7616439484
1067584,223010.7616439484
1067596,223010.7616439484
1067598,166836.90998469398
1067614,223010.7616439484
1067631,223010.7616439484
1067649,223010.7616439484
1067652,223010.7616439484
1067687,223010.7616439484
1067688,223010.7616439484
1067704,223010.7616439484
1067705,223010.7616439484
1067731,166836.90998469398
1067746,223010.7616439484
1067756,223010.7616439484
1067777,223010.7616439484
1067793,223010.7616439484
1067808,223010.7616439484
1067821,223010.7616439484
1067834,223010.7616439484
1067846,223010.7616439484
1067850,223010.7616439484
1067853,223010.7616439484
1067863,223010.7616439484
1067913,223010.7616439484
1067914,223010.7616439484
1067962,223010.7616439484
1067999,223010.7616439484
1068022,223010.7616439484
1068055,223010.7616439484
1068076,223010.7616439484
1068078,223010.7616439484
1068136,223010.7616439484
1068137,223010.7616439484
1068155,223010.7616439484
1068157,223010.7616439484
1068158,223010.7616439484
1068173,223010.7616439484
1068240,223010.7616439484
1068266,223010.7616439484
1068324,223010.7616439484
1068360,223010.7616439484
1068386,223010.7616439484
1068396,223010.7616439484
1068406,223010.7616439484
1068409,223010.7616439484
1068414,223010.7616439484
1068466,223010.7616439484
1068489,166836.90998469398
1068501,223010.7616439484
1068520,223010.7616439484
1068533,223010.7616439484
1068611,223010.7616439484
1068645,223010.7616439484
1068683,223010.7616439484
1068685,223010.7616439484
1068698,223010.7616439484
1068703,223010.7616439484
1068737,223010.7616439484
1068751,223010.7616439484
1068752,223010.7616439484
1068797,223010.7616439484
1068824,223010.7616439484
1068840,166836.90998469398
1068894,166836.90998469398
1068949,223010.7616439484
1068954,223010.7616439484
1068960,223010.7616439484
1069002,223010.7616439484
1069029,166836.90998469398
1069034,223010.7616439484
1069058,166836.90998469398
1069115,223010.7616439484
1069117,223010.7616439484
1069137,223010.7616439484
1069138,223010.7616439484
1069204,223010.7616439484
1069246,223010.7616439484
1069293,223010.7616439484
1069308,223010.7616439484
1069388,223010.7616439484
1069416,223010.7616439484
1069429,223010.7616439484
1069430,223010.7616439484
1069489,223010.7616439484
1069539,223010.7616439484
1069541,223010.7616439484
1069543,166836.90998469398
1069544,223010.7616439484
1069545,223010.7616439484
1069602,223010.7616439484
1069619,223010.7616439484
1069633,223010.7616439484
1069662,223010.7616439484
1069672,223010.7616439484
1069673,223010.7616439484
1069712,223010.7616439484
1069750,223010.7616439484
1069782,223010.7616439484
1069813,223010.7616439484
1069835,223010.7616439484
1069857,223010.7616439484
1069881,223010.7616439484
1069973,223010.7616439484
1069981,223010.7616439484
1069982,223010.7616439484
1070002,223010.7616439484
1070067,223010.7616439484
1070070,166836.90998469398
1070084,223010.7616439484
1070089,223010.7616439484
1070103,223010.7616439484
1070165,223010.7616439484
1070183,223010.7616439484
1070185,223010.7616439484
1070208,223010.7616439484
1070245,223010.7616439484
1070308,223010.7616439484
1070362,223010.7616439484
1070374,223010.7616439484
1070378,223010.7616439484
1070388,223010.7616439484
1070394,223010.7616439484
1070438,223010.7616439484
1070454,223010.7616439484
1070455,223010.7616439484
1070456,223010.7616439484
1070463,166836.90998469398
1070467,223010.7616439484
1070469,223010.7616439484
1070498,223010.7616439484
1070501,223010.7616439484
1070516,223010.7616439484
1070554,223010.7616439484
1070570,223010.7616439484
1070573,223010.7616439484
1070643,223010.7616439484
1070656,223010.7616439484
1070675,223010.7616439484
1070677,223010.7616439484
1070707,166836.90998469398
1070760,223010.7616439484
1070770,223010.7616439484
1070862,223010.7616439484
1070866,223010.7616439484
1070907,223010.7616439484
1070916,223010.7616439484
1071031,223010.7616439484
1071038,223010.7616439484
1071042,223010.7616439484
1071045,223010.7616439484
1071046,223010.7616439484
1071118,223010.7616439484
1071145,223010.7616439484
1071161,223010.7616439484
1071166,166836.90998469398
1071202,223010.7616439484
1071335,223010.7616439484
1071349,223010.7616439484
1071350,223010.7616439484
1071356,223010.7616439484
1071357,223010.7616439484
1071360,223010.7616439484
1071370,223010.7616439484
1071376,223010.7616439484
1071378,223010.7616439484
1071390,223010.7616439484
1071413,223010.7616439484
1071414,223010.7616439484
1071415,223010.7616439484
1071419,223010.7616439484
1071427,223010.7616439484
1071430,223010.7616439484
1071434,223010.7616439484
1071481,223010.7616439484
1071503,223010.7616439484
1071504,223010.7616439484
1071532,223010.7616439484
1071537,223010.7616439484
1071551,223010.7616439484
1071574,223010.7616439484
1071613,223010.7616439484
1071621,223010.7616439484
1071651,223010.7616439484
1071653,223010.7616439484
1071669,223010.7616439484
1071704,223010.7616439484
1071722,223010.7616439484
1071727,223010.7616439484
1071737,223010.7616439484
1071740,223010.7616439484
1071782,223010.7616439484
1071889,223010.7616439484
1071899,223010.7616439484
1071920,223010.7616439484
1071948,166836.90998469398
1071950,223010.7616439484
1071983,223010.7616439484
1071997,223010.7616439484
1072066,223010.7616439484
1072080,223010.7616439484
1072081,223010.7616439484
1072086,223010.7616439484
1072176,223010.7616439484
1072178,223010.7616439484
1072201,223010.7616439484
1072204,223010.7616439484
1072219,223010.7616439484
1072229,223010.7616439484
1072242,223010.7616439484
1072245,223010.7616439484
1072249,223010.7616439484
1072259,223010.7616439484
1072306,223010.7616439484
1072320,223010.7616439484
1072326,223010.7616439484
1072334,166836.90998469398
1072345,223010.7616439484
1072353,223010.7616439484
1072382,223010.7616439484
1072387,223010.7616439484
1072403,166836.90998469398
1072484,223010.7616439484
1072487,223010.7616439484
1072490,223010.7616439484
1072493,223010.7616439484
1072503,223010.7616439484
1072536,223010.7616439484
1072548,223010.7616439484
1072599,223010.7616439484
1072627,223010.7616439484
1072632,223010.7616439484
1072681,223010.7616439484
1072729,223010.7616439484
1072752,223010.7616439484
1072775,223010.7616439484
1072776,223010.7616439484
1072779,223010.7616439484
1072780,223010.7616439484
1072784,223010.7616439484
1072800,223010.7616439484
1072809,223010.7616439484
1072819,223010.7616439484
1072842,223010.7616439484
1072873,223010.7616439484
1072880,223010.7616439484
1072894,223010.7616439484
1072901,223010.7616439484
1072913,223010.7616439484
1072929,223010.7616439484
1072973,223010.7616439484
1073092,223010.7616439484
1073108,223010.7616439484
1073195,223010.7616439484
1073200,223010.7616439484
1073209,223010.7616439484
1073215,223010.7616439484
1073216,223010.7616439484
1073217,223010.7616439484
1073218,223010.7616439484
1073219,223010.7616439484
1073220,223010.7616439484
1073221,223010.7616439484
1073222,223010.7616439484
1073223,223010.7616439484
1073224,223010.7616439484
1073225,223010.7616439484
1073226,223010.7616439484
1073228,223010.7616439484
1073229,223010.7616439484
1073234,223010.7616439484
1073238,223010.7616439484
1073240,223010.7616439484
1073251,223010.7616439484
1073388,223010.7616439484
1073391,223010.7616439484
1073420,166836.90998469398
1073428,223010.7616439484
1073465,223010.7616439484
1073471,223010.7616439484
1073484,223010.7616439484
1073529,223010.7616439484
1073563,223010.7616439484
1073604,223010.7616439484
1073621,223010.7616439484
1073622,223010.7616439484
1073626,223010.7616439484
1073663,223010.7616439484
1073675,223010.7616439484
1073681,223010.7616439484
1073695,223010.7616439484
1073753,223010.7616439484
1073779,223010.7616439484
1073844,223010.7616439484
1073846,223010.7616439484
1074053,223010.7616439484
1074196,223010.7616439484
1074279,223010.7616439484
1074340,223010.7616439484
1074532,223010.7616439484
1074540,223010.7616439484
1074548,223010.7616439484
1074550,223010.7616439484
1074554,223010.7616439484
1074575,223010.7616439484
1074579,223010.7616439484
1074603,223010.7616439484
1074607,223010.7616439484
1074608,223010.7616439484
1074643,223010.7616439484
1074677,223010.7616439484
1074682,223010.7616439484
1074697,223010.7616439484
1074710,223010.7616439484
1074741,223010.7616439484
1074816,223010.7616439484
1074821,223010.7616439484
1074882,223010.7616439484
1074943,223010.7616439484
1074946,223010.7616439484
1074968,223010.7616439484
1074991,223010.7616439484
1075071,223010.7616439484
1075075,223010.7616439484
1075078,223010.7616439484
1075192,223010.7616439484
1075221,166836.90998469398
1075262,223010.7616439484
1075320,223010.7616439484
1075321,223010.7616439484
1075527,223010.7616439484
1075555,223010.7616439484
1075566,223010.7616439484
1075576,223010.7616439484
1075621,223010.7616439484
1075623,223010.7616439484
1075669,166836.90998469398
1075694,223010.7616439484
1075794,223010.7616439484
1075855,223010.7616439484
1075875,223010.7616439484
1075876,223010.7616439484
1075878,223010.7616439484
1075902,223010.7616439484
1075981,223010.7616439484
1076017,223010.7616439484
1076028,223010.7616439484
1076116,223010.7616439484
1076133,223010.7616439484
1076153,223010.7616439484
1076223,223010.7616439484
1076232,223010.7616439484
1076237,223010.7616439484
1076242,223010.7616439484
1076246,223010.7616439484
1076250,223010.7616439484
1076256,223010.7616439484
1076265,223010.7616439484
1076270,166836.90998469398
1076275,223010.7616439484
1076282,223010.7616439484
1076297,223010.7616439484
1076314,223010.7616439484
1076342,223010.7616439484
1076353,223010.7616439484
1076399,223010.7616439484
1076400,223010.7616439484
1076410,223010.7616439484
1076411,223010.7616439484
1076419,223010.7616439484
1076451,223010.7616439484
1076453,223010.7616439484
1076479,223010.7616439484
1076502,223010.7616439484
1076505,223010.7616439484
1076512,223010.7616439484
1076516,223010.7616439484
1076615,223010.7616439484
1076618,223010.7616439484
1076619,223010.7616439484
1076637,166836.90998469398
1076655,223010.7616439484
1076670,223010.7616439484
1076672,223010.7616439484
1076751,223010.7616439484
1076780,223010.7616439484
1076822,223010.7616439484
1076837,223010.7616439484
1076848,223010.7616439484
1076851,223010.7616439484
1076867,223010.7616439484
1076870,223010.7616439484
1076873,223010.7616439484
1076877,223010.7616439484
1076899,223010.7616439484
1076928,223010.7616439484
1076931,223010.7616439484
1077002,223010.7616439484
1077007,223010.7616439484
1077008,223010.7616439484
1077013,223010.7616439484
1077024,223010.7616439484
1077043,223010.7616439484
1077056,223010.7616439484
1077067,223010.7616439484
1077162,223010.7616439484
1077187,223010.7616439484
1077265,223010.7616439484
1077596,223010.7616439484
1077624,223010.7616439484
1077752,223010.7616439484
1077787,223010.7616439484
1077884,223010.7616439484
1078098,223010.7616439484
1078219,223010.7616439484
1078257,223010.7616439484
1078341,223010.7616439484
1078355,223010.7616439484
1078360,223010.7616439484
1078409,223010.7616439484
1078431,223010.7616439484
1078454,223010.7616439484
1078476,223010.7616439484
1078477,223010.7616439484
1078497,223010.7616439484
1078545,223010.7616439484
1078556,223010.7616439484
1078564,223010.7616439484
1078585,223010.7616439484
1078640,223010.7616439484
1078648,223010.7616439484
1078660,223010.7616439484
1078685,223010.7616439484
1078699,223010.7616439484
1078723,223010.7616439484
1078725,166836.90998469398
1078736,223010.7616439484
1078773,223010.7616439484
1078806,223010.7616439484
1078814,223010.7616439484
1078885,223010.7616439484
1078899,223010.7616439484
1078908,223010.7616439484
1078969,223010.7616439484
1079020,223010.7616439484
1079036,223010.7616439484
1079059,223010.7616439484
1079068,223010.7616439484
1079153,166836.90998469398
1079183,223010.7616439484
1079230,223010.7616439484
1079254,223010.7616439484
1079277,223010.7616439484
1079282,166836.90998469398
1079294,166836.90998469398
1079320,223010.7616439484
1079334,223010.7616439484
1079343,168834.93237516726
1079356,223010.7616439484
1079382,223010.7616439484
1079459,223010.7616439484
1079463,223010.7616439484
1079464,223010.7616439484
1079479,223010.7616439484
1079483,223010.7616439484
1079497,223010.7616439484
1079498,223010.7616439484
1079503,223010.7616439484
1079504,223010.7616439484
1079528,223010.7616439484
1079568,166836.90998469398
1079600,223010.7616439484
1079607,223010.7616439484
1079608,223010.7616439484
1079612,223010.7616439484
1079618,223010.7616439484
1079705,223010.7616439484
1079766,223010.7616439484
1079842,223010.7616439484
1079850,223010.7616439484
1079853,223010.7616439484
1079868,223010.7616439484
1079892,223010.7616439484
1079895,223010.7616439484
1079928,223010.7616439484
1079992,223010.7616439484
1079994,223010.7616439484
1079995,223010.7616439484
1080005,223010.7616439484
1080008,223010.7616439484
1080010,223010.7616439484
1080011,223010.7616439484
1080015,223010.7616439484
1080025,223010.7616439484
1080028,223010.7616439484
1080030,223010.7616439484
1080032,223010.7616439484
1080034,223010.7616439484
1080037,223010.7616439484
1080063,223010.7616439484
1080064,223010.7616439484
1080065,223010.7616439484
1080066,223010.7616439484
1080069,223010.7616439484
1080072,223010.7616439484
1080077,223010.7616439484
1080111,223010.7616439484
1080133,223010.7616439484
1080147,223010.7616439484
1080162,223010.7616439484
1080187,223010.7616439484
1080200,223010.7616439484
1080279,223010.7616439484
1080290,223010.7616439484
1080292,223010.7616439484
1080299,223010.7616439484
1080327,223010.7616439484
1080328,223010.7616439484
1080332,223010.7616439484
1080334,223010.7616439484
1080342,223010.7616439484
1080343,223010.7616439484
1080364,223010.7616439484
1080379,223010.7616439484
1080382,223010.7616439484
1080383,223010.7616439484
1080399,223010.7616439484
1080401,223010.7616439484
1080426,166836.90998469398
1080440,223010.7616439484
1080450,223010.7616439484
1080465,223010.7616439484
1080482,223010.7616439484
1080485,223010.7616439484
1080507,223010.7616439484
1080562,223010.7616439484
1080606,223010.7616439484
1080621,223010.7616439484
1080633,166836.90998469398
1080663,223010.7616439484
1080670,223010.7616439484
1080752,223010.7616439484
1080755,223010.7616439484
1080757,223010.7616439484
1080776,223010.7616439484
1080802,223010.7616439484
1080807,223010.7616439484
1080836,223010.7616439484
1080849,223010.7616439484
1080858,223010.7616439484
1080859,223010.7616439484
1080914,223010.7616439484
1080921,223010.7616439484
1080937,223010.7616439484
1080977,223010.7616439484
1080980,223010.7616439484
1080983,223010.7616439484
1081011,166836.90998469398
1081038,223010.7616439484
1081055,223010.7616439484
1081112,223010.7616439484
1081125,223010.7616439484
1081153,223010.7616439484
1081170,223010.7616439484
1081201,223010.7616439484
1081232,223010.7616439484
1081267,223010.7616439484
1081351,223010.7616439484
1081356,223010.7616439484
1081395,223010.7616439484
1081435,223010.7616439484
1081436,223010.7616439484
1081442,223010.7616439484
1081472,223010.7616439484
1081487,223010.7616439484
1081508,223010.7616439484
1081512,223010.7616439484
1081528,223010.7616439484
1081552,223010.7616439484
1081575,223010.7616439484
1081706,166836.90998469398
1081782,223010.7616439484
1081785,223010.7616439484
1081787,223010.7616439484
1081832,223010.7616439484
1081833,223010.7616439484
1081838,223010.7616439484
1081841,223010.7616439484
1081843,223010.7616439484
1081844,223010.7616439484
1081848,223010.7616439484
1081869,223010.7616439484
1081902,223010.7616439484
1081903,223010.7616439484
1081908,223010.7616439484
1081924,223010.7616439484
1081936,223010.7616439484
1081949,223010.7616439484
1081970,223010.7616439484
1082039,223010.7616439484
1082045,223010.7616439484
1082046,223010.7616439484
1082048,223010.7616439484
1082118,166836.90998469398
1082145,223010.7616439484
1082147,223010.7616439484
1082163,223010.7616439484
1082251,223010.7616439484
1082254,223010.7616439484
1082255,223010.7616439484
1082327,223010.7616439484
1082342,223010.7616439484
1082343,223010.7616439484
1082360,223010.7616439484
1082376,223010.7616439484
1082382,223010.7616439484
1082390,166836.90998469398
1082417,223010.7616439484
1082420,223010.7616439484
1082432,223010.7616439484
1082441,223010.7616439484
1082442,223010.7616439484
1082461,223010.7616439484
1082482,223010.7616439484
1082483,223010.7616439484
1082488,223010.7616439484
1082504,223010.7616439484
1082508,223010.7616439484
1082533,223010.7616439484
1082548,223010.7616439484
1082549,223010.7616439484
1082586,223010.7616439484
1082640,223010.7616439484
1082677,223010.7616439484
1082833,223010.7616439484
1082840,223010.7616439484
1082846,223010.7616439484
1082857,223010.7616439484
1082863,223010.7616439484
1082867,223010.7616439484
1082927,223010.7616439484
1082928,223010.7616439484
1082958,223010.7616439484
1083026,223010.7616439484
1083029,223010.7616439484
1083052,223010.7616439484
1083095,223010.7616439484
1083118,223010.7616439484
1083122,223010.7616439484
1083137,223010.7616439484
1083208,223010.7616439484
1083251,223010.7616439484
1083264,223010.7616439484
1083284,166836.90998469398
1083291,223010.7616439484
1083296,223010.7616439484
1083300,223010.7616439484
1083303,223010.7616439484
1083345,223010.7616439484
1083382,166836.90998469398
1083388,223010.7616439484
1083392,223010.7616439484
1083402,223010.7616439484
1083405,223010.7616439484
1083495,223010.7616439484
1083545,223010.7616439484
1086147,223010.7616439484
1086216,223010.7616439484
1086243,223010.7616439484
1086254,223010.7616439484
1086282,223010.7616439484
1086309,223010.7616439484
1086312,223010.7616439484
1086333,223010.7616439484
1086344,223010.7616439484
1086616,223010.7616439484
1086670,223010.7616439484
1086770,223010.7616439484
1086802,223010.7616439484
1086813,166836.90998469398
1086818,223010.7616439484
1086819,223010.7616439484
1086820,223010.7616439484
1086826,223010.7616439484
1086827,223010.7616439484
1086842,223010.7616439484
1086844,223010.7616439484
1086846,223010.7616439484
1086847,223010.7616439484
1086848,223010.7616439484
1086864,223010.7616439484
1086917,166836.90998469398
1086918,223010.7616439484
1086963,223010.7616439484
1086991,223010.7616439484
1086999,223010.7616439484
1087035,223010.7616439484
1087054,223010.7616439484
1087111,223010.7616439484
1087112,223010.7616439484
1087115,223010.7616439484
1087116,223010.7616439484
1087132,223010.7616439484
1087135,223010.7616439484
1087193,223010.7616439484
1087235,223010.7616439484
1087237,223010.7616439484
1087238,223010.7616439484
1087241,223010.7616439484
1087288,223010.7616439484
1087329,223010.7616439484
1087340,223010.7616439484
1087346,223010.7616439484
1087349,223010.7616439484
1087375,223010.7616439484
1087389,223010.7616439484
1087406,223010.7616439484
1087423,223010.7616439484
1087432,223010.7616439484
1093650,223010.7616439484
1093654,223010.7616439484
1093657,223010.7616439484
1093659,223010.7616439484
1093661,223010.7616439484
1093675,223010.7616439484
1093684,223010.7616439484
1093703,223010.7616439484
1093710,223010.7616439484
1093711,223010.7616439484
1093718,223010.7616439484
1093725,223010.7616439484
1093808,223010.7616439484
1093813,223010.7616439484
1093816,223010.7616439484
1093817,223010.7616439484
1093845,223010.7616439484
1093848,223010.7616439484
1093904,223010.7616439484
1093906,166836.90998469398
1093909,223010.7616439484
1093920,223010.7616439484
1093958,223010.7616439484
1093960,223010.7616439484
1094005,223010.7616439484
1094008,223010.7616439484
1094012,223010.7616439484
1094018,223010.7616439484
1094108,223010.7616439484
1094111,223010.7616439484
1094126,223010.7616439484
1094128,223010.7616439484
1094133,223010.7616439484
1094136,223010.7616439484
1094142,223010.7616439484
1094151,223010.7616439484
1094174,223010.7616439484
1094196,223010.7616439484
1094198,223010.7616439484
1094232,223010.7616439484
1094299,223010.7616439484
1094334,223010.7616439484
1094348,223010.7616439484
1094353,223010.7616439484
1094362,223010.7616439484
1094412,223010.7616439484
1094416,223010.7616439484
1094419,223010.7616439484
1094463,223010.7616439484
1094464,223010.7616439484
1094519,223010.7616439484
1094530,223010.7616439484
1094531,223010.7616439484
1094538,166836.90998469398
1094590,223010.7616439484
1094633,223010.7616439484
1094660,223010.7616439484
1094668,223010.7616439484
1094694,223010.7616439484
1094714,223010.7616439484
1094717,223010.7616439484
1094747,223010.7616439484
1094771,223010.7616439484
1094773,223010.7616439484
1094779,223010.7616439484
1094810,223010.7616439484
1094817,223010.7616439484
1094818,223010.7616439484
1094822,223010.7616439484
1094855,223010.7616439484
1094858,223010.7616439484
1094864,223010.7616439484
1094895,223010.7616439484
1094910,223010.7616439484
1094939,166836.90998469398
1094960,223010.7616439484
1095019,223010.7616439484
1095021,223010.7616439484
1095025,223010.7616439484
1095029,223010.7616439484
1095031,223010.7616439484
1095067,223010.7616439484
1095105,166836.90998469398
1095126,223010.7616439484
1095135,223010.7616439484
1095139,223010.7616439484
1095146,223010.7616439484
1095292,223010.7616439484
1095313,223010.7616439484
1095326,223010.7616439484
1095334,223010.7616439484
1095343,223010.7616439484
1095383,223010.7616439484
1095399,223010.7616439484
1095416,223010.7616439484
1095448,223010.7616439484
1095478,223010.7616439484
1095480,223010.7616439484
1095496,223010.7616439484
1095500,223010.7616439484
1095529,223010.7616439484
1095536,223010.7616439484
1095552,223010.7616439484
1095588,223010.7616439484
1095624,223010.7616439484
1095650,223010.7616439484
1095691,223010.7616439484
1095735,223010.7616439484
1095799,223010.7616439484
1095804,223010.7616439484
1095810,223010.7616439484
1095827,223010.7616439484
1095841,223010.7616439484
1095853,223010.7616439484
1095860,223010.7616439484
1095866,223010.7616439484
1095906,223010.7616439484
1095907,223010.7616439484
1095926,223010.7616439484
1095949,223010.7616439484
1096078,223010.7616439484
1096079,223010.7616439484
1096090,223010.7616439484
1096148,223010.7616439484
1096213,223010.7616439484
1096235,223010.7616439484
1096271,223010.7616439484
1096279,223010.7616439484
1096316,223010.7616439484
1096318,223010.7616439484
1096335,223010.7616439484
1096339,223010.7616439484
1096405,223010.7616439484
1096417,223010.7616439484
1096464,166836.90998469398
1096480,223010.7616439484
1096484,223010.7616439484
1096513,223010.7616439484
1096539,223010.7616439484
1096546,223010.7616439484
1096550,166836.90998469398
1096556,223010.7616439484
1096573,223010.7616439484
1096583,223010.7616439484
1096585,223010.7616439484
1096590,223010.7616439484
1096593,223010.7616439484
1096600,223010.7616439484
1096627,223010.7616439484
1096631,223010.7616439484
1096691,223010.7616439484
1096700,223010.7616439484
1096716,223010.7616439484
1096723,223010.7616439484
1096749,223010.7616439484
1096777,223010.7616439484
1096784,223010.7616439484
1096858,223010.7616439484
1096873,223010.7616439484
1096921,223010.7616439484
1096936,223010.7616439484
1096968,223010.7616439484
1096972,223010.7616439484
1097023,223010.7616439484
1097024,223010.7616439484
1097040,223010.7616439484
1097041,223010.7616439484
1097045,223010.7616439484
1097078,223010.7616439484
1097079,223010.7616439484
1097082,223010.7616439484
1097084,223010.7616439484
1097102,223010.7616439484
1097259,223010.7616439484
1097283,223010.7616439484
1097365,223010.7616439484
1097366,223010.7616439484
1097476,223010.7616439484
1097499,223010.7616439484
1097500,166836.90998469398
1097511,223010.7616439484
1097514,223010.7616439484
1097544,223010.7616439484
1097562,223010.7616439484
1097569,223010.7616439484
1097597,223010.7616439484
1097609,223010.7616439484
1097635,166836.90998469398
1097650,223010.7616439484
1097655,223010.7616439484
1097659,223010.7616439484
1097664,223010.7616439484
1097673,223010.7616439484
1097675,223010.7616439484
1097698,223010.7616439484
1097718,223010.7616439484
1097755,223010.7616439484
1097767,223010.7616439484
1097777,223010.7616439484
1097778,223010.7616439484
1097795,223010.7616439484
1097861,223010.7616439484
1097886,223010.7616439484
1097887,223010.7616439484
1097888,223010.7616439484
1097928,223010.7616439484
1097949,223010.7616439484
1097975,223010.7616439484
1097993,166836.90998469398
1097994,223010.7616439484
1098066,223010.7616439484
1098122,223010.7616439484
1098125,223010.7616439484
1098140,223010.7616439484
1098199,223010.7616439484
1098213,223010.7616439484
1098215,223010.7616439484
1098219,223010.7616439484
1098228,223010.7616439484
1098252,223010.7616439484
1098268,223010.7616439484
1098275,223010.7616439484
1098362,223010.7616439484
1098365,223010.7616439484
1098396,223010.7616439484
1098468,166836.90998469398
1098495,223010.7616439484
1098569,223010.7616439484
1098588,223010.7616439484
1098633,223010.7616439484
1098693,223010.7616439484
1098698,223010.7616439484
1098706,166836.90998469398
1098771,223010.7616439484
1098971,223010.7616439484
1098987,223010.7616439484
1098991,223010.7616439484
1098994,223010.7616439484
1099004,223010.7616439484
1099021,223010.7616439484
1099030,166836.90998469398
1099038,223010.7616439484
1099039,223010.7616439484
1099045,223010.7616439484
1099133,223010.7616439484
1099137,223010.7616439484
1099153,223010.7616439484
1099180,166836.90998469398
1099183,223010.7616439484
1099184,223010.7616439484
1099199,223010.7616439484
1099315,223010.7616439484
1099316,223010.7616439484
1099320,223010.7616439484
1099323,223010.7616439484
1099326,223010.7616439484
1099329,223010.7616439484
1099335,223010.7616439484
1099338,223010.7616439484
1099342,223010.7616439484
1099350,223010.7616439484
1099351,223010.7616439484
1099359,223010.7616439484
1099364,223010.7616439484
1099366,223010.7616439484
1099382,223010.7616439484
1099383,223010.7616439484
1099407,223010.7616439484
1099414,223010.7616439484
1099441,223010.7616439484
1099447,223010.7616439484
1099465,223010.7616439484
1099469,223010.7616439484
1099488,223010.7616439484
1099520,223010.7616439484
1099562,223010.7616439484
1099567,223010.7616439484
1099623,223010.7616439484
1099651,223010.7616439484
1099664,166836.90998469398
1099665,166836.90998469398
1099671,223010.7616439484
1099702,223010.7616439484
1099722,223010.7616439484
1099725,223010.7616439484
1099726,223010.7616439484
1099728,223010.7616439484
1099729,223010.7616439484
1099734,223010.7616439484
1099740,223010.7616439484
1099743,166836.90998469398
1099768,223010.7616439484
1099774,223010.7616439484
1099796,223010.7616439484
1099815,223010.7616439484
1099837,223010.7616439484
1099916,223010.7616439484
1099928,223010.7616439484
1099941,223010.7616439484
1099946,223010.7616439484
1099948,223010.7616439484
1099950,223010.7616439484
1099972,223010.7616439484
1099995,223010.7616439484
1099996,223010.7616439484
1100056,223010.7616439484
1100076,223010.7616439484
1100169,223010.7616439484
1100171,223010.7616439484
1100178,223010.7616439484
1100189,223010.7616439484
1100191,223010.7616439484
1100192,223010.7616439484
1100194,223010.7616439484
1100205,223010.7616439484
1100224,223010.7616439484
1100257,223010.7616439484
1100317,223010.7616439484
1100329,223010.7616439484
1100345,223010.7616439484
1100388,223010.7616439484
1100391,223010.7616439484
1100460,223010.7616439484
1100509,166836.90998469398
1100516,223010.7616439484
1100532,223010.7616439484
1100537,223010.7616439484
1100548,223010.7616439484
1100583,223010.7616439484
1100596,223010.7616439484
1100601,223010.7616439484
1100611,223010.7616439484
1100619,223010.7616439484
1100658,223010.7616439484
1100660,166836.90998469398
1100674,223010.7616439484
1100682,223010.7616439484
1100692,223010.7616439484
1100719,166836.90998469398
1100743,223010.7616439484
1100780,223010.7616439484
1100810,223010.7616439484
1100829,223010.7616439484
1100840,223010.7616439484
1100852,223010.7616439484
1100865,223010.7616439484
1100897,223010.7616439484
1100931,223010.7616439484
1100932,223010.7616439484
1100938,223010.7616439484
1100944,168834.93237516726
1100945,168834.93237516726
1100946,168834.93237516726
1100947,168834.93237516726
1100948,168834.93237516726
1100953,168834.93237516726
1100955,168834.93237516726
1100957,168834.93237516726
1100960,168834.93237516726
1100962,223010.7616439484
1100984,223010.7616439484
1100985,223010.7616439484
1101003,223010.7616439484
1101004,223010.7616439484
1101005,223010.7616439484
1101006,223010.7616439484
1101007,223010.7616439484
1101012,223010.7616439484
1101064,223010.7616439484
1101073,223010.7616439484
1101084,223010.7616439484
1101086,223010.7616439484
1101094,223010.7616439484
1101102,166836.90998469398
1101127,223010.7616439484
1101173,223010.7616439484
1101180,223010.7616439484
1101202,223010.7616439484
1101203,223010.7616439484
1101207,223010.7616439484
1101208,223010.7616439484
1101232,223010.7616439484
1101240,223010.7616439484
1101252,223010.7616439484
1101258,223010.7616439484
1101263,223010.7616439484
1101276,223010.7616439484
1101292,223010.7616439484
1101294,223010.7616439484
1101303,223010.7616439484
1101319,223010.7616439484
1101326,223010.7616439484
1101330,223010.7616439484
1101331,223010.7616439484
1101333,223010.7616439484
1101335,223010.7616439484
1101351,223010.7616439484
1101378,223010.7616439484
1101418,223010.7616439484
1101423,223010.7616439484
1101428,223010.7616439484
1101517,223010.7616439484
1101591,223010.7616439484
1101616,223010.7616439484
1101739,223010.7616439484
1101759,223010.7616439484
1101799,223010.7616439484
1101800,223010.7616439484
1101801,223010.7616439484
1101814,223010.7616439484
1101859,223010.7616439484
1101869,223010.7616439484
1101901,223010.7616439484
1101931,223010.7616439484
1101932,223010.7616439484
1101976,223010.7616439484
1102031,223010.7616439484
1102046,223010.7616439484
1102066,223010.7616439484
1102090,223010.7616439484
1102112,223010.7616439484
1102117,223010.7616439484
1102119,223010.7616439484
1102123,223010.7616439484
1102135,223010.7616439484
1102169,223010.7616439484
1102170,223010.7616439484
1102240,223010.7616439484
1102248,223010.7616439484
1102273,223010.7616439484
1102307,223010.7616439484
1102332,223010.7616439484
1102413,223010.7616439484
1102414,223010.7616439484
1102415,223010.7616439484
1102416,223010.7616439484
1102417,223010.7616439484
1102422,166836.90998469398
1102423,223010.7616439484
1102430,223010.7616439484
1102431,223010.7616439484
1102434,223010.7616439484
1102452,223010.7616439484
1102470,166836.90998469398
1102505,223010.7616439484
1102509,223010.7616439484
1102527,223010.7616439484
1102537,223010.7616439484
1102564,223010.7616439484
1102603,223010.7616439484
1102608,223010.7616439484
1102646,223010.7616439484
1102647,223010.7616439484
1102650,223010.7616439484
1102655,223010.7616439484
1102657,223010.7616439484
1102660,223010.7616439484
1102685,223010.7616439484
1102688,223010.7616439484
1102699,223010.7616439484
1102704,223010.7616439484
1102705,223010.7616439484
1102728,223010.7616439484
1102735,223010.7616439484
1102750,223010.7616439484
1102770,223010.7616439484
1102790,223010.7616439484
1102797,223010.7616439484
1102800,223010.7616439484
1102806,223010.7616439484
1102844,223010.7616439484
1102862,223010.7616439484
1102908,166836.90998469398
1102909,223010.7616439484
1102959,223010.7616439484
1102970,223010.7616439484
1102986,166836.90998469398
1103044,223010.7616439484
1103076,223010.7616439484
1103095,223010.7616439484
1103226,223010.7616439484
1103227,223010.7616439484
1103228,223010.7616439484
1103229,223010.7616439484
1103249,223010.7616439484
1103253,166836.90998469398
1103258,223010.7616439484
1103264,223010.7616439484
1103265,223010.7616439484
1103278,223010.7616439484
1103279,223010.7616439484
1103282,223010.7616439484
1103361,223010.7616439484
1103386,223010.7616439484
1103396,223010.7616439484
1103402,223010.7616439484
1103403,223010.7616439484
1103404,223010.7616439484
1103418,223010.7616439484
1103419,223010.7616439484
1103431,223010.7616439484
1103481,223010.7616439484
1103489,223010.7616439484
1103584,223010.7616439484
1103598,223010.7616439484
1103600,223010.7616439484
1103604,223010.7616439484
1103606,223010.7616439484
1103614,223010.7616439484
1103646,223010.7616439484
1103668,223010.7616439484
1103669,223010.7616439484
1103678,223010.7616439484
1103711,166836.90998469398
1103726,223010.7616439484
1103731,223010.7616439484
1103735,223010.7616439484
1103741,223010.7616439484
1103838,223010.7616439484
1103903,223010.7616439484
1103914,223010.7616439484
1103991,223010.7616439484
1103997,223010.7616439484
1104005,223010.7616439484
1104027,223010.7616439484
1104035,223010.7616439484
1104045,223010.7616439484
1104073,223010.7616439484
1104122,223010.7616439484
1104123,223010.7616439484
1104132,223010.7616439484
1104247,223010.7616439484
1104252,223010.7616439484
1104265,223010.7616439484
1104276,223010.7616439484
1104292,223010.7616439484
1104347,223010.7616439484
1104357,223010.7616439484
1104358,223010.7616439484
1104369,223010.7616439484
1104944,223010.7616439484
1104946,223010.7616439484
1104949,223010.7616439484
1104951,223010.7616439484
1104953,223010.7616439484
1104955,223010.7616439484
1104972,223010.7616439484
1105018,223010.7616439484
1105021,223010.7616439484
1105024,223010.7616439484
1105025,223010.7616439484
1105044,223010.7616439484
1105046,223010.7616439484
1105047,223010.7616439484
1105050,223010.7616439484
1105051,223010.7616439484
1105052,223010.7616439484
1105053,223010.7616439484
1105071,223010.7616439484
1105081,223010.7616439484
1105207,223010.7616439484
1105210,166836.90998469398
1105265,223010.7616439484
1105266,223010.7616439484
1105267,223010.7616439484
1105268,223010.7616439484
1105280,223010.7616439484
1105281,223010.7616439484
1105282,223010.7616439484
1105376,223010.7616439484
1105429,223010.7616439484
1105465,223010.7616439484
1105493,223010.7616439484
1105496,223010.7616439484
1105557,223010.7616439484
1105558,223010.7616439484
1105575,223010.7616439484
1105576,223010.7616439484
1105581,223010.7616439484
1105621,223010.7616439484
1105622,223010.7616439484
1105698,223010.7616439484
1105699,223010.7616439484
1105700,223010.7616439484
1105702,223010.7616439484
1105705,223010.7616439484
1105706,223010.7616439484
1105711,223010.7616439484
1105799,223010.7616439484
1105802,223010.7616439484
1105803,223010.7616439484
1105805,223010.7616439484
1105806,223010.7616439484
1105807,223010.7616439484
1105828,223010.7616439484
1105830,223010.7616439484
1105831,223010.7616439484
1105832,223010.7616439484
1105849,223010.7616439484
1105855,223010.7616439484
1105898,223010.7616439484
1105899,223010.7616439484
1105935,223010.7616439484
1105989,223010.7616439484
1106068,168834.93237516726
1106069,168834.93237516726
1106073,168834.93237516726
1106085,166836.90998469398
1106086,166836.90998469398
1106135,223010.7616439484
1106164,223010.7616439484
1106193,223010.7616439484
1106196,223010.7616439484
1106244,223010.7616439484
1106253,223010.7616439484
1106256,223010.7616439484
1106586,223010.7616439484
1106587,223010.7616439484
1106588,223010.7616439484
1106589,223010.7616439484
1106600,223010.7616439484
1106608,223010.7616439484
1106715,223010.7616439484
1106789,223010.7616439484
1106790,223010.7616439484
1106791,223010.7616439484
1106792,223010.7616439484
1106793,223010.7616439484
1106794,223010.7616439484
1106869,223010.7616439484
1106954,223010.7616439484
1107205,223010.7616439484
1107331,223010.7616439484
1107333,223010.7616439484
1107389,223010.7616439484
1107390,223010.7616439484
1107392,223010.7616439484
1107394,223010.7616439484
1107395,223010.7616439484
1107469,223010.7616439484
1107483,223010.7616439484
1107491,223010.7616439484
1107667,223010.7616439484
1107772,166836.90998469398
1107775,223010.7616439484
1107785,223010.7616439484
1107786,223010.7616439484
1107787,223010.7616439484
1202392,223010.7616439484
1202393,223010.7616439484
1202395,223010.7616439484
1202440,223010.7616439484
1202550,223010.7616439484
1202552,223010.7616439484
1202577,223010.7616439484
1202580,223010.7616439484
1202842,223010.7616439484
1202844,223010.7616439484
1202860,223010.7616439484
1202861,223010.7616439484
1202869,223010.7616439484
1202876,223010.7616439484
1202892,223010.7616439484
1202903,223010.7616439484
1214273,223010.7616439484
1214280,223010.7616439484
1214445,223010.7616439484
1214448,223010.7616439484
1214449,223010.7616439484
1214464,223010.7616439484
1214572,223010.7616439484
1214574,223010.7616439484
1214584,223010.7616439484
1214608,223010.7616439484
1214640,223010.7616439484
1214643,223010.7616439484
1214651,223010.7616439484
1214652,223010.7616439484
1214657,223010.7616439484
1214661,223010.7616439484
1214673,223010.7616439484
1214675,223010.7616439484
1214679,223010.7616439484
1214703,223010.7616439484
1215040,223010.7616439484
1215050,223010.7616439484
1215134,223010.7616439484
1215138,223010.7616439484
1215362,223010.7616439484
1215366,223010.7616439484
1215368,223010.7616439484
1215369,223010.7616439484
1215374,223010.7616439484
1215388,223010.7616439484
1215448,223010.7616439484
1215451,223010.7616439484
1215486,223010.7616439484
1215488,223010.7616439484
1215496,223010.7616439484
1215498,223010.7616439484
1215555,223010.7616439484
1215556,223010.7616439484
1215560,223010.7616439484
1215573,223010.7616439484
1215591,223010.7616439484
1215596,223010.7616439484
1215746,223010.7616439484
1215748,223010.7616439484
1215754,223010.7616439484
1215756,223010.7616439484
1215758,223010.7616439484
1215761,223010.7616439484
1215762,223010.7616439484
1215766,223010.7616439484
1215767,223010.7616439484
1215776,223010.7616439484
1215784,223010.7616439484
1215791,223010.7616439484
1215796,223010.7616439484
1215797,223010.7616439484
1215798,223010.7616439484
1215806,223010.7616439484
1215810,223010.7616439484
1216439,223010.7616439484
1217024,223010.7616439484
1217029,223010.7616439484
1217034,223010.7616439484
1217036,223010.7616439484
1217037,223010.7616439484
1217038,223010.7616439484
1217233,223010.7616439484
1217234,223010.7616439484
1217247,223010.7616439484
1217248,223010.7616439484
1217250,223010.7616439484
1217540,223010.7616439484
1217556,223010.7616439484
1217557,223010.7616439484
1217559,223010.7616439484
1217578,223010.7616439484
1217875,223010.7616439484
1217881,223010.7616439484
1219303,223010.7616439484
1219356,223010.7616439484
1219361,223010.7616439484
1219426,223010.7616439484
1219482,223010.7616439484
1219492,223010.7616439484
1219515,223010.7616439484
1219518,223010.7616439484
1219520,223010.7616439484
1219620,223010.7616439484
1219653,223010.7616439484
1219665,223010.7616439484
1219668,223010.7616439484
1219670,223010.7616439484
1219706,223010.7616439484
1219714,223010.7616439484
1219756,223010.7616439484
1220007,223010.7616439484
1220137,223010.7616439484
1220139,223010.7616439484
1220671,223010.7616439484
1220690,223010.7616439484
1220731,223010.7616439484
1220732,223010.7616439484
1220739,223010.7616439484
1222082,223010.7616439484
1222084,223010.7616439484
1222087,223010.7616439484
1222182,223010.7616439484
1222183,223010.7616439484
1222194,223010.7616439484
1222252,223010.7616439484
1223720,223010.7616439484
1223812,223010.7616439484
1223816,223010.7616439484
1223827,223010.7616439484
1223836,223010.7616439484
1223838,223010.7616439484
1223841,223010.7616439484
1223860,223010.7616439484
1223861,223010.7616439484
1223863,223010.7616439484
1223867,223010.7616439484
1223875,223010.7616439484
1223892,223010.7616439484
1223897,223010.7616439484
1224003,223010.7616439484
1224006,223010.7616439484
1224010,223010.7616439484
1224014,223010.7616439484
1224033,223010.7616439484
1224068,223010.7616439484
1224071,223010.7616439484
1224121,223010.7616439484
1224146,223010.7616439484
1224153,223010.7616439484
1224653,223010.7616439484
1224668,223010.7616439484
1224776,223010.7616439484
1224788,223010.7616439484
1225148,223010.7616439484
1225155,223010.7616439484
1225157,223010.7616439484
1225159,223010.7616439484
1225238,223010.7616439484
1225323,223010.7616439484
1225362,223010.7616439484
1225363,223010.7616439484
1225376,223010.7616439484
1225378,223010.7616439484
1225818,223010.7616439484
1226392,223010.7616439484
1226394,223010.7616439484
1226516,223010.7616439484
1226517,223010.7616439484
1226741,166836.90998469398
1226743,166836.90998469398
1226745,166836.90998469398
1226748,166836.90998469398
1226749,166836.90998469398
1226782,223010.7616439484
1226789,223010.7616439484
1226799,223010.7616439484
1226860,223010.7616439484
1226867,223010.7616439484
1226963,223010.7616439484
1227068,223010.7616439484
1227072,223010.7616439484
1227075,223010.7616439484
1227080,223010.7616439484
1227083,223010.7616439484
1227087,223010.7616439484
1227113,223010.7616439484
1227115,223010.7616439484
1227127,223010.7616439484
1227165,223010.7616439484
1227292,223010.7616439484
1227294,223010.7616439484
1227296,223010.7616439484
1227675,223010.7616439484
1227679,223010.7616439484
1227680,223010.7616439484
1227687,223010.7616439484
1227690,223010.7616439484
1227707,223010.7616439484
1227708,223010.7616439484
1227709,223010.7616439484
1227720,223010.7616439484
1227815,223010.7616439484
1227857,223010.7616439484
1227859,223010.7616439484
1227865,223010.7616439484
1227902,223010.7616439484
1227904,223010.7616439484
1227921,223010.7616439484
1227928,223010.7616439484
1227948,223010.7616439484
1227951,223010.7616439484
1228096,223010.7616439484
1228098,223010.7616439484
1228597,223010.7616439484
1228622,223010.7616439484
1228630,223010.7616439484
1228639,223010.7616439484
1228640,223010.7616439484
1228821,223010.7616439484
1228828,168834.93237516726
1228829,168834.93237516726
1228966,223010.7616439484
1228972,223010.7616439484
1228973,223010.7616439484
1228974,223010.7616439484
1228985,223010.7616439484
1229013,223010.7616439484
1229016,223010.7616439484
1229018,223010.7616439484
1229020,223010.7616439484
1229022,223010.7616439484
1229028,223010.7616439484
1229030,223010.7616439484
1229031,223010.7616439484
1229038,223010.7616439484
1229176,223010.7616439484
1229188,223010.7616439484
1229190,223010.7616439484
1229201,223010.7616439484
1229212,223010.7616439484
1229218,223010.7616439484
1229220,223010.7616439484
1229224,223010.7616439484
1229225,223010.7616439484
1229462,166836.90998469398
1229540,223010.7616439484
1229541,223010.7616439484
1229591,223010.7616439484
1229597,223010.7616439484
1229598,223010.7616439484
1230015,223010.7616439484
1230020,223010.7616439484
1230030,223010.7616439484
1230031,223010.7616439484
1230037,223010.7616439484
1230038,223010.7616439484
1230039,223010.7616439484
1230040,223010.7616439484
1230045,223010.7616439484
1230070,223010.7616439484
1231407,223010.7616439484
1231410,223010.7616439484
1231549,223010.7616439484
1231551,223010.7616439484
1231558,223010.7616439484
1231661,223010.7616439484
1231688,223010.7616439484
1231696,223010.7616439484
1231704,223010.7616439484
1231710,223010.7616439484
1231711,223010.7616439484
1231719,223010.7616439484
1231753,223010.7616439484
1231846,223010.7616439484
1231908,223010.7616439484
1231938,223010.7616439484
1231982,223010.7616439484
1232000,223010.7616439484
1232001,223010.7616439484
1232002,223010.7616439484
1232475,223010.7616439484
1232477,223010.7616439484
1232484,223010.7616439484
1232490,223010.7616439484
1232637,223010.7616439484
1232646,168834.93237516726
1232662,168834.93237516726
1233033,223010.7616439484
1233038,223010.7616439484
1233250,223010.7616439484
1233263,223010.7616439484
1233265,223010.7616439484
1233268,223010.7616439484
1233307,223010.7616439484
1233314,223010.7616439484
1233329,223010.7616439484
1233345,223010.7616439484
1233349,223010.7616439484
1233447,223010.7616439484
1233450,223010.7616439484
1233453,223010.7616439484
1233462,223010.7616439484
1233465,223010.7616439484
1233471,223010.7616439484
1233474,223010.7616439484
1233479,223010.7616439484
1233487,223010.7616439484
1233488,223010.7616439484
1233490,223010.7616439484
1233493,223010.7616439484
1233495,223010.7616439484
1233497,223010.7616439484
1233542,223010.7616439484
1233552,223010.7616439484
1233557,223010.7616439484
1233567,223010.7616439484
1233568,223010.7616439484
1233569,223010.7616439484
1233683,223010.7616439484
1233764,223010.7616439484
1233861,223010.7616439484
1233877,223010.7616439484
1233987,223010.7616439484
1233989,223010.7616439484
1234069,223010.7616439484
1234103,223010.7616439484
1234104,223010.7616439484
1234343,223010.7616439484
1234348,223010.7616439484
1234349,223010.7616439484
1234495,223010.7616439484
1234496,223010.7616439484
1234497,223010.7616439484
1234499,223010.7616439484
1234515,223010.7616439484
1234516,223010.7616439484
1234528,223010.7616439484
1234612,223010.7616439484
1234760,223010.7616439484
1234763,223010.7616439484
1234766,223010.7616439484
1234772,223010.7616439484
1234818,223010.7616439484
1235137,223010.7616439484
1235157,223010.7616439484
1235163,223010.7616439484
1235168,223010.7616439484
1235169,223010.7616439484
1235170,223010.7616439484
1235228,223010.7616439484
1235244,223010.7616439484
1235266,223010.7616439484
1235290,223010.7616439484
1235294,223010.7616439484
1235303,223010.7616439484
1235312,223010.7616439484
1235314,223010.7616439484
1235337,223010.7616439484
1235354,223010.7616439484
1235360,223010.7616439484
1235386,223010.7616439484
1235538,223010.7616439484
1235542,223010.7616439484
1235546,223010.7616439484
1235552,223010.7616439484
1235662,223010.7616439484
1235678,223010.7616439484
1235679,223010.7616439484
1235688,223010.7616439484
1235689,223010.7616439484
1235741,223010.7616439484
1235742,223010.7616439484
1235744,223010.7616439484
1235745,223010.7616439484
1235746,223010.7616439484
1235747,223010.7616439484
1235786,223010.7616439484
1235796,223010.7616439484
1235824,223010.7616439484
1235825,223010.7616439484
1235874,223010.7616439484
1235885,223010.7616439484
1235886,223010.7616439484
1235887,223010.7616439484
1235916,223010.7616439484
1235996,223010.7616439484
1235997,223010.7616439484
1236001,223010.7616439484
1236007,223010.7616439484
1236009,223010.7616439484
1236010,223010.7616439484
1236082,223010.7616439484
1236126,223010.7616439484
1236137,166836.90998469398
1236150,223010.7616439484
1236152,223010.7616439484
1236160,223010.7616439484
1236162,223010.7616439484
1236183,223010.7616439484
1236186,223010.7616439484
1236189,223010.7616439484
1236201,223010.7616439484
1236353,223010.7616439484
1236355,223010.7616439484
1236463,223010.7616439484
1236479,223010.7616439484
1236480,223010.7616439484
1236822,223010.7616439484
1236911,223010.7616439484
1236986,223010.7616439484
1236991,223010.7616439484
1236993,223010.7616439484
1237029,223010.7616439484
1237033,223010.7616439484
1237049,223010.7616439484
1237051,223010.7616439484
1237164,223010.7616439484
1237170,223010.7616439484
1237492,223010.7616439484
1237495,223010.7616439484
1237545,223010.7616439484
1237979,223010.7616439484
1237998,223010.7616439484
1238015,223010.7616439484
1238100,223010.7616439484
1238115,223010.7616439484
1238129,223010.7616439484
1238182,223010.7616439484
1238190,223010.7616439484
1238195,223010.7616439484
1238198,223010.7616439484
1238207,223010.7616439484
1238213,223010.7616439484
1238216,223010.7616439484
1238226,223010.7616439484
1238229,223010.7616439484
1238231,223010.7616439484
1238232,223010.7616439484
1238237,223010.7616439484
1238241,223010.7616439484
1238242,223010.7616439484
1238244,223010.7616439484
1238245,223010.7616439484
1238258,223010.7616439484
1238259,223010.7616439484
1238261,223010.7616439484
1238263,223010.7616439484
1238264,223010.7616439484
1238384,223010.7616439484
1238386,223010.7616439484
1238419,223010.7616439484
1238422,223010.7616439484
1238435,223010.7616439484
1238439,223010.7616439484
1238572,223010.7616439484
1238582,223010.7616439484
1238589,223010.7616439484
1238614,223010.7616439484
1238793,223010.7616439484
1238800,223010.7616439484
1238802,223010.7616439484
1238807,223010.7616439484
1238812,223010.7616439484
1238813,223010.7616439484
1238814,223010.7616439484
1238827,223010.7616439484
1238834,223010.7616439484
1238964,223010.7616439484
1238965,223010.7616439484
1239003,223010.7616439484
1239006,223010.7616439484
1239029,223010.7616439484
1239054,223010.7616439484
1239062,223010.7616439484
1239067,223010.7616439484
1239078,223010.7616439484
1239100,223010.7616439484
1239106,223010.7616439484
1239112,223010.7616439484
1239158,223010.7616439484
1239160,223010.7616439484
1239161,223010.7616439484
1239162,223010.7616439484
1239239,223010.7616439484
1239260,223010.7616439484
1239261,223010.7616439484
1239271,223010.7616439484
1239276,223010.7616439484
1239278,223010.7616439484
1239294,223010.7616439484
1239313,223010.7616439484
1239402,223010.7616439484
1239482,223010.7616439484
1239483,223010.7616439484
1239484,223010.7616439484
1239485,223010.7616439484
1239490,223010.7616439484
1239519,166836.90998469398
1239527,223010.7616439484
1239532,223010.7616439484
1239533,223010.7616439484
1239534,223010.7616439484
1239535,223010.7616439484
1239537,223010.7616439484
1239558,223010.7616439484
1239566,223010.7616439484
1239568,223010.7616439484
1239577,223010.7616439484
1239578,223010.7616439484
1239585,223010.7616439484
1239589,223010.7616439484
1239598,223010.7616439484
1239601,223010.7616439484
1239963,223010.7616439484
1239978,223010.7616439484
1239994,223010.7616439484
1240122,223010.7616439484
1240137,223010.7616439484
1240202,223010.7616439484
1240229,223010.7616439484
1240235,223010.7616439484
1240281,223010.7616439484
1240283,223010.7616439484
1240338,223010.7616439484
1240418,223010.7616439484
1240441,223010.7616439484
1240442,223010.7616439484
1240444,223010.7616439484
1240448,223010.7616439484
1240464,223010.7616439484
1240465,223010.7616439484
1240498,223010.7616439484
1240504,223010.7616439484
1240505,223010.7616439484
1240516,223010.7616439484
1240535,223010.7616439484
1240539,223010.7616439484
1240540,223010.7616439484
1240617,223010.7616439484
1240649,223010.7616439484
1240720,223010.7616439484
1240728,223010.7616439484
1240735,223010.7616439484
1240736,223010.7616439484
1240977,168834.93237516726
1240979,168834.93237516726
1241045,223010.7616439484
1241069,223010.7616439484
1241079,223010.7616439484
1241087,223010.7616439484
1241091,223010.7616439484
1241093,223010.7616439484
1241095,223010.7616439484
1241101,223010.7616439484
1241103,223010.7616439484
1241115,223010.7616439484
1241117,223010.7616439484
1241128,223010.7616439484
1241130,223010.7616439484
1241139,223010.7616439484
1241151,223010.7616439484
1241289,223010.7616439484
1241295,223010.7616439484
1241453,223010.7616439484
1241454,223010.7616439484
1241459,223010.7616439484
1241460,223010.7616439484
1241478,223010.7616439484
1241488,223010.7616439484
1241744,166836.90998469398
1241746,166836.90998469398
1241753,166836.90998469398
1241756,166836.90998469398
1241757,166836.90998469398
1241760,166836.90998469398
1241761,166836.90998469398
1241764,166836.90998469398
1241795,223010.7616439484
1241796,223010.7616439484
1241798,223010.7616439484
1241803,223010.7616439484
1241804,223010.7616439484
1241807,223010.7616439484
1241810,223010.7616439484
1241813,223010.7616439484
1241826,223010.7616439484
1241833,223010.7616439484
1241834,223010.7616439484
1241837,223010.7616439484
1241842,223010.7616439484
1241843,223010.7616439484
1241897,223010.7616439484
1241913,223010.7616439484
1241975,223010.7616439484
1241978,223010.7616439484
1241980,223010.7616439484
1241981,223010.7616439484
1241983,223010.7616439484
1242077,223010.7616439484
1242080,223010.7616439484
1242082,223010.7616439484
1242090,223010.7616439484
1242092,223010.7616439484
1242118,223010.7616439484
1242119,223010.7616439484
1242131,223010.7616439484
1242132,223010.7616439484
1242135,223010.7616439484
1242139,223010.7616439484
70723,227529.68118368438
71009,227529.68118368438
71030,227529.68118368438
71670,227529.68118368438
71671,227529.68118368438
71694,227529.68118368438
71697,227529.68118368438
71717,227529.68118368438
71727,227529.68118368438
71785,227529.68118368438
72264,227529.68118368438
72276,227529.68118368438
72325,227529.68118368438
72326,227529.68118368438
72327,227529.68118368438
72548,227529.68118368438
72571,227529.68118368438
72713,227529.68118368438
696861,199461.0456601387
696875,196468.62524227635
696882,189691.345003416
