id,price
264893,243772.8491122295
264899,122351.17702383987
264910,243772.8491122295
264915,243772.8491122295
264919,243772.8491122295
264928,137977.1010813492
264932,243772.8491122295
264935,243772.8491122295
264939,120513.19441001037
264944,243772.8491122295
264954,120513.19441001037
264955,120513.19441001037
264969,243772.8491122295
264978,243772.8491122295
264983,243772.8491122295
264984,243772.8491122295
264985,243772.8491122295
265031,243772.8491122295
265032,243772.8491122295
265058,243772.8491122295
265066,122351.17702383987
265068,243772.8491122295
265069,243772.8491122295
265070,243772.8491122295
265077,243772.8491122295
265090,243772.8491122295
265094,243772.8491122295
265101,137977.1010813492
265102,120513.19441001037
265105,243772.8491122295
265106,120513.19441001037
265108,137977.1010813492
265115,120513.19441001037
265147,243772.8491122295
265152,243772.8491122295
265153,243772.8491122295
265170,122351.17702383987
265176,243772.8491122295
265187,243772.8491122295
265189,243772.8491122295
265198,243772.8491122295
265225,243772.8491122295
265233,243772.8491122295
265237,243772.8491122295
265253,243772.8491122295
265280,155876.93351401205
265287,243772.8491122295
265293,243772.8491122295
265296,243772.8491122295
265307,243772.8491122295
265308,243772.8491122295
265312,243772.8491122295
265313,243772.8491122295
265314,243772.8491122295
265315,243772.8491122295
265320,243772.8491122295
265333,155876.93351401205
265346,243772.8491122295
265351,243772.8491122295
265356,243772.8491122295
265357,243772.8491122295
265358,243772.8491122295
265363,155876.93351401205
265369,243772.8491122295
265372,243772.8491122295
265402,243772.8491122295
265406,155876.93351401205
265420,155876.93351401205
265436,155876.93351401205
265438,243772.8491122295
265442,243772.8491122295
265449,243772.8491122295
265452,243772.8491122295
265455,243772.8491122295
265461,243772.8491122295
265465,243772.8491122295
265481,243772.8491122295
265488,243772.8491122295
265501,243772.8491122295
265514,243772.8491122295
265515,243772.8491122295
265516,243772.8491122295
265517,243772.8491122295
265526,243772.8491122295
265533,243772.8491122295
265539,243772.8491122295
265543,243772.8491122295
265544,243772.8491122295
265556,160061.99459642216
265559,243772.8491122295
265561,243772.8491122295
265584,160061.99459642216
265586,160061.99459642216
265587,160061.99459642216
265588,160061.99459642216
265593,243772.8491122295
265596,243772.8491122295
265607,243772.8491122295
265608,243772.8491122295
265610,243772.8491122295
265613,243772.8491122295
265653,160061.99459642216
265663,160061.99459642216
265669,243772.8491122295
265675,243772.8491122295
265699,160061.99459642216
265701,160061.99459642216
265703,160061.99459642216
265704,160061.99459642216
265743,160061.99459642216
265748,243772.8491122295
265759,160061.99459642216
265795,243772.8491122295
265797,243772.8491122295
265805,160061.99459642216
265806,243772.8491122295
265810,160061.99459642216
265819,243772.8491122295
265820,243772.8491122295
265833,160061.99459642216
265834,160061.99459642216
265843,243772.8491122295
265851,243772.8491122295
265862,243772.8491122295
265864,243772.8491122295
265869,243772.8491122295
265887,243772.8491122295
265907,423385.0386873295
265913,243772.8491122295
265921,243772.8491122295
265923,243772.8491122295
265925,243772.8491122295
265957,243772.8491122295
265958,243772.8491122295
265960,243772.8491122295
265963,243772.8491122295
265969,243772.8491122295
266004,243772.8491122295
266028,243772.8491122295
266029,243772.8491122295
266032,243772.8491122295
266034,243772.8491122295
266055,243772.8491122295
266075,243772.8491122295
266077,243772.8491122295
266080,243772.8491122295
266093,423385.0386873295
266094,423385.0386873295
266100,243772.8491122295
266116,243772.8491122295
266129,243772.8491122295
266144,243772.8491122295
266160,243772.8491122295
266165,243772.8491122295
266196,243772.8491122295
266199,213840.96506485625
266202,243772.8491122295
266210,243772.8491122295
266211,243772.8491122295
266213,243772.8491122295
266218,243772.8491122295
266219,243772.8491122295
266220,243772.8491122295
266234,243772.8491122295
266241,243772.8491122295
266248,243772.8491122295
266251,243772.8491122295
266256,243772.8491122295
266259,243772.8491122295
266274,218825.89043037684
266275,211816.5163988604
266276,243772.8491122295
266279,243772.8491122295
266280,243772.8491122295
266281,243772.8491122295
266299,243772.8491122295
266300,243772.8491122295
266305,243772.8491122295
266314,243772.8491122295
266315,243772.8491122295
266329,243772.8491122295
266332,243772.8491122295
266350,243772.8491122295
266368,243772.8491122295
266375,243772.8491122295
266381,243772.8491122295
266382,243772.8491122295
266393,243772.8491122295
266394,243772.8491122295
266402,243772.8491122295
266406,125985.74885969794
266423,243772.8491122295
266424,243772.8491122295
266438,243772.8491122295
266454,243772.8491122295
266463,243772.8491122295
266465,243772.8491122295
266479,129033.7581705937
266480,243772.8491122295
266485,243772.8491122295
266486,243772.8491122295
266496,243772.8491122295
266508,243772.8491122295
266510,243772.8491122295
266511,243772.8491122295
266512,243772.8491122295
266514,243772.8491122295
266517,243772.8491122295
266539,243772.8491122295
266542,243772.8491122295
266545,243772.8491122295
266548,243772.8491122295
266550,243772.8491122295
266556,243772.8491122295
266559,243772.8491122295
266565,243772.8491122295
266568,243772.8491122295
266569,243772.8491122295
266575,243772.8491122295
266580,243772.8491122295
266581,243772.8491122295
266582,243772.8491122295
266583,243772.8491122295
266602,310456.79237840814
266606,243772.8491122295
266618,243772.8491122295
266619,310456.79237840814
266620,243772.8491122295
266624,310456.79237840814
266626,243772.8491122295
266662,243772.8491122295
266667,243772.8491122295
266668,243772.8491122295
266677,243772.8491122295
266681,243772.8491122295
266682,243772.8491122295
266690,243772.8491122295
266694,243772.8491122295
266695,243772.8491122295
266698,243772.8491122295
266699,243772.8491122295
266727,310456.79237840814
266729,243772.8491122295
266731,243772.8491122295
266732,243772.8491122295
266740,243772.8491122295
266744,243772.8491122295
266748,243772.8491122295
266768,243772.8491122295
266770,243772.8491122295
266771,243772.8491122295
266778,243772.8491122295
266779,243772.8491122295
266781,243772.8491122295
266785,243772.8491122295
266809,243772.8491122295
266819,243772.8491122295
266821,243772.8491122295
266824,310456.79237840814
266830,310456.79237840814
266831,243772.8491122295
266845,243772.8491122295
266846,243772.8491122295
266847,243772.8491122295
266851,193060.4809015055
266858,193060.4809015055
266859,243772.8491122295
266862,243772.8491122295
266863,243772.8491122295
266864,243772.8491122295
266872,243772.8491122295
266875,243772.8491122295
266877,243772.8491122295
266882,243772.8491122295
266883,243772.8491122295
266886,243772.8491122295
266918,243772.8491122295
266919,243772.8491122295
266920,193060.4809015055
266953,243772.8491122295
266954,243772.8491122295
266955,243772.8491122295
266957,243772.8491122295
266965,243772.8491122295
266966,243772.8491122295
266969,243772.8491122295
266984,193060.4809015055
266989,193060.4809015055
266990,193060.4809015055
267015,165201.6221844112
267016,165201.6221844112
267017,165201.6221844112
267018,243772.8491122295
267019,193060.4809015055
267020,193060.4809015055
267025,243772.8491122295
267028,243772.8491122295
267041,193060.4809015055
267054,165201.6221844112
267082,193060.4809015055
267084,243772.8491122295
267085,243772.8491122295
267103,243772.8491122295
267104,243772.8491122295
267106,129033.7581705937
267113,129033.7581705937
267126,129033.7581705937
267128,243772.8491122295
267131,243772.8491122295
267138,243772.8491122295
267147,243772.8491122295
267153,243772.8491122295
267154,243772.8491122295
267171,129033.7581705937
267173,129033.7581705937
267188,129033.7581705937
267198,129033.7581705937
267199,129033.7581705937
267218,243772.8491122295
267220,243772.8491122295
267221,243772.8491122295
267245,243772.8491122295
267247,243772.8491122295
267248,243772.8491122295
267249,243772.8491122295
267253,243772.8491122295
267269,243772.8491122295
267271,243772.8491122295
267274,243772.8491122295
267281,243772.8491122295
267303,243772.8491122295
267305,159956.35294749436
267306,243772.8491122295
267307,243772.8491122295
267309,159956.35294749436
267311,159956.35294749436
267312,243772.8491122295
267315,243772.8491122295
267331,243772.8491122295
267338,243772.8491122295
267342,243772.8491122295
267344,243772.8491122295
267346,243772.8491122295
267366,243772.8491122295
267369,243772.8491122295
267371,243772.8491122295
267375,243772.8491122295
267376,159956.35294749436
267379,243772.8491122295
267381,243772.8491122295
267382,243772.8491122295
267407,243772.8491122295
267422,243772.8491122295
267424,243772.8491122295
267428,243772.8491122295
267431,243772.8491122295
267434,243772.8491122295
267437,243772.8491122295
267438,243772.8491122295
267439,243772.8491122295
267440,243772.8491122295
267441,243772.8491122295
267443,243772.8491122295
267460,243772.8491122295
267463,243772.8491122295
267494,243772.8491122295
267510,215325.81490550746
267515,243772.8491122295
267520,243772.8491122295
267522,243772.8491122295
267523,243772.8491122295
267524,243772.8491122295
267544,215325.81490550746
267546,243772.8491122295
267551,243772.8491122295
267553,243772.8491122295
267563,215325.81490550746
267584,243772.8491122295
267585,243772.8491122295
267587,243772.8491122295
267598,243772.8491122295
267602,243772.8491122295
267614,243772.8491122295
267617,243772.8491122295
267619,243772.8491122295
267620,243772.8491122295
267623,243772.8491122295
267627,243772.8491122295
267633,243772.8491122295
267644,215325.81490550746
267667,243772.8491122295
267738,130249.50737143755
267740,130249.50737143755
267743,243772.8491122295
267778,243772.8491122295
267779,243772.8491122295
267799,243772.8491122295
267800,243772.8491122295
267814,130249.50737143755
267816,243772.8491122295
267833,243772.8491122295
267834,243772.8491122295
267836,243772.8491122295
267847,243772.8491122295
267858,243772.8491122295
267891,243772.8491122295
267896,243772.8491122295
267899,243772.8491122295
267900,150935.32141666277
267902,243772.8491122295
267908,243772.8491122295
267924,243772.8491122295
267933,243772.8491122295
267936,243772.8491122295
267939,243772.8491122295
267941,243772.8491122295
267942,243772.8491122295
267967,243772.8491122295
267970,150935.32141666277
267980,243772.8491122295
267990,150935.32141666277
267992,243772.8491122295
267994,243772.8491122295
267995,243772.8491122295
267999,243772.8491122295
268003,243772.8491122295
268020,150935.32141666277
268033,243772.8491122295
268041,243772.8491122295
268056,243772.8491122295
268067,165201.6221844112
268070,165201.6221844112
268071,243772.8491122295
268121,243772.8491122295
268144,243772.8491122295
268145,165201.6221844112
268147,243772.8491122295
268149,165201.6221844112
268150,243772.8491122295
268157,243772.8491122295
268159,243772.8491122295
268161,243772.8491122295
268175,243772.8491122295
268189,243772.8491122295
268208,165201.6221844112
308905,243772.8491122295
312310,243772.8491122295
312331,243772.8491122295
695165,211816.5163988604
695166,211816.5163988604
695170,150935.32141666277
695176,128997.74664032155
695178,193060.4809015055
695181,193060.4809015055
695183,193060.4809015055
695185,213840.96506485625
695196,158046.32928645078
695203,138250.49217109985
695205,211816.5163988604
695207,122442.8185488426
695236,150523.62975679807
695238,150523.62975679807
695252,163873.95724756966
695257,145187.16039416363
713635,231638.46928820625
714108,231638.46928820625
714284,231638.46928820625
714645,231638.46928820625
714753,231638.46928820625
714863,231638.46928820625
714924,231638.46928820625
715132,231638.46928820625
715405,231638.46928820625
715433,231638.46928820625
715694,231638.46928820625
715746,231638.46928820625
715898,231638.46928820625
715902,231638.46928820625
715996,231638.46928820625
716065,231638.46928820625
716097,231638.46928820625
716329,231638.46928820625
716360,231638.46928820625
716377,231638.46928820625
716484,231638.46928820625
716541,231638.46928820625
716634,231638.46928820625
716888,231638.46928820625
717017,231638.46928820625
717109,231638.46928820625
717307,231638.46928820625
717459,231638.46928820625
717524,231638.46928820625
717568,231638.46928820625
717688,231638.46928820625
717690,231638.46928820625
717797,231638.46928820625
717829,231638.46928820625
717945,231638.46928820625
717983,231638.46928820625
718276,231638.46928820625
718584,231638.46928820625
718617,231638.46928820625
718717,231638.46928820625
718867,231638.46928820625
718943,231638.46928820625
718997,231638.46928820625
719116,231638.46928820625
719132,231638.46928820625
719287,231638.46928820625
719579,231638.46928820625
719846,231638.46928820625
719893,231638.46928820625
720041,231638.46928820625
720088,231638.46928820625
720180,231638.46928820625
720249,231638.46928820625
720261,231638.46928820625
720293,231638.46928820625
720364,231638.46928820625
720455,231638.46928820625
720564,231638.46928820625
720679,231638.46928820625
720725,231638.46928820625
720817,231638.46928820625
720854,231638.46928820625
720920,231638.46928820625
721130,231638.46928820625
721266,231638.46928820625
721531,231638.46928820625
721844,231638.46928820625
721882,231638.46928820625
722050,231638.46928820625
722151,231638.46928820625
722225,231638.46928820625
722264,231638.46928820625
722516,231638.46928820625
722520,231638.46928820625
722594,231638.46928820625
722649,231638.46928820625
722769,231638.46928820625
724397,231638.46928820625
724457,231638.46928820625
724486,231638.46928820625
724488,231638.46928820625
724574,231638.46928820625
724620,231638.46928820625
724674,231638.46928820625
724767,231638.46928820625
724786,231638.46928820625
724908,231638.46928820625
725124,231638.46928820625
725211,231638.46928820625
725280,231638.46928820625
725364,231638.46928820625
725393,231638.46928820625
725425,231638.46928820625
725455,231638.46928820625
725547,231638.46928820625
725814,231638.46928820625
725829,231638.46928820625
725999,231638.46928820625
726088,231638.46928820625
726214,231638.46928820625
726348,231638.46928820625
726542,231638.46928820625
726620,231638.46928820625
726910,231638.46928820625
727068,231638.46928820625
727229,231638.46928820625
727458,231638.46928820625
727699,231638.46928820625
728077,231638.46928820625
728089,231638.46928820625
728272,231638.46928820625
728553,231638.46928820625
728592,231638.46928820625
728640,231638.46928820625
728663,231638.46928820625
729105,231638.46928820625
729267,231638.46928820625
729622,231638.46928820625
730128,231638.46928820625
730298,231638.46928820625
730619,231638.46928820625
730712,231638.46928820625
731061,231638.46928820625
731131,231638.46928820625
731142,231638.46928820625
731240,231638.46928820625
731527,231638.46928820625
731655,231638.46928820625
731841,231638.46928820625
731925,231638.46928820625
732382,231638.46928820625
732568,231638.46928820625
732810,231638.46928820625
732969,231638.46928820625
733029,231638.46928820625
733077,231638.46928820625
733091,231638.46928820625
733208,231638.46928820625
733226,231638.46928820625
733230,231638.46928820625
733238,231638.46928820625
733347,231638.46928820625
733542,231638.46928820625
734153,231638.46928820625
734154,231638.46928820625
734176,231638.46928820625
734212,231638.46928820625
734217,231638.46928820625
734258,231638.46928820625
734334,231638.46928820625
734397,231638.46928820625
734666,231638.46928820625
734674,231638.46928820625
734675,231638.46928820625
734724,231638.46928820625
734919,231638.46928820625
735058,231638.46928820625
735319,231638.46928820625
735691,231638.46928820625
735730,231638.46928820625
735875,231638.46928820625
736019,231638.46928820625
736274,231638.46928820625
736752,231638.46928820625
736842,231638.46928820625
736845,231638.46928820625
736880,231638.46928820625
737208,231638.46928820625
737501,231638.46928820625
737652,231638.46928820625
737722,231638.46928820625
738039,231638.46928820625
738057,231638.46928820625
738082,231638.46928820625
738665,231638.46928820625
738841,231638.46928820625
739007,231638.46928820625
739075,231638.46928820625
739255,231638.46928820625
739492,231638.46928820625
740378,231638.46928820625
740535,231638.46928820625
741340,231638.46928820625
741408,231638.46928820625
741684,231638.46928820625
742269,231638.46928820625
742430,231638.46928820625
742608,231638.46928820625
742744,231638.46928820625
742791,231638.46928820625
742826,231638.46928820625
742881,231638.46928820625
742899,231638.46928820625
743231,231638.46928820625
743527,231638.46928820625
743534,231638.46928820625
743562,231638.46928820625
743664,231638.46928820625
743926,231638.46928820625
744027,231638.46928820625
744337,231638.46928820625
744508,231638.46928820625
744690,231638.46928820625
745006,231638.46928820625
745047,231638.46928820625
745193,231638.46928820625
745245,231638.46928820625
745515,231638.46928820625
746017,231638.46928820625
746053,231638.46928820625
746265,231638.46928820625
746355,231638.46928820625
746375,231638.46928820625
746382,231638.46928820625
746483,231638.46928820625
746772,231638.46928820625
746949,231638.46928820625
746954,231638.46928820625
746984,231638.46928820625
748310,231638.46928820625
748476,231638.46928820625
748712,231638.46928820625
748736,231638.46928820625
748773,231638.46928820625
748803,231638.46928820625
749336,231638.46928820625
749657,231638.46928820625
749755,231638.46928820625
749845,231638.46928820625
750054,231638.46928820625
750136,231638.46928820625
750580,231638.46928820625
750771,231638.46928820625
751301,231638.46928820625
751365,231638.46928820625
751450,231638.46928820625
751496,231638.46928820625
751560,231638.46928820625
751799,231638.46928820625
751846,231638.46928820625
751847,231638.46928820625
751897,231638.46928820625
751958,231638.46928820625
751960,231638.46928820625
752204,231638.46928820625
752309,231638.46928820625
752365,231638.46928820625
752608,231638.46928820625
752648,231638.46928820625
752691,231638.46928820625
752814,231638.46928820625
752877,231638.46928820625
753069,231638.46928820625
753118,231638.46928820625
753224,231638.46928820625
753227,231638.46928820625
753248,231638.46928820625
753391,231638.46928820625
753482,231638.46928820625
753516,231638.46928820625
753532,231638.46928820625
753563,231638.46928820625
753651,231638.46928820625
753842,231638.46928820625
754089,231638.46928820625
754090,231638.46928820625
754125,231638.46928820625
754506,231638.46928820625
754620,231638.46928820625
754630,231638.46928820625
754802,231638.46928820625
754861,231638.46928820625
754927,231638.46928820625
754936,231638.46928820625
755034,231638.46928820625
755072,231638.46928820625
755075,231638.46928820625
755879,231638.46928820625
756141,231638.46928820625
757137,231638.46928820625
757268,231638.46928820625
757525,231638.46928820625
757552,231638.46928820625
757671,231638.46928820625
757699,231638.46928820625
757723,231638.46928820625
757778,231638.46928820625
757807,231638.46928820625
757810,231638.46928820625
758073,231638.46928820625
758157,231638.46928820625
758385,231638.46928820625
758409,231638.46928820625
758503,231638.46928820625
758531,231638.46928820625
758589,231638.46928820625
758722,231638.46928820625
758785,231638.46928820625
758793,231638.46928820625
758855,231638.46928820625
758943,231638.46928820625
758961,231638.46928820625
759020,231638.46928820625
759066,231638.46928820625
759073,231638.46928820625
759076,231638.46928820625
759330,231638.46928820625
760184,231638.46928820625
760381,231638.46928820625
760382,231638.46928820625
760545,231638.46928820625
760920,231638.46928820625
767749,231638.46928820625
767766,231638.46928820625
767960,231638.46928820625
768051,231638.46928820625
771578,231638.46928820625
771667,231638.46928820625
771785,231638.46928820625
771860,231638.46928820625
772094,231638.46928820625
772238,231638.46928820625
772563,231638.46928820625
772956,231638.46928820625
773061,231638.46928820625
773111,231638.46928820625
773288,231638.46928820625
773498,231638.46928820625
773599,231638.46928820625
773705,231638.46928820625
773905,231638.46928820625
773965,231638.46928820625
773973,231638.46928820625
774075,231638.46928820625
774236,231638.46928820625
774296,231638.46928820625
774423,231638.46928820625
774558,231638.46928820625
774559,231638.46928820625
774858,231638.46928820625
774859,231638.46928820625
774860,231638.46928820625
774861,231638.46928820625
774863,231638.46928820625
774864,231638.46928820625
774865,231638.46928820625
774866,231638.46928820625
774870,231638.46928820625
774874,231638.46928820625
774908,231638.46928820625
774914,231638.46928820625
775168,231638.46928820625
775205,231638.46928820625
775210,231638.46928820625
775320,231638.46928820625
775438,231638.46928820625
775442,231638.46928820625
775443,231638.46928820625
775444,231638.46928820625
775445,231638.46928820625
775447,231638.46928820625
775448,231638.46928820625
775554,231638.46928820625
775555,231638.46928820625
775586,231638.46928820625
775612,231638.46928820625
775729,231638.46928820625
775785,231638.46928820625
775911,231638.46928820625
776126,231638.46928820625
776220,231638.46928820625
776281,231638.46928820625
776537,231638.46928820625
776718,231638.46928820625
776786,231638.46928820625
777092,231638.46928820625
777265,231638.46928820625
777365,231638.46928820625
777442,231638.46928820625
777610,231638.46928820625
777612,231638.46928820625
777763,231638.46928820625
777818,231638.46928820625
778020,231638.46928820625
792324,231638.46928820625
792630,231638.46928820625
792713,231638.46928820625
792725,231638.46928820625
792887,231638.46928820625
792939,231638.46928820625
793005,231638.46928820625
793008,231638.46928820625
793066,231638.46928820625
793127,231638.46928820625
793161,231638.46928820625
793409,231638.46928820625
793475,231638.46928820625
793537,231638.46928820625
793642,231638.46928820625
793661,231638.46928820625
793768,231638.46928820625
793977,231638.46928820625
793978,231638.46928820625
794009,231638.46928820625
794521,231638.46928820625
794522,231638.46928820625
794646,231638.46928820625
794657,231638.46928820625
794681,231638.46928820625
794957,231638.46928820625
795043,231638.46928820625
795214,231638.46928820625
795458,231638.46928820625
795504,231638.46928820625
795614,231638.46928820625
795689,231638.46928820625
795690,231638.46928820625
795749,231638.46928820625
795780,231638.46928820625
796046,231638.46928820625
796093,231638.46928820625
796230,231638.46928820625
796239,231638.46928820625
796407,231638.46928820625
796414,231638.46928820625
796526,231638.46928820625
796611,231638.46928820625
796612,231638.46928820625
796693,231638.46928820625
796941,231638.46928820625
797000,231638.46928820625
797301,231638.46928820625
797320,231638.46928820625
797501,231638.46928820625
797556,231638.46928820625
797602,231638.46928820625
797607,231638.46928820625
797650,231638.46928820625
797759,231638.46928820625
797840,231638.46928820625
797920,231638.46928820625
797955,231638.46928820625
797986,231638.46928820625
798122,231638.46928820625
798154,231638.46928820625
799016,231638.46928820625
799634,231638.46928820625
799788,231638.46928820625
800114,231638.46928820625
800138,231638.46928820625
800424,231638.46928820625
800449,231638.46928820625
800510,231638.46928820625
800532,231638.46928820625
800541,231638.46928820625
800609,231638.46928820625
800668,231638.46928820625
800744,231638.46928820625
800866,231638.46928820625
800903,231638.46928820625
800916,231638.46928820625
801752,231638.46928820625
801804,231638.46928820625
801847,231638.46928820625
801858,231638.46928820625
802128,231638.46928820625
802258,231638.46928820625
802295,231638.46928820625
802341,231638.46928820625
802386,231638.46928820625
802424,231638.46928820625
802445,231638.46928820625
802668,231638.46928820625
802700,231638.46928820625
802704,231638.46928820625
802728,231638.46928820625
802910,231638.46928820625
803292,231638.46928820625
803311,231638.46928820625
803329,231638.46928820625
803374,231638.46928820625
803536,231638.46928820625
803639,231638.46928820625
804024,231638.46928820625
804212,231638.46928820625
804231,231638.46928820625
804291,231638.46928820625
804531,231638.46928820625
804598,231638.46928820625
804627,231638.46928820625
804631,231638.46928820625
804637,231638.46928820625
804655,231638.46928820625
804744,231638.46928820625
804766,231638.46928820625
804807,231638.46928820625
805014,231638.46928820625
805098,231638.46928820625
805194,231638.46928820625
805373,231638.46928820625
805394,231638.46928820625
805486,231638.46928820625
805500,231638.46928820625
805630,231638.46928820625
805757,231638.46928820625
806068,231638.46928820625
806144,231638.46928820625
806361,231638.46928820625
806422,231638.46928820625
806448,231638.46928820625
806622,231638.46928820625
806748,231638.46928820625
806977,231638.46928820625
806994,231638.46928820625
807158,231638.46928820625
807182,231638.46928820625
807185,231638.46928820625
807247,231638.46928820625
807280,231638.46928820625
807366,231638.46928820625
807797,231638.46928820625
808029,231638.46928820625
808116,231638.46928820625
808193,231638.46928820625
808317,231638.46928820625
808398,231638.46928820625
808402,231638.46928820625
808665,231638.46928820625
808694,231638.46928820625
809040,231638.46928820625
809598,231638.46928820625
809658,231638.46928820625
810178,231638.46928820625
810217,231638.46928820625
810247,231638.46928820625
810250,231638.46928820625
810315,231638.46928820625
810593,231638.46928820625
810694,231638.46928820625
810750,231638.46928820625
810752,231638.46928820625
810823,231638.46928820625
811013,231638.46928820625
811014,231638.46928820625
811029,231638.46928820625
811033,231638.46928820625
811079,231638.46928820625
811149,231638.46928820625
811154,231638.46928820625
811318,231638.46928820625
811572,231638.46928820625
811752,231638.46928820625
811825,231638.46928820625
811863,231638.46928820625
811890,231638.46928820625
812013,231638.46928820625
812020,231638.46928820625
812190,231638.46928820625
812277,231638.46928820625
812281,231638.46928820625
812496,231638.46928820625
813366,231638.46928820625
813513,231638.46928820625
813541,231638.46928820625
813723,231638.46928820625
813854,231638.46928820625
813900,231638.46928820625
813905,231638.46928820625
813991,231638.46928820625
814439,231638.46928820625
814562,231638.46928820625
814741,231638.46928820625
814748,231638.46928820625
814792,231638.46928820625
814808,231638.46928820625
814955,231638.46928820625
815240,231638.46928820625
815395,231638.46928820625
815501,231638.46928820625
815512,231638.46928820625
815573,231638.46928820625
815588,231638.46928820625
815670,231638.46928820625
815688,231638.46928820625
815690,231638.46928820625
815696,231638.46928820625
815763,231638.46928820625
815988,231638.46928820625
816064,231638.46928820625
816242,231638.46928820625
816290,231638.46928820625
816334,231638.46928820625
816744,231638.46928820625
816890,231638.46928820625
816995,231638.46928820625
816999,231638.46928820625
817070,231638.46928820625
817184,231638.46928820625
817220,231638.46928820625
817222,231638.46928820625
817335,231638.46928820625
817398,231638.46928820625
817401,231638.46928820625
817469,231638.46928820625
817478,231638.46928820625
817485,231638.46928820625
849254,231638.46928820625
849335,231638.46928820625
849583,231638.46928820625
849628,231638.46928820625
849715,231638.46928820625
849938,231638.46928820625
850070,231638.46928820625
850071,231638.46928820625
850074,231638.46928820625
850143,231638.46928820625
850650,231638.46928820625
850688,231638.46928820625
850706,231638.46928820625
851200,231638.46928820625
851362,231638.46928820625
851404,231638.46928820625
851791,231638.46928820625
851810,231638.46928820625
851844,231638.46928820625
851885,231638.46928820625
851929,231638.46928820625
852009,231638.46928820625
852060,231638.46928820625
852108,231638.46928820625
852166,231638.46928820625
852210,231638.46928820625
852356,231638.46928820625
852727,231638.46928820625
852786,231638.46928820625
852794,231638.46928820625
852798,231638.46928820625
852811,231638.46928820625
852983,231638.46928820625
853152,231638.46928820625
853212,231638.46928820625
853308,231638.46928820625
853360,231638.46928820625
853400,231638.46928820625
853448,231638.46928820625
853547,231638.46928820625
853738,231638.46928820625
853999,231638.46928820625
854058,231638.46928820625
854206,231638.46928820625
854316,231638.46928820625
854372,231638.46928820625
854548,231638.46928820625
854627,231638.46928820625
854717,231638.46928820625
854804,231638.46928820625
854850,231638.46928820625
855254,231638.46928820625
855290,231638.46928820625
855591,231638.46928820625
855835,231638.46928820625
856006,231638.46928820625
856174,231638.46928820625
856192,231638.46928820625
856247,231638.46928820625
856511,231638.46928820625
856637,231638.46928820625
856638,231638.46928820625
856646,231638.46928820625
856699,231638.46928820625
856869,231638.46928820625
856903,231638.46928820625
857014,231638.46928820625
857021,231638.46928820625
857337,231638.46928820625
857466,231638.46928820625
857561,231638.46928820625
857715,231638.46928820625
857930,231638.46928820625
857933,231638.46928820625
857984,231638.46928820625
858020,231638.46928820625
858115,231638.46928820625
858187,231638.46928820625
858284,231638.46928820625
858313,231638.46928820625
858343,231638.46928820625
858367,231638.46928820625
858368,231638.46928820625
858391,231638.46928820625
858467,231638.46928820625
858620,231638.46928820625
858789,231638.46928820625
858910,231638.46928820625
858923,231638.46928820625
858925,231638.46928820625
859089,231638.46928820625
859208,231638.46928820625
859213,231638.46928820625
859448,231638.46928820625
859735,231638.46928820625
859737,231638.46928820625
859952,231638.46928820625
860006,231638.46928820625
860132,231638.46928820625
860301,231638.46928820625
860323,231638.46928820625
860335,231638.46928820625
860364,231638.46928820625
860502,231638.46928820625
860548,231638.46928820625
860582,231638.46928820625
860748,231638.46928820625
860775,231638.46928820625
860948,231638.46928820625
861031,231638.46928820625
861333,231638.46928820625
861384,231638.46928820625
861474,231638.46928820625
861714,231638.46928820625
861731,231638.46928820625
861732,231638.46928820625
861737,231638.46928820625
861820,231638.46928820625
861885,231638.46928820625
862030,231638.46928820625
862188,231638.46928820625
862261,231638.46928820625
862281,231638.46928820625
862618,231638.46928820625
862788,231638.46928820625
862799,231638.46928820625
862968,231638.46928820625
862970,231638.46928820625
862972,231638.46928820625
863013,231638.46928820625
863030,231638.46928820625
863134,231638.46928820625
863308,231638.46928820625
863598,231638.46928820625
863775,231638.46928820625
863870,231638.46928820625
863876,231638.46928820625
863878,231638.46928820625
863962,231638.46928820625
864003,231638.46928820625
864031,231638.46928820625
864076,231638.46928820625
864259,231638.46928820625
864264,231638.46928820625
864392,231638.46928820625
864413,231638.46928820625
864696,231638.46928820625
864957,231638.46928820625
864967,231638.46928820625
865059,231638.46928820625
865088,231638.46928820625
865172,231638.46928820625
865294,231638.46928820625
865295,231638.46928820625
865397,231638.46928820625
865837,231638.46928820625
865915,231638.46928820625
865988,231638.46928820625
866170,231638.46928820625
866219,231638.46928820625
866221,231638.46928820625
866233,231638.46928820625
866670,231638.46928820625
866690,231638.46928820625
866710,231638.46928820625
866832,231638.46928820625
866953,231638.46928820625
867179,231638.46928820625
867437,231638.46928820625
867463,231638.46928820625
867734,231638.46928820625
867910,231638.46928820625
868080,231638.46928820625
868188,231638.46928820625
868288,231638.46928820625
868374,231638.46928820625
868833,231638.46928820625
869107,231638.46928820625
869128,231638.46928820625
869129,231638.46928820625
869138,231638.46928820625
869231,231638.46928820625
869299,231638.46928820625
869366,231638.46928820625
869499,231638.46928820625
869632,231638.46928820625
869658,231638.46928820625
869693,231638.46928820625
870083,231638.46928820625
870420,231638.46928820625
870666,231638.46928820625
870737,231638.46928820625
870738,231638.46928820625
870742,231638.46928820625
870773,231638.46928820625
870921,231638.46928820625
871140,231638.46928820625
871143,231638.46928820625
871239,231638.46928820625
871264,231638.46928820625
871783,231638.46928820625
871887,231638.46928820625
872186,231638.46928820625
872351,231638.46928820625
872453,231638.46928820625
872615,231638.46928820625
873114,231638.46928820625
873126,231638.46928820625
873173,231638.46928820625
873306,231638.46928820625
874035,231638.46928820625
874087,231638.46928820625
874106,231638.46928820625
874111,231638.46928820625
874132,231638.46928820625
874172,231638.46928820625
874299,231638.46928820625
874301,231638.46928820625
874678,231638.46928820625
875005,231638.46928820625
875040,231638.46928820625
875084,231638.46928820625
875343,231638.46928820625
875373,231638.46928820625
875694,231638.46928820625
875715,231638.46928820625
875883,231638.46928820625
875956,231638.46928820625
876188,231638.46928820625
876243,231638.46928820625
876248,231638.46928820625
876298,231638.46928820625
876348,231638.46928820625
876525,231638.46928820625
876573,231638.46928820625
876658,231638.46928820625
876802,231638.46928820625
877045,231638.46928820625
877057,231638.46928820625
877061,231638.46928820625
877082,231638.46928820625
877159,231638.46928820625
877356,231638.46928820625
877405,231638.46928820625
877586,231638.46928820625
877678,231638.46928820625
877695,231638.46928820625
877858,231638.46928820625
877986,231638.46928820625
877992,231638.46928820625
877993,231638.46928820625
877999,231638.46928820625
878136,231638.46928820625
878160,231638.46928820625
878162,231638.46928820625
878163,231638.46928820625
878164,231638.46928820625
878185,231638.46928820625
878259,231638.46928820625
878329,231638.46928820625
878421,231638.46928820625
878447,231638.46928820625
878983,231638.46928820625
879011,231638.46928820625
879025,231638.46928820625
879202,231638.46928820625
879262,231638.46928820625
879410,231638.46928820625
879445,231638.46928820625
879490,231638.46928820625
879704,231638.46928820625
879837,231638.46928820625
879874,231638.46928820625
879899,231638.46928820625
879907,231638.46928820625
880010,231638.46928820625
880022,231638.46928820625
880054,231638.46928820625
880204,231638.46928820625
880277,231638.46928820625
880443,231638.46928820625
880473,231638.46928820625
880481,231638.46928820625
880488,231638.46928820625
880535,231638.46928820625
880552,231638.46928820625
880554,231638.46928820625
880659,231638.46928820625
880698,231638.46928820625
880710,231638.46928820625
880760,231638.46928820625
880910,231638.46928820625
881195,231638.46928820625
881204,231638.46928820625
881269,231638.46928820625
881271,231638.46928820625
881536,231638.46928820625
881648,231638.46928820625
881673,231638.46928820625
881944,231638.46928820625
882063,231638.46928820625
882221,231638.46928820625
882324,231638.46928820625
882337,231638.46928820625
882438,231638.46928820625
882778,231638.46928820625
882904,231638.46928820625
882962,231638.46928820625
883438,231638.46928820625
883576,231638.46928820625
883600,231638.46928820625
883704,231638.46928820625
883831,231638.46928820625
884093,231638.46928820625
884099,231638.46928820625
884231,231638.46928820625
884499,231638.46928820625
884561,231638.46928820625
884563,231638.46928820625
884654,231638.46928820625
917473,231638.46928820625
917675,231638.46928820625
917724,231638.46928820625
918021,231638.46928820625
918033,231638.46928820625
918035,231638.46928820625
918495,231638.46928820625
918508,231638.46928820625
918559,231638.46928820625
918632,231638.46928820625
918906,231638.46928820625
918909,231638.46928820625
918921,231638.46928820625
919282,231638.46928820625
919294,231638.46928820625
919346,231638.46928820625
919348,231638.46928820625
919349,231638.46928820625
919389,231638.46928820625
919475,231638.46928820625
919477,231638.46928820625
919478,231638.46928820625
919577,231638.46928820625
919708,231638.46928820625
919726,231638.46928820625
919736,231638.46928820625
919757,231638.46928820625
919778,231638.46928820625
919891,231638.46928820625
919997,231638.46928820625
920012,231638.46928820625
920013,231638.46928820625
920137,231638.46928820625
920258,231638.46928820625
920314,231638.46928820625
920322,231638.46928820625
922004,231638.46928820625
922014,231638.46928820625
922214,231638.46928820625
922244,231638.46928820625
1024686,231638.46928820625
1024698,231638.46928820625
1024801,231638.46928820625
1025018,231638.46928820625
1025058,231638.46928820625
1025061,231638.46928820625
1025080,231638.46928820625
1025173,231638.46928820625
1025211,231638.46928820625
1025298,231638.46928820625
1025315,231638.46928820625
1025346,231638.46928820625
1025350,231638.46928820625
1026050,231638.46928820625
1026150,231638.46928820625
1026439,231638.46928820625
1026667,231638.46928820625
1026670,231638.46928820625
1026853,231638.46928820625
1026857,231638.46928820625
1027120,231638.46928820625
1027152,231638.46928820625
1027154,231638.46928820625
1027285,231638.46928820625
1027287,231638.46928820625
1027289,231638.46928820625
1027304,231638.46928820625
1027312,231638.46928820625
1027564,231638.46928820625
1027908,231638.46928820625
1028089,231638.46928820625
1028529,231638.46928820625
1028591,231638.46928820625
1028658,231638.46928820625
1028708,231638.46928820625
1028749,231638.46928820625
1028829,231638.46928820625
1028874,231638.46928820625
1029454,231638.46928820625
1029472,231638.46928820625
1029518,231638.46928820625
1029744,231638.46928820625
1029859,231638.46928820625
1030059,231638.46928820625
1030097,231638.46928820625
1030101,231638.46928820625
1030123,231638.46928820625
1030203,231638.46928820625
1030283,231638.46928820625
1030444,231638.46928820625
1030455,231638.46928820625
1030459,231638.46928820625
1030503,231638.46928820625
1030736,231638.46928820625
1030804,231638.46928820625
1030937,231638.46928820625
1031066,231638.46928820625
1031181,231638.46928820625
1031311,231638.46928820625
1031478,231638.46928820625
1031619,231638.46928820625
1031690,231638.46928820625
1031854,231638.46928820625
1031858,231638.46928820625
1031906,231638.46928820625
1031920,231638.46928820625
1031942,231638.46928820625
1032259,231638.46928820625
1032333,231638.46928820625
1032385,231638.46928820625
1032393,231638.46928820625
1032599,231638.46928820625
1032620,231638.46928820625
1032637,231638.46928820625
1032669,231638.46928820625
1032731,231638.46928820625
1032777,231638.46928820625
1032887,231638.46928820625
1032923,231638.46928820625
1032932,231638.46928820625
1033063,231638.46928820625
1033091,231638.46928820625
1033395,231638.46928820625
1033445,231638.46928820625
1033457,231638.46928820625
1033533,231638.46928820625
1033712,231638.46928820625
1033894,231638.46928820625
1033932,231638.46928820625
1033937,231638.46928820625
1033988,231638.46928820625
1033989,231638.46928820625
1034003,231638.46928820625
1034012,231638.46928820625
1034047,231638.46928820625
1034062,231638.46928820625
1034064,231638.46928820625
1034065,231638.46928820625
1034066,231638.46928820625
1034068,231638.46928820625
1034078,231638.46928820625
1034088,231638.46928820625
1034300,231638.46928820625
1034363,231638.46928820625
1034496,231638.46928820625
1034605,231638.46928820625
1034670,231638.46928820625
1034716,231638.46928820625
1034718,231638.46928820625
1034778,231638.46928820625
1034779,231638.46928820625
1034803,231638.46928820625
1034837,231638.46928820625
1034944,231638.46928820625
1035106,231638.46928820625
1035111,231638.46928820625
1035166,231638.46928820625
1035490,231638.46928820625
1035494,231638.46928820625
1035524,231638.46928820625
1035548,231638.46928820625
1035564,231638.46928820625
1035605,231638.46928820625
1035785,231638.46928820625
1035893,231638.46928820625
1036037,231638.46928820625
1036072,231638.46928820625
1036103,231638.46928820625
1036226,231638.46928820625
1037508,231638.46928820625
1037509,231638.46928820625
1037613,231638.46928820625
1037615,231638.46928820625
1037616,231638.46928820625
1037617,231638.46928820625
1037619,231638.46928820625
1037699,231638.46928820625
1037850,231638.46928820625
1037908,231638.46928820625
1038175,231638.46928820625
1038180,231638.46928820625
1038183,231638.46928820625
1038322,231638.46928820625
1038432,231638.46928820625
1038447,231638.46928820625
1038448,231638.46928820625
1038494,231638.46928820625
1038509,231638.46928820625
1038512,231638.46928820625
1038516,231638.46928820625
1038517,231638.46928820625
1038532,231638.46928820625
1038541,231638.46928820625
1038551,231638.46928820625
1038600,231638.46928820625
1038788,231638.46928820625
1038956,231638.46928820625
1038957,231638.46928820625
1039041,231638.46928820625
1039176,231638.46928820625
1039208,231638.46928820625
1039427,231638.46928820625
1039430,231638.46928820625
1039434,231638.46928820625
1039449,231638.46928820625
1039523,231638.46928820625
1039795,231638.46928820625
1039810,231638.46928820625
1039879,231638.46928820625
1040038,231638.46928820625
1040077,231638.46928820625
1040154,231638.46928820625
1040155,231638.46928820625
1040245,231638.46928820625
1040616,231638.46928820625
1040659,231638.46928820625
1040829,231638.46928820625
1040841,231638.46928820625
1041077,231638.46928820625
1041312,231638.46928820625
1041324,231638.46928820625
1041354,231638.46928820625
1041377,231638.46928820625
1041469,231638.46928820625
1041480,231638.46928820625
1041501,231638.46928820625
1041515,231638.46928820625
1041815,231638.46928820625
1041945,231638.46928820625
1041997,231638.46928820625
1042010,231638.46928820625
1042250,231638.46928820625
1042254,231638.46928820625
1042365,231638.46928820625
1042421,231638.46928820625
1042710,231638.46928820625
1043106,231638.46928820625
1043116,231638.46928820625
1043117,231638.46928820625
1043349,231638.46928820625
1043369,231638.46928820625
1043413,231638.46928820625
1043475,231638.46928820625
1043480,231638.46928820625
1043482,231638.46928820625
1043492,231638.46928820625
1043501,231638.46928820625
1043542,231638.46928820625
1043603,231638.46928820625
1043620,231638.46928820625
1043688,231638.46928820625
1043779,231638.46928820625
1043799,231638.46928820625
1043891,231638.46928820625
1043892,231638.46928820625
1043945,231638.46928820625
1044186,231638.46928820625
1044193,231638.46928820625
1044204,231638.46928820625
1044205,231638.46928820625
1044215,231638.46928820625
1044236,231638.46928820625
1044277,231638.46928820625
1044296,231638.46928820625
1044297,231638.46928820625
1044356,231638.46928820625
1044456,231638.46928820625
1044496,231638.46928820625
1044569,231638.46928820625
1044700,231638.46928820625
1044742,231638.46928820625
1044802,231638.46928820625
1044803,231638.46928820625
1044813,231638.46928820625
1044832,231638.46928820625
1044867,231638.46928820625
1045016,231638.46928820625
1045148,231638.46928820625
1045209,231638.46928820625
1045223,231638.46928820625
1045320,231638.46928820625
1045323,231638.46928820625
1045414,231638.46928820625
1045572,231638.46928820625
1045573,231638.46928820625
1045595,231638.46928820625
1045679,231638.46928820625
1045724,231638.46928820625
1045725,231638.46928820625
1045730,231638.46928820625
1045799,231638.46928820625
1045886,231638.46928820625
1045930,231638.46928820625
1045955,231638.46928820625
1045981,231638.46928820625
1046127,231638.46928820625
1046209,231638.46928820625
1046212,231638.46928820625
1046225,231638.46928820625
1046231,231638.46928820625
1046257,231638.46928820625
1046283,231638.46928820625
1046328,231638.46928820625
1046331,231638.46928820625
1046356,231638.46928820625
1046430,231638.46928820625
1046462,231638.46928820625
1046488,231638.46928820625
1046498,231638.46928820625
1046576,231638.46928820625
1046593,231638.46928820625
1046597,231638.46928820625
1046633,231638.46928820625
1046719,231638.46928820625
1046832,231638.46928820625
1046844,231638.46928820625
1046861,231638.46928820625
1046862,231638.46928820625
1046875,231638.46928820625
1046947,231638.46928820625
1046952,231638.46928820625
1046992,231638.46928820625
1047083,231638.46928820625
1047115,231638.46928820625
1047118,231638.46928820625
1047172,231638.46928820625
1047190,231638.46928820625
1047193,231638.46928820625
1047257,231638.46928820625
1047273,231638.46928820625
1047480,231638.46928820625
1047498,231638.46928820625
1047543,231638.46928820625
1047617,231638.46928820625
1047712,231638.46928820625
1047901,231638.46928820625
1047986,231638.46928820625
1048124,231638.46928820625
1048181,231638.46928820625
1048203,231638.46928820625
1048241,231638.46928820625
1048292,231638.46928820625
1048310,231638.46928820625
1048513,231638.46928820625
1048631,231638.46928820625
1049174,231638.46928820625
1049242,231638.46928820625
1049249,231638.46928820625
1049252,231638.46928820625
1049305,231638.46928820625
1049306,231638.46928820625
1049317,231638.46928820625
1049322,231638.46928820625
1049326,231638.46928820625
1049334,231638.46928820625
1049336,231638.46928820625
1049377,231638.46928820625
1049418,231638.46928820625
1049447,231638.46928820625
1049476,231638.46928820625
1049480,231638.46928820625
1049490,231638.46928820625
1049498,231638.46928820625
1049499,231638.46928820625
1049504,231638.46928820625
1049505,231638.46928820625
1049521,231638.46928820625
1049551,231638.46928820625
1049557,231638.46928820625
1049586,231638.46928820625
1049673,231638.46928820625
1049674,231638.46928820625
1049684,231638.46928820625
1049721,231638.46928820625
1049728,231638.46928820625
1049744,231638.46928820625
1049769,231638.46928820625
1049783,231638.46928820625
1049881,231638.46928820625
1049888,231638.46928820625
1049902,231638.46928820625
1049929,231638.46928820625
1050083,231638.46928820625
1050117,231638.46928820625
1050132,231638.46928820625
1050134,231638.46928820625
1050140,231638.46928820625
1050208,231638.46928820625
1050240,231638.46928820625
1050279,231638.46928820625
1050338,231638.46928820625
1050362,231638.46928820625
1050433,231638.46928820625
1050457,231638.46928820625
1050501,231638.46928820625
1050574,231638.46928820625
1050594,231638.46928820625
1050656,231638.46928820625
1050862,231638.46928820625
1050863,231638.46928820625
1050909,231638.46928820625
1050939,231638.46928820625
1050946,231638.46928820625
1050995,231638.46928820625
1051015,231638.46928820625
1051038,231638.46928820625
1051097,231638.46928820625
1051130,231638.46928820625
1051148,231638.46928820625
1051151,231638.46928820625
1051239,231638.46928820625
1051244,231638.46928820625
1051288,231638.46928820625
1051313,231638.46928820625
1051314,231638.46928820625
1051354,231638.46928820625
1051440,231638.46928820625
1051504,231638.46928820625
1051585,231638.46928820625
1051651,231638.46928820625
1051887,231638.46928820625
1051929,231638.46928820625
1052048,231638.46928820625
1052213,231638.46928820625
1052363,231638.46928820625
1052422,231638.46928820625
1052438,231638.46928820625
1052484,231638.46928820625
1052505,231638.46928820625
1052581,231638.46928820625
1052622,231638.46928820625
1052708,231638.46928820625
1052827,231638.46928820625
1052838,231638.46928820625
1052871,231638.46928820625
1052891,231638.46928820625
1053088,231638.46928820625
1053226,231638.46928820625
1053352,231638.46928820625
1053730,231638.46928820625
1053935,231638.46928820625
1054083,231638.46928820625
1054093,231638.46928820625
1054179,231638.46928820625
1054262,231638.46928820625
1054334,231638.46928820625
1054358,231638.46928820625
1054564,231638.46928820625
1054624,231638.46928820625
1054633,231638.46928820625
1054796,231638.46928820625
1054801,231638.46928820625
1054937,231638.46928820625
1054961,231638.46928820625
1055035,231638.46928820625
1055041,231638.46928820625
1055092,231638.46928820625
1055135,231638.46928820625
1055232,231638.46928820625
1055233,231638.46928820625
1055361,231638.46928820625
1055407,231638.46928820625
1055408,231638.46928820625
1055462,231638.46928820625
1055471,231638.46928820625
1055681,231638.46928820625
1055727,231638.46928820625
1055783,231638.46928820625
1055884,231638.46928820625
1055885,231638.46928820625
1055936,231638.46928820625
1055950,231638.46928820625
1055976,231638.46928820625
1056019,231638.46928820625
1056287,231638.46928820625
1056414,231638.46928820625
1056599,231638.46928820625
1056744,231638.46928820625
1056825,231638.46928820625
1056826,231638.46928820625
1056908,231638.46928820625
1056914,231638.46928820625
1056944,231638.46928820625
1057065,231638.46928820625
1057090,231638.46928820625
1057091,231638.46928820625
1057148,231638.46928820625
1057149,231638.46928820625
1057150,231638.46928820625
1057151,231638.46928820625
1057152,231638.46928820625
1057153,231638.46928820625
1057234,231638.46928820625
1057297,231638.46928820625
1057375,231638.46928820625
1057507,231638.46928820625
1057887,231638.46928820625
1057947,231638.46928820625
1057950,231638.46928820625
1057955,231638.46928820625
1057965,231638.46928820625
1058044,231638.46928820625
1058078,231638.46928820625
1058101,231638.46928820625
1058176,231638.46928820625
1058333,231638.46928820625
1058334,231638.46928820625
1058599,231638.46928820625
1058796,231638.46928820625
1058801,231638.46928820625
1058802,231638.46928820625
1058822,231638.46928820625
1058928,231638.46928820625
1058931,231638.46928820625
1059002,231638.46928820625
1059048,231638.46928820625
1059114,231638.46928820625
1059119,231638.46928820625
1059129,231638.46928820625
1059188,231638.46928820625
1059376,231638.46928820625
1059388,231638.46928820625
1059539,231638.46928820625
1059545,231638.46928820625
1059547,231638.46928820625
1059555,231638.46928820625
1059586,231638.46928820625
1059624,231638.46928820625
1059665,231638.46928820625
1059675,231638.46928820625
1059677,231638.46928820625
1059748,231638.46928820625
1059846,231638.46928820625
1059865,231638.46928820625
1059892,231638.46928820625
1059967,231638.46928820625
1059984,231638.46928820625
1059989,231638.46928820625
1060018,231638.46928820625
1060098,231638.46928820625
1060175,231638.46928820625
1060194,231638.46928820625
1060278,231638.46928820625
1060355,231638.46928820625
1060363,231638.46928820625
1060389,231638.46928820625
1060551,231638.46928820625
1060564,231638.46928820625
1060584,231638.46928820625
1060585,231638.46928820625
1060754,231638.46928820625
1060785,231638.46928820625
1060795,231638.46928820625
1060797,231638.46928820625
1060800,231638.46928820625
1060854,231638.46928820625
1060907,231638.46928820625
1060916,231638.46928820625
1060943,231638.46928820625
1060944,231638.46928820625
1061025,231638.46928820625
1061064,231638.46928820625
1061103,231638.46928820625
1061329,231638.46928820625
1061352,231638.46928820625
1061419,231638.46928820625
1061472,231638.46928820625
1061474,231638.46928820625
1061489,231638.46928820625
1061521,231638.46928820625
1061613,231638.46928820625
1061628,231638.46928820625
1061716,231638.46928820625
1061773,231638.46928820625
1061906,231638.46928820625
1061981,231638.46928820625
1062059,231638.46928820625
1062062,231638.46928820625
1062154,231638.46928820625
1062179,231638.46928820625
1062215,231638.46928820625
1062231,231638.46928820625
1062234,231638.46928820625
1062235,231638.46928820625
1062237,231638.46928820625
1150057,231638.46928820625
1150061,231638.46928820625
1150062,231638.46928820625
1150302,231638.46928820625
1150304,231638.46928820625
1150307,231638.46928820625
1150308,231638.46928820625
1150312,231638.46928820625
1150313,231638.46928820625
1150315,231638.46928820625
1150318,231638.46928820625
1150709,231638.46928820625
1150711,231638.46928820625
1150714,231638.46928820625
1150716,231638.46928820625
1150721,231638.46928820625
1150722,231638.46928820625
1150723,231638.46928820625
1150727,231638.46928820625
1150729,231638.46928820625
1150732,231638.46928820625
1150733,231638.46928820625
1150739,231638.46928820625
1150741,231638.46928820625
1150744,231638.46928820625
1150751,231638.46928820625
1158788,231638.46928820625
1158790,231638.46928820625
1158794,231638.46928820625
1158798,231638.46928820625
1158802,231638.46928820625
1158803,231638.46928820625
1158804,231638.46928820625
1158972,231638.46928820625
1158973,231638.46928820625
1158979,231638.46928820625
1158980,231638.46928820625
1158982,231638.46928820625
1159208,231638.46928820625
1159224,231638.46928820625
1159254,231638.46928820625
1159717,231638.46928820625
1159725,231638.46928820625
1159755,231638.46928820625
1159756,231638.46928820625
1159757,231638.46928820625
1159758,231638.46928820625
1159760,231638.46928820625
1159762,231638.46928820625
1159764,231638.46928820625
1160340,231638.46928820625
1160342,231638.46928820625
1160347,231638.46928820625
1160348,231638.46928820625
1160352,231638.46928820625
1160353,231638.46928820625
1160357,231638.46928820625
1160368,231638.46928820625
1160370,231638.46928820625
1160372,231638.46928820625
1160628,231638.46928820625
1160633,231638.46928820625
1160635,231638.46928820625
1160642,231638.46928820625
1160644,231638.46928820625
1160646,231638.46928820625
1160651,231638.46928820625
1160652,231638.46928820625
1160659,231638.46928820625
1160663,231638.46928820625
1160877,231638.46928820625
1160879,231638.46928820625
1160881,231638.46928820625
1160884,231638.46928820625
1160887,231638.46928820625
1160891,231638.46928820625
1160892,231638.46928820625
1160893,231638.46928820625
1160897,231638.46928820625
1160900,231638.46928820625
1160901,231638.46928820625
1160903,231638.46928820625
1160909,231638.46928820625
1160910,231638.46928820625
1160913,231638.46928820625
1160916,231638.46928820625
1162333,231638.46928820625
1162334,231638.46928820625
1162374,231638.46928820625
1162376,231638.46928820625
1162380,231638.46928820625
1162381,231638.46928820625
1162382,231638.46928820625
1162385,231638.46928820625
1162386,231638.46928820625
1162638,231638.46928820625
1162639,231638.46928820625
1162640,231638.46928820625
1162641,231638.46928820625
1162643,231638.46928820625
1162707,231638.46928820625
1162708,231638.46928820625
1162764,231638.46928820625
1162899,231638.46928820625
1162918,231638.46928820625
1162924,231638.46928820625
1162925,231638.46928820625
1162926,231638.46928820625
1162927,231638.46928820625
1163023,231638.46928820625
1163027,231638.46928820625
1163028,231638.46928820625
1163039,231638.46928820625
1163040,231638.46928820625
1163042,231638.46928820625
1163043,231638.46928820625
1163044,231638.46928820625
1163047,231638.46928820625
1163050,231638.46928820625
1163083,231638.46928820625
1163086,231638.46928820625
1163089,231638.46928820625
1163090,231638.46928820625
1163091,231638.46928820625
1163092,231638.46928820625
1163093,231638.46928820625
1163095,231638.46928820625
1163096,231638.46928820625
1163264,231638.46928820625
1163271,231638.46928820625
1164020,231638.46928820625
1164022,231638.46928820625
1164028,231638.46928820625
1164565,231638.46928820625
1164567,231638.46928820625
1164571,231638.46928820625
1164576,231638.46928820625
1164578,231638.46928820625
1164580,231638.46928820625
1164581,231638.46928820625
1164582,231638.46928820625
1164583,231638.46928820625
1164617,231638.46928820625
1164618,231638.46928820625
1164622,231638.46928820625
1164625,231638.46928820625
1164627,231638.46928820625
1164629,231638.46928820625
1164911,231638.46928820625
1164914,231638.46928820625
1164916,231638.46928820625
1164936,231638.46928820625
1164938,231638.46928820625
1164940,231638.46928820625
1167361,231638.46928820625
1167364,231638.46928820625
1167369,231638.46928820625
1167373,231638.46928820625
1167374,231638.46928820625
1167375,231638.46928820625
1167383,231638.46928820625
1167385,231638.46928820625
1167387,231638.46928820625
1167388,231638.46928820625
1167392,231638.46928820625
1167397,231638.46928820625
1167398,231638.46928820625
1167399,231638.46928820625
1167401,231638.46928820625
1167402,231638.46928820625
1167403,231638.46928820625
1167404,231638.46928820625
1167405,231638.46928820625
1167406,231638.46928820625
1167407,231638.46928820625
1167409,231638.46928820625
1167410,231638.46928820625
1167411,231638.46928820625
1167412,231638.46928820625
1167413,231638.46928820625
1167414,231638.46928820625
1167426,231638.46928820625
1167429,231638.46928820625
1167430,231638.46928820625
1167431,231638.46928820625
1167437,231638.46928820625
1167439,231638.46928820625
1171188,231638.46928820625
1171191,231638.46928820625
1171194,231638.46928820625
1171195,231638.46928820625
1171196,231638.46928820625
1171200,231638.46928820625
1171201,231638.46928820625
1171203,231638.46928820625
1171204,231638.46928820625
1171205,231638.46928820625
1171362,231638.46928820625
1171367,231638.46928820625
1172945,231638.46928820625
1172952,231638.46928820625
1173341,231638.46928820625
1173343,231638.46928820625
1173347,231638.46928820625
1173351,231638.46928820625
1173353,231638.46928820625
1173355,231638.46928820625
1173356,231638.46928820625
1173358,231638.46928820625
1173362,231638.46928820625
1173364,231638.46928820625
1174252,231638.46928820625
1174253,231638.46928820625
1174258,231638.46928820625
1174265,231638.46928820625
1174280,231638.46928820625
1174393,231638.46928820625
1174395,231638.46928820625
1174396,231638.46928820625
1174397,231638.46928820625
1174398,231638.46928820625
1174400,231638.46928820625
1174404,231638.46928820625
1174405,231638.46928820625
1174407,231638.46928820625
1174456,231638.46928820625
1174460,231638.46928820625
1174462,231638.46928820625
1174465,231638.46928820625
1174466,231638.46928820625
1174468,231638.46928820625
1174469,231638.46928820625
1174471,231638.46928820625
1174472,231638.46928820625
1174473,231638.46928820625
1174475,231638.46928820625
1174491,231638.46928820625
1174496,231638.46928820625
1174501,231638.46928820625
1174592,231638.46928820625
1174593,231638.46928820625
1174595,231638.46928820625
1174596,231638.46928820625
1174598,231638.46928820625
1174599,231638.46928820625
1174602,231638.46928820625
1174607,231638.46928820625
1174608,231638.46928820625
1174732,231638.46928820625
1174738,231638.46928820625
1174742,231638.46928820625
1174743,231638.46928820625
1174748,231638.46928820625
1175538,231638.46928820625
1175539,231638.46928820625
1175543,231638.46928820625
1175547,231638.46928820625
1175548,231638.46928820625
1175550,231638.46928820625
1176289,231638.46928820625
1176758,231638.46928820625
1176759,231638.46928820625
1176764,231638.46928820625
1176772,231638.46928820625
1177110,231638.46928820625
1177116,231638.46928820625
1177118,231638.46928820625
1177121,231638.46928820625
1177122,231638.46928820625
1177125,231638.46928820625
1177822,231638.46928820625
1178019,231638.46928820625
1178024,231638.46928820625
1179391,231638.46928820625
1179392,231638.46928820625
1179393,231638.46928820625
1179512,231638.46928820625
1179513,231638.46928820625
1179516,231638.46928820625
1179517,231638.46928820625
1179518,231638.46928820625
1179526,231638.46928820625
1179527,231638.46928820625
1179540,231638.46928820625
1179542,231638.46928820625
1179543,231638.46928820625
1179546,231638.46928820625
1179548,231638.46928820625
1179552,231638.46928820625
1179554,231638.46928820625
1179555,231638.46928820625
1179557,231638.46928820625
1179944,231638.46928820625
1179948,231638.46928820625
1179949,231638.46928820625
1179952,231638.46928820625
1179953,231638.46928820625
1179955,231638.46928820625
1180044,231638.46928820625
1180046,231638.46928820625
1180047,231638.46928820625
1180048,231638.46928820625
1180049,231638.46928820625
1180050,231638.46928820625
1180051,231638.46928820625
1180053,231638.46928820625
1180054,231638.46928820625
1180056,231638.46928820625
1180060,231638.46928820625
1180070,231638.46928820625
1180073,231638.46928820625
1180078,231638.46928820625
1180080,231638.46928820625
1180241,231638.46928820625
1180242,231638.46928820625
1180243,231638.46928820625
1180251,231638.46928820625
1180253,231638.46928820625
1180254,231638.46928820625
1180255,231638.46928820625
1180257,231638.46928820625
1180452,231638.46928820625
1180461,231638.46928820625
1180464,231638.46928820625
1180465,231638.46928820625
1180466,231638.46928820625
1180467,231638.46928820625
1180469,231638.46928820625
1180471,231638.46928820625
1180472,231638.46928820625
1180474,231638.46928820625
1180479,231638.46928820625
1180481,231638.46928820625
1180482,231638.46928820625
1180484,231638.46928820625
1180485,231638.46928820625
1180487,231638.46928820625
1180619,231638.46928820625
1180622,231638.46928820625
1180628,231638.46928820625
1180629,231638.46928820625
1180630,231638.46928820625
1180701,231638.46928820625
1180702,231638.46928820625
1180704,231638.46928820625
1180707,231638.46928820625
1180708,231638.46928820625
1180711,231638.46928820625
1180712,231638.46928820625
1180716,231638.46928820625
1180717,231638.46928820625
1180732,231638.46928820625
1180733,231638.46928820625
1180734,231638.46928820625
1180735,231638.46928820625
1180738,231638.46928820625
1180739,231638.46928820625
1180741,231638.46928820625
1180743,231638.46928820625
1180744,231638.46928820625
1180748,231638.46928820625
1180749,231638.46928820625
1180770,231638.46928820625
1180771,231638.46928820625
1180774,231638.46928820625
1180777,231638.46928820625
1180938,231638.46928820625
1180945,231638.46928820625
1180951,231638.46928820625
1180954,231638.46928820625
1180967,231638.46928820625
1180976,231638.46928820625
1180977,231638.46928820625
1181989,231638.46928820625
1182023,231638.46928820625
1182025,231638.46928820625
1182026,231638.46928820625
1182030,231638.46928820625
1182033,231638.46928820625
1182314,231638.46928820625
1182315,231638.46928820625
1182316,231638.46928820625
1182317,231638.46928820625
1182321,231638.46928820625
1182322,231638.46928820625
1182323,231638.46928820625
1182628,231638.46928820625
1182650,231638.46928820625
1182652,231638.46928820625
1182654,231638.46928820625
1182655,231638.46928820625
1182744,231638.46928820625
1182745,231638.46928820625
1182746,231638.46928820625
1182748,231638.46928820625
1182749,231638.46928820625
1182754,231638.46928820625
1182756,231638.46928820625
1182757,231638.46928820625
1183211,231638.46928820625
1183213,231638.46928820625
1183689,231638.46928820625
1183690,231638.46928820625
1183691,231638.46928820625
1183692,231638.46928820625
1184185,231638.46928820625
1184271,231638.46928820625
1184272,231638.46928820625
1184678,231638.46928820625
1184679,231638.46928820625
1184680,231638.46928820625
1184730,231638.46928820625
1184731,231638.46928820625
1184772,231638.46928820625
1184775,231638.46928820625
1184780,231638.46928820625
1184783,231638.46928820625
1184806,231638.46928820625
1184809,231638.46928820625
1184956,231638.46928820625
1185123,231638.46928820625
1185129,231638.46928820625
1185141,231638.46928820625
1185144,231638.46928820625
1185145,231638.46928820625
1185150,231638.46928820625
1185316,231638.46928820625
1185317,231638.46928820625
1185326,231638.46928820625
1185328,231638.46928820625
1185330,231638.46928820625
1185331,231638.46928820625
1185722,231638.46928820625
1185744,231638.46928820625
1185746,231638.46928820625
1185748,231638.46928820625
1185818,231638.46928820625
1185819,231638.46928820625
1186256,231638.46928820625
1186257,231638.46928820625
1186258,231638.46928820625
1186260,231638.46928820625
1186261,231638.46928820625
1186284,231638.46928820625
1186288,231638.46928820625
1186368,231638.46928820625
1186370,231638.46928820625
1186371,231638.46928820625
1186373,231638.46928820625
1186374,231638.46928820625
1186376,231638.46928820625
1186379,231638.46928820625
1186380,231638.46928820625
1186827,231638.46928820625
1186830,231638.46928820625
1186831,231638.46928820625
1186832,231638.46928820625
1186834,231638.46928820625
1186835,231638.46928820625
1186837,231638.46928820625
1186840,231638.46928820625
1187587,231638.46928820625
1187625,231638.46928820625
1187626,231638.46928820625
1187628,231638.46928820625
1187839,231638.46928820625
1187840,231638.46928820625
1187842,231638.46928820625
1187843,231638.46928820625
1187844,231638.46928820625
1187851,231638.46928820625
1187853,231638.46928820625
1187854,231638.46928820625
1188373,231638.46928820625
1188428,231638.46928820625
1188429,231638.46928820625
1188430,231638.46928820625
1188431,231638.46928820625
1188439,231638.46928820625
1188440,231638.46928820625
1188442,231638.46928820625
1188484,231638.46928820625
1188485,231638.46928820625
1188487,231638.46928820625
1188488,231638.46928820625
1188490,231638.46928820625
1188493,231638.46928820625
1188499,231638.46928820625
1188519,231638.46928820625
1188531,231638.46928820625
1188535,231638.46928820625
1188538,231638.46928820625
1188539,231638.46928820625
1188577,231638.46928820625
1188578,231638.46928820625
1188581,231638.46928820625
1189583,231638.46928820625
1189587,231638.46928820625
1189590,231638.46928820625
1189593,231638.46928820625
1189594,231638.46928820625
1189595,231638.46928820625
1189596,231638.46928820625
1189599,231638.46928820625
1189600,231638.46928820625
1189603,231638.46928820625
1189605,231638.46928820625
1189606,231638.46928820625
1189610,231638.46928820625
1189611,231638.46928820625
1191966,231638.46928820625
1191971,231638.46928820625
1191972,231638.46928820625
1192091,231638.46928820625
1192096,231638.46928820625
1192970,231638.46928820625
1192973,231638.46928820625
1193162,231638.46928820625
1193163,231638.46928820625
1193168,231638.46928820625
1193169,231638.46928820625
1193170,231638.46928820625
1193171,231638.46928820625
1193543,231638.46928820625
1193676,231638.46928820625
1193751,231638.46928820625
1193761,231638.46928820625
1193775,231638.46928820625
1193777,231638.46928820625
1193779,231638.46928820625
1193782,231638.46928820625
1193783,231638.46928820625
1193836,231638.46928820625
1193848,231638.46928820625
1193849,231638.46928820625
1193850,231638.46928820625
1193855,231638.46928820625
1193857,231638.46928820625
1193859,231638.46928820625
1193861,231638.46928820625
1193862,231638.46928820625
1193863,231638.46928820625
1193864,231638.46928820625
1193866,231638.46928820625
1193915,231638.46928820625
1193925,231638.46928820625
1193927,231638.46928820625
1193952,231638.46928820625
1193953,231638.46928820625
1193954,231638.46928820625
1193955,231638.46928820625
1193956,231638.46928820625
1193957,231638.46928820625
1194415,231638.46928820625
1194922,231638.46928820625
1194977,231638.46928820625
1195222,231638.46928820625
1195223,231638.46928820625
1195224,231638.46928820625
1195225,231638.46928820625
1195425,231638.46928820625
1195426,231638.46928820625
1195432,231638.46928820625
1195891,231638.46928820625
1195892,231638.46928820625
1195893,231638.46928820625
1195900,231638.46928820625
1195901,231638.46928820625
1195903,231638.46928820625
1196019,231638.46928820625
1196842,231638.46928820625
1196844,231638.46928820625
1196847,231638.46928820625
1196872,231638.46928820625
1196892,231638.46928820625
1196893,231638.46928820625
1196894,231638.46928820625
1196895,231638.46928820625
1196904,231638.46928820625
1196912,231638.46928820625
1196913,231638.46928820625
1196993,231638.46928820625
1196994,231638.46928820625
1196998,231638.46928820625
1196999,231638.46928820625
1197000,231638.46928820625
1197002,231638.46928820625
1197106,231638.46928820625
1197107,231638.46928820625
1197108,231638.46928820625
1197166,231638.46928820625
1197209,231638.46928820625
1197214,231638.46928820625
1197215,231638.46928820625
1197216,231638.46928820625
1197253,231638.46928820625
1197256,231638.46928820625
1197309,231638.46928820625
1197311,231638.46928820625
1197315,231638.46928820625
1197316,231638.46928820625
1197321,231638.46928820625
1197322,231638.46928820625
1197323,231638.46928820625
1197324,231638.46928820625
1197325,231638.46928820625
1197326,231638.46928820625
1197328,231638.46928820625
1197329,231638.46928820625
1197331,231638.46928820625
1197345,231638.46928820625
1197351,231638.46928820625
1197462,231638.46928820625
1197463,231638.46928820625
1197465,231638.46928820625
1197467,231638.46928820625
1197469,231638.46928820625
1197470,231638.46928820625
1197502,231638.46928820625
1197549,231638.46928820625
1197570,231638.46928820625
1197627,231638.46928820625
1197672,231638.46928820625
1197859,231638.46928820625
1197860,231638.46928820625
1197977,231638.46928820625
1197978,231638.46928820625
1198019,231638.46928820625
1198021,231638.46928820625
1198337,231638.46928820625
1198358,231638.46928820625
1198364,231638.46928820625
1198365,231638.46928820625
1198366,231638.46928820625
1198367,231638.46928820625
1198368,231638.46928820625
1198369,231638.46928820625
1198373,231638.46928820625
1198446,231638.46928820625
1198450,231638.46928820625
1198451,231638.46928820625
1198452,231638.46928820625
1198453,231638.46928820625
1198457,231638.46928820625
1198621,231638.46928820625
1198645,231638.46928820625
1198649,231638.46928820625
1198650,231638.46928820625
1198664,231638.46928820625
1198665,231638.46928820625
1198669,231638.46928820625
1198670,231638.46928820625
1198671,231638.46928820625
1198760,231638.46928820625
1198766,231638.46928820625
1198768,231638.46928820625
1198771,231638.46928820625
1198773,231638.46928820625
715273,231638.46928820625
717643,231638.46928820625
720473,231638.46928820625
722274,231638.46928820625
722610,231638.46928820625
722632,231638.46928820625
724293,231638.46928820625
724296,231638.46928820625
724367,231638.46928820625
724383,231638.46928820625
724402,231638.46928820625
724436,231638.46928820625
724693,231638.46928820625
725035,231638.46928820625
726164,231638.46928820625
728018,231638.46928820625
728963,231638.46928820625
730396,231638.46928820625
730570,231638.46928820625
732096,231638.46928820625
732455,231638.46928820625
733749,231638.46928820625
739805,231638.46928820625
762985,231638.46928820625
765024,231638.46928820625
766318,231638.46928820625
767291,231638.46928820625
768075,231638.46928820625
768187,231638.46928820625
768450,231638.46928820625
768818,231638.46928820625
775095,231638.46928820625
777984,231638.46928820625
780334,231638.46928820625
782037,231638.46928820625
783338,231638.46928820625
788907,231638.46928820625
791183,231638.46928820625
791186,231638.46928820625
800871,231638.46928820625
805218,231638.46928820625
808371,231638.46928820625
810903,231638.46928820625
813910,231638.46928820625
814295,231638.46928820625
816599,231638.46928820625
817980,231638.46928820625
818854,231638.46928820625
821034,231638.46928820625
822425,231638.46928820625
823206,231638.46928820625
823722,231638.46928820625
824962,231638.46928820625
827620,231638.46928820625
829106,231638.46928820625
829983,231638.46928820625
835034,231638.46928820625
835905,231638.46928820625
836853,231638.46928820625
836965,231638.46928820625
837221,231638.46928820625
837226,231638.46928820625
837310,231638.46928820625
837312,231638.46928820625
837322,231638.46928820625
837364,231638.46928820625
837447,231638.46928820625
837450,231638.46928820625
837480,231638.46928820625
837481,231638.46928820625
837534,231638.46928820625
837603,231638.46928820625
837604,231638.46928820625
837695,231638.46928820625
837700,231638.46928820625
838738,231638.46928820625
838739,231638.46928820625
838747,231638.46928820625
839708,231638.46928820625
839728,231638.46928820625
839729,231638.46928820625
839750,231638.46928820625
839751,231638.46928820625
839752,231638.46928820625
839753,231638.46928820625
839754,231638.46928820625
839789,231638.46928820625
839793,231638.46928820625
839796,231638.46928820625
840813,231638.46928820625
843860,231638.46928820625
844526,231638.46928820625
844543,231638.46928820625
844754,231638.46928820625
846486,231638.46928820625
847164,231638.46928820625
848484,231638.46928820625
936754,231638.46928820625
937863,231638.46928820625
937904,231638.46928820625
938417,231638.46928820625
938423,231638.46928820625
938603,231638.46928820625
938622,231638.46928820625
939544,231638.46928820625
940696,231638.46928820625
942465,231638.46928820625
942737,231638.46928820625
943019,231638.46928820625
943421,231638.46928820625
945655,231638.46928820625
947947,231638.46928820625
949288,231638.46928820625
952129,231638.46928820625
952131,231638.46928820625
952904,231638.46928820625
953479,231638.46928820625
954602,231638.46928820625
954929,231638.46928820625
955982,231638.46928820625
958924,231638.46928820625
959475,231638.46928820625
960089,231638.46928820625
960166,231638.46928820625
961081,231638.46928820625
961152,231638.46928820625
961156,231638.46928820625
963917,231638.46928820625
963924,231638.46928820625
963928,231638.46928820625
964509,231638.46928820625
965003,231638.46928820625
967216,231638.46928820625
967710,231638.46928820625
967711,231638.46928820625
967715,231638.46928820625
968678,231638.46928820625
969661,231638.46928820625
970940,231638.46928820625
971513,231638.46928820625
972147,231638.46928820625
972176,231638.46928820625
972866,231638.46928820625
974942,231638.46928820625
974954,231638.46928820625
976609,231638.46928820625
978142,231638.46928820625
978273,231638.46928820625
978277,231638.46928820625
978278,231638.46928820625
978281,231638.46928820625
978860,231638.46928820625
979110,231638.46928820625
979112,231638.46928820625
979516,231638.46928820625
980337,231638.46928820625
980476,231638.46928820625
982006,231638.46928820625
983877,231638.46928820625
983878,231638.46928820625
983879,231638.46928820625
985387,231638.46928820625
985462,231638.46928820625
985808,231638.46928820625
986398,231638.46928820625
987620,231638.46928820625
988304,231638.46928820625
988676,231638.46928820625
989018,231638.46928820625
995698,231638.46928820625
995822,231638.46928820625
1002393,231638.46928820625
1003195,231638.46928820625
1003292,231638.46928820625
1003326,231638.46928820625
1003655,231638.46928820625
1003662,231638.46928820625
1003847,231638.46928820625
1006131,231638.46928820625
1008419,231638.46928820625
1008432,231638.46928820625
1008509,231638.46928820625
1008929,231638.46928820625
1009457,231638.46928820625
1010167,231638.46928820625
1010251,231638.46928820625
1010311,231638.46928820625
1011035,231638.46928820625
1011899,231638.46928820625
1013203,231638.46928820625
1013464,231638.46928820625
1013942,231638.46928820625
1014952,231638.46928820625
1015519,231638.46928820625
1018488,231638.46928820625
1018565,231638.46928820625
1018830,231638.46928820625
1019163,231638.46928820625
1019257,231638.46928820625
1019258,231638.46928820625
1022427,231638.46928820625
1023024,231638.46928820625
1024198,231638.46928820625
1024386,231638.46928820625
1024633,231638.46928820625
1065813,231638.46928820625
1066642,231638.46928820625
1066903,231638.46928820625
1068872,231638.46928820625
1071707,231638.46928820625
1072579,231638.46928820625
1072606,231638.46928820625
1073519,231638.46928820625
1073733,231638.46928820625
1074535,231638.46928820625
1075895,231638.46928820625
1076216,231638.46928820625
1076517,231638.46928820625
1076917,231638.46928820625
1077573,231638.46928820625
1078672,231638.46928820625
1080081,231638.46928820625
1080084,231638.46928820625
1080177,231638.46928820625
1080179,231638.46928820625
1080180,231638.46928820625
1080182,231638.46928820625
1080646,231638.46928820625
1081890,231638.46928820625
1082838,231638.46928820625
1082935,231638.46928820625
1083177,231638.46928820625
1083187,231638.46928820625
1093683,231638.46928820625
1094194,231638.46928820625
1097426,231638.46928820625
1098571,231638.46928820625
1102741,231638.46928820625
1102778,231638.46928820625
1224860,231638.46928820625
1224861,231638.46928820625
1224864,231638.46928820625
1224865,231638.46928820625
1224868,231638.46928820625
1224877,231638.46928820625
1229111,231638.46928820625
1229116,231638.46928820625
1229118,231638.46928820625
1235951,231638.46928820625
1235954,231638.46928820625
1236545,231638.46928820625
1236554,231638.46928820625
1236560,231638.46928820625
1239168,231638.46928820625
1239172,231638.46928820625
1239175,231638.46928820625
1239178,231638.46928820625
1239179,231638.46928820625
1239182,231638.46928820625
1239184,231638.46928820625
1241221,231638.46928820625
1241227,231638.46928820625
1241228,231638.46928820625
96029,243772.8491122295
96056,243772.8491122295
96065,243772.8491122295
96072,243772.8491122295
96079,243772.8491122295
96099,243772.8491122295
96100,243772.8491122295
96136,243772.8491122295
96137,243772.8491122295
96138,243772.8491122295
96140,243772.8491122295
96142,243772.8491122295
96143,243772.8491122295
96193,243772.8491122295
96202,243772.8491122295
96206,243772.8491122295
96207,243772.8491122295
96224,243772.8491122295
96225,243772.8491122295
96227,243772.8491122295
96302,243772.8491122295
96318,243772.8491122295
96339,243772.8491122295
96369,243772.8491122295
96417,243772.8491122295
96432,243772.8491122295
96464,243772.8491122295
96467,243772.8491122295
96471,243772.8491122295
96476,243772.8491122295
96477,243772.8491122295
96481,243772.8491122295
96486,243772.8491122295
96487,243772.8491122295
96515,243772.8491122295
96547,243772.8491122295
96571,377669.74598610954
96574,243772.8491122295
96593,377669.74598610954
96606,243772.8491122295
96648,377669.74598610954
96654,377669.74598610954
96656,377669.74598610954
96661,377669.74598610954
96662,377669.74598610954
96664,377669.74598610954
96668,377669.74598610954
96669,377669.74598610954
96672,377669.74598610954
96678,377669.74598610954
96679,377669.74598610954
96683,377669.74598610954
96713,377669.74598610954
96715,377669.74598610954
96735,377669.74598610954
96742,377669.74598610954
96750,377669.74598610954
96751,377669.74598610954
96758,377669.74598610954
96760,377669.74598610954
96762,377669.74598610954
96765,377669.74598610954
96771,377669.74598610954
96772,377669.74598610954
96782,377669.74598610954
96790,243772.8491122295
96791,243772.8491122295
96816,243772.8491122295
96819,243772.8491122295
96821,243772.8491122295
96838,243772.8491122295
96862,243772.8491122295
96863,243772.8491122295
96869,243772.8491122295
96875,243772.8491122295
96876,243772.8491122295
96896,243772.8491122295
96897,243772.8491122295
96937,243772.8491122295
96946,243772.8491122295
96952,243772.8491122295
96957,243772.8491122295
96986,243772.8491122295
96988,243772.8491122295
96990,243772.8491122295
97005,243772.8491122295
97065,243772.8491122295
97071,243772.8491122295
97077,243772.8491122295
97081,243772.8491122295
97083,243772.8491122295
97093,377669.74598610954
97097,243772.8491122295
97122,243772.8491122295
97125,243772.8491122295
97126,243772.8491122295
97127,243772.8491122295
97129,243772.8491122295
97133,243772.8491122295
97137,243772.8491122295
97139,243772.8491122295
97140,243772.8491122295
97144,243772.8491122295
97146,243772.8491122295
97148,243772.8491122295
97149,243772.8491122295
97152,243772.8491122295
97154,243772.8491122295
97155,243772.8491122295
97161,243772.8491122295
97166,243772.8491122295
97194,243772.8491122295
97210,243772.8491122295
97213,243772.8491122295
97215,243772.8491122295
97217,243772.8491122295
97224,243772.8491122295
97226,243772.8491122295
97229,243772.8491122295
97235,243772.8491122295
97250,243772.8491122295
97263,243772.8491122295
97269,243772.8491122295
97312,243772.8491122295
97318,243772.8491122295
97327,243772.8491122295
97336,243772.8491122295
97447,243772.8491122295
97449,243772.8491122295
97467,243772.8491122295
97482,243772.8491122295
97495,243772.8491122295
97527,243772.8491122295
97531,243772.8491122295
97533,243772.8491122295
97545,243772.8491122295
97550,243772.8491122295
97555,243772.8491122295
97562,243772.8491122295
97564,243772.8491122295
97565,243772.8491122295
97566,243772.8491122295
97573,243772.8491122295
97575,243772.8491122295
97578,243772.8491122295
97579,243772.8491122295
97580,243772.8491122295
97582,243772.8491122295
97583,243772.8491122295
97584,243772.8491122295
97585,243772.8491122295
97586,243772.8491122295
97589,243772.8491122295
97590,377669.74598610954
97677,243772.8491122295
97680,243772.8491122295
97681,243772.8491122295
97686,243772.8491122295
97687,243772.8491122295
97690,243772.8491122295
97692,243772.8491122295
97696,243772.8491122295
97698,243772.8491122295
97699,243772.8491122295
97701,243772.8491122295
97704,377669.74598610954
97707,377669.74598610954
97729,243772.8491122295
97807,377669.74598610954
97808,377669.74598610954
97858,243772.8491122295
97859,243772.8491122295
97861,243772.8491122295
97879,377669.74598610954
97881,377669.74598610954
97885,377669.74598610954
97888,377669.74598610954
97897,377669.74598610954
97907,377669.74598610954
97911,377669.74598610954
97914,243772.8491122295
97927,377669.74598610954
97943,243772.8491122295
97949,377669.74598610954
97967,377669.74598610954
97988,377669.74598610954
97989,377669.74598610954
97990,377669.74598610954
97991,377669.74598610954
97993,377669.74598610954
97996,377669.74598610954
97997,377669.74598610954
97998,377669.74598610954
97999,377669.74598610954
98001,377669.74598610954
98014,243772.8491122295
98016,243772.8491122295
98036,243772.8491122295
98054,243772.8491122295
98063,243772.8491122295
98082,243772.8491122295
98083,243772.8491122295
98085,243772.8491122295
98086,243772.8491122295
98087,377669.74598610954
98090,243772.8491122295
98095,243772.8491122295
98103,243772.8491122295
98108,243772.8491122295
98119,243772.8491122295
98149,377669.74598610954
98164,243772.8491122295
98167,243772.8491122295
98168,243772.8491122295
98204,243772.8491122295
98248,243772.8491122295
98249,243772.8491122295
98257,243772.8491122295
98276,243772.8491122295
98293,243772.8491122295
98301,243772.8491122295
98308,243772.8491122295
98357,243772.8491122295
98358,243772.8491122295
98366,243772.8491122295
98394,243772.8491122295
98400,243772.8491122295
98403,243772.8491122295
98412,243772.8491122295
98413,243772.8491122295
98433,243772.8491122295
98450,243772.8491122295
98451,243772.8491122295
98452,243772.8491122295
98455,243772.8491122295
98462,243772.8491122295
98475,243772.8491122295
98499,243772.8491122295
98525,243772.8491122295
98526,243772.8491122295
98528,243772.8491122295
98531,243772.8491122295
98544,243772.8491122295
98553,243772.8491122295
98573,243772.8491122295
98582,243772.8491122295
98584,243772.8491122295
98585,243772.8491122295
98589,243772.8491122295
98593,377669.74598610954
98596,243772.8491122295
98648,243772.8491122295
98652,243772.8491122295
98653,377669.74598610954
98654,243772.8491122295
98656,377669.74598610954
98710,377669.74598610954
98754,377669.74598610954
98770,377669.74598610954
98780,377669.74598610954
98781,377669.74598610954
98782,377669.74598610954
98789,377669.74598610954
98804,377669.74598610954
98822,377669.74598610954
98823,243772.8491122295
98828,243772.8491122295
98842,377669.74598610954
98843,377669.74598610954
98846,377669.74598610954
98862,243772.8491122295
98863,243772.8491122295
98869,243772.8491122295
98870,243772.8491122295
98874,243772.8491122295
98876,243772.8491122295
98878,243772.8491122295
98883,243772.8491122295
98895,243772.8491122295
98899,243772.8491122295
98900,243772.8491122295
98901,243772.8491122295
98902,243772.8491122295
98905,243772.8491122295
98929,243772.8491122295
98948,243772.8491122295
98979,243772.8491122295
99010,243772.8491122295
99022,243772.8491122295
99035,243772.8491122295
99043,243772.8491122295
99044,243772.8491122295
99048,243772.8491122295
99051,243772.8491122295
99087,243772.8491122295
99098,243772.8491122295
99102,243772.8491122295
99104,243772.8491122295
99105,243772.8491122295
99114,243772.8491122295
99148,243772.8491122295
99163,243772.8491122295
99168,243772.8491122295
99198,243772.8491122295
99200,243772.8491122295
99205,377669.74598610954
99273,243772.8491122295
99277,377669.74598610954
99292,243772.8491122295
99293,377669.74598610954
99298,377669.74598610954
99300,377669.74598610954
99304,377669.74598610954
99305,377669.74598610954
99316,377669.74598610954
99319,243772.8491122295
99341,243772.8491122295
99344,243772.8491122295
99356,243772.8491122295
99360,243772.8491122295
99361,243772.8491122295
99389,243772.8491122295
99399,243772.8491122295
99400,243772.8491122295
99401,243772.8491122295
99421,243772.8491122295
99429,243772.8491122295
99433,243772.8491122295
99436,243772.8491122295
99439,243772.8491122295
99442,243772.8491122295
99450,243772.8491122295
99451,243772.8491122295
99460,243772.8491122295
99475,243772.8491122295
99480,243772.8491122295
99483,243772.8491122295
99529,377669.74598610954
99532,243772.8491122295
99542,243772.8491122295
99575,243772.8491122295
99583,243772.8491122295
99597,243772.8491122295
99601,243772.8491122295
99603,243772.8491122295
99624,243772.8491122295
99625,243772.8491122295
99651,243772.8491122295
99655,243772.8491122295
99673,243772.8491122295
99694,243772.8491122295
99697,243772.8491122295
99698,243772.8491122295
99714,243772.8491122295
99716,243772.8491122295
99717,243772.8491122295
99718,243772.8491122295
99719,243772.8491122295
99728,377669.74598610954
99736,243772.8491122295
99739,243772.8491122295
99751,377669.74598610954
99759,377669.74598610954
99760,243772.8491122295
99761,243772.8491122295
99765,377669.74598610954
99769,243772.8491122295
99812,243772.8491122295
99817,243772.8491122295
99855,243772.8491122295
99868,243772.8491122295
99869,243772.8491122295
99874,243772.8491122295
99895,122351.17702383987
99897,243772.8491122295
99980,243772.8491122295
99982,243772.8491122295
99984,243772.8491122295
99985,243772.8491122295
99990,243772.8491122295
99991,243772.8491122295
100086,243772.8491122295
100110,279364.86162532977
100115,279364.86162532977
100118,279364.86162532977
100119,279364.86162532977
100122,279364.86162532977
100125,279364.86162532977
100126,279364.86162532977
100127,279364.86162532977
100129,279364.86162532977
100130,279364.86162532977
100134,279364.86162532977
100136,279364.86162532977
100156,279364.86162532977
100157,279364.86162532977
100169,243772.8491122295
100171,243772.8491122295
100179,243772.8491122295
100187,279364.86162532977
100192,243772.8491122295
100193,243772.8491122295
100219,279364.86162532977
100243,120513.19441001037
100244,120513.19441001037
100289,279364.86162532977
100297,279364.86162532977
100310,243772.8491122295
100312,243772.8491122295
100327,243772.8491122295
100378,243772.8491122295
100422,243772.8491122295
100447,243772.8491122295
100513,243772.8491122295
100520,243772.8491122295
100532,243772.8491122295
100534,243772.8491122295
100537,243772.8491122295
100550,243772.8491122295
100557,243772.8491122295
100564,243772.8491122295
100571,243772.8491122295
100575,243772.8491122295
100595,243772.8491122295
100596,243772.8491122295
100620,243772.8491122295
100621,243772.8491122295
100648,243772.8491122295
100652,243772.8491122295
100661,243772.8491122295
100677,243772.8491122295
100678,243772.8491122295
100681,243772.8491122295
100708,243772.8491122295
100709,243772.8491122295
100723,243772.8491122295
100730,243772.8491122295
100733,243772.8491122295
100735,243772.8491122295
100736,243772.8491122295
100744,243772.8491122295
100755,243772.8491122295
100774,243772.8491122295
100800,243772.8491122295
100805,243772.8491122295
100812,243772.8491122295
100813,243772.8491122295
100819,243772.8491122295
100821,243772.8491122295
100866,243772.8491122295
100906,243772.8491122295
100942,243772.8491122295
100950,243772.8491122295
101142,243772.8491122295
101185,122351.17702383987
101191,279364.86162532977
101193,279364.86162532977
101283,120513.19441001037
101287,120513.19441001037
101300,243772.8491122295
101308,120513.19441001037
101316,120513.19441001037
101318,243772.8491122295
101326,122351.17702383987
101402,243772.8491122295
101456,243772.8491122295
101469,243772.8491122295
101478,243772.8491122295
101486,243772.8491122295
101499,243772.8491122295
101501,243772.8491122295
101506,243772.8491122295
101512,243772.8491122295
101514,243772.8491122295
101515,243772.8491122295
101527,243772.8491122295
101552,243772.8491122295
101571,243772.8491122295
101583,243772.8491122295
101600,243772.8491122295
101601,243772.8491122295
101603,243772.8491122295
101614,243772.8491122295
101619,243772.8491122295
101642,243772.8491122295
101673,243772.8491122295
101680,243772.8491122295
101694,243772.8491122295
101702,243772.8491122295
101707,243772.8491122295
101720,243772.8491122295
101755,243772.8491122295
101770,243772.8491122295
101780,243772.8491122295
101785,243772.8491122295
101817,243772.8491122295
101913,243772.8491122295
101915,137977.1010813492
101919,243772.8491122295
101976,243772.8491122295
101987,243772.8491122295
102114,243772.8491122295
102116,279364.86162532977
102197,279364.86162532977
102198,243772.8491122295
102217,279364.86162532977
102252,279364.86162532977
102299,243772.8491122295
102330,137977.1010813492
102350,243772.8491122295
102352,243772.8491122295
102353,243772.8491122295
102404,243772.8491122295
102405,243772.8491122295
102415,243772.8491122295
102420,243772.8491122295
102442,243772.8491122295
102475,243772.8491122295
102479,243772.8491122295
102511,243772.8491122295
102568,243772.8491122295
102580,243772.8491122295
102593,243772.8491122295
102598,243772.8491122295
102607,243772.8491122295
102637,243772.8491122295
102792,120513.19441001037
102794,120513.19441001037
102837,243772.8491122295
102890,243772.8491122295
102905,243772.8491122295
102910,243772.8491122295
102922,243772.8491122295
102985,243772.8491122295
103028,243772.8491122295
103115,243772.8491122295
103132,243772.8491122295
103138,243772.8491122295
103179,243772.8491122295
103199,243772.8491122295
103244,243772.8491122295
103246,243772.8491122295
103276,243772.8491122295
103283,243772.8491122295
103313,243772.8491122295
103362,243772.8491122295
103392,243772.8491122295
103395,243772.8491122295
103428,243772.8491122295
103436,279364.86162532977
103463,243772.8491122295
103493,243772.8491122295
103495,243772.8491122295
103498,243772.8491122295
103504,243772.8491122295
103524,243772.8491122295
103527,243772.8491122295
103530,243772.8491122295
103532,243772.8491122295
103534,243772.8491122295
103540,243772.8491122295
103547,243772.8491122295
103555,243772.8491122295
103556,243772.8491122295
103557,243772.8491122295
103567,243772.8491122295
103568,243772.8491122295
103571,243772.8491122295
103577,243772.8491122295
103578,243772.8491122295
103579,243772.8491122295
103595,243772.8491122295
103601,243772.8491122295
103603,243772.8491122295
103604,243772.8491122295
103608,243772.8491122295
103614,243772.8491122295
103620,243772.8491122295
103625,243772.8491122295
103627,243772.8491122295
103678,243772.8491122295
103679,243772.8491122295
103685,243772.8491122295
103716,243772.8491122295
103720,243772.8491122295
103778,243772.8491122295
103780,243772.8491122295
103785,243772.8491122295
103787,243772.8491122295
103815,243772.8491122295
103816,243772.8491122295
103821,279364.86162532977
103836,279364.86162532977
103845,243772.8491122295
103851,243772.8491122295
103858,243772.8491122295
103859,243772.8491122295
103862,243772.8491122295
103866,279364.86162532977
103873,279364.86162532977
103876,279364.86162532977
103879,279364.86162532977
103885,279364.86162532977
103889,279364.86162532977
103898,279364.86162532977
103899,279364.86162532977
103909,279364.86162532977
103911,243772.8491122295
103920,243772.8491122295
103927,279364.86162532977
103933,279364.86162532977
103946,243772.8491122295
103949,243772.8491122295
103950,243772.8491122295
103965,243772.8491122295
103997,243772.8491122295
104017,243772.8491122295
104028,243772.8491122295
104068,243772.8491122295
104077,243772.8491122295
104098,243772.8491122295
104099,279364.86162532977
104103,243772.8491122295
104135,243772.8491122295
104141,243772.8491122295
104148,243772.8491122295
104149,243772.8491122295
104151,243772.8491122295
104154,243772.8491122295
104161,243772.8491122295
104163,243772.8491122295
104165,243772.8491122295
104195,243772.8491122295
104205,243772.8491122295
104218,243772.8491122295
104238,243772.8491122295
104245,243772.8491122295
104248,243772.8491122295
104252,243772.8491122295
104265,243772.8491122295
104266,243772.8491122295
104273,243772.8491122295
104274,243772.8491122295
104286,243772.8491122295
104290,243772.8491122295
104293,243772.8491122295
104299,243772.8491122295
104309,243772.8491122295
104326,243772.8491122295
104345,243772.8491122295
104359,243772.8491122295
104368,243772.8491122295
104379,243772.8491122295
104381,243772.8491122295
104403,243772.8491122295
104414,243772.8491122295
104417,243772.8491122295
104419,243772.8491122295
104431,243772.8491122295
104439,243772.8491122295
104445,243772.8491122295
104447,243772.8491122295
104451,243772.8491122295
104454,243772.8491122295
104456,243772.8491122295
104465,243772.8491122295
104473,243772.8491122295
104489,243772.8491122295
104492,243772.8491122295
104513,243772.8491122295
104517,243772.8491122295
104519,243772.8491122295
104523,243772.8491122295
104524,243772.8491122295
104526,243772.8491122295
104533,243772.8491122295
104538,243772.8491122295
104539,243772.8491122295
104545,243772.8491122295
104561,243772.8491122295
104598,243772.8491122295
104599,243772.8491122295
104611,243772.8491122295
104613,243772.8491122295
104623,243772.8491122295
104627,243772.8491122295
104628,243772.8491122295
104629,243772.8491122295
104630,243772.8491122295
104640,243772.8491122295
104641,243772.8491122295
104642,243772.8491122295
104665,243772.8491122295
104804,243772.8491122295
104847,243772.8491122295
104861,243772.8491122295
104862,243772.8491122295
104863,243772.8491122295
104896,279364.86162532977
104899,279364.86162532977
104901,279364.86162532977
104906,279364.86162532977
104922,279364.86162532977
104924,279364.86162532977
104925,279364.86162532977
104930,243772.8491122295
104935,243772.8491122295
104936,243772.8491122295
104964,279364.86162532977
104965,279364.86162532977
104970,279364.86162532977
104973,279364.86162532977
104975,279364.86162532977
104979,279364.86162532977
104995,279364.86162532977
104996,243772.8491122295
104998,279364.86162532977
104999,279364.86162532977
105000,279364.86162532977
105024,243772.8491122295
105029,279364.86162532977
105037,279364.86162532977
105038,279364.86162532977
105039,279364.86162532977
105049,243772.8491122295
105057,243772.8491122295
105061,243772.8491122295
105065,243772.8491122295
105076,243772.8491122295
105091,243772.8491122295
105116,243772.8491122295
105136,243772.8491122295
105143,243772.8491122295
105151,243772.8491122295
105160,243772.8491122295
105162,243772.8491122295
105170,243772.8491122295
105172,243772.8491122295
105179,243772.8491122295
105184,243772.8491122295
105185,243772.8491122295
105197,243772.8491122295
105202,279364.86162532977
105231,243772.8491122295
105232,243772.8491122295
105235,243772.8491122295
105249,243772.8491122295
105258,243772.8491122295
105259,243772.8491122295
105272,243772.8491122295
105287,243772.8491122295
105293,243772.8491122295
105304,243772.8491122295
105314,243772.8491122295
105315,243772.8491122295
105328,243772.8491122295
105341,243772.8491122295
105344,243772.8491122295
105349,243772.8491122295
105350,243772.8491122295
105351,243772.8491122295
105362,243772.8491122295
105376,243772.8491122295
105386,243772.8491122295
105392,243772.8491122295
105401,243772.8491122295
105409,243772.8491122295
105414,243772.8491122295
105418,243772.8491122295
105419,243772.8491122295
105425,243772.8491122295
105440,243772.8491122295
105447,243772.8491122295
105448,243772.8491122295
105452,243772.8491122295
105463,243772.8491122295
105464,243772.8491122295
105465,243772.8491122295
105524,243772.8491122295
105526,243772.8491122295
105531,243772.8491122295
105536,243772.8491122295
105557,279364.86162532977
105633,279364.86162532977
105635,243772.8491122295
105637,279364.86162532977
105674,279364.86162532977
105681,243772.8491122295
105703,279364.86162532977
105704,279364.86162532977
105705,279364.86162532977
105706,243772.8491122295
105711,243772.8491122295
105712,243772.8491122295
105719,279364.86162532977
105728,279364.86162532977
105734,279364.86162532977
105735,279364.86162532977
105745,243772.8491122295
105749,279364.86162532977
105764,279364.86162532977
105765,279364.86162532977
105768,243772.8491122295
105772,279364.86162532977
105778,279364.86162532977
105779,279364.86162532977
105785,279364.86162532977
105790,279364.86162532977
105806,243772.8491122295
105827,243772.8491122295
105831,243772.8491122295
105845,243772.8491122295
105848,243772.8491122295
105852,243772.8491122295
105865,243772.8491122295
105874,243772.8491122295
105906,243772.8491122295
105910,243772.8491122295
105915,243772.8491122295
105929,243772.8491122295
105945,243772.8491122295
105946,243772.8491122295
105947,243772.8491122295
105948,243772.8491122295
105954,243772.8491122295
105990,243772.8491122295
106000,243772.8491122295
106016,243772.8491122295
106030,243772.8491122295
106034,243772.8491122295
106035,243772.8491122295
106040,243772.8491122295
106074,279364.86162532977
106139,243772.8491122295
106142,243772.8491122295
106155,243772.8491122295
106168,243772.8491122295
106177,243772.8491122295
106183,243772.8491122295
106184,243772.8491122295
106185,243772.8491122295
106201,243772.8491122295
106215,243772.8491122295
106233,243772.8491122295
106235,243772.8491122295
106236,243772.8491122295
106239,243772.8491122295
106241,243772.8491122295
106242,243772.8491122295
106243,243772.8491122295
106254,243772.8491122295
106259,243772.8491122295
106263,243772.8491122295
106281,243772.8491122295
106282,243772.8491122295
106292,243772.8491122295
106294,243772.8491122295
106343,279364.86162532977
106356,243772.8491122295
106359,243772.8491122295
106360,243772.8491122295
106362,243772.8491122295
106390,243772.8491122295
106391,243772.8491122295
106398,243772.8491122295
106442,243772.8491122295
106449,243772.8491122295
106456,243772.8491122295
106458,243772.8491122295
106467,243772.8491122295
106512,243772.8491122295
106522,243772.8491122295
106565,243772.8491122295
106572,243772.8491122295
106579,243772.8491122295
106587,243772.8491122295
106591,243772.8491122295
106599,243772.8491122295
106604,243772.8491122295
106618,279364.86162532977
106647,243772.8491122295
106654,243772.8491122295
106665,243772.8491122295
106668,243772.8491122295
106678,243772.8491122295
106685,243772.8491122295
106707,279364.86162532977
106727,279364.86162532977
106760,243772.8491122295
106776,243772.8491122295
106780,243772.8491122295
106781,243772.8491122295
106783,243772.8491122295
106784,243772.8491122295
106790,243772.8491122295
106792,243772.8491122295
106819,243772.8491122295
106835,193060.4809015055
106845,193060.4809015055
106849,193060.4809015055
106857,243772.8491122295
106858,243772.8491122295
106860,243772.8491122295
106862,243772.8491122295
106871,243772.8491122295
106881,243772.8491122295
106896,243772.8491122295
106900,243772.8491122295
106902,243772.8491122295
106907,243772.8491122295
106918,243772.8491122295
106925,243772.8491122295
106927,243772.8491122295
106929,243772.8491122295
106934,243772.8491122295
106948,243772.8491122295
106949,243772.8491122295
106951,243772.8491122295
106954,243772.8491122295
106965,243772.8491122295
106975,243772.8491122295
106990,243772.8491122295
106992,243772.8491122295
107003,243772.8491122295
107004,243772.8491122295
107015,243772.8491122295
107016,243772.8491122295
107035,243772.8491122295
107058,243772.8491122295
107062,243772.8491122295
107071,243772.8491122295
107086,243772.8491122295
107093,243772.8491122295
107100,193060.4809015055
107122,193060.4809015055
107268,243772.8491122295
107275,193060.4809015055
107357,193060.4809015055
107361,243772.8491122295
107393,193060.4809015055
107395,193060.4809015055
107412,193060.4809015055
107416,193060.4809015055
107428,243772.8491122295
107452,193060.4809015055
107454,193060.4809015055
107464,193060.4809015055
107467,193060.4809015055
107469,193060.4809015055
107470,193060.4809015055
107472,193060.4809015055
107473,193060.4809015055
107487,193060.4809015055
107489,193060.4809015055
107495,193060.4809015055
107497,243772.8491122295
107501,193060.4809015055
107506,193060.4809015055
107510,193060.4809015055
107520,243772.8491122295
107551,243772.8491122295
107556,243772.8491122295
107572,243772.8491122295
107584,243772.8491122295
107594,193060.4809015055
107595,243772.8491122295
107601,243772.8491122295
107614,243772.8491122295
107616,243772.8491122295
107617,243772.8491122295
107619,243772.8491122295
107621,243772.8491122295
107650,243772.8491122295
107656,243772.8491122295
107678,243772.8491122295
107680,243772.8491122295
107684,243772.8491122295
107687,243772.8491122295
107690,243772.8491122295
107692,243772.8491122295
107693,243772.8491122295
107694,243772.8491122295
107695,243772.8491122295
107702,243772.8491122295
107712,243772.8491122295
107718,243772.8491122295
107722,243772.8491122295
107757,243772.8491122295
107762,243772.8491122295
107769,243772.8491122295
107770,243772.8491122295
107771,243772.8491122295
107776,243772.8491122295
107778,243772.8491122295
107788,243772.8491122295
107792,243772.8491122295
107812,243772.8491122295
107831,243772.8491122295
107832,243772.8491122295
107863,243772.8491122295
107871,243772.8491122295
107873,243772.8491122295
107874,243772.8491122295
107875,243772.8491122295
107906,243772.8491122295
107915,243772.8491122295
107916,243772.8491122295
107917,243772.8491122295
107918,243772.8491122295
107919,243772.8491122295
107920,243772.8491122295
107998,243772.8491122295
108021,193060.4809015055
108137,243772.8491122295
108190,193060.4809015055
108231,243772.8491122295
108235,193060.4809015055
108237,193060.4809015055
108246,243772.8491122295
108272,193060.4809015055
108277,193060.4809015055
108281,128997.74664032155
108283,193060.4809015055
108285,193060.4809015055
108340,243772.8491122295
108343,243772.8491122295
108401,243772.8491122295
108406,243772.8491122295
108408,243772.8491122295
108410,243772.8491122295
108429,243772.8491122295
108444,243772.8491122295
108447,243772.8491122295
108465,243772.8491122295
108468,243772.8491122295
108479,243772.8491122295
108496,243772.8491122295
108505,243772.8491122295
108512,243772.8491122295
108518,243772.8491122295
108519,243772.8491122295
108524,243772.8491122295
108527,243772.8491122295
108528,243772.8491122295
108545,243772.8491122295
108548,243772.8491122295
108551,243772.8491122295
108557,243772.8491122295
108558,243772.8491122295
108574,243772.8491122295
108580,243772.8491122295
108581,243772.8491122295
108589,193060.4809015055
108654,193060.4809015055
108658,243772.8491122295
108757,243772.8491122295
108771,193060.4809015055
108778,193060.4809015055
108802,193060.4809015055
108814,193060.4809015055
108816,128997.74664032155
108817,193060.4809015055
108832,243772.8491122295
108855,243772.8491122295
108867,243772.8491122295
108886,243772.8491122295
108900,243772.8491122295
108916,243772.8491122295
108948,243772.8491122295
108960,243772.8491122295
108962,243772.8491122295
108983,243772.8491122295
108984,243772.8491122295
108992,243772.8491122295
108993,243772.8491122295
109002,243772.8491122295
109051,243772.8491122295
109135,193060.4809015055
109157,243772.8491122295
109160,243772.8491122295
109175,243772.8491122295
109189,243772.8491122295
109236,243772.8491122295
109250,243772.8491122295
109251,243772.8491122295
109254,243772.8491122295
109323,193060.4809015055
109368,243772.8491122295
109384,243772.8491122295
109388,243772.8491122295
109389,243772.8491122295
109414,243772.8491122295
109434,243772.8491122295
109448,243772.8491122295
109454,243772.8491122295
109455,243772.8491122295
109456,243772.8491122295
109478,193060.4809015055
109488,243772.8491122295
109499,243772.8491122295
109504,243772.8491122295
109509,243772.8491122295
109523,193060.4809015055
109524,193060.4809015055
109525,193060.4809015055
109526,193060.4809015055
109534,243772.8491122295
109546,243772.8491122295
109566,193060.4809015055
109570,193060.4809015055
109577,243772.8491122295
109586,243772.8491122295
109589,243772.8491122295
109597,243772.8491122295
109608,243772.8491122295
109624,243772.8491122295
109633,243772.8491122295
109634,243772.8491122295
109650,243772.8491122295
109651,243772.8491122295
109653,243772.8491122295
109654,243772.8491122295
109656,243772.8491122295
109658,243772.8491122295
109659,243772.8491122295
109661,243772.8491122295
109667,243772.8491122295
109672,243772.8491122295
109673,243772.8491122295
109674,243772.8491122295
109675,243772.8491122295
109690,243772.8491122295
109698,243772.8491122295
109703,243772.8491122295
109710,243772.8491122295
109711,243772.8491122295
109724,243772.8491122295
109729,243772.8491122295
109736,243772.8491122295
109777,243772.8491122295
109778,243772.8491122295
109779,423385.0386873295
109780,243772.8491122295
109781,243772.8491122295
109794,243772.8491122295
109860,243772.8491122295
109861,243772.8491122295
109867,243772.8491122295
109868,243772.8491122295
109876,423385.0386873295
109891,243772.8491122295
109896,243772.8491122295
109903,243772.8491122295
109905,243772.8491122295
109915,243772.8491122295
109925,243772.8491122295
109959,243772.8491122295
109962,243772.8491122295
109985,243772.8491122295
109986,243772.8491122295
110001,243772.8491122295
110013,243772.8491122295
110024,243772.8491122295
110041,243772.8491122295
110055,243772.8491122295
110056,243772.8491122295
110060,243772.8491122295
110065,243772.8491122295
110079,243772.8491122295
110092,243772.8491122295
110099,243772.8491122295
110108,243772.8491122295
110121,243772.8491122295
110130,243772.8491122295
110132,243772.8491122295
110135,243772.8491122295
110136,243772.8491122295
110137,243772.8491122295
110138,243772.8491122295
110139,243772.8491122295
110148,243772.8491122295
110150,243772.8491122295
110158,243772.8491122295
110160,243772.8491122295
110161,243772.8491122295
110180,243772.8491122295
110223,243772.8491122295
110226,243772.8491122295
110236,243772.8491122295
110248,243772.8491122295
110295,243772.8491122295
110319,243772.8491122295
110327,243772.8491122295
110330,243772.8491122295
110335,243772.8491122295
110345,243772.8491122295
110348,243772.8491122295
110349,243772.8491122295
110351,243772.8491122295
110355,243772.8491122295
110365,243772.8491122295
110380,243772.8491122295
110387,243772.8491122295
110392,213840.96506485625
110393,243772.8491122295
110403,243772.8491122295
110452,243772.8491122295
110462,243772.8491122295
110538,423385.0386873295
110626,423385.0386873295
110628,423385.0386873295
110631,243772.8491122295
110642,243772.8491122295
110672,243772.8491122295
110695,423385.0386873295
110698,174323.06878961757
110716,423385.0386873295
110725,423385.0386873295
110733,243772.8491122295
110742,243772.8491122295
110743,243772.8491122295
110747,243772.8491122295
110758,243772.8491122295
110769,243772.8491122295
110780,243772.8491122295
110790,243772.8491122295
110791,243772.8491122295
110792,243772.8491122295
110795,243772.8491122295
110796,243772.8491122295
110797,243772.8491122295
110798,243772.8491122295
110803,243772.8491122295
110807,243772.8491122295
110817,243772.8491122295
110824,243772.8491122295
110854,243772.8491122295
110872,243772.8491122295
110875,243772.8491122295
110883,243772.8491122295
110902,243772.8491122295
110903,243772.8491122295
110912,243772.8491122295
110914,243772.8491122295
110923,243772.8491122295
110934,243772.8491122295
110938,243772.8491122295
110939,243772.8491122295
110945,243772.8491122295
110948,243772.8491122295
110949,243772.8491122295
110964,243772.8491122295
110980,243772.8491122295
110983,243772.8491122295
110992,243772.8491122295
110993,243772.8491122295
110999,243772.8491122295
111000,243772.8491122295
111001,243772.8491122295
111003,243772.8491122295
111005,243772.8491122295
111008,243772.8491122295
111009,243772.8491122295
111014,243772.8491122295
111018,243772.8491122295
111023,243772.8491122295
111031,243772.8491122295
111035,243772.8491122295
111054,243772.8491122295
111059,243772.8491122295
111079,243772.8491122295
111113,243772.8491122295
111114,243772.8491122295
111117,243772.8491122295
111118,243772.8491122295
111119,243772.8491122295
111120,243772.8491122295
111122,243772.8491122295
111123,243772.8491122295
111124,243772.8491122295
111125,243772.8491122295
111127,243772.8491122295
111129,243772.8491122295
111143,243772.8491122295
111147,243772.8491122295
111148,243772.8491122295
111166,243772.8491122295
111167,243772.8491122295
111168,243772.8491122295
111191,243772.8491122295
111196,243772.8491122295
111197,243772.8491122295
111199,243772.8491122295
111208,423385.0386873295
111216,243772.8491122295
111252,211816.5163988604
111255,243772.8491122295
111319,243772.8491122295
111384,423385.0386873295
111386,211816.5163988604
111388,423385.0386873295
111389,423385.0386873295
111394,423385.0386873295
111395,423385.0386873295
111435,423385.0386873295
111446,211816.5163988604
111457,423385.0386873295
111459,423385.0386873295
111463,423385.0386873295
111477,243772.8491122295
111496,243772.8491122295
111506,243772.8491122295
111507,243772.8491122295
111510,243772.8491122295
111512,243772.8491122295
111523,243772.8491122295
111530,243772.8491122295
111531,243772.8491122295
111534,243772.8491122295
111538,243772.8491122295
111554,243772.8491122295
111573,243772.8491122295
111590,243772.8491122295
111598,243772.8491122295
111608,243772.8491122295
111611,243772.8491122295
111621,243772.8491122295
111628,243772.8491122295
111629,243772.8491122295
111633,243772.8491122295
111636,243772.8491122295
111637,243772.8491122295
111658,243772.8491122295
111665,243772.8491122295
111697,243772.8491122295
111703,243772.8491122295
111774,243772.8491122295
111775,423385.0386873295
111820,423385.0386873295
111839,174323.06878961757
111846,423385.0386873295
111850,243772.8491122295
111856,243772.8491122295
111860,243772.8491122295
111865,243772.8491122295
111883,243772.8491122295
111884,243772.8491122295
111885,243772.8491122295
111894,243772.8491122295
111915,243772.8491122295
111924,243772.8491122295
111939,243772.8491122295
111954,423385.0386873295
111965,243772.8491122295
111970,243772.8491122295
111976,243772.8491122295
111987,243772.8491122295
111988,243772.8491122295
112051,243772.8491122295
112063,423385.0386873295
112068,243772.8491122295
112075,243772.8491122295
112157,213840.96506485625
112162,423385.0386873295
112163,423385.0386873295
112227,243772.8491122295
112230,243772.8491122295
112247,243772.8491122295
112271,243772.8491122295
112297,211816.5163988604
112315,243772.8491122295
112335,243772.8491122295
112353,243772.8491122295
112355,243772.8491122295
112367,243772.8491122295
112375,243772.8491122295
112378,243772.8491122295
112388,243772.8491122295
112412,243772.8491122295
112424,243772.8491122295
112431,243772.8491122295
112465,243772.8491122295
112466,243772.8491122295
112474,243772.8491122295
112486,243772.8491122295
112510,243772.8491122295
112511,243772.8491122295
112512,243772.8491122295
112657,243772.8491122295
112663,243772.8491122295
112673,243772.8491122295
112680,243772.8491122295
112681,243772.8491122295
112694,243772.8491122295
112696,243772.8491122295
112713,243772.8491122295
112716,243772.8491122295
112718,243772.8491122295
112720,243772.8491122295
112726,243772.8491122295
112744,243772.8491122295
112748,243772.8491122295
112755,243772.8491122295
112757,243772.8491122295
112780,243772.8491122295
112793,243772.8491122295
112796,243772.8491122295
112816,243772.8491122295
112822,243772.8491122295
112823,243772.8491122295
112825,243772.8491122295
112828,243772.8491122295
112851,243772.8491122295
112872,243772.8491122295
112874,243772.8491122295
112921,243772.8491122295
112925,243772.8491122295
112926,243772.8491122295
112928,243772.8491122295
112929,243772.8491122295
112930,243772.8491122295
112933,243772.8491122295
112938,243772.8491122295
112960,243772.8491122295
112963,243772.8491122295
112970,243772.8491122295
112974,243772.8491122295
112986,243772.8491122295
112987,243772.8491122295
113022,243772.8491122295
113037,243772.8491122295
113109,243772.8491122295
113113,243772.8491122295
113114,243772.8491122295
113163,243772.8491122295
113169,243772.8491122295
113181,243772.8491122295
113206,243772.8491122295
113207,243772.8491122295
113230,243772.8491122295
113231,243772.8491122295
113246,243772.8491122295
113248,243772.8491122295
113313,243772.8491122295
113314,243772.8491122295
113315,243772.8491122295
113320,243772.8491122295
113322,243772.8491122295
113323,243772.8491122295
113326,243772.8491122295
113329,243772.8491122295
113465,243772.8491122295
113468,245381.88895958976
113478,245381.88895958976
113488,245381.88895958976
113491,245381.88895958976
113503,243772.8491122295
113552,245381.88895958976
113568,243772.8491122295
113608,243772.8491122295
113613,243772.8491122295
113616,243772.8491122295
113617,243772.8491122295
113630,243772.8491122295
113644,243772.8491122295
113645,243772.8491122295
113657,243772.8491122295
113662,243772.8491122295
113668,243772.8491122295
113703,243772.8491122295
113704,243772.8491122295
113706,243772.8491122295
113711,243772.8491122295
113750,243772.8491122295
113752,243772.8491122295
113762,243772.8491122295
113804,243772.8491122295
113809,243772.8491122295
113813,243772.8491122295
113831,243772.8491122295
113871,243772.8491122295
113884,243772.8491122295
113888,243772.8491122295
113890,243772.8491122295
113909,243772.8491122295
113922,243772.8491122295
113950,243772.8491122295
113957,243772.8491122295
113995,243772.8491122295
114001,243772.8491122295
114002,243772.8491122295
114007,243772.8491122295
114030,243772.8491122295
114031,243772.8491122295
114139,243772.8491122295
114172,245381.88895958976
114187,245381.88895958976
114200,243772.8491122295
114204,243772.8491122295
114217,245381.88895958976
114242,245381.88895958976
114253,243772.8491122295
114266,243772.8491122295
114276,243772.8491122295
114334,243772.8491122295
114335,243772.8491122295
114336,243772.8491122295
114337,243772.8491122295
114377,243772.8491122295
114379,243772.8491122295
114396,243772.8491122295
114401,243772.8491122295
114405,243772.8491122295
114407,243772.8491122295
114431,243772.8491122295
114432,243772.8491122295
114440,243772.8491122295
114449,243772.8491122295
114454,243772.8491122295
114458,243772.8491122295
114461,243772.8491122295
114468,243772.8491122295
114560,243772.8491122295
114619,245381.88895958976
114634,243772.8491122295
114649,245381.88895958976
114650,243772.8491122295
114658,243772.8491122295
114661,243772.8491122295
114676,243772.8491122295
114684,243772.8491122295
114688,243772.8491122295
114690,243772.8491122295
114698,243772.8491122295
114702,243772.8491122295
114711,243772.8491122295
114717,243772.8491122295
114721,243772.8491122295
114728,243772.8491122295
114732,243772.8491122295
114736,243772.8491122295
114748,243772.8491122295
114764,245381.88895958976
114780,243772.8491122295
114781,243772.8491122295
114790,243772.8491122295
114804,243772.8491122295
114809,243772.8491122295
114812,243772.8491122295
114816,243772.8491122295
114839,243772.8491122295
114847,243772.8491122295
114884,243772.8491122295
114886,243772.8491122295
114887,243772.8491122295
114893,245381.88895958976
114904,243772.8491122295
114941,243772.8491122295
114950,243772.8491122295
114969,243772.8491122295
114993,243772.8491122295
114997,243772.8491122295
115004,243772.8491122295
115020,243772.8491122295
115025,243772.8491122295
115027,137977.1010813492
115078,243772.8491122295
115080,243772.8491122295
115081,243772.8491122295
115082,243772.8491122295
115085,243772.8491122295
115086,243772.8491122295
115087,243772.8491122295
115088,243772.8491122295
115093,243772.8491122295
115098,243772.8491122295
115099,243772.8491122295
115100,243772.8491122295
115178,137977.1010813492
115179,137977.1010813492
115181,243772.8491122295
115243,243772.8491122295
115261,243772.8491122295
115279,243772.8491122295
115316,243772.8491122295
115318,243772.8491122295
115360,243772.8491122295
115394,243772.8491122295
115403,243772.8491122295
115408,243772.8491122295
115412,243772.8491122295
115417,243772.8491122295
115418,243772.8491122295
115422,243772.8491122295
115479,243772.8491122295
115480,243772.8491122295
115481,243772.8491122295
115482,243772.8491122295
115483,243772.8491122295
115485,243772.8491122295
115488,243772.8491122295
115505,243772.8491122295
115506,243772.8491122295
115507,243772.8491122295
115508,243772.8491122295
115509,243772.8491122295
115510,243772.8491122295
115511,243772.8491122295
115512,243772.8491122295
115514,243772.8491122295
115515,243772.8491122295
115516,243772.8491122295
115517,243772.8491122295
115528,243772.8491122295
115536,243772.8491122295
115537,243772.8491122295
115538,243772.8491122295
115539,243772.8491122295
115541,243772.8491122295
115542,243772.8491122295
115543,243772.8491122295
115544,243772.8491122295
115545,243772.8491122295
115548,137977.1010813492
115551,243772.8491122295
115552,243772.8491122295
115553,243772.8491122295
115554,243772.8491122295
115555,243772.8491122295
115559,243772.8491122295
115597,243772.8491122295
115598,243772.8491122295
115642,243772.8491122295
115652,137977.1010813492
115780,243772.8491122295
115818,243772.8491122295
115896,137977.1010813492
115898,137977.1010813492
115900,137977.1010813492
115902,137977.1010813492
115910,279364.86162532977
115927,137977.1010813492
115980,243772.8491122295
115983,243772.8491122295
116008,243772.8491122295
116056,243772.8491122295
116064,243772.8491122295
116065,243772.8491122295
116066,243772.8491122295
116067,243772.8491122295
116068,243772.8491122295
116069,243772.8491122295
116071,243772.8491122295
116072,243772.8491122295
116094,243772.8491122295
116099,243772.8491122295
116105,243772.8491122295
116152,243772.8491122295
116154,243772.8491122295
116173,243772.8491122295
116174,243772.8491122295
116175,243772.8491122295
116176,243772.8491122295
116178,243772.8491122295
116179,243772.8491122295
116189,243772.8491122295
116190,243772.8491122295
116196,243772.8491122295
116197,243772.8491122295
116198,243772.8491122295
116199,243772.8491122295
116205,243772.8491122295
116269,137977.1010813492
116350,243772.8491122295
116434,137977.1010813492
116435,137977.1010813492
116446,137977.1010813492
116471,243772.8491122295
116501,243772.8491122295
116506,243772.8491122295
116507,243772.8491122295
116508,243772.8491122295
116509,243772.8491122295
116547,243772.8491122295
116562,243772.8491122295
116581,243772.8491122295
116634,137977.1010813492
116635,137977.1010813492
116661,243772.8491122295
116675,243772.8491122295
116690,243772.8491122295
116706,243772.8491122295
116787,243772.8491122295
116890,243772.8491122295
116909,243772.8491122295
116920,243772.8491122295
116926,243772.8491122295
116932,243772.8491122295
116934,243772.8491122295
116937,243772.8491122295
116940,243772.8491122295
116941,243772.8491122295
116942,243772.8491122295
116944,243772.8491122295
116945,243772.8491122295
116947,243772.8491122295
116948,243772.8491122295
116950,243772.8491122295
116957,243772.8491122295
116958,243772.8491122295
116959,243772.8491122295
116960,243772.8491122295
116981,243772.8491122295
116988,243772.8491122295
116992,243772.8491122295
117046,243772.8491122295
117055,243772.8491122295
117076,150935.32141666277
117077,150935.32141666277
117078,150935.32141666277
117093,150935.32141666277
117127,243772.8491122295
117128,243772.8491122295
117137,243772.8491122295
117140,243772.8491122295
117145,243772.8491122295
117174,243772.8491122295
117188,243772.8491122295
117201,243772.8491122295
117212,243772.8491122295
117216,243772.8491122295
117220,243772.8491122295
117222,243772.8491122295
117224,243772.8491122295
117225,243772.8491122295
117226,243772.8491122295
117227,243772.8491122295
117232,243772.8491122295
117236,243772.8491122295
117238,243772.8491122295
117239,243772.8491122295
117245,243772.8491122295
117246,243772.8491122295
117247,243772.8491122295
117253,243772.8491122295
117263,243772.8491122295
117265,243772.8491122295
117272,243772.8491122295
117275,243772.8491122295
117278,243772.8491122295
117288,243772.8491122295
117290,243772.8491122295
117313,243772.8491122295
117317,243772.8491122295
117318,243772.8491122295
117325,243772.8491122295
117326,243772.8491122295
117328,243772.8491122295
117331,243772.8491122295
117333,243772.8491122295
117335,243772.8491122295
117345,243772.8491122295
117346,243772.8491122295
117349,243772.8491122295
117359,243772.8491122295
117365,243772.8491122295
117374,243772.8491122295
117416,150935.32141666277
117511,243772.8491122295
117513,243772.8491122295
117514,150935.32141666277
117589,243772.8491122295
117619,243772.8491122295
117632,150935.32141666277
117680,150935.32141666277
117682,150935.32141666277
117688,150935.32141666277
117714,150935.32141666277
117716,150935.32141666277
117718,150935.32141666277
117719,150935.32141666277
117746,150935.32141666277
117750,150935.32141666277
117752,150935.32141666277
117759,150935.32141666277
117772,243772.8491122295
117777,243772.8491122295
117785,243772.8491122295
117788,243772.8491122295
117796,243772.8491122295
117797,243772.8491122295
117803,243772.8491122295
117808,243772.8491122295
117810,243772.8491122295
117821,243772.8491122295
117846,243772.8491122295
117847,243772.8491122295
117848,243772.8491122295
117849,243772.8491122295
117850,243772.8491122295
117851,243772.8491122295
117853,243772.8491122295
117875,243772.8491122295
117888,243772.8491122295
117900,243772.8491122295
117903,243772.8491122295
117906,243772.8491122295
117917,243772.8491122295
117918,243772.8491122295
117919,243772.8491122295
117925,243772.8491122295
117927,243772.8491122295
117931,243772.8491122295
117935,243772.8491122295
117945,243772.8491122295
117953,243772.8491122295
117956,243772.8491122295
117964,243772.8491122295
117965,243772.8491122295
117966,243772.8491122295
117967,243772.8491122295
117968,243772.8491122295
117969,243772.8491122295
117970,243772.8491122295
117974,243772.8491122295
117984,243772.8491122295
117999,243772.8491122295
118001,243772.8491122295
118006,243772.8491122295
118010,243772.8491122295
118020,243772.8491122295
118023,243772.8491122295
118027,243772.8491122295
118030,243772.8491122295
118048,243772.8491122295
118049,243772.8491122295
118056,243772.8491122295
118060,243772.8491122295
118061,243772.8491122295
118062,243772.8491122295
118067,243772.8491122295
118091,243772.8491122295
118094,243772.8491122295
118095,243772.8491122295
118096,243772.8491122295
118097,243772.8491122295
118098,243772.8491122295
118099,243772.8491122295
118100,243772.8491122295
118101,243772.8491122295
118104,243772.8491122295
118109,243772.8491122295
118116,243772.8491122295
118118,243772.8491122295
118125,243772.8491122295
118126,243772.8491122295
118130,243772.8491122295
118132,243772.8491122295
118133,243772.8491122295
118141,243772.8491122295
118148,243772.8491122295
118149,243772.8491122295
118151,243772.8491122295
118157,243772.8491122295
118163,243772.8491122295
118165,243772.8491122295
118168,243772.8491122295
118169,243772.8491122295
118170,243772.8491122295
118178,243772.8491122295
118180,243772.8491122295
118182,243772.8491122295
118186,243772.8491122295
118192,243772.8491122295
118196,243772.8491122295
118198,243772.8491122295
118209,243772.8491122295
118218,243772.8491122295
118229,243772.8491122295
118230,243772.8491122295
118244,243772.8491122295
118250,243772.8491122295
118255,243772.8491122295
118316,243772.8491122295
118319,243772.8491122295
118320,243772.8491122295
118323,243772.8491122295
118437,243772.8491122295
118449,150935.32141666277
118461,150935.32141666277
118491,150935.32141666277
118511,150935.32141666277
118533,243772.8491122295
118555,243772.8491122295
118562,243772.8491122295
118575,243772.8491122295
118578,243772.8491122295
118589,243772.8491122295
118590,243772.8491122295
118612,243772.8491122295
118617,243772.8491122295
118627,243772.8491122295
118637,243772.8491122295
118646,243772.8491122295
118647,243772.8491122295
118650,243772.8491122295
118659,243772.8491122295
118668,243772.8491122295
118669,243772.8491122295
118701,243772.8491122295
118704,243772.8491122295
118826,243772.8491122295
118866,243772.8491122295
118867,243772.8491122295
118869,243772.8491122295
118870,243772.8491122295
118871,243772.8491122295
118872,243772.8491122295
118881,243772.8491122295
118893,150935.32141666277
118894,150935.32141666277
118897,150935.32141666277
118899,150935.32141666277
118908,243772.8491122295
118923,243772.8491122295
118944,243772.8491122295
118965,243772.8491122295
118987,243772.8491122295
119087,243772.8491122295
119092,243772.8491122295
119098,243772.8491122295
119099,243772.8491122295
119143,150935.32141666277
119180,243772.8491122295
119190,150935.32141666277
119207,243772.8491122295
119217,243772.8491122295
119236,243772.8491122295
119246,243772.8491122295
119247,243772.8491122295
119248,243772.8491122295
119251,243772.8491122295
119252,243772.8491122295
119255,243772.8491122295
119259,243772.8491122295
119262,243772.8491122295
119264,243772.8491122295
119275,243772.8491122295
119284,243772.8491122295
119285,243772.8491122295
119291,243772.8491122295
119294,243772.8491122295
119305,243772.8491122295
119306,243772.8491122295
119311,243772.8491122295
119326,243772.8491122295
119328,243772.8491122295
119334,243772.8491122295
119338,243772.8491122295
119341,243772.8491122295
119343,243772.8491122295
119345,243772.8491122295
119346,243772.8491122295
119348,243772.8491122295
119351,243772.8491122295
119374,243772.8491122295
119389,243772.8491122295
119397,243772.8491122295
119398,243772.8491122295
119401,243772.8491122295
119402,243772.8491122295
119403,243772.8491122295
119406,243772.8491122295
119446,243772.8491122295
119505,243772.8491122295
119514,243772.8491122295
119515,243772.8491122295
119516,243772.8491122295
119529,174323.06878961757
119549,243772.8491122295
119561,243772.8491122295
119562,243772.8491122295
119567,243772.8491122295
119572,243772.8491122295
119573,243772.8491122295
119574,243772.8491122295
119575,243772.8491122295
119590,243772.8491122295
119591,243772.8491122295
119605,243772.8491122295
119606,243772.8491122295
119608,243772.8491122295
119609,243772.8491122295
119611,243772.8491122295
119613,243772.8491122295
119621,243772.8491122295
119637,243772.8491122295
119641,243772.8491122295
119647,243772.8491122295
119648,243772.8491122295
119649,243772.8491122295
119650,243772.8491122295
119656,243772.8491122295
119657,243772.8491122295
119658,243772.8491122295
119673,243772.8491122295
119676,243772.8491122295
119680,243772.8491122295
119683,243772.8491122295
119685,243772.8491122295
119703,243772.8491122295
119709,243772.8491122295
119712,243772.8491122295
119724,243772.8491122295
119731,243772.8491122295
119733,243772.8491122295
119735,243772.8491122295
119748,243772.8491122295
119750,243772.8491122295
119754,243772.8491122295
119759,243772.8491122295
119765,243772.8491122295
119768,243772.8491122295
119770,243772.8491122295
119771,243772.8491122295
119792,243772.8491122295
119794,243772.8491122295
119796,243772.8491122295
119798,243772.8491122295
119804,243772.8491122295
119809,243772.8491122295
119811,243772.8491122295
119813,243772.8491122295
119821,243772.8491122295
119824,243772.8491122295
119825,243772.8491122295
119826,243772.8491122295
119830,243772.8491122295
119831,243772.8491122295
119832,243772.8491122295
119833,243772.8491122295
119834,243772.8491122295
119835,243772.8491122295
119842,243772.8491122295
119847,243772.8491122295
119848,243772.8491122295
119857,243772.8491122295
119871,243772.8491122295
119872,243772.8491122295
119873,243772.8491122295
119876,243772.8491122295
119884,174323.06878961757
119931,243772.8491122295
119932,243772.8491122295
119933,174323.06878961757
119934,243772.8491122295
119937,243772.8491122295
119938,243772.8491122295
119939,243772.8491122295
119944,243772.8491122295
120014,243772.8491122295
120072,174323.06878961757
120077,174323.06878961757
120105,174323.06878961757
120107,243772.8491122295
120111,243772.8491122295
120124,243772.8491122295
120132,174323.06878961757
120133,243772.8491122295
120141,243772.8491122295
120165,243772.8491122295
120166,243772.8491122295
120169,243772.8491122295
120176,243772.8491122295
120177,243772.8491122295
120180,243772.8491122295
120181,243772.8491122295
120193,243772.8491122295
120194,243772.8491122295
120196,243772.8491122295
120205,243772.8491122295
120206,243772.8491122295
120207,243772.8491122295
120208,243772.8491122295
120218,243772.8491122295
120223,243772.8491122295
120231,243772.8491122295
120261,243772.8491122295
120262,243772.8491122295
120263,243772.8491122295
120269,243772.8491122295
120273,243772.8491122295
120279,243772.8491122295
120295,243772.8491122295
120298,243772.8491122295
120302,243772.8491122295
120304,243772.8491122295
120305,243772.8491122295
120306,243772.8491122295
120311,243772.8491122295
120312,243772.8491122295
120314,243772.8491122295
120320,243772.8491122295
120326,243772.8491122295
120327,243772.8491122295
120337,243772.8491122295
120338,243772.8491122295
120339,243772.8491122295
120348,243772.8491122295
120349,243772.8491122295
120350,243772.8491122295
120363,243772.8491122295
120365,243772.8491122295
120371,243772.8491122295
120372,243772.8491122295
120378,243772.8491122295
120381,243772.8491122295
120383,243772.8491122295
120385,243772.8491122295
120414,243772.8491122295
120415,243772.8491122295
120417,243772.8491122295
120419,243772.8491122295
120421,243772.8491122295
120499,243772.8491122295
120500,174323.06878961757
120501,174323.06878961757
120515,150935.32141666277
120516,174323.06878961757
120545,174323.06878961757
120548,243772.8491122295
120561,174323.06878961757
120562,243772.8491122295
120564,243772.8491122295
120569,174323.06878961757
120590,243772.8491122295
120591,243772.8491122295
120592,243772.8491122295
120593,243772.8491122295
120596,243772.8491122295
120597,174323.06878961757
120608,243772.8491122295
120609,243772.8491122295
120614,243772.8491122295
120615,243772.8491122295
120616,243772.8491122295
120629,243772.8491122295
120642,243772.8491122295
120643,243772.8491122295
120646,243772.8491122295
120672,243772.8491122295
120675,243772.8491122295
120676,243772.8491122295
120678,243772.8491122295
120687,243772.8491122295
120688,243772.8491122295
120689,243772.8491122295
120691,243772.8491122295
120692,243772.8491122295
120702,243772.8491122295
120715,243772.8491122295
120720,243772.8491122295
120735,243772.8491122295
120743,243772.8491122295
120744,243772.8491122295
120745,243772.8491122295
120749,243772.8491122295
120756,243772.8491122295
120769,243772.8491122295
120803,174323.06878961757
120810,243772.8491122295
120822,243772.8491122295
120832,243772.8491122295
120833,243772.8491122295
120844,243772.8491122295
120851,243772.8491122295
120886,174323.06878961757
120887,174323.06878961757
120895,243772.8491122295
120903,243772.8491122295
120905,243772.8491122295
120906,243772.8491122295
120910,243772.8491122295
120916,243772.8491122295
120918,243772.8491122295
120920,243772.8491122295
120922,243772.8491122295
120924,243772.8491122295
120925,243772.8491122295
120926,243772.8491122295
120960,243772.8491122295
120970,243772.8491122295
120976,243772.8491122295
121014,243772.8491122295
121019,174323.06878961757
121021,150935.32141666277
121025,174323.06878961757
121030,243772.8491122295
121038,243772.8491122295
121041,243772.8491122295
121042,243772.8491122295
121043,243772.8491122295
121045,243772.8491122295
121046,243772.8491122295
121047,243772.8491122295
121048,243772.8491122295
121049,243772.8491122295
121050,243772.8491122295
121051,243772.8491122295
121061,243772.8491122295
121062,243772.8491122295
121064,243772.8491122295
121068,243772.8491122295
121070,243772.8491122295
121085,243772.8491122295
121097,243772.8491122295
121150,215325.81490550746
121158,243772.8491122295
121159,243772.8491122295
121169,243772.8491122295
121172,243772.8491122295
121187,243772.8491122295
121189,243772.8491122295
121192,243772.8491122295
121193,243772.8491122295
121195,243772.8491122295
121204,243772.8491122295
121208,243772.8491122295
121210,243772.8491122295
121219,243772.8491122295
121224,243772.8491122295
121235,243772.8491122295
121236,243772.8491122295
121238,243772.8491122295
121239,243772.8491122295
121240,243772.8491122295
121241,243772.8491122295
121242,243772.8491122295
121243,243772.8491122295
121244,243772.8491122295
121246,243772.8491122295
121249,243772.8491122295
121251,243772.8491122295
121256,243772.8491122295
121257,243772.8491122295
121258,243772.8491122295
121264,243772.8491122295
121265,243772.8491122295
121270,243772.8491122295
121274,243772.8491122295
121280,243772.8491122295
121282,243772.8491122295
121283,243772.8491122295
121286,243772.8491122295
121295,243772.8491122295
121296,243772.8491122295
121299,243772.8491122295
121300,243772.8491122295
121301,243772.8491122295
121307,243772.8491122295
121308,243772.8491122295
121311,243772.8491122295
121315,243772.8491122295
121320,243772.8491122295
121321,243772.8491122295
121323,243772.8491122295
121324,243772.8491122295
121331,243772.8491122295
121333,243772.8491122295
121335,243772.8491122295
121337,243772.8491122295
121338,243772.8491122295
121339,243772.8491122295
121343,243772.8491122295
121346,243772.8491122295
121347,243772.8491122295
121348,243772.8491122295
121350,243772.8491122295
121351,243772.8491122295
121352,243772.8491122295
121364,243772.8491122295
121365,243772.8491122295
121373,243772.8491122295
121375,243772.8491122295
121376,243772.8491122295
121377,243772.8491122295
121385,243772.8491122295
121397,243772.8491122295
121400,215325.81490550746
121402,243772.8491122295
121408,243772.8491122295
121444,243772.8491122295
121452,243772.8491122295
121455,215325.81490550746
121538,243772.8491122295
121544,243772.8491122295
121597,215325.81490550746
121647,243772.8491122295
121688,243772.8491122295
121697,243772.8491122295
121707,243772.8491122295
121708,243772.8491122295
121710,243772.8491122295
121716,243772.8491122295
121723,243772.8491122295
121739,243772.8491122295
121742,243772.8491122295
121746,243772.8491122295
121751,243772.8491122295
121756,243772.8491122295
121757,243772.8491122295
121765,243772.8491122295
121766,243772.8491122295
121767,243772.8491122295
121771,243772.8491122295
121777,243772.8491122295
121781,243772.8491122295
121787,243772.8491122295
121788,243772.8491122295
121793,243772.8491122295
121802,243772.8491122295
121807,243772.8491122295
121822,243772.8491122295
121824,243772.8491122295
121825,243772.8491122295
121826,243772.8491122295
121829,243772.8491122295
121843,243772.8491122295
121847,243772.8491122295
121848,243772.8491122295
121849,243772.8491122295
121850,243772.8491122295
121854,243772.8491122295
121857,243772.8491122295
121868,243772.8491122295
121878,243772.8491122295
121884,243772.8491122295
121892,243772.8491122295
121899,243772.8491122295
121900,243772.8491122295
121901,243772.8491122295
121909,243772.8491122295
121923,243772.8491122295
121927,243772.8491122295
121930,243772.8491122295
121932,243772.8491122295
121935,243772.8491122295
121941,243772.8491122295
121944,243772.8491122295
121948,243772.8491122295
121954,243772.8491122295
121964,243772.8491122295
121966,243772.8491122295
121970,243772.8491122295
121984,243772.8491122295
121993,243772.8491122295
122033,243772.8491122295
122036,243772.8491122295
122044,243772.8491122295
122165,215325.81490550746
122166,215325.81490550746
122167,215325.81490550746
122168,215325.81490550746
122169,215325.81490550746
122195,243772.8491122295
122197,243772.8491122295
122214,215325.81490550746
122219,215325.81490550746
122225,215325.81490550746
122241,243772.8491122295
122249,243772.8491122295
122262,243772.8491122295
122277,243772.8491122295
122282,243772.8491122295
122294,243772.8491122295
122299,243772.8491122295
122302,243772.8491122295
122311,243772.8491122295
122313,243772.8491122295
122315,243772.8491122295
122318,243772.8491122295
122321,243772.8491122295
122322,243772.8491122295
122323,243772.8491122295
122330,243772.8491122295
122331,243772.8491122295
122332,243772.8491122295
122333,243772.8491122295
122337,243772.8491122295
122340,243772.8491122295
122347,243772.8491122295
122350,243772.8491122295
122351,243772.8491122295
122362,243772.8491122295
122370,243772.8491122295
122371,243772.8491122295
122373,243772.8491122295
122377,243772.8491122295
122382,243772.8491122295
122398,243772.8491122295
122404,243772.8491122295
122405,243772.8491122295
122410,243772.8491122295
122411,243772.8491122295
122412,243772.8491122295
122434,243772.8491122295
122442,243772.8491122295
122454,243772.8491122295
122458,243772.8491122295
122459,243772.8491122295
122467,243772.8491122295
122472,243772.8491122295
122474,243772.8491122295
122475,243772.8491122295
122500,243772.8491122295
122559,215325.81490550746
122560,215325.81490550746
122561,215325.81490550746
122586,215325.81490550746
122599,243772.8491122295
122602,243772.8491122295
122614,243772.8491122295
122616,243772.8491122295
122622,243772.8491122295
122637,243772.8491122295
122644,243772.8491122295
122647,243772.8491122295
122665,243772.8491122295
122667,243772.8491122295
122669,215325.81490550746
122687,243772.8491122295
122695,215325.81490550746
122699,243772.8491122295
122701,243772.8491122295
122703,243772.8491122295
122744,215325.81490550746
122752,215325.81490550746
122762,243772.8491122295
122768,243772.8491122295
122783,243772.8491122295
122784,243772.8491122295
122787,243772.8491122295
122788,243772.8491122295
122792,243772.8491122295
122881,243772.8491122295
122882,243772.8491122295
122900,243772.8491122295
122901,243772.8491122295
122902,243772.8491122295
122903,243772.8491122295
122904,243772.8491122295
122909,243772.8491122295
122927,243772.8491122295
122928,243772.8491122295
122929,243772.8491122295
122932,243772.8491122295
122934,243772.8491122295
122935,243772.8491122295
122947,243772.8491122295
122969,243772.8491122295
122987,243772.8491122295
123070,160061.99459642216
123079,160061.99459642216
123083,160061.99459642216
123092,243772.8491122295
123093,243772.8491122295
123094,243772.8491122295
123095,243772.8491122295
123129,243772.8491122295
123153,243772.8491122295
123165,243772.8491122295
123176,243772.8491122295
123196,243772.8491122295
123248,243772.8491122295
123310,243772.8491122295
123311,243772.8491122295
123312,243772.8491122295
123323,243772.8491122295
123325,243772.8491122295
123326,243772.8491122295
123327,243772.8491122295
123328,243772.8491122295
123331,243772.8491122295
123335,243772.8491122295
123338,243772.8491122295
123400,243772.8491122295
123480,243772.8491122295
123558,160061.99459642216
123572,160061.99459642216
123576,160061.99459642216
123579,160061.99459642216
123580,160061.99459642216
123588,160061.99459642216
123592,160061.99459642216
123595,160061.99459642216
123605,160061.99459642216
123612,160061.99459642216
123620,243772.8491122295
123623,243772.8491122295
123624,243772.8491122295
123657,243772.8491122295
123658,243772.8491122295
123686,243772.8491122295
123734,243772.8491122295
123749,243772.8491122295
123759,243772.8491122295
123760,243772.8491122295
123767,243772.8491122295
123768,243772.8491122295
123808,243772.8491122295
123815,243772.8491122295
123825,243772.8491122295
123835,243772.8491122295
123868,243772.8491122295
123869,243772.8491122295
123870,243772.8491122295
123874,243772.8491122295
123877,243772.8491122295
123892,243772.8491122295
123898,243772.8491122295
123900,243772.8491122295
123903,243772.8491122295
123905,243772.8491122295
124032,243772.8491122295
124034,160061.99459642216
124036,160061.99459642216
124038,160061.99459642216
124039,160061.99459642216
124044,160061.99459642216
124059,160061.99459642216
124070,243772.8491122295
124071,243772.8491122295
124072,243772.8491122295
124073,243772.8491122295
124074,243772.8491122295
124094,243772.8491122295
124096,243772.8491122295
124109,243772.8491122295
124118,243772.8491122295
124125,243772.8491122295
124138,243772.8491122295
124178,243772.8491122295
124187,160061.99459642216
124197,243772.8491122295
124213,243772.8491122295
124214,243772.8491122295
124228,243772.8491122295
124263,160061.99459642216
124339,243772.8491122295
124357,243772.8491122295
124364,243772.8491122295
124380,243772.8491122295
124392,243772.8491122295
124494,160061.99459642216
124500,160061.99459642216
124536,243772.8491122295
124537,243772.8491122295
124540,243772.8491122295
124548,243772.8491122295
124597,243772.8491122295
124642,243772.8491122295
124646,160061.99459642216
124648,160061.99459642216
124662,243772.8491122295
124688,243772.8491122295
124693,218825.89043037684
124707,243772.8491122295
124714,243772.8491122295
124716,218825.89043037684
124731,243772.8491122295
124737,243772.8491122295
124747,243772.8491122295
124759,243772.8491122295
124777,243772.8491122295
124787,243772.8491122295
124796,243772.8491122295
124799,243772.8491122295
124813,243772.8491122295
124819,243772.8491122295
124894,243772.8491122295
124915,218825.89043037684
124962,243772.8491122295
124978,218825.89043037684
124993,243772.8491122295
125005,218825.89043037684
125014,243772.8491122295
125016,243772.8491122295
125020,243772.8491122295
125023,243772.8491122295
125027,243772.8491122295
125044,243772.8491122295
125045,243772.8491122295
125046,243772.8491122295
125050,243772.8491122295
125072,243772.8491122295
125073,243772.8491122295
125086,243772.8491122295
125100,243772.8491122295
125117,243772.8491122295
125118,243772.8491122295
125120,243772.8491122295
125125,243772.8491122295
125130,243772.8491122295
125134,243772.8491122295
125136,243772.8491122295
125141,243772.8491122295
125188,243772.8491122295
125200,243772.8491122295
125203,243772.8491122295
125204,243772.8491122295
125275,243772.8491122295
125291,243772.8491122295
125317,218825.89043037684
125332,243772.8491122295
125345,243772.8491122295
125351,243772.8491122295
125357,243772.8491122295
125359,243772.8491122295
125375,243772.8491122295
125380,243772.8491122295
125404,243772.8491122295
125406,243772.8491122295
125422,243772.8491122295
125431,243772.8491122295
125433,243772.8491122295
125434,243772.8491122295
125435,243772.8491122295
125444,243772.8491122295
125466,243772.8491122295
125506,243772.8491122295
125546,218825.89043037684
125554,218825.89043037684
125568,218825.89043037684
125569,218825.89043037684
125573,218825.89043037684
125579,218825.89043037684
125581,218825.89043037684
125583,243772.8491122295
125587,243772.8491122295
125596,243772.8491122295
125618,243772.8491122295
125621,243772.8491122295
125632,243772.8491122295
125639,243772.8491122295
125642,243772.8491122295
125645,243772.8491122295
125694,218825.89043037684
125695,218825.89043037684
125696,218825.89043037684
125714,243772.8491122295
125716,243772.8491122295
125727,243772.8491122295
125734,243772.8491122295
125736,243772.8491122295
125739,243772.8491122295
125744,243772.8491122295
125756,243772.8491122295
125764,218825.89043037684
125766,243772.8491122295
125776,243772.8491122295
125777,243772.8491122295
125783,218825.89043037684
125784,218825.89043037684
125791,243772.8491122295
125822,243772.8491122295
125824,243772.8491122295
125828,243772.8491122295
125829,243772.8491122295
125841,243772.8491122295
309591,243772.8491122295
309611,243772.8491122295
309613,243772.8491122295
309658,243772.8491122295
309661,243772.8491122295
309667,243772.8491122295
309669,243772.8491122295
309678,243772.8491122295
309692,243772.8491122295
309700,243772.8491122295
309707,377669.74598610954
309714,377669.74598610954
309731,243772.8491122295
309734,243772.8491122295
309735,243772.8491122295
309770,243772.8491122295
309817,423385.0386873295
309819,243772.8491122295
320845,243772.8491122295
320872,243772.8491122295
320929,423385.0386873295
320931,423385.0386873295
320932,423385.0386873295
320937,423385.0386873295
320938,423385.0386873295
320940,423385.0386873295
320948,423385.0386873295
320950,423385.0386873295
320954,423385.0386873295
320969,243772.8491122295
320974,243772.8491122295
320998,423385.0386873295
321002,423385.0386873295
321004,243772.8491122295
321023,243772.8491122295
321055,243772.8491122295
321067,243772.8491122295
321080,243772.8491122295
321083,243772.8491122295
321122,243772.8491122295
321127,243772.8491122295
321128,243772.8491122295
321229,423385.0386873295
321231,423385.0386873295
321249,423385.0386873295
321250,423385.0386873295
321258,423385.0386873295
321259,423385.0386873295
321260,423385.0386873295
321262,423385.0386873295
321270,423385.0386873295
321272,423385.0386873295
321278,423385.0386873295
321286,423385.0386873295
321288,423385.0386873295
321289,423385.0386873295
321307,423385.0386873295
321311,423385.0386873295
321316,423385.0386873295
321317,423385.0386873295
321318,423385.0386873295
321319,423385.0386873295
321321,423385.0386873295
321322,423385.0386873295
321323,423385.0386873295
321324,423385.0386873295
321340,243772.8491122295
321346,243772.8491122295
321352,243772.8491122295
321392,243772.8491122295
321393,243772.8491122295
321399,243772.8491122295
321407,243772.8491122295
321428,243772.8491122295
321429,243772.8491122295
321431,243772.8491122295
321455,243772.8491122295
321463,243772.8491122295
321480,243772.8491122295
321540,423385.0386873295
321551,243772.8491122295
321559,243772.8491122295
321561,423385.0386873295
321567,423385.0386873295
321568,423385.0386873295
321570,423385.0386873295
321573,423385.0386873295
321574,423385.0386873295
321575,423385.0386873295
321577,423385.0386873295
321581,423385.0386873295
321582,423385.0386873295
321583,423385.0386873295
321595,243772.8491122295
321616,243772.8491122295
321656,243772.8491122295
321674,243772.8491122295
321677,243772.8491122295
321730,423385.0386873295
321734,423385.0386873295
321736,423385.0386873295
321737,423385.0386873295
321739,243772.8491122295
321747,243772.8491122295
321749,243772.8491122295
321757,243772.8491122295
321758,243772.8491122295
321762,243772.8491122295
321817,243772.8491122295
321831,243772.8491122295
321834,423385.0386873295
321874,243772.8491122295
321877,243772.8491122295
321883,243772.8491122295
321903,243772.8491122295
321918,243772.8491122295
321940,423385.0386873295
321942,243772.8491122295
321949,243772.8491122295
321950,243772.8491122295
321960,243772.8491122295
321961,243772.8491122295
321965,243772.8491122295
321975,243772.8491122295
321980,243772.8491122295
321989,243772.8491122295
321990,243772.8491122295
322003,243772.8491122295
322025,243772.8491122295
322027,243772.8491122295
322029,243772.8491122295
322038,243772.8491122295
322041,243772.8491122295
322042,243772.8491122295
322045,243772.8491122295
322046,243772.8491122295
322092,423385.0386873295
322107,423385.0386873295
322110,423385.0386873295
322111,423385.0386873295
322112,423385.0386873295
322114,423385.0386873295
322115,423385.0386873295
322116,423385.0386873295
322119,423385.0386873295
322121,423385.0386873295
322132,243772.8491122295
322133,243772.8491122295
322144,243772.8491122295
322156,243772.8491122295
322181,243772.8491122295
322197,243772.8491122295
322220,243772.8491122295
322244,243772.8491122295
322256,243772.8491122295
322271,243772.8491122295
322281,243772.8491122295
322300,243772.8491122295
322304,243772.8491122295
322310,243772.8491122295
322330,243772.8491122295
322332,243772.8491122295
322335,243772.8491122295
322339,243772.8491122295
322360,423385.0386873295
322362,243772.8491122295
322436,423385.0386873295
322445,243772.8491122295
322476,423385.0386873295
322494,243772.8491122295
322500,423385.0386873295
322501,423385.0386873295
322505,243772.8491122295
322517,423385.0386873295
322518,423385.0386873295
322526,423385.0386873295
322527,423385.0386873295
322531,423385.0386873295
322533,423385.0386873295
322534,423385.0386873295
322536,423385.0386873295
322548,243772.8491122295
322553,243772.8491122295
322579,243772.8491122295
322583,243772.8491122295
322591,243772.8491122295
322610,243772.8491122295
322620,243772.8491122295
322630,243772.8491122295
322645,243772.8491122295
322651,243772.8491122295
322653,243772.8491122295
322671,243772.8491122295
322695,243772.8491122295
322712,243772.8491122295
322715,243772.8491122295
322732,243772.8491122295
322741,243772.8491122295
322744,243772.8491122295
322757,243772.8491122295
322769,243772.8491122295
322786,243772.8491122295
322789,243772.8491122295
322800,243772.8491122295
322807,243772.8491122295
322808,243772.8491122295
322810,243772.8491122295
322816,243772.8491122295
322833,243772.8491122295
322871,423385.0386873295
322980,423385.0386873295
322981,423385.0386873295
322983,423385.0386873295
322984,423385.0386873295
322985,423385.0386873295
322986,423385.0386873295
322987,423385.0386873295
322990,423385.0386873295
323000,243772.8491122295
323002,243772.8491122295
323011,423385.0386873295
323013,423385.0386873295
323017,423385.0386873295
323032,423385.0386873295
323066,243772.8491122295
323069,243772.8491122295
323077,243772.8491122295
323085,243772.8491122295
323088,243772.8491122295
323101,243772.8491122295
323102,243772.8491122295
323122,243772.8491122295
323169,243772.8491122295
323189,243772.8491122295
323192,243772.8491122295
323194,243772.8491122295
323197,243772.8491122295
323198,243772.8491122295
323233,243772.8491122295
323254,243772.8491122295
323308,423385.0386873295
323310,423385.0386873295
323318,243772.8491122295
323325,243772.8491122295
323330,243772.8491122295
323339,243772.8491122295
323342,243772.8491122295
323349,243772.8491122295
323382,243772.8491122295
323396,243772.8491122295
323403,243772.8491122295
323412,243772.8491122295
323413,243772.8491122295
323421,243772.8491122295
323425,243772.8491122295
323433,243772.8491122295
323434,243772.8491122295
323446,243772.8491122295
323459,243772.8491122295
323487,423385.0386873295
323518,243772.8491122295
323536,243772.8491122295
323549,243772.8491122295
323552,243772.8491122295
323608,243772.8491122295
323617,243772.8491122295
323622,243772.8491122295
323629,243772.8491122295
323656,243772.8491122295
323664,243772.8491122295
323668,243772.8491122295
323678,243772.8491122295
323703,243772.8491122295
323710,243772.8491122295
323722,423385.0386873295
323723,243772.8491122295
323780,423385.0386873295
323792,243772.8491122295
323831,243772.8491122295
323894,423385.0386873295
323911,243772.8491122295
323917,243772.8491122295
323926,243772.8491122295
323944,243772.8491122295
324001,423385.0386873295
324006,243772.8491122295
324023,243772.8491122295
324032,243772.8491122295
324058,243772.8491122295
324078,243772.8491122295
324079,243772.8491122295
324118,243772.8491122295
324146,243772.8491122295
324152,243772.8491122295
324158,243772.8491122295
324160,243772.8491122295
324236,243772.8491122295
324287,243772.8491122295
324306,243772.8491122295
324371,423385.0386873295
324381,243772.8491122295
324395,243772.8491122295
324415,243772.8491122295
324417,243772.8491122295
324418,243772.8491122295
324454,243772.8491122295
324455,243772.8491122295
324497,243772.8491122295
324557,243772.8491122295
324596,423385.0386873295
324605,423385.0386873295
324608,423385.0386873295
324616,243772.8491122295
324628,243772.8491122295
324634,243772.8491122295
324666,243772.8491122295
324716,243772.8491122295
324721,243772.8491122295
324723,243772.8491122295
324784,423385.0386873295
324797,243772.8491122295
324814,243772.8491122295
324819,423385.0386873295
324846,243772.8491122295
324904,423385.0386873295
324941,243772.8491122295
325010,243772.8491122295
325044,243772.8491122295
325045,243772.8491122295
695288,150935.32141666277
695340,150935.32141666277
695354,150935.32141666277
695495,154370.67752580481
695510,279364.86162532977
695519,279364.86162532977
695520,279364.86162532977
695565,193060.4809015055
695596,193060.4809015055
695610,193060.4809015055
695611,193060.4809015055
695614,193060.4809015055
695615,193060.4809015055
695631,193060.4809015055
695794,213840.96506485625
695813,324648.2180545546
695828,218825.89043037684
695877,218825.89043037684
696061,245381.88895958976
696119,245381.88895958976
696129,245381.88895958976
696183,211816.5163988604
696223,279364.86162532977
696268,174323.06878961757
696269,174323.06878961757
696272,174323.06878961757
696273,174323.06878961757
696329,174323.06878961757
696334,174323.06878961757
696336,174323.06878961757
696337,174323.06878961757
696338,174323.06878961757
696339,174323.06878961757
696340,174323.06878961757
696352,174323.06878961757
696357,174323.06878961757
696508,310456.79237840814
696512,310456.79237840814
696609,211816.5163988604
696610,211816.5163988604
696645,145187.16039416363
712644,231638.46928820625
712653,231638.46928820625
712676,231638.46928820625
712685,231638.46928820625
712690,231638.46928820625
712692,231638.46928820625
712748,231638.46928820625
712750,231638.46928820625
712751,231638.46928820625
712768,231638.46928820625
712776,231638.46928820625
712780,231638.46928820625
712788,231638.46928820625
712794,231638.46928820625
712816,231638.46928820625
712817,231638.46928820625
712818,231638.46928820625
712823,231638.46928820625
712835,231638.46928820625
712852,231638.46928820625
712858,231638.46928820625
712871,231638.46928820625
712880,231638.46928820625
712881,231638.46928820625
712890,231638.46928820625
712901,231638.46928820625
712917,231638.46928820625
712999,231638.46928820625
713027,231638.46928820625
713050,231638.46928820625
713084,231638.46928820625
713098,231638.46928820625
713109,231638.46928820625
713127,231638.46928820625
713151,231638.46928820625
713157,231638.46928820625
713159,231638.46928820625
713160,231638.46928820625
713169,231638.46928820625
713182,231638.46928820625
713190,231638.46928820625
713192,231638.46928820625
713197,231638.46928820625
713213,231638.46928820625
713216,231638.46928820625
713247,231638.46928820625
713251,231638.46928820625
713264,231638.46928820625
713309,231638.46928820625
713319,231638.46928820625
713341,231638.46928820625
713350,231638.46928820625
713375,231638.46928820625
713391,231638.46928820625
713394,231638.46928820625
713420,231638.46928820625
713421,231638.46928820625
713429,231638.46928820625
713432,231638.46928820625
713434,231638.46928820625
713437,231638.46928820625
713469,231638.46928820625
713476,231638.46928820625
713477,231638.46928820625
713501,231638.46928820625
713507,231638.46928820625
713536,231638.46928820625
713544,231638.46928820625
713560,231638.46928820625
713580,231638.46928820625
713651,231638.46928820625
713656,231638.46928820625
713740,231638.46928820625
713800,231638.46928820625
713801,231638.46928820625
713806,231638.46928820625
713820,231638.46928820625
713823,231638.46928820625
713847,231638.46928820625
713864,231638.46928820625
713866,231638.46928820625
713868,231638.46928820625
713878,231638.46928820625
713881,231638.46928820625
713897,231638.46928820625
713934,231638.46928820625
713939,231638.46928820625
713950,231638.46928820625
713991,231638.46928820625
713993,231638.46928820625
714003,231638.46928820625
714017,231638.46928820625
714021,231638.46928820625
714026,231638.46928820625
714064,231638.46928820625
714174,231638.46928820625
714196,231638.46928820625
714262,231638.46928820625
714353,231638.46928820625
714369,231638.46928820625
714374,231638.46928820625
714385,231638.46928820625
714393,231638.46928820625
714398,231638.46928820625
714412,231638.46928820625
714415,231638.46928820625
714417,231638.46928820625
714430,231638.46928820625
714507,231638.46928820625
714555,231638.46928820625
714586,231638.46928820625
714587,231638.46928820625
714609,231638.46928820625
714636,231638.46928820625
714676,231638.46928820625
714689,231638.46928820625
714713,231638.46928820625
714721,231638.46928820625
714725,231638.46928820625
714774,231638.46928820625
714784,231638.46928820625
714821,231638.46928820625
714833,231638.46928820625
714858,231638.46928820625
714864,231638.46928820625
714871,231638.46928820625
714874,231638.46928820625
714890,231638.46928820625
714911,231638.46928820625
714930,231638.46928820625
714957,231638.46928820625
714970,231638.46928820625
715017,231638.46928820625
715034,231638.46928820625
715036,231638.46928820625
715051,231638.46928820625
715078,231638.46928820625
715080,231638.46928820625
715127,231638.46928820625
715142,231638.46928820625
715176,231638.46928820625
715189,231638.46928820625
715195,231638.46928820625
715196,231638.46928820625
715264,231638.46928820625
715291,231638.46928820625
715295,231638.46928820625
715297,231638.46928820625
715305,231638.46928820625
715309,231638.46928820625
715319,231638.46928820625
715321,231638.46928820625
715381,231638.46928820625
715383,231638.46928820625
715402,231638.46928820625
715413,231638.46928820625
715440,231638.46928820625
715490,231638.46928820625
715496,231638.46928820625
715529,231638.46928820625
715546,231638.46928820625
715580,231638.46928820625
715584,231638.46928820625
715594,231638.46928820625
715611,231638.46928820625
715628,231638.46928820625
715643,231638.46928820625
715645,231638.46928820625
715666,231638.46928820625
715669,231638.46928820625
715756,231638.46928820625
715761,231638.46928820625
715771,231638.46928820625
715775,231638.46928820625
715779,231638.46928820625
715783,231638.46928820625
715789,231638.46928820625
715799,231638.46928820625
715801,231638.46928820625
715802,231638.46928820625
715816,231638.46928820625
715819,231638.46928820625
715854,231638.46928820625
715885,231638.46928820625
715904,231638.46928820625
715909,231638.46928820625
715926,231638.46928820625
715960,231638.46928820625
715975,231638.46928820625
715987,231638.46928820625
715991,231638.46928820625
716004,231638.46928820625
716016,231638.46928820625
716034,231638.46928820625
716036,231638.46928820625
716062,231638.46928820625
716088,231638.46928820625
716090,231638.46928820625
716098,231638.46928820625
716112,231638.46928820625
716122,231638.46928820625
716135,231638.46928820625
716165,231638.46928820625
716198,231638.46928820625
716225,231638.46928820625
716229,231638.46928820625
716230,231638.46928820625
716233,231638.46928820625
716243,231638.46928820625
716251,231638.46928820625
716252,231638.46928820625
716270,231638.46928820625
716289,231638.46928820625
716355,231638.46928820625
716367,231638.46928820625
716371,231638.46928820625
716379,231638.46928820625
716381,231638.46928820625
716388,231638.46928820625
716430,231638.46928820625
716437,231638.46928820625
716439,231638.46928820625
716453,231638.46928820625
716459,231638.46928820625
716475,231638.46928820625
716495,231638.46928820625
716516,231638.46928820625
716564,231638.46928820625
716566,231638.46928820625
716646,231638.46928820625
716652,231638.46928820625
716677,231638.46928820625
716680,231638.46928820625
716696,231638.46928820625
716716,231638.46928820625
716750,231638.46928820625
716759,231638.46928820625
716761,231638.46928820625
716822,231638.46928820625
716839,231638.46928820625
716905,231638.46928820625
716942,231638.46928820625
716964,231638.46928820625
717008,231638.46928820625
717022,231638.46928820625
717046,231638.46928820625
717110,231638.46928820625
717123,231638.46928820625
717146,231638.46928820625
717179,231638.46928820625
717184,231638.46928820625
717187,231638.46928820625
717188,231638.46928820625
717189,231638.46928820625
717195,231638.46928820625
717197,231638.46928820625
717227,231638.46928820625
717270,231638.46928820625
717303,231638.46928820625
717333,231638.46928820625
717335,231638.46928820625
717342,231638.46928820625
717358,231638.46928820625
717374,231638.46928820625
717386,231638.46928820625
717417,231638.46928820625
717491,231638.46928820625
717502,231638.46928820625
717549,231638.46928820625
717570,231638.46928820625
717574,231638.46928820625
717602,231638.46928820625
717626,231638.46928820625
717630,231638.46928820625
717635,231638.46928820625
717641,231638.46928820625
717648,231638.46928820625
717652,231638.46928820625
717689,231638.46928820625
717727,231638.46928820625
717783,231638.46928820625
717808,231638.46928820625
717824,231638.46928820625
717869,231638.46928820625
717986,231638.46928820625
717995,231638.46928820625
717997,231638.46928820625
717999,231638.46928820625
718069,231638.46928820625
718109,231638.46928820625
718113,231638.46928820625
718134,231638.46928820625
718135,231638.46928820625
718144,231638.46928820625
718171,231638.46928820625
718212,231638.46928820625
718229,231638.46928820625
718242,231638.46928820625
718310,231638.46928820625
718329,231638.46928820625
718331,231638.46928820625
718349,231638.46928820625
718436,231638.46928820625
718506,231638.46928820625
718581,231638.46928820625
718620,231638.46928820625
718648,231638.46928820625
718653,231638.46928820625
718675,231638.46928820625
718683,231638.46928820625
718696,231638.46928820625
718697,231638.46928820625
718773,231638.46928820625
718786,231638.46928820625
718806,231638.46928820625
718811,231638.46928820625
718812,231638.46928820625
718841,231638.46928820625
718869,231638.46928820625
718891,231638.46928820625
718902,231638.46928820625
718919,231638.46928820625
718930,231638.46928820625
718970,231638.46928820625
719018,231638.46928820625
719060,231638.46928820625
719062,231638.46928820625
719065,231638.46928820625
719076,231638.46928820625
719091,231638.46928820625
719120,231638.46928820625
719146,231638.46928820625
719186,231638.46928820625
719188,231638.46928820625
719197,231638.46928820625
719201,231638.46928820625
719203,231638.46928820625
719208,231638.46928820625
719210,231638.46928820625
719216,231638.46928820625
719224,231638.46928820625
719246,231638.46928820625
719258,231638.46928820625
719300,231638.46928820625
719334,231638.46928820625
719360,231638.46928820625
719377,231638.46928820625
719415,231638.46928820625
719424,231638.46928820625
719429,231638.46928820625
719445,231638.46928820625
719446,231638.46928820625
719469,231638.46928820625
719503,231638.46928820625
719537,231638.46928820625
719593,231638.46928820625
719616,231638.46928820625
719642,231638.46928820625
719655,231638.46928820625
719693,231638.46928820625
719720,231638.46928820625
719747,231638.46928820625
719748,231638.46928820625
719754,231638.46928820625
719784,231638.46928820625
719794,231638.46928820625
719802,231638.46928820625
719806,231638.46928820625
719810,231638.46928820625
719812,231638.46928820625
719828,231638.46928820625
719833,231638.46928820625
719882,231638.46928820625
719895,231638.46928820625
719909,231638.46928820625
719971,231638.46928820625
720043,231638.46928820625
720108,231638.46928820625
720119,231638.46928820625
720163,231638.46928820625
720166,231638.46928820625
720188,231638.46928820625
720194,231638.46928820625
720274,231638.46928820625
720292,231638.46928820625
720296,231638.46928820625
720304,231638.46928820625
720323,231638.46928820625
720342,231638.46928820625
720348,231638.46928820625
720379,231638.46928820625
720386,231638.46928820625
720388,231638.46928820625
720393,231638.46928820625
720398,231638.46928820625
720403,231638.46928820625
720409,231638.46928820625
720440,231638.46928820625
720450,231638.46928820625
720481,231638.46928820625
720530,231638.46928820625
720534,231638.46928820625
720549,231638.46928820625
720550,231638.46928820625
720609,231638.46928820625
720629,231638.46928820625
720646,231638.46928820625
720649,231638.46928820625
720659,231638.46928820625
720745,231638.46928820625
720753,231638.46928820625
720789,231638.46928820625
720879,231638.46928820625
720899,231638.46928820625
720909,231638.46928820625
720925,231638.46928820625
720932,231638.46928820625
720950,231638.46928820625
720956,231638.46928820625
720964,231638.46928820625
720970,231638.46928820625
720997,231638.46928820625
721019,231638.46928820625
721074,231638.46928820625
721104,231638.46928820625
721128,231638.46928820625
721132,231638.46928820625
721135,231638.46928820625
721138,231638.46928820625
721169,231638.46928820625
721241,231638.46928820625
721303,231638.46928820625
721327,231638.46928820625
721355,231638.46928820625
721380,231638.46928820625
721384,231638.46928820625
721403,231638.46928820625
721426,231638.46928820625
721462,231638.46928820625
721473,231638.46928820625
721548,231638.46928820625
721568,231638.46928820625
721574,231638.46928820625
721579,231638.46928820625
721598,231638.46928820625
721634,231638.46928820625
721647,231638.46928820625
721701,231638.46928820625
721727,231638.46928820625
721746,231638.46928820625
721751,231638.46928820625
721773,231638.46928820625
721806,231638.46928820625
721859,231638.46928820625
721869,231638.46928820625
721922,231638.46928820625
722035,231638.46928820625
722036,231638.46928820625
722125,231638.46928820625
722131,231638.46928820625
722173,231638.46928820625
722181,231638.46928820625
722212,231638.46928820625
722250,231638.46928820625
722257,231638.46928820625
722262,231638.46928820625
722278,231638.46928820625
722288,231638.46928820625
722289,231638.46928820625
722312,231638.46928820625
722332,231638.46928820625
722333,231638.46928820625
722344,231638.46928820625
722356,231638.46928820625
722360,231638.46928820625
722388,231638.46928820625
722430,231638.46928820625
722458,231638.46928820625
722486,231638.46928820625
722515,231638.46928820625
722557,231638.46928820625
722582,231638.46928820625
722592,231638.46928820625
722603,231638.46928820625
722611,231638.46928820625
722612,231638.46928820625
722613,231638.46928820625
722617,231638.46928820625
722639,231638.46928820625
722669,231638.46928820625
722794,231638.46928820625
722805,231638.46928820625
722979,231638.46928820625
722991,231638.46928820625
722996,231638.46928820625
723017,231638.46928820625
723054,231638.46928820625
723133,231638.46928820625
723238,231638.46928820625
723261,231638.46928820625
723269,231638.46928820625
723341,231638.46928820625
723364,231638.46928820625
723370,231638.46928820625
723418,231638.46928820625
723439,231638.46928820625
723497,231638.46928820625
723503,231638.46928820625
723527,231638.46928820625
723559,231638.46928820625
723569,231638.46928820625
723575,231638.46928820625
723590,231638.46928820625
723636,231638.46928820625
723646,231638.46928820625
723662,231638.46928820625
723694,231638.46928820625
723703,231638.46928820625
723705,231638.46928820625
723726,231638.46928820625
723746,231638.46928820625
723756,231638.46928820625
723769,231638.46928820625
723775,231638.46928820625
723789,231638.46928820625
723793,231638.46928820625
723826,231638.46928820625
723846,231638.46928820625
723856,231638.46928820625
723936,231638.46928820625
723944,231638.46928820625
723996,231638.46928820625
724017,231638.46928820625
724019,231638.46928820625
724048,231638.46928820625
724049,231638.46928820625
724059,231638.46928820625
724070,231638.46928820625
724209,231638.46928820625
724225,231638.46928820625
724230,231638.46928820625
724234,231638.46928820625
724247,231638.46928820625
724249,231638.46928820625
724273,231638.46928820625
724294,231638.46928820625
724309,231638.46928820625
724315,231638.46928820625
724343,231638.46928820625
724348,231638.46928820625
724352,231638.46928820625
724357,231638.46928820625
724385,231638.46928820625
724424,231638.46928820625
724532,231638.46928820625
724560,231638.46928820625
724606,231638.46928820625
724640,231638.46928820625
724671,231638.46928820625
724797,231638.46928820625
724820,231638.46928820625
724847,231638.46928820625
724947,231638.46928820625
724960,231638.46928820625
724977,231638.46928820625
724987,231638.46928820625
725073,231638.46928820625
725121,231638.46928820625
725177,231638.46928820625
725180,231638.46928820625
725186,231638.46928820625
725367,231638.46928820625
725435,231638.46928820625
725481,231638.46928820625
725560,231638.46928820625
725581,231638.46928820625
725620,231638.46928820625
725646,231638.46928820625
725648,231638.46928820625
725681,231638.46928820625
725683,231638.46928820625
725741,231638.46928820625
725753,231638.46928820625
725778,231638.46928820625
725811,231638.46928820625
725875,231638.46928820625
725997,231638.46928820625
726011,231638.46928820625
726050,231638.46928820625
726064,231638.46928820625
726121,231638.46928820625
726144,231638.46928820625
726145,231638.46928820625
726174,231638.46928820625
726332,231638.46928820625
726351,231638.46928820625
726359,231638.46928820625
726443,231638.46928820625
726459,231638.46928820625
726460,231638.46928820625
726461,231638.46928820625
726470,231638.46928820625
726488,231638.46928820625
726491,231638.46928820625
726518,231638.46928820625
726642,231638.46928820625
726643,231638.46928820625
726678,231638.46928820625
726698,231638.46928820625
726797,231638.46928820625
726850,231638.46928820625
726887,231638.46928820625
726898,231638.46928820625
726904,231638.46928820625
726915,231638.46928820625
726976,231638.46928820625
727014,231638.46928820625
727021,231638.46928820625
727064,231638.46928820625
727101,231638.46928820625
727114,231638.46928820625
727129,231638.46928820625
727142,231638.46928820625
727160,231638.46928820625
727168,231638.46928820625
727178,231638.46928820625
727188,231638.46928820625
727198,231638.46928820625
727202,231638.46928820625
727275,231638.46928820625
727322,231638.46928820625
727334,231638.46928820625
727345,231638.46928820625
727359,231638.46928820625
727364,231638.46928820625
727433,231638.46928820625
727438,231638.46928820625
727490,231638.46928820625
727503,231638.46928820625
727540,231638.46928820625
727542,231638.46928820625
727585,231638.46928820625
727593,231638.46928820625
727615,231638.46928820625
727627,231638.46928820625
727655,231638.46928820625
727691,231638.46928820625
727694,231638.46928820625
727811,231638.46928820625
727895,231638.46928820625
728058,231638.46928820625
728078,231638.46928820625
728243,231638.46928820625
728309,231638.46928820625
728352,231638.46928820625
728363,231638.46928820625
728364,231638.46928820625
728431,231638.46928820625
728500,231638.46928820625
728503,231638.46928820625
728529,231638.46928820625
728582,231638.46928820625
728586,231638.46928820625
728694,231638.46928820625
728709,231638.46928820625
728713,231638.46928820625
728796,231638.46928820625
728798,231638.46928820625
728926,231638.46928820625
728950,231638.46928820625
728966,231638.46928820625
728985,231638.46928820625
729017,231638.46928820625
729075,231638.46928820625
729111,231638.46928820625
729119,231638.46928820625
729136,231638.46928820625
729148,231638.46928820625
729174,231638.46928820625
729177,231638.46928820625
729181,231638.46928820625
729203,231638.46928820625
729210,231638.46928820625
729226,231638.46928820625
729265,231638.46928820625
729341,231638.46928820625
729380,231638.46928820625
729400,231638.46928820625
729445,231638.46928820625
729455,231638.46928820625
729464,231638.46928820625
729510,231638.46928820625
729514,231638.46928820625
729528,231638.46928820625
729536,231638.46928820625
729540,231638.46928820625
729554,231638.46928820625
729607,231638.46928820625
729608,231638.46928820625
729625,231638.46928820625
729641,231638.46928820625
729644,231638.46928820625
729663,231638.46928820625
729721,231638.46928820625
729768,231638.46928820625
729773,231638.46928820625
729782,231638.46928820625
729789,231638.46928820625
729812,231638.46928820625
729831,231638.46928820625
729845,231638.46928820625
729990,231638.46928820625
730059,231638.46928820625
730106,231638.46928820625
730114,231638.46928820625
730131,231638.46928820625
730151,231638.46928820625
730265,231638.46928820625
730294,231638.46928820625
730332,231638.46928820625
730363,231638.46928820625
730414,231638.46928820625
730524,231638.46928820625
730596,231638.46928820625
730640,231638.46928820625
730686,231638.46928820625
730881,231638.46928820625
730894,231638.46928820625
730939,231638.46928820625
731035,231638.46928820625
731059,231638.46928820625
731100,231638.46928820625
731187,231638.46928820625
731206,231638.46928820625
731217,231638.46928820625
731226,231638.46928820625
731245,231638.46928820625
731327,231638.46928820625
731364,231638.46928820625
731419,231638.46928820625
731420,231638.46928820625
731429,231638.46928820625
731450,231638.46928820625
731474,231638.46928820625
731507,231638.46928820625
731508,231638.46928820625
731588,231638.46928820625
731696,231638.46928820625
731757,231638.46928820625
731801,231638.46928820625
731833,231638.46928820625
731851,231638.46928820625
731874,231638.46928820625
732027,231638.46928820625
732100,231638.46928820625
732211,231638.46928820625
732262,231638.46928820625
732403,231638.46928820625
732408,231638.46928820625
732440,231638.46928820625
732456,231638.46928820625
732495,231638.46928820625
732512,231638.46928820625
732513,231638.46928820625
732518,231638.46928820625
732657,231638.46928820625
732818,231638.46928820625
732911,231638.46928820625
732929,231638.46928820625
732954,231638.46928820625
732965,231638.46928820625
732970,231638.46928820625
732998,231638.46928820625
733071,231638.46928820625
733086,231638.46928820625
733135,231638.46928820625
733209,231638.46928820625
733485,231638.46928820625
733560,231638.46928820625
733655,231638.46928820625
733708,231638.46928820625
733722,231638.46928820625
733753,231638.46928820625
733774,231638.46928820625
733855,231638.46928820625
733856,231638.46928820625
733903,231638.46928820625
733907,231638.46928820625
733919,231638.46928820625
734011,231638.46928820625
734023,231638.46928820625
734094,231638.46928820625
734149,231638.46928820625
734159,231638.46928820625
734160,231638.46928820625
734181,231638.46928820625
734275,231638.46928820625
734658,231638.46928820625
734708,231638.46928820625
734725,231638.46928820625
734836,231638.46928820625
735000,231638.46928820625
735007,231638.46928820625
735055,231638.46928820625
735124,231638.46928820625
735158,231638.46928820625
735189,231638.46928820625
735216,231638.46928820625
735230,231638.46928820625
735232,231638.46928820625
735250,231638.46928820625
735298,231638.46928820625
735355,231638.46928820625
735484,231638.46928820625
735490,231638.46928820625
735491,231638.46928820625
735493,231638.46928820625
735505,231638.46928820625
735533,231638.46928820625
735555,231638.46928820625
735561,231638.46928820625
735562,231638.46928820625
735614,231638.46928820625
735627,231638.46928820625
735634,231638.46928820625
735698,231638.46928820625
735797,231638.46928820625
735802,231638.46928820625
735891,231638.46928820625
735983,231638.46928820625
736002,231638.46928820625
736030,231638.46928820625
736051,231638.46928820625
736089,231638.46928820625
736143,231638.46928820625
736169,231638.46928820625
736175,231638.46928820625
736225,231638.46928820625
736311,231638.46928820625
736320,231638.46928820625
736337,231638.46928820625
736397,231638.46928820625
736443,231638.46928820625
736489,231638.46928820625
736635,231638.46928820625
736651,231638.46928820625
736721,231638.46928820625
736740,231638.46928820625
736799,231638.46928820625
736983,231638.46928820625
737015,231638.46928820625
737075,231638.46928820625
737150,231638.46928820625
737209,231638.46928820625
737263,231638.46928820625
737285,231638.46928820625
737397,231638.46928820625
737458,231638.46928820625
737514,231638.46928820625
737665,231638.46928820625
737976,231638.46928820625
738028,231638.46928820625
738143,231638.46928820625
738160,231638.46928820625
738192,231638.46928820625
738314,231638.46928820625
738320,231638.46928820625
738381,231638.46928820625
738406,231638.46928820625
738433,231638.46928820625
738489,231638.46928820625
738491,231638.46928820625
738574,231638.46928820625
738723,231638.46928820625
738880,231638.46928820625
738920,231638.46928820625
739033,231638.46928820625
739042,231638.46928820625
739182,231638.46928820625
739254,231638.46928820625
739359,231638.46928820625
739360,231638.46928820625
739364,231638.46928820625
739430,231638.46928820625
739497,231638.46928820625
739563,231638.46928820625
739581,231638.46928820625
739670,231638.46928820625
739702,231638.46928820625
739717,231638.46928820625
739824,231638.46928820625
740070,231638.46928820625
740158,231638.46928820625
740377,231638.46928820625
740499,231638.46928820625
740572,231638.46928820625
740609,231638.46928820625
740798,231638.46928820625
740914,231638.46928820625
740915,231638.46928820625
740917,231638.46928820625
740932,231638.46928820625
740974,231638.46928820625
740993,231638.46928820625
740998,231638.46928820625
741000,231638.46928820625
741002,231638.46928820625
741008,231638.46928820625
741036,231638.46928820625
741047,231638.46928820625
741111,231638.46928820625
741171,231638.46928820625
741174,231638.46928820625
741203,231638.46928820625
741205,231638.46928820625
741232,231638.46928820625
741270,231638.46928820625
741294,231638.46928820625
741312,231638.46928820625
741313,231638.46928820625
741329,231638.46928820625
741401,231638.46928820625
741416,231638.46928820625
741433,231638.46928820625
741457,231638.46928820625
741533,231638.46928820625
741591,231638.46928820625
741682,231638.46928820625
741699,231638.46928820625
741808,231638.46928820625
741810,231638.46928820625
741811,231638.46928820625
741813,231638.46928820625
741824,231638.46928820625
741842,231638.46928820625
741844,231638.46928820625
741999,231638.46928820625
742049,231638.46928820625
742278,231638.46928820625
742444,231638.46928820625
742500,231638.46928820625
742512,231638.46928820625
742534,231638.46928820625
742552,231638.46928820625
742592,231638.46928820625
742595,231638.46928820625
742813,231638.46928820625
742839,231638.46928820625
743024,231638.46928820625
743072,231638.46928820625
743084,231638.46928820625
743131,231638.46928820625
743197,231638.46928820625
743226,231638.46928820625
743233,231638.46928820625
743243,231638.46928820625
743310,231638.46928820625
743424,231638.46928820625
743645,231638.46928820625
743678,231638.46928820625
743689,231638.46928820625
743736,231638.46928820625
743938,231638.46928820625
744009,231638.46928820625
744134,231638.46928820625
744142,231638.46928820625
744196,231638.46928820625
744806,231638.46928820625
744824,231638.46928820625
744870,231638.46928820625
744879,231638.46928820625
744924,231638.46928820625
745039,231638.46928820625
745099,231638.46928820625
745109,231638.46928820625
745286,231638.46928820625
745287,231638.46928820625
745364,231638.46928820625
745581,231638.46928820625
745614,231638.46928820625
745630,231638.46928820625
745696,231638.46928820625
745726,231638.46928820625
745763,231638.46928820625
745819,231638.46928820625
745898,231638.46928820625
745924,231638.46928820625
745960,231638.46928820625
746269,231638.46928820625
746297,231638.46928820625
746353,231638.46928820625
746361,231638.46928820625
746390,231638.46928820625
746450,231638.46928820625
746513,231638.46928820625
746565,231638.46928820625
746720,231638.46928820625
746732,231638.46928820625
746769,231638.46928820625
746790,231638.46928820625
746846,231638.46928820625
746847,231638.46928820625
746901,231638.46928820625
747013,231638.46928820625
747015,231638.46928820625
747085,231638.46928820625
747090,231638.46928820625
747139,231638.46928820625
747310,231638.46928820625
747474,231638.46928820625
747521,231638.46928820625
747537,231638.46928820625
747736,231638.46928820625
747743,231638.46928820625
747759,231638.46928820625
747810,231638.46928820625
747995,231638.46928820625
748013,231638.46928820625
748040,231638.46928820625
748058,231638.46928820625
748060,231638.46928820625
748073,231638.46928820625
748106,231638.46928820625
748145,231638.46928820625
748150,231638.46928820625
748172,231638.46928820625
748287,231638.46928820625
748308,231638.46928820625
748311,231638.46928820625
748429,231638.46928820625
748523,231638.46928820625
748544,231638.46928820625
748713,231638.46928820625
748836,231638.46928820625
748845,231638.46928820625
748856,231638.46928820625
748895,231638.46928820625
748962,231638.46928820625
749165,231638.46928820625
749218,231638.46928820625
749232,231638.46928820625
749255,231638.46928820625
749452,231638.46928820625
749483,231638.46928820625
749497,231638.46928820625
749502,231638.46928820625
749504,231638.46928820625
749521,231638.46928820625
749571,231638.46928820625
749671,231638.46928820625
749821,231638.46928820625
749975,231638.46928820625
750049,231638.46928820625
750155,231638.46928820625
750174,231638.46928820625
750408,231638.46928820625
750418,231638.46928820625
750441,231638.46928820625
750475,231638.46928820625
750559,231638.46928820625
750579,231638.46928820625
750669,231638.46928820625
750683,231638.46928820625
750740,231638.46928820625
750956,231638.46928820625
751319,231638.46928820625
751352,231638.46928820625
751396,231638.46928820625
751416,231638.46928820625
751421,231638.46928820625
751442,231638.46928820625
751459,231638.46928820625
751587,231638.46928820625
751714,231638.46928820625
751886,231638.46928820625
751971,231638.46928820625
752242,231638.46928820625
752254,231638.46928820625
752310,231638.46928820625
752576,231638.46928820625
752705,231638.46928820625
752895,231638.46928820625
752914,231638.46928820625
752994,231638.46928820625
753036,231638.46928820625
753099,231638.46928820625
753188,231638.46928820625
753196,231638.46928820625
753234,231638.46928820625
753289,231638.46928820625
753295,231638.46928820625
753297,231638.46928820625
753387,231638.46928820625
753393,231638.46928820625
753395,231638.46928820625
753397,231638.46928820625
753399,231638.46928820625
753402,231638.46928820625
753404,231638.46928820625
753405,231638.46928820625
753406,231638.46928820625
753602,231638.46928820625
753948,231638.46928820625
754108,231638.46928820625
754112,231638.46928820625
754292,231638.46928820625
754384,231638.46928820625
754763,231638.46928820625
754978,231638.46928820625
754995,231638.46928820625
755014,231638.46928820625
755055,231638.46928820625
755065,231638.46928820625
755138,231638.46928820625
755226,231638.46928820625
755447,231638.46928820625
755448,231638.46928820625
755575,231638.46928820625
755674,231638.46928820625
755809,231638.46928820625
755892,231638.46928820625
756308,231638.46928820625
756620,231638.46928820625
756836,231638.46928820625
757366,231638.46928820625
757425,231638.46928820625
757539,231638.46928820625
757668,231638.46928820625
757758,231638.46928820625
757792,231638.46928820625
757925,231638.46928820625
757991,231638.46928820625
758122,231638.46928820625
758135,231638.46928820625
758325,231638.46928820625
758344,231638.46928820625
758410,231638.46928820625
758601,231638.46928820625
758674,231638.46928820625
758911,231638.46928820625
759246,231638.46928820625
759339,231638.46928820625
759621,231638.46928820625
759656,231638.46928820625
759823,231638.46928820625
759982,231638.46928820625
760071,231638.46928820625
760135,231638.46928820625
760172,231638.46928820625
760262,231638.46928820625
760514,231638.46928820625
760522,231638.46928820625
760523,231638.46928820625
760607,231638.46928820625
760760,231638.46928820625
760878,231638.46928820625
761015,231638.46928820625
761078,231638.46928820625
761137,231638.46928820625
761182,231638.46928820625
761221,231638.46928820625
761226,231638.46928820625
761245,231638.46928820625
761273,231638.46928820625
761281,231638.46928820625
761297,231638.46928820625
761298,231638.46928820625
761312,231638.46928820625
761418,231638.46928820625
761437,231638.46928820625
761449,231638.46928820625
761451,231638.46928820625
761462,231638.46928820625
761597,231638.46928820625
761616,231638.46928820625
761631,231638.46928820625
761638,231638.46928820625
761660,231638.46928820625
761662,231638.46928820625
761734,231638.46928820625
761737,231638.46928820625
761773,231638.46928820625
761775,231638.46928820625
761781,231638.46928820625
761783,231638.46928820625
761870,231638.46928820625
761928,231638.46928820625
762020,231638.46928820625
762104,231638.46928820625
762106,231638.46928820625
762135,231638.46928820625
762140,231638.46928820625
762146,231638.46928820625
762260,231638.46928820625
762277,231638.46928820625
762395,231638.46928820625
762467,231638.46928820625
762485,231638.46928820625
762509,231638.46928820625
762528,231638.46928820625
762572,231638.46928820625
762642,231638.46928820625
762673,231638.46928820625
762782,231638.46928820625
762792,231638.46928820625
762828,231638.46928820625
762848,231638.46928820625
762862,231638.46928820625
762894,231638.46928820625
762903,231638.46928820625
762924,231638.46928820625
762929,231638.46928820625
762937,231638.46928820625
762941,231638.46928820625
762951,231638.46928820625
762959,231638.46928820625
762965,231638.46928820625
762986,231638.46928820625
763016,231638.46928820625
763021,231638.46928820625
763034,231638.46928820625
763065,231638.46928820625
763068,231638.46928820625
763073,231638.46928820625
763090,231638.46928820625
763152,231638.46928820625
763153,231638.46928820625
763212,231638.46928820625
763270,231638.46928820625
763279,231638.46928820625
763299,231638.46928820625
763300,231638.46928820625
763314,231638.46928820625
763332,231638.46928820625
763333,231638.46928820625
763334,231638.46928820625
763337,231638.46928820625
763338,231638.46928820625
763348,231638.46928820625
763349,231638.46928820625
763351,231638.46928820625
763389,231638.46928820625
763421,231638.46928820625
763424,231638.46928820625
763429,231638.46928820625
763431,231638.46928820625
763433,231638.46928820625
763435,231638.46928820625
763438,231638.46928820625
763439,231638.46928820625
763446,231638.46928820625
763447,231638.46928820625
763448,231638.46928820625
763449,231638.46928820625
763450,231638.46928820625
763452,231638.46928820625
763453,231638.46928820625
763454,231638.46928820625
763457,231638.46928820625
763458,231638.46928820625
763460,231638.46928820625
763464,231638.46928820625
763466,231638.46928820625
763528,231638.46928820625
763572,231638.46928820625
763575,231638.46928820625
763576,231638.46928820625
763591,231638.46928820625
763627,231638.46928820625
763628,231638.46928820625
763629,231638.46928820625
763631,231638.46928820625
763633,231638.46928820625
763634,231638.46928820625
763653,231638.46928820625
763684,231638.46928820625
763733,231638.46928820625
763744,231638.46928820625
763764,231638.46928820625
763781,231638.46928820625
763788,231638.46928820625
763797,231638.46928820625
763842,231638.46928820625
763856,231638.46928820625
763925,231638.46928820625
763942,231638.46928820625
764037,231638.46928820625
764042,231638.46928820625
764044,231638.46928820625
764047,231638.46928820625
764052,231638.46928820625
764103,231638.46928820625
764132,231638.46928820625
764192,231638.46928820625
764215,231638.46928820625
764263,231638.46928820625
764332,231638.46928820625
764347,231638.46928820625
764361,231638.46928820625
764368,231638.46928820625
764413,231638.46928820625
764414,231638.46928820625
764496,231638.46928820625
764544,231638.46928820625
764737,231638.46928820625
764777,231638.46928820625
764797,231638.46928820625
764822,231638.46928820625
764827,231638.46928820625
764828,231638.46928820625
764836,231638.46928820625
764862,231638.46928820625
764907,231638.46928820625
764910,231638.46928820625
764922,231638.46928820625
764946,231638.46928820625
764999,231638.46928820625
765049,231638.46928820625
765056,231638.46928820625
765097,231638.46928820625
765112,231638.46928820625
765115,231638.46928820625
765282,231638.46928820625
765294,231638.46928820625
765352,231638.46928820625
765358,231638.46928820625
765365,231638.46928820625
765396,231638.46928820625
765440,231638.46928820625
765475,231638.46928820625
765494,231638.46928820625
765496,231638.46928820625
765520,231638.46928820625
765527,231638.46928820625
765571,231638.46928820625
765572,231638.46928820625
765599,231638.46928820625
765625,231638.46928820625
765669,231638.46928820625
765676,231638.46928820625
765686,231638.46928820625
765756,231638.46928820625
765760,231638.46928820625
765768,231638.46928820625
765786,231638.46928820625
765832,231638.46928820625
765840,231638.46928820625
765853,231638.46928820625
765854,231638.46928820625
765869,231638.46928820625
765883,231638.46928820625
765884,231638.46928820625
765913,231638.46928820625
765938,231638.46928820625
766020,231638.46928820625
766039,231638.46928820625
766052,231638.46928820625
766076,231638.46928820625
766102,231638.46928820625
766103,231638.46928820625
766106,231638.46928820625
766110,231638.46928820625
766114,231638.46928820625
766137,231638.46928820625
766140,231638.46928820625
766142,231638.46928820625
766151,231638.46928820625
766163,231638.46928820625
766185,231638.46928820625
766212,231638.46928820625
766222,231638.46928820625
766225,231638.46928820625
766250,231638.46928820625
766251,231638.46928820625
766253,231638.46928820625
766259,231638.46928820625
766272,231638.46928820625
766300,231638.46928820625
766328,231638.46928820625
766392,231638.46928820625
766404,231638.46928820625
766416,231638.46928820625
766459,231638.46928820625
766463,231638.46928820625
766464,231638.46928820625
766479,231638.46928820625
766501,231638.46928820625
766550,231638.46928820625
766648,231638.46928820625
766782,231638.46928820625
766785,231638.46928820625
766808,231638.46928820625
766824,231638.46928820625
766883,231638.46928820625
766891,231638.46928820625
766923,231638.46928820625
766951,231638.46928820625
766977,231638.46928820625
766984,231638.46928820625
766998,231638.46928820625
767008,231638.46928820625
767009,231638.46928820625
767047,231638.46928820625
767056,231638.46928820625
767092,231638.46928820625
767132,231638.46928820625
767229,231638.46928820625
767253,231638.46928820625
767260,231638.46928820625
767290,231638.46928820625
767319,231638.46928820625
767321,231638.46928820625
767366,231638.46928820625
767405,231638.46928820625
767407,231638.46928820625
767409,231638.46928820625
767414,231638.46928820625
767465,231638.46928820625
767487,231638.46928820625
767512,231638.46928820625
767558,231638.46928820625
767705,231638.46928820625
767856,231638.46928820625
768002,231638.46928820625
768343,231638.46928820625
768717,231638.46928820625
768790,231638.46928820625
768981,231638.46928820625
769002,231638.46928820625
769155,231638.46928820625
769216,231638.46928820625
769226,231638.46928820625
769575,231638.46928820625
769599,231638.46928820625
769768,231638.46928820625
769812,231638.46928820625
769898,231638.46928820625
769957,231638.46928820625
770294,231638.46928820625
770295,231638.46928820625
770484,231638.46928820625
770520,231638.46928820625
770523,231638.46928820625
770558,231638.46928820625
770682,231638.46928820625
770744,231638.46928820625
770751,231638.46928820625
770765,231638.46928820625
770777,231638.46928820625
770786,231638.46928820625
770972,231638.46928820625
771112,231638.46928820625
771113,231638.46928820625
771117,231638.46928820625
771118,231638.46928820625
771333,231638.46928820625
771397,231638.46928820625
771816,231638.46928820625
771858,231638.46928820625
772028,231638.46928820625
772107,231638.46928820625
772213,231638.46928820625
772214,231638.46928820625
774481,231638.46928820625
774546,231638.46928820625
774699,231638.46928820625
774950,231638.46928820625
775137,231638.46928820625
775139,231638.46928820625
775393,231638.46928820625
775537,231638.46928820625
775560,231638.46928820625
775652,231638.46928820625
775907,231638.46928820625
776742,231638.46928820625
776780,231638.46928820625
776781,231638.46928820625
776783,231638.46928820625
776981,231638.46928820625
777103,231638.46928820625
777106,231638.46928820625
777107,231638.46928820625
777108,231638.46928820625
777110,231638.46928820625
777117,231638.46928820625
777118,231638.46928820625
777121,231638.46928820625
777123,231638.46928820625
777125,231638.46928820625
777210,231638.46928820625
777453,231638.46928820625
777462,231638.46928820625
777464,231638.46928820625
777489,231638.46928820625
777572,231638.46928820625
778274,231638.46928820625
778564,231638.46928820625
778634,231638.46928820625
778678,231638.46928820625
778689,231638.46928820625
778791,231638.46928820625
778830,231638.46928820625
778851,231638.46928820625
778906,231638.46928820625
778948,231638.46928820625
778949,231638.46928820625
778952,231638.46928820625
778953,231638.46928820625
778956,231638.46928820625
778970,231638.46928820625
778976,231638.46928820625
779003,231638.46928820625
779077,231638.46928820625
779114,231638.46928820625
779141,231638.46928820625
779149,231638.46928820625
779215,231638.46928820625
779288,231638.46928820625
779384,231638.46928820625
779391,231638.46928820625
779392,231638.46928820625
779393,231638.46928820625
779705,231638.46928820625
779738,231638.46928820625
779782,231638.46928820625
779867,231638.46928820625
779904,231638.46928820625
779938,231638.46928820625
779977,231638.46928820625
779984,231638.46928820625
780002,231638.46928820625
780020,231638.46928820625
780073,231638.46928820625
780093,231638.46928820625
780095,231638.46928820625
780214,231638.46928820625
780253,231638.46928820625
780353,231638.46928820625
780376,231638.46928820625
780395,231638.46928820625
780419,231638.46928820625
780420,231638.46928820625
780421,231638.46928820625
780564,231638.46928820625
780596,231638.46928820625
780669,231638.46928820625
780694,231638.46928820625
780702,231638.46928820625
780715,231638.46928820625
780724,231638.46928820625
780846,231638.46928820625
780856,231638.46928820625
780863,231638.46928820625
780900,231638.46928820625
780951,231638.46928820625
781145,231638.46928820625
781275,231638.46928820625
781371,231638.46928820625
781416,231638.46928820625
781559,231638.46928820625
781563,231638.46928820625
781572,231638.46928820625
781698,231638.46928820625
781700,231638.46928820625
781825,231638.46928820625
781843,231638.46928820625
781844,231638.46928820625
781845,231638.46928820625
781846,231638.46928820625
781854,231638.46928820625
781859,231638.46928820625
781860,231638.46928820625
781866,231638.46928820625
781946,231638.46928820625
781982,231638.46928820625
782181,231638.46928820625
782201,231638.46928820625
782394,231638.46928820625
782416,231638.46928820625
782443,231638.46928820625
782452,231638.46928820625
782561,231638.46928820625
782627,231638.46928820625
782642,231638.46928820625
782665,231638.46928820625
782671,231638.46928820625
782675,231638.46928820625
782693,231638.46928820625
782705,231638.46928820625
782706,231638.46928820625
782708,231638.46928820625
782717,231638.46928820625
782722,231638.46928820625
782761,231638.46928820625
782782,231638.46928820625
782785,231638.46928820625
782849,231638.46928820625
782946,231638.46928820625
783038,231638.46928820625
783051,231638.46928820625
783056,231638.46928820625
783125,231638.46928820625
783130,231638.46928820625
783231,231638.46928820625
783260,231638.46928820625
783421,231638.46928820625
783512,231638.46928820625
783559,231638.46928820625
783604,231638.46928820625
783607,231638.46928820625
783636,231638.46928820625
783654,231638.46928820625
783811,231638.46928820625
783914,231638.46928820625
783951,231638.46928820625
783978,231638.46928820625
783979,231638.46928820625
784000,231638.46928820625
784012,231638.46928820625
784167,231638.46928820625
784275,231638.46928820625
784431,231638.46928820625
784568,231638.46928820625
784570,231638.46928820625
784737,231638.46928820625
784762,231638.46928820625
784768,231638.46928820625
784842,231638.46928820625
785009,231638.46928820625
785082,231638.46928820625
785261,231638.46928820625
785408,231638.46928820625
785455,231638.46928820625
785514,231638.46928820625
785588,231638.46928820625
785808,231638.46928820625
785820,231638.46928820625
785970,231638.46928820625
785973,231638.46928820625
786182,231638.46928820625
786183,231638.46928820625
786346,231638.46928820625
786447,231638.46928820625
786450,231638.46928820625
786451,231638.46928820625
786452,231638.46928820625
786456,231638.46928820625
786457,231638.46928820625
786484,231638.46928820625
786521,231638.46928820625
786587,231638.46928820625
786628,231638.46928820625
786831,231638.46928820625
786859,231638.46928820625
787068,231638.46928820625
787151,231638.46928820625
787208,231638.46928820625
787215,231638.46928820625
787216,231638.46928820625
787276,231638.46928820625
787281,231638.46928820625
787289,231638.46928820625
787291,231638.46928820625
787331,231638.46928820625
787343,231638.46928820625
787361,231638.46928820625
787369,231638.46928820625
787382,231638.46928820625
787385,231638.46928820625
787401,231638.46928820625
787405,231638.46928820625
787411,231638.46928820625
787454,231638.46928820625
787485,231638.46928820625
787486,231638.46928820625
787489,231638.46928820625
787490,231638.46928820625
787528,231638.46928820625
787529,231638.46928820625
787533,231638.46928820625
787535,231638.46928820625
787538,231638.46928820625
787555,231638.46928820625
787614,231638.46928820625
787634,231638.46928820625
787684,231638.46928820625
787868,231638.46928820625
788008,231638.46928820625
788356,231638.46928820625
788577,231638.46928820625
788645,231638.46928820625
788730,231638.46928820625
788820,231638.46928820625
788990,231638.46928820625
788994,231638.46928820625
789179,231638.46928820625
789327,231638.46928820625
789333,231638.46928820625
789339,231638.46928820625
789374,231638.46928820625
789389,231638.46928820625
789555,231638.46928820625
789568,231638.46928820625
789619,231638.46928820625
789638,231638.46928820625
789709,231638.46928820625
789843,231638.46928820625
789881,231638.46928820625
789964,231638.46928820625
789966,231638.46928820625
790026,231638.46928820625
790038,231638.46928820625
790115,231638.46928820625
790170,231638.46928820625
790184,231638.46928820625
790414,231638.46928820625
790625,231638.46928820625
790725,231638.46928820625
790798,231638.46928820625
790912,231638.46928820625
790918,231638.46928820625
790939,231638.46928820625
791067,231638.46928820625
791077,231638.46928820625
791182,231638.46928820625
791219,231638.46928820625
791221,231638.46928820625
791296,231638.46928820625
791314,231638.46928820625
791379,231638.46928820625
791445,231638.46928820625
791581,231638.46928820625
791589,231638.46928820625
791600,231638.46928820625
791608,231638.46928820625
791617,231638.46928820625
791813,231638.46928820625
791869,231638.46928820625
791870,231638.46928820625
792315,231638.46928820625
792695,231638.46928820625
793171,231638.46928820625
793172,231638.46928820625
793391,231638.46928820625
793620,231638.46928820625
793722,231638.46928820625
793967,231638.46928820625
794344,231638.46928820625
794498,231638.46928820625
794573,231638.46928820625
794576,231638.46928820625
794897,231638.46928820625
794968,231638.46928820625
796060,231638.46928820625
796252,231638.46928820625
796300,231638.46928820625
796537,231638.46928820625
796582,231638.46928820625
797433,231638.46928820625
797488,231638.46928820625
797489,231638.46928820625
797540,231638.46928820625
797866,231638.46928820625
798010,231638.46928820625
798026,231638.46928820625
799178,231638.46928820625
799179,231638.46928820625
799190,231638.46928820625
799234,231638.46928820625
799315,231638.46928820625
799472,231638.46928820625
799498,231638.46928820625
799561,231638.46928820625
799652,231638.46928820625
799732,231638.46928820625
800022,231638.46928820625
800237,231638.46928820625
800456,231638.46928820625
800963,231638.46928820625
801193,231638.46928820625
801250,231638.46928820625
801281,231638.46928820625
801487,231638.46928820625
801497,231638.46928820625
801503,231638.46928820625
801504,231638.46928820625
801727,231638.46928820625
801954,231638.46928820625
802096,231638.46928820625
802163,231638.46928820625
802196,231638.46928820625
802200,231638.46928820625
802270,231638.46928820625
802271,231638.46928820625
802331,231638.46928820625
802349,231638.46928820625
802375,231638.46928820625
802688,231638.46928820625
803023,231638.46928820625
803138,231638.46928820625
803310,231638.46928820625
803839,231638.46928820625
803941,231638.46928820625
804236,231638.46928820625
804237,231638.46928820625
804318,231638.46928820625
804335,231638.46928820625
804516,231638.46928820625
804572,231638.46928820625
804611,231638.46928820625
804663,231638.46928820625
804859,231638.46928820625
805515,231638.46928820625
805577,231638.46928820625
806450,231638.46928820625
806493,231638.46928820625
806508,231638.46928820625
806655,231638.46928820625
806775,231638.46928820625
806865,231638.46928820625
806936,231638.46928820625
806937,231638.46928820625
807537,231638.46928820625
807824,231638.46928820625
807826,231638.46928820625
808024,231638.46928820625
808123,231638.46928820625
808180,231638.46928820625
808340,231638.46928820625
808644,231638.46928820625
808647,231638.46928820625
809443,231638.46928820625
809444,231638.46928820625
809711,231638.46928820625
810556,231638.46928820625
810560,231638.46928820625
810574,231638.46928820625
810705,231638.46928820625
811018,231638.46928820625
811028,231638.46928820625
811104,231638.46928820625
811659,231638.46928820625
811817,231638.46928820625
811944,231638.46928820625
812472,231638.46928820625
812587,231638.46928820625
812588,231638.46928820625
812762,231638.46928820625
812914,231638.46928820625
813322,231638.46928820625
813323,231638.46928820625
813324,231638.46928820625
813361,231638.46928820625
813430,231638.46928820625
813750,231638.46928820625
813797,231638.46928820625
813800,231638.46928820625
814059,231638.46928820625
814159,231638.46928820625
814247,231638.46928820625
814306,231638.46928820625
814308,231638.46928820625
814310,231638.46928820625
814313,231638.46928820625
814338,231638.46928820625
814378,231638.46928820625
814381,231638.46928820625
814390,231638.46928820625
814448,231638.46928820625
814449,231638.46928820625
815043,231638.46928820625
815287,231638.46928820625
815582,231638.46928820625
815585,231638.46928820625
815640,231638.46928820625
816479,231638.46928820625
816525,231638.46928820625
816552,231638.46928820625
816589,231638.46928820625
816592,231638.46928820625
816594,231638.46928820625
816608,231638.46928820625
816611,231638.46928820625
816676,231638.46928820625
816679,231638.46928820625
816850,231638.46928820625
816967,231638.46928820625
816968,231638.46928820625
816969,231638.46928820625
816972,231638.46928820625
816974,231638.46928820625
817091,231638.46928820625
817550,231638.46928820625
817647,231638.46928820625
817658,231638.46928820625
817662,231638.46928820625
817752,231638.46928820625
817883,231638.46928820625
817978,231638.46928820625
818057,231638.46928820625
818059,231638.46928820625
818170,231638.46928820625
818217,231638.46928820625
818229,231638.46928820625
818316,231638.46928820625
818405,231638.46928820625
818412,231638.46928820625
818488,231638.46928820625
818498,231638.46928820625
818519,231638.46928820625
818520,231638.46928820625
818601,231638.46928820625
818620,231638.46928820625
818629,231638.46928820625
818668,231638.46928820625
818906,231638.46928820625
818951,231638.46928820625
818981,231638.46928820625
819022,231638.46928820625
819052,231638.46928820625
819088,231638.46928820625
819090,231638.46928820625
819154,231638.46928820625
819224,231638.46928820625
819477,231638.46928820625
819505,231638.46928820625
819532,231638.46928820625
819599,231638.46928820625
819624,231638.46928820625
819689,231638.46928820625
819690,231638.46928820625
819694,231638.46928820625
819729,231638.46928820625
819737,231638.46928820625
819839,231638.46928820625
819946,231638.46928820625
820010,231638.46928820625
820047,231638.46928820625
820221,231638.46928820625
820343,231638.46928820625
820369,231638.46928820625
820444,231638.46928820625
820485,231638.46928820625
820520,231638.46928820625
820534,231638.46928820625
820549,231638.46928820625
820550,231638.46928820625
820560,231638.46928820625
820576,231638.46928820625
820608,231638.46928820625
820640,231638.46928820625
820668,231638.46928820625
820672,231638.46928820625
820758,231638.46928820625
820763,231638.46928820625
820797,231638.46928820625
820936,231638.46928820625
821001,231638.46928820625
821049,231638.46928820625
821050,231638.46928820625
821087,231638.46928820625
821251,231638.46928820625
821372,231638.46928820625
821381,231638.46928820625
821423,231638.46928820625
821616,231638.46928820625
821664,231638.46928820625
821715,231638.46928820625
821753,231638.46928820625
821791,231638.46928820625
821800,231638.46928820625
821820,231638.46928820625
821825,231638.46928820625
821826,231638.46928820625
821876,231638.46928820625
821888,231638.46928820625
821895,231638.46928820625
822024,231638.46928820625
822169,231638.46928820625
822190,231638.46928820625
822347,231638.46928820625
822354,231638.46928820625
822421,231638.46928820625
822422,231638.46928820625
822432,231638.46928820625
822445,231638.46928820625
822453,231638.46928820625
822456,231638.46928820625
822457,231638.46928820625
822552,231638.46928820625
822622,231638.46928820625
822624,231638.46928820625
822635,231638.46928820625
822656,231638.46928820625
822684,231638.46928820625
822688,231638.46928820625
822777,231638.46928820625
822785,231638.46928820625
822858,231638.46928820625
822880,231638.46928820625
822882,231638.46928820625
822883,231638.46928820625
822930,231638.46928820625
823118,231638.46928820625
823126,231638.46928820625
823190,231638.46928820625
823243,231638.46928820625
823305,231638.46928820625
823338,231638.46928820625
823411,231638.46928820625
823441,231638.46928820625
823596,231638.46928820625
823639,231638.46928820625
823761,231638.46928820625
823773,231638.46928820625
823798,231638.46928820625
823815,231638.46928820625
823830,231638.46928820625
823846,231638.46928820625
823949,231638.46928820625
823958,231638.46928820625
824041,231638.46928820625
824138,231638.46928820625
824141,231638.46928820625
824236,231638.46928820625
824250,231638.46928820625
824261,231638.46928820625
824528,231638.46928820625
824533,231638.46928820625
824564,231638.46928820625
824568,231638.46928820625
824571,231638.46928820625
824575,231638.46928820625
824602,231638.46928820625
824686,231638.46928820625
824788,231638.46928820625
824810,231638.46928820625
824857,231638.46928820625
824886,231638.46928820625
824906,231638.46928820625
825094,231638.46928820625
825107,231638.46928820625
825186,231638.46928820625
825386,231638.46928820625
825462,231638.46928820625
825470,231638.46928820625
825472,231638.46928820625
825473,231638.46928820625
825700,231638.46928820625
825862,231638.46928820625
825950,231638.46928820625
826171,231638.46928820625
826173,231638.46928820625
826309,231638.46928820625
826322,231638.46928820625
826408,231638.46928820625
826453,231638.46928820625
826522,231638.46928820625
826555,231638.46928820625
826607,231638.46928820625
826650,231638.46928820625
826863,231638.46928820625
826864,231638.46928820625
826881,231638.46928820625
826893,231638.46928820625
826896,231638.46928820625
826968,231638.46928820625
826977,231638.46928820625
827191,231638.46928820625
827214,231638.46928820625
827230,231638.46928820625
827234,231638.46928820625
827325,231638.46928820625
827359,231638.46928820625
827399,231638.46928820625
827481,231638.46928820625
827619,231638.46928820625
827688,231638.46928820625
827711,231638.46928820625
827954,231638.46928820625
828025,231638.46928820625
828031,231638.46928820625
828082,231638.46928820625
828144,231638.46928820625
828174,231638.46928820625
828265,231638.46928820625
828273,231638.46928820625
828285,231638.46928820625
828351,231638.46928820625
828477,231638.46928820625
828604,231638.46928820625
828623,231638.46928820625
828718,231638.46928820625
828750,231638.46928820625
828793,231638.46928820625
828812,231638.46928820625
828827,231638.46928820625
828862,231638.46928820625
828965,231638.46928820625
829067,231638.46928820625
829087,231638.46928820625
829171,231638.46928820625
829240,231638.46928820625
829278,231638.46928820625
829282,231638.46928820625
829293,231638.46928820625
829295,231638.46928820625
829318,231638.46928820625
829322,231638.46928820625
829336,231638.46928820625
829344,231638.46928820625
829351,231638.46928820625
829359,231638.46928820625
829367,231638.46928820625
829372,231638.46928820625
829378,231638.46928820625
829383,231638.46928820625
829389,231638.46928820625
829390,231638.46928820625
829395,231638.46928820625
829413,231638.46928820625
829417,231638.46928820625
829419,231638.46928820625
829599,231638.46928820625
829600,231638.46928820625
829612,231638.46928820625
829673,231638.46928820625
829767,231638.46928820625
829883,231638.46928820625
829947,231638.46928820625
830002,231638.46928820625
830122,231638.46928820625
830143,231638.46928820625
830151,231638.46928820625
830160,231638.46928820625
830199,231638.46928820625
830245,231638.46928820625
830262,231638.46928820625
830265,231638.46928820625
830279,231638.46928820625
830280,231638.46928820625
830333,231638.46928820625
830384,231638.46928820625
830410,231638.46928820625
830446,231638.46928820625
830448,231638.46928820625
830535,231638.46928820625
830581,231638.46928820625
830587,231638.46928820625
830702,231638.46928820625
830731,231638.46928820625
830739,231638.46928820625
830764,231638.46928820625
830772,231638.46928820625
830774,231638.46928820625
830971,231638.46928820625
831037,231638.46928820625
831091,231638.46928820625
831105,231638.46928820625
831106,231638.46928820625
831112,231638.46928820625
831247,231638.46928820625
831261,231638.46928820625
831269,231638.46928820625
831321,231638.46928820625
831459,231638.46928820625
831529,231638.46928820625
831628,231638.46928820625
831792,231638.46928820625
831881,231638.46928820625
831882,231638.46928820625
831883,231638.46928820625
831884,231638.46928820625
831910,231638.46928820625
831944,231638.46928820625
831946,231638.46928820625
831947,231638.46928820625
831949,231638.46928820625
831950,231638.46928820625
831960,231638.46928820625
831961,231638.46928820625
831974,231638.46928820625
832022,231638.46928820625
832156,231638.46928820625
832213,231638.46928820625
832254,231638.46928820625
832261,231638.46928820625
832343,231638.46928820625
832367,231638.46928820625
832436,231638.46928820625
832439,231638.46928820625
832460,231638.46928820625
832470,231638.46928820625
832511,231638.46928820625
832513,231638.46928820625
832624,231638.46928820625
832707,231638.46928820625
832726,231638.46928820625
832780,231638.46928820625
832924,231638.46928820625
832953,231638.46928820625
833013,231638.46928820625
833045,231638.46928820625
833051,231638.46928820625
833052,231638.46928820625
833055,231638.46928820625
833056,231638.46928820625
833057,231638.46928820625
833058,231638.46928820625
833091,231638.46928820625
833216,231638.46928820625
833233,231638.46928820625
833350,231638.46928820625
833459,231638.46928820625
833510,231638.46928820625
833525,231638.46928820625
833527,231638.46928820625
833554,231638.46928820625
833634,231638.46928820625
833668,231638.46928820625
833688,231638.46928820625
833789,231638.46928820625
833827,231638.46928820625
833846,231638.46928820625
833858,231638.46928820625
833886,231638.46928820625
833925,231638.46928820625
833968,231638.46928820625
834026,231638.46928820625
834042,231638.46928820625
834049,231638.46928820625
834113,231638.46928820625
834265,231638.46928820625
834280,231638.46928820625
834315,231638.46928820625
834335,231638.46928820625
834341,231638.46928820625
834343,231638.46928820625
834348,231638.46928820625
834350,231638.46928820625
834391,231638.46928820625
834443,231638.46928820625
834451,231638.46928820625
834514,231638.46928820625
834613,231638.46928820625
834616,231638.46928820625
834623,231638.46928820625
834662,231638.46928820625
834702,231638.46928820625
834746,231638.46928820625
834751,231638.46928820625
834764,231638.46928820625
834785,231638.46928820625
834788,231638.46928820625
834836,231638.46928820625
834858,231638.46928820625
834903,231638.46928820625
834917,231638.46928820625
834959,231638.46928820625
835037,231638.46928820625
835090,231638.46928820625
835122,231638.46928820625
835129,231638.46928820625
835137,231638.46928820625
835262,231638.46928820625
835290,231638.46928820625
835307,231638.46928820625
835336,231638.46928820625
835361,231638.46928820625
835388,231638.46928820625
835459,231638.46928820625
835465,231638.46928820625
835522,231638.46928820625
835523,231638.46928820625
835635,231638.46928820625
835651,231638.46928820625
835661,231638.46928820625
835673,231638.46928820625
835692,231638.46928820625
835759,231638.46928820625
835813,231638.46928820625
835814,231638.46928820625
835816,231638.46928820625
835884,231638.46928820625
835965,231638.46928820625
836013,231638.46928820625
836041,231638.46928820625
836103,231638.46928820625
836173,231638.46928820625
836254,231638.46928820625
836316,231638.46928820625
836341,231638.46928820625
836417,231638.46928820625
836550,231638.46928820625
836555,231638.46928820625
836556,231638.46928820625
836559,231638.46928820625
836561,231638.46928820625
836562,231638.46928820625
836563,231638.46928820625
836564,231638.46928820625
836566,231638.46928820625
836735,231638.46928820625
836782,231638.46928820625
836821,231638.46928820625
837005,231638.46928820625
837092,231638.46928820625
837095,231638.46928820625
837197,231638.46928820625
837467,231638.46928820625
837506,231638.46928820625
837521,231638.46928820625
837550,231638.46928820625
837592,231638.46928820625
837618,231638.46928820625
837632,231638.46928820625
837642,231638.46928820625
837658,231638.46928820625
837769,231638.46928820625
837779,231638.46928820625
837784,231638.46928820625
837831,231638.46928820625
837832,231638.46928820625
837836,231638.46928820625
837961,231638.46928820625
838054,231638.46928820625
838186,231638.46928820625
838254,231638.46928820625
838257,231638.46928820625
838287,231638.46928820625
838374,231638.46928820625
838443,231638.46928820625
838471,231638.46928820625
838609,231638.46928820625
838636,231638.46928820625
838681,231638.46928820625
838696,231638.46928820625
838729,231638.46928820625
838745,231638.46928820625
838778,231638.46928820625
838834,231638.46928820625
838840,231638.46928820625
839042,231638.46928820625
839134,231638.46928820625
839179,231638.46928820625
839299,231638.46928820625
839328,231638.46928820625
839358,231638.46928820625
839379,231638.46928820625
839481,231638.46928820625
839688,231638.46928820625
839804,231638.46928820625
839807,231638.46928820625
839857,231638.46928820625
839875,231638.46928820625
839896,231638.46928820625
839906,231638.46928820625
839907,231638.46928820625
839912,231638.46928820625
839923,231638.46928820625
839964,231638.46928820625
840015,231638.46928820625
840075,231638.46928820625
840137,231638.46928820625
840187,231638.46928820625
840267,231638.46928820625
840277,231638.46928820625
840279,231638.46928820625
840282,231638.46928820625
840284,231638.46928820625
840287,231638.46928820625
840313,231638.46928820625
840333,231638.46928820625
840334,231638.46928820625
840337,231638.46928820625
840425,231638.46928820625
840558,231638.46928820625
840569,231638.46928820625
840632,231638.46928820625
840829,231638.46928820625
840859,231638.46928820625
840895,231638.46928820625
840951,231638.46928820625
841008,231638.46928820625
841041,231638.46928820625
841075,231638.46928820625
841077,231638.46928820625
841273,231638.46928820625
841289,231638.46928820625
841313,231638.46928820625
841337,231638.46928820625
841354,231638.46928820625
841376,231638.46928820625
841400,231638.46928820625
841446,231638.46928820625
841484,231638.46928820625
841515,231638.46928820625
841521,231638.46928820625
841536,231638.46928820625
841557,231638.46928820625
841585,231638.46928820625
841696,231638.46928820625
841763,231638.46928820625
841803,231638.46928820625
841851,231638.46928820625
841869,231638.46928820625
841984,231638.46928820625
842034,231638.46928820625
842041,231638.46928820625
842044,231638.46928820625
842056,231638.46928820625
842219,231638.46928820625
842222,231638.46928820625
842243,231638.46928820625
842245,231638.46928820625
842350,231638.46928820625
842357,231638.46928820625
842459,231638.46928820625
842460,231638.46928820625
842623,231638.46928820625
842624,231638.46928820625
842791,231638.46928820625
842797,231638.46928820625
842808,231638.46928820625
842868,231638.46928820625
842953,231638.46928820625
842960,231638.46928820625
843026,231638.46928820625
843041,231638.46928820625
843066,231638.46928820625
843070,231638.46928820625
843072,231638.46928820625
843183,231638.46928820625
843192,231638.46928820625
843194,231638.46928820625
843197,231638.46928820625
843201,231638.46928820625
843205,231638.46928820625
843339,231638.46928820625
843353,231638.46928820625
843397,231638.46928820625
843417,231638.46928820625
843468,231638.46928820625
843471,231638.46928820625
843505,231638.46928820625
843512,231638.46928820625
843536,231638.46928820625
843564,231638.46928820625
843575,231638.46928820625
843622,231638.46928820625
843737,231638.46928820625
843742,231638.46928820625
843767,231638.46928820625
843770,231638.46928820625
843784,231638.46928820625
843794,231638.46928820625
843797,231638.46928820625
843906,231638.46928820625
843914,231638.46928820625
843942,231638.46928820625
843943,231638.46928820625
843979,231638.46928820625
843980,231638.46928820625
843993,231638.46928820625
844008,231638.46928820625
844035,231638.46928820625
844085,231638.46928820625
844097,231638.46928820625
844104,231638.46928820625
844109,231638.46928820625
844110,231638.46928820625
844126,231638.46928820625
844162,231638.46928820625
844165,231638.46928820625
844198,231638.46928820625
844211,231638.46928820625
844233,231638.46928820625
844310,231638.46928820625
844316,231638.46928820625
844329,231638.46928820625
844338,231638.46928820625
844468,231638.46928820625
844503,231638.46928820625
844536,231638.46928820625
844539,231638.46928820625
844564,231638.46928820625
844590,231638.46928820625
844617,231638.46928820625
844640,231638.46928820625
844716,231638.46928820625
844747,231638.46928820625
844748,231638.46928820625
844755,231638.46928820625
844762,231638.46928820625
844789,231638.46928820625
844804,231638.46928820625
844846,231638.46928820625
844847,231638.46928820625
844849,231638.46928820625
844855,231638.46928820625
844856,231638.46928820625
844857,231638.46928820625
844862,231638.46928820625
844886,231638.46928820625
844915,231638.46928820625
844925,231638.46928820625
844991,231638.46928820625
844993,231638.46928820625
845024,231638.46928820625
845033,231638.46928820625
845082,231638.46928820625
845083,231638.46928820625
845096,231638.46928820625
845106,231638.46928820625
845107,231638.46928820625
845121,231638.46928820625
845124,231638.46928820625
845155,231638.46928820625
845166,231638.46928820625
845183,231638.46928820625
845217,231638.46928820625
845244,231638.46928820625
845251,231638.46928820625
845344,231638.46928820625
845370,231638.46928820625
845397,231638.46928820625
845405,231638.46928820625
845471,231638.46928820625
845486,231638.46928820625
845528,231638.46928820625
845534,231638.46928820625
845545,231638.46928820625
845594,231638.46928820625
845685,231638.46928820625
845705,231638.46928820625
845720,231638.46928820625
845802,231638.46928820625
845879,231638.46928820625
845943,231638.46928820625
845962,231638.46928820625
846140,231638.46928820625
846147,231638.46928820625
846152,231638.46928820625
846284,231638.46928820625
846499,231638.46928820625
846556,231638.46928820625
846559,231638.46928820625
846573,231638.46928820625
846575,231638.46928820625
846768,231638.46928820625
846871,231638.46928820625
846968,231638.46928820625
847095,231638.46928820625
847100,231638.46928820625
847161,231638.46928820625
847191,231638.46928820625
847227,231638.46928820625
847230,231638.46928820625
847306,231638.46928820625
847476,231638.46928820625
847537,231638.46928820625
847657,231638.46928820625
847727,231638.46928820625
847766,231638.46928820625
847773,231638.46928820625
847809,231638.46928820625
847861,231638.46928820625
847892,231638.46928820625
847917,231638.46928820625
847950,231638.46928820625
848039,231638.46928820625
848093,231638.46928820625
848095,231638.46928820625
848112,231638.46928820625
848157,231638.46928820625
848164,231638.46928820625
848302,231638.46928820625
848330,231638.46928820625
848365,231638.46928820625
848375,231638.46928820625
848386,231638.46928820625
848437,231638.46928820625
848493,231638.46928820625
848543,231638.46928820625
848549,231638.46928820625
848623,231638.46928820625
848661,231638.46928820625
848707,231638.46928820625
848775,231638.46928820625
848843,231638.46928820625
848978,231638.46928820625
848989,231638.46928820625
849002,231638.46928820625
849024,231638.46928820625
849047,231638.46928820625
849062,231638.46928820625
849064,231638.46928820625
936612,231638.46928820625
936685,231638.46928820625
936696,231638.46928820625
936725,231638.46928820625
936735,231638.46928820625
936772,231638.46928820625
936806,231638.46928820625
936808,231638.46928820625
936854,231638.46928820625
936871,231638.46928820625
936899,231638.46928820625
936915,231638.46928820625
936923,231638.46928820625
936950,231638.46928820625
936973,231638.46928820625
937001,231638.46928820625
937003,231638.46928820625
937056,231638.46928820625
937090,231638.46928820625
937110,231638.46928820625
937130,231638.46928820625
937183,231638.46928820625
937255,231638.46928820625
937276,231638.46928820625
937318,231638.46928820625
937335,231638.46928820625
937337,231638.46928820625
937358,231638.46928820625
937360,231638.46928820625
937362,231638.46928820625
937390,231638.46928820625
937462,231638.46928820625
937472,231638.46928820625
937477,231638.46928820625
937493,231638.46928820625
937518,231638.46928820625
937519,231638.46928820625
937555,231638.46928820625
937658,231638.46928820625
937662,231638.46928820625
937663,231638.46928820625
937665,231638.46928820625
937676,231638.46928820625
937694,231638.46928820625
937735,231638.46928820625
937740,231638.46928820625
937751,231638.46928820625
937776,231638.46928820625
937780,231638.46928820625
937812,231638.46928820625
937813,231638.46928820625
937943,231638.46928820625
938043,231638.46928820625
938056,231638.46928820625
938064,231638.46928820625
938068,231638.46928820625
938080,231638.46928820625
938114,231638.46928820625
938187,231638.46928820625
938204,231638.46928820625
938206,231638.46928820625
938209,231638.46928820625
938212,231638.46928820625
938232,231638.46928820625
938233,231638.46928820625
938349,231638.46928820625
938350,231638.46928820625
938351,231638.46928820625
938354,231638.46928820625
938361,231638.46928820625
938362,231638.46928820625
938363,231638.46928820625
938433,231638.46928820625
938579,231638.46928820625
938635,231638.46928820625
938636,231638.46928820625
938637,231638.46928820625
938639,231638.46928820625
938651,231638.46928820625
938670,231638.46928820625
938703,231638.46928820625
938705,231638.46928820625
938715,231638.46928820625
938733,231638.46928820625
938812,231638.46928820625
938814,231638.46928820625
938894,231638.46928820625
938913,231638.46928820625
938938,231638.46928820625
938957,231638.46928820625
938990,231638.46928820625
939010,231638.46928820625
939028,231638.46928820625
939075,231638.46928820625
939121,231638.46928820625
939133,231638.46928820625
939146,231638.46928820625
939224,231638.46928820625
939227,231638.46928820625
939256,231638.46928820625
939297,231638.46928820625
939305,231638.46928820625
939310,231638.46928820625
939349,231638.46928820625
939360,231638.46928820625
939392,231638.46928820625
939400,231638.46928820625
939409,231638.46928820625
939411,231638.46928820625
939414,231638.46928820625
939420,231638.46928820625
939421,231638.46928820625
939438,231638.46928820625
939494,231638.46928820625
939496,231638.46928820625
939497,231638.46928820625
939501,231638.46928820625
939587,231638.46928820625
939589,231638.46928820625
939629,231638.46928820625
939636,231638.46928820625
939645,231638.46928820625
939650,231638.46928820625
939666,231638.46928820625
939669,231638.46928820625
939711,231638.46928820625
939877,231638.46928820625
939886,231638.46928820625
939890,231638.46928820625
939892,231638.46928820625
939905,231638.46928820625
939930,231638.46928820625
939935,231638.46928820625
939960,231638.46928820625
939964,231638.46928820625
939970,231638.46928820625
940066,231638.46928820625
940094,231638.46928820625
940095,231638.46928820625
940096,231638.46928820625
940118,231638.46928820625
940138,231638.46928820625
940168,231638.46928820625
940172,231638.46928820625
940240,231638.46928820625
940262,231638.46928820625
940282,231638.46928820625
940283,231638.46928820625
940336,231638.46928820625
940389,231638.46928820625
940487,231638.46928820625
940552,231638.46928820625
940571,231638.46928820625
940579,231638.46928820625
940602,231638.46928820625
940627,231638.46928820625
940735,231638.46928820625
940740,231638.46928820625
940742,231638.46928820625
940767,231638.46928820625
940788,231638.46928820625
940807,231638.46928820625
940855,231638.46928820625
940868,231638.46928820625
940875,231638.46928820625
940876,231638.46928820625
940890,231638.46928820625
940950,231638.46928820625
941026,231638.46928820625
941059,231638.46928820625
941089,231638.46928820625
941112,231638.46928820625
941121,231638.46928820625
941123,231638.46928820625
941146,231638.46928820625
941344,231638.46928820625
941346,231638.46928820625
941369,231638.46928820625
941370,231638.46928820625
941373,231638.46928820625
941384,231638.46928820625
941500,231638.46928820625
941524,231638.46928820625
941554,231638.46928820625
941713,231638.46928820625
941780,231638.46928820625
941782,231638.46928820625
941786,231638.46928820625
941790,231638.46928820625
941791,231638.46928820625
941792,231638.46928820625
941793,231638.46928820625
941797,231638.46928820625
941798,231638.46928820625
941801,231638.46928820625
941810,231638.46928820625
941826,231638.46928820625
941843,231638.46928820625
941862,231638.46928820625
941864,231638.46928820625
941867,231638.46928820625
941875,231638.46928820625
941876,231638.46928820625
941881,231638.46928820625
941883,231638.46928820625
941884,231638.46928820625
941891,231638.46928820625
941919,231638.46928820625
941959,231638.46928820625
942057,231638.46928820625
942070,231638.46928820625
942098,231638.46928820625
942103,231638.46928820625
942105,231638.46928820625
942106,231638.46928820625
942109,231638.46928820625
942111,231638.46928820625
942113,231638.46928820625
942115,231638.46928820625
942116,231638.46928820625
942130,231638.46928820625
942139,231638.46928820625
942145,231638.46928820625
942168,231638.46928820625
942177,231638.46928820625
942181,231638.46928820625
942196,231638.46928820625
942210,231638.46928820625
942217,231638.46928820625
942275,231638.46928820625
942370,231638.46928820625
942375,231638.46928820625
942383,231638.46928820625
942415,231638.46928820625
942422,231638.46928820625
942463,231638.46928820625
942469,231638.46928820625
942480,231638.46928820625
942488,231638.46928820625
942583,231638.46928820625
942628,231638.46928820625
942635,231638.46928820625
942636,231638.46928820625
942651,231638.46928820625
942653,231638.46928820625
942655,231638.46928820625
942657,231638.46928820625
942741,231638.46928820625
942753,231638.46928820625
942779,231638.46928820625
942802,231638.46928820625
942843,231638.46928820625
942844,231638.46928820625
942890,231638.46928820625
942964,231638.46928820625
942968,231638.46928820625
942969,231638.46928820625
942985,231638.46928820625
942989,231638.46928820625
942990,231638.46928820625
943022,231638.46928820625
943032,231638.46928820625
943039,231638.46928820625
943044,231638.46928820625
943112,231638.46928820625
943140,231638.46928820625
943141,231638.46928820625
943143,231638.46928820625
943145,231638.46928820625
943149,231638.46928820625
943167,231638.46928820625
943193,231638.46928820625
943238,231638.46928820625
943352,231638.46928820625
943368,231638.46928820625
943373,231638.46928820625
943397,231638.46928820625
943398,231638.46928820625
943402,231638.46928820625
943412,231638.46928820625
943473,231638.46928820625
943478,231638.46928820625
943482,231638.46928820625
943484,231638.46928820625
943489,231638.46928820625
943497,231638.46928820625
943503,231638.46928820625
943504,231638.46928820625
943505,231638.46928820625
943592,231638.46928820625
943684,231638.46928820625
943693,231638.46928820625
943696,231638.46928820625
943698,231638.46928820625
943699,231638.46928820625
943750,231638.46928820625
943756,231638.46928820625
943782,231638.46928820625
943783,231638.46928820625
943810,231638.46928820625
943821,231638.46928820625
943822,231638.46928820625
943872,231638.46928820625
943889,231638.46928820625
943928,231638.46928820625
943939,231638.46928820625
943944,231638.46928820625
943953,231638.46928820625
943954,231638.46928820625
943955,231638.46928820625
943960,231638.46928820625
943964,231638.46928820625
943968,231638.46928820625
943969,231638.46928820625
943985,231638.46928820625
944000,231638.46928820625
944002,231638.46928820625
944018,231638.46928820625
944025,231638.46928820625
944030,231638.46928820625
944101,231638.46928820625
944105,231638.46928820625
944256,231638.46928820625
944265,231638.46928820625
944289,231638.46928820625
944295,231638.46928820625
944305,231638.46928820625
944306,231638.46928820625
944312,231638.46928820625
944341,231638.46928820625
944342,231638.46928820625
944347,231638.46928820625
944360,231638.46928820625
944384,231638.46928820625
944425,231638.46928820625
944434,231638.46928820625
944435,231638.46928820625
944436,231638.46928820625
944442,231638.46928820625
944552,231638.46928820625
944568,231638.46928820625
944662,231638.46928820625
944671,231638.46928820625
944683,231638.46928820625
944887,231638.46928820625
944902,231638.46928820625
944906,231638.46928820625
944913,231638.46928820625
944921,231638.46928820625
944935,231638.46928820625
944942,231638.46928820625
944943,231638.46928820625
944955,231638.46928820625
944967,231638.46928820625
945015,231638.46928820625
945046,231638.46928820625
945082,231638.46928820625
945116,231638.46928820625
945151,231638.46928820625
945180,231638.46928820625
945181,231638.46928820625
945182,231638.46928820625
945273,231638.46928820625
945283,231638.46928820625
945305,231638.46928820625
945332,231638.46928820625
945388,231638.46928820625
945444,231638.46928820625
945448,231638.46928820625
945453,231638.46928820625
945454,231638.46928820625
945470,231638.46928820625
945495,231638.46928820625
945498,231638.46928820625
945505,231638.46928820625
945513,231638.46928820625
945554,231638.46928820625
945590,231638.46928820625
945627,231638.46928820625
945628,231638.46928820625
945629,231638.46928820625
945630,231638.46928820625
945749,231638.46928820625
945790,231638.46928820625
945801,231638.46928820625
945838,231638.46928820625
945839,231638.46928820625
945840,231638.46928820625
945843,231638.46928820625
945880,231638.46928820625
945900,231638.46928820625
945901,231638.46928820625
945902,231638.46928820625
945903,231638.46928820625
945940,231638.46928820625
945942,231638.46928820625
945945,231638.46928820625
945946,231638.46928820625
945952,231638.46928820625
945965,231638.46928820625
945967,231638.46928820625
945997,231638.46928820625
945998,231638.46928820625
946016,231638.46928820625
946307,231638.46928820625
946318,231638.46928820625
946327,231638.46928820625
946351,231638.46928820625
946358,231638.46928820625
946373,231638.46928820625
946376,231638.46928820625
946385,231638.46928820625
946386,231638.46928820625
946397,231638.46928820625
946398,231638.46928820625
946401,231638.46928820625
946403,231638.46928820625
946433,231638.46928820625
946446,231638.46928820625
946447,231638.46928820625
946448,231638.46928820625
946462,231638.46928820625
946463,231638.46928820625
946492,231638.46928820625
946496,231638.46928820625
946540,231638.46928820625
946541,231638.46928820625
946591,231638.46928820625
946601,231638.46928820625
946638,231638.46928820625
946640,231638.46928820625
946653,231638.46928820625
946678,231638.46928820625
946687,231638.46928820625
946688,231638.46928820625
946689,231638.46928820625
946716,231638.46928820625
946732,231638.46928820625
946738,231638.46928820625
946746,231638.46928820625
946779,231638.46928820625
946784,231638.46928820625
946788,231638.46928820625
946820,231638.46928820625
946836,231638.46928820625
946870,231638.46928820625
946873,231638.46928820625
946896,231638.46928820625
946944,231638.46928820625
946972,231638.46928820625
946973,231638.46928820625
947007,231638.46928820625
947031,231638.46928820625
947057,231638.46928820625
947141,231638.46928820625
947176,231638.46928820625
947187,231638.46928820625
947206,231638.46928820625
947216,231638.46928820625
947274,231638.46928820625
947300,231638.46928820625
947332,231638.46928820625
947383,231638.46928820625
947395,231638.46928820625
947405,231638.46928820625
947436,231638.46928820625
947473,231638.46928820625
947495,231638.46928820625
947530,231638.46928820625
947537,231638.46928820625
947552,231638.46928820625
947564,231638.46928820625
947584,231638.46928820625
947625,231638.46928820625
947677,231638.46928820625
947689,231638.46928820625
947698,231638.46928820625
947699,231638.46928820625
947700,231638.46928820625
947701,231638.46928820625
947702,231638.46928820625
947725,231638.46928820625
947743,231638.46928820625
947833,231638.46928820625
947872,231638.46928820625
947881,231638.46928820625
947930,231638.46928820625
947977,231638.46928820625
948034,231638.46928820625
948036,231638.46928820625
948039,231638.46928820625
948066,231638.46928820625
948107,231638.46928820625
948115,231638.46928820625
948121,231638.46928820625
948137,231638.46928820625
948148,231638.46928820625
948306,231638.46928820625
948339,231638.46928820625
948361,231638.46928820625
948386,231638.46928820625
948387,231638.46928820625
948388,231638.46928820625
948423,231638.46928820625
948470,231638.46928820625
948479,231638.46928820625
948484,231638.46928820625
948486,231638.46928820625
948598,231638.46928820625
948607,231638.46928820625
948629,231638.46928820625
948630,231638.46928820625
948631,231638.46928820625
948632,231638.46928820625
948633,231638.46928820625
948641,231638.46928820625
948643,231638.46928820625
948651,231638.46928820625
948652,231638.46928820625
948675,231638.46928820625
948740,231638.46928820625
948743,231638.46928820625
948744,231638.46928820625
948745,231638.46928820625
948774,231638.46928820625
948789,231638.46928820625
948807,231638.46928820625
948808,231638.46928820625
948809,231638.46928820625
948813,231638.46928820625
948816,231638.46928820625
948819,231638.46928820625
948830,231638.46928820625
948870,231638.46928820625
948912,231638.46928820625
948941,231638.46928820625
949105,231638.46928820625
949143,231638.46928820625
949144,231638.46928820625
949147,231638.46928820625
949248,231638.46928820625
949250,231638.46928820625
949278,231638.46928820625
949283,231638.46928820625
949293,231638.46928820625
949340,231638.46928820625
949379,231638.46928820625
949426,231638.46928820625
949427,231638.46928820625
949428,231638.46928820625
949431,231638.46928820625
949443,231638.46928820625
949474,231638.46928820625
949492,231638.46928820625
949501,231638.46928820625
949517,231638.46928820625
949518,231638.46928820625
949519,231638.46928820625
949529,231638.46928820625
949544,231638.46928820625
949545,231638.46928820625
949584,231638.46928820625
949592,231638.46928820625
949593,231638.46928820625
949627,231638.46928820625
949651,231638.46928820625
949661,231638.46928820625
949762,231638.46928820625
949815,231638.46928820625
949827,231638.46928820625
949858,231638.46928820625
949933,231638.46928820625
949934,231638.46928820625
949943,231638.46928820625
949960,231638.46928820625
950036,231638.46928820625
950037,231638.46928820625
950038,231638.46928820625
950039,231638.46928820625
950044,231638.46928820625
950060,231638.46928820625
950088,231638.46928820625
950194,231638.46928820625
950227,231638.46928820625
950234,231638.46928820625
950303,231638.46928820625
950339,231638.46928820625
950374,231638.46928820625
950378,231638.46928820625
950382,231638.46928820625
950385,231638.46928820625
950489,231638.46928820625
950576,231638.46928820625
950581,231638.46928820625
950583,231638.46928820625
950584,231638.46928820625
950585,231638.46928820625
950607,231638.46928820625
950630,231638.46928820625
950634,231638.46928820625
950664,231638.46928820625
950671,231638.46928820625
950686,231638.46928820625
950746,231638.46928820625
950751,231638.46928820625
950916,231638.46928820625
951001,231638.46928820625
951065,231638.46928820625
951129,231638.46928820625
951162,231638.46928820625
951195,231638.46928820625
951200,231638.46928820625
951201,231638.46928820625
951405,231638.46928820625
951412,231638.46928820625
951454,231638.46928820625
951460,231638.46928820625
951463,231638.46928820625
951471,231638.46928820625
951553,231638.46928820625
951564,231638.46928820625
951646,231638.46928820625
951663,231638.46928820625
951687,231638.46928820625
951692,231638.46928820625
951704,231638.46928820625
951780,231638.46928820625
951782,231638.46928820625
951915,231638.46928820625
951963,231638.46928820625
951975,231638.46928820625
951988,231638.46928820625
952013,231638.46928820625
952025,231638.46928820625
952036,231638.46928820625
952096,231638.46928820625
952268,231638.46928820625
952271,231638.46928820625
952273,231638.46928820625
952448,231638.46928820625
952466,231638.46928820625
952537,231638.46928820625
952541,231638.46928820625
952545,231638.46928820625
952546,231638.46928820625
952566,231638.46928820625
952651,231638.46928820625
952689,231638.46928820625
952699,231638.46928820625
952773,231638.46928820625
952778,231638.46928820625
952818,231638.46928820625
952900,231638.46928820625
952916,231638.46928820625
953005,231638.46928820625
953024,231638.46928820625
953047,231638.46928820625
953057,231638.46928820625
953161,231638.46928820625
953163,231638.46928820625
953176,231638.46928820625
953177,231638.46928820625
953181,231638.46928820625
953182,231638.46928820625
953227,231638.46928820625
953228,231638.46928820625
953237,231638.46928820625
953293,231638.46928820625
953325,231638.46928820625
953326,231638.46928820625
953330,231638.46928820625
953375,231638.46928820625
953481,231638.46928820625
953486,231638.46928820625
953512,231638.46928820625
953552,231638.46928820625
953564,231638.46928820625
953626,231638.46928820625
953702,231638.46928820625
953744,231638.46928820625
953778,231638.46928820625
953795,231638.46928820625
953797,231638.46928820625
953857,231638.46928820625
953894,231638.46928820625
953920,231638.46928820625
953922,231638.46928820625
953931,231638.46928820625
953965,231638.46928820625
954066,231638.46928820625
954138,231638.46928820625
954190,231638.46928820625
954216,231638.46928820625
954292,231638.46928820625
954302,231638.46928820625
954319,231638.46928820625
954351,231638.46928820625
954413,231638.46928820625
954419,231638.46928820625
954452,231638.46928820625
954503,231638.46928820625
954505,231638.46928820625
954535,231638.46928820625
954548,231638.46928820625
954563,231638.46928820625
954578,231638.46928820625
954584,231638.46928820625
954608,231638.46928820625
954615,231638.46928820625
954627,231638.46928820625
954649,231638.46928820625
954700,231638.46928820625
954717,231638.46928820625
954721,231638.46928820625
954735,231638.46928820625
954747,231638.46928820625
954762,231638.46928820625
954787,231638.46928820625
954809,231638.46928820625
954828,231638.46928820625
954831,231638.46928820625
954867,231638.46928820625
954868,231638.46928820625
954880,231638.46928820625
954892,231638.46928820625
954911,231638.46928820625
954926,231638.46928820625
954928,231638.46928820625
954955,231638.46928820625
954963,231638.46928820625
954972,231638.46928820625
954992,231638.46928820625
955082,231638.46928820625
955110,231638.46928820625
955132,231638.46928820625
955142,231638.46928820625
955152,231638.46928820625
955153,231638.46928820625
955160,231638.46928820625
955162,231638.46928820625
955164,231638.46928820625
955189,231638.46928820625
955190,231638.46928820625
955207,231638.46928820625
955287,231638.46928820625
955308,231638.46928820625
955309,231638.46928820625
955361,231638.46928820625
955376,231638.46928820625
955429,231638.46928820625
955444,231638.46928820625
955445,231638.46928820625
955456,231638.46928820625
955502,231638.46928820625
955525,231638.46928820625
955528,231638.46928820625
955541,231638.46928820625
955557,231638.46928820625
955562,231638.46928820625
955575,231638.46928820625
955601,231638.46928820625
955609,231638.46928820625
955639,231638.46928820625
955664,231638.46928820625
955682,231638.46928820625
955700,231638.46928820625
955727,231638.46928820625
955782,231638.46928820625
955786,231638.46928820625
955801,231638.46928820625
955815,231638.46928820625
955864,231638.46928820625
955926,231638.46928820625
955932,231638.46928820625
955939,231638.46928820625
955961,231638.46928820625
955974,231638.46928820625
955994,231638.46928820625
956001,231638.46928820625
956005,231638.46928820625
956031,231638.46928820625
956035,231638.46928820625
956036,231638.46928820625
956038,231638.46928820625
956042,231638.46928820625
956044,231638.46928820625
956046,231638.46928820625
956050,231638.46928820625
956051,231638.46928820625
956130,231638.46928820625
956137,231638.46928820625
956144,231638.46928820625
956156,231638.46928820625
956187,231638.46928820625
956223,231638.46928820625
956246,231638.46928820625
956263,231638.46928820625
956304,231638.46928820625
956308,231638.46928820625
956488,231638.46928820625
956523,231638.46928820625
956535,231638.46928820625
956556,231638.46928820625
956558,231638.46928820625
956600,231638.46928820625
956627,231638.46928820625
956631,231638.46928820625
956661,231638.46928820625
956687,231638.46928820625
956694,231638.46928820625
956767,231638.46928820625
956774,231638.46928820625
956907,231638.46928820625
956962,231638.46928820625
956966,231638.46928820625
957053,231638.46928820625
957065,231638.46928820625
957149,231638.46928820625
957192,231638.46928820625
957242,231638.46928820625
957408,231638.46928820625
957420,231638.46928820625
957421,231638.46928820625
957444,231638.46928820625
957446,231638.46928820625
957539,231638.46928820625
957550,231638.46928820625
957566,231638.46928820625
957573,231638.46928820625
957608,231638.46928820625
957648,231638.46928820625
957674,231638.46928820625
957675,231638.46928820625
957676,231638.46928820625
957679,231638.46928820625
957684,231638.46928820625
957685,231638.46928820625
957687,231638.46928820625
957699,231638.46928820625
957708,231638.46928820625
957709,231638.46928820625
957720,231638.46928820625
957724,231638.46928820625
957725,231638.46928820625
957749,231638.46928820625
957758,231638.46928820625
957793,231638.46928820625
957840,231638.46928820625
957852,231638.46928820625
957875,231638.46928820625
957955,231638.46928820625
957967,231638.46928820625
957971,231638.46928820625
957987,231638.46928820625
958016,231638.46928820625
958019,231638.46928820625
958038,231638.46928820625
958045,231638.46928820625
958063,231638.46928820625
958116,231638.46928820625
958119,231638.46928820625
958190,231638.46928820625
958198,231638.46928820625
958259,231638.46928820625
958270,231638.46928820625
958285,231638.46928820625
958288,231638.46928820625
958345,231638.46928820625
958383,231638.46928820625
958422,231638.46928820625
958425,231638.46928820625
958428,231638.46928820625
958430,231638.46928820625
958447,231638.46928820625
958454,231638.46928820625
958455,231638.46928820625
958456,231638.46928820625
958493,231638.46928820625
958512,231638.46928820625
958516,231638.46928820625
958517,231638.46928820625
958519,231638.46928820625
958526,231638.46928820625
958527,231638.46928820625
958533,231638.46928820625
958535,231638.46928820625
958538,231638.46928820625
958565,231638.46928820625
958569,231638.46928820625
958570,231638.46928820625
958572,231638.46928820625
958601,231638.46928820625
958657,231638.46928820625
958666,231638.46928820625
958667,231638.46928820625
958671,231638.46928820625
958675,231638.46928820625
958676,231638.46928820625
958679,231638.46928820625
958693,231638.46928820625
958694,231638.46928820625
958697,231638.46928820625
958698,231638.46928820625
958705,231638.46928820625
958707,231638.46928820625
958770,231638.46928820625
958783,231638.46928820625
958791,231638.46928820625
958792,231638.46928820625
958793,231638.46928820625
958797,231638.46928820625
958799,231638.46928820625
958831,231638.46928820625
958839,231638.46928820625
958896,231638.46928820625
958898,231638.46928820625
958985,231638.46928820625
959021,231638.46928820625
959030,231638.46928820625
959031,231638.46928820625
959060,231638.46928820625
959112,231638.46928820625
959114,231638.46928820625
959117,231638.46928820625
959118,231638.46928820625
959121,231638.46928820625
959122,231638.46928820625
959123,231638.46928820625
959124,231638.46928820625
959125,231638.46928820625
959126,231638.46928820625
959128,231638.46928820625
959129,231638.46928820625
959130,231638.46928820625
959131,231638.46928820625
959133,231638.46928820625
959134,231638.46928820625
959142,231638.46928820625
959153,231638.46928820625
959154,231638.46928820625
959166,231638.46928820625
959224,231638.46928820625
959227,231638.46928820625
959265,231638.46928820625
959323,231638.46928820625
959324,231638.46928820625
959357,231638.46928820625
959362,231638.46928820625
959394,231638.46928820625
959419,231638.46928820625
959433,231638.46928820625
959451,231638.46928820625
959466,231638.46928820625
959468,231638.46928820625
959469,231638.46928820625
959476,231638.46928820625
959683,231638.46928820625
959723,231638.46928820625
959725,231638.46928820625
959726,231638.46928820625
959728,231638.46928820625
959741,231638.46928820625
959742,231638.46928820625
959743,231638.46928820625
959744,231638.46928820625
959757,231638.46928820625
959759,231638.46928820625
959940,231638.46928820625
959967,231638.46928820625
960018,231638.46928820625
960029,231638.46928820625
960058,231638.46928820625
960091,231638.46928820625
960118,231638.46928820625
960163,231638.46928820625
960165,231638.46928820625
960169,231638.46928820625
960226,231638.46928820625
960235,231638.46928820625
960241,231638.46928820625
960274,231638.46928820625
960275,231638.46928820625
960284,231638.46928820625
960286,231638.46928820625
960287,231638.46928820625
960289,231638.46928820625
960290,231638.46928820625
960310,231638.46928820625
960340,231638.46928820625
960362,231638.46928820625
960393,231638.46928820625
960410,231638.46928820625
960431,231638.46928820625
960451,231638.46928820625
960478,231638.46928820625
960529,231638.46928820625
960530,231638.46928820625
960581,231638.46928820625
960597,231638.46928820625
960598,231638.46928820625
960634,231638.46928820625
960687,231638.46928820625
960863,231638.46928820625
960913,231638.46928820625
960931,231638.46928820625
960946,231638.46928820625
960947,231638.46928820625
960983,231638.46928820625
961006,231638.46928820625
961035,231638.46928820625
961042,231638.46928820625
961048,231638.46928820625
961123,231638.46928820625
961141,231638.46928820625
961143,231638.46928820625
961183,231638.46928820625
961216,231638.46928820625
961226,231638.46928820625
961246,231638.46928820625
961256,231638.46928820625
961289,231638.46928820625
961337,231638.46928820625
961387,231638.46928820625
961389,231638.46928820625
961395,231638.46928820625
961408,231638.46928820625
961419,231638.46928820625
961420,231638.46928820625
961421,231638.46928820625
961452,231638.46928820625
961461,231638.46928820625
961478,231638.46928820625
961488,231638.46928820625
961489,231638.46928820625
961522,231638.46928820625
961530,231638.46928820625
961548,231638.46928820625
961574,231638.46928820625
961601,231638.46928820625
961605,231638.46928820625
961608,231638.46928820625
961609,231638.46928820625
961699,231638.46928820625
961715,231638.46928820625
961768,231638.46928820625
961788,231638.46928820625
961789,231638.46928820625
961790,231638.46928820625
961791,231638.46928820625
961792,231638.46928820625
961817,231638.46928820625
961822,231638.46928820625
961854,231638.46928820625
961872,231638.46928820625
961877,231638.46928820625
961882,231638.46928820625
962051,231638.46928820625
962065,231638.46928820625
962066,231638.46928820625
962080,231638.46928820625
962082,231638.46928820625
962083,231638.46928820625
962090,231638.46928820625
962109,231638.46928820625
962116,231638.46928820625
962141,231638.46928820625
962144,231638.46928820625
962159,231638.46928820625
962160,231638.46928820625
962165,231638.46928820625
962176,231638.46928820625
962178,231638.46928820625
962179,231638.46928820625
962180,231638.46928820625
962181,231638.46928820625
962182,231638.46928820625
962184,231638.46928820625
962186,231638.46928820625
962217,231638.46928820625
962219,231638.46928820625
962225,231638.46928820625
962235,231638.46928820625
962236,231638.46928820625
962263,231638.46928820625
962287,231638.46928820625
962316,231638.46928820625
962319,231638.46928820625
962336,231638.46928820625
962412,231638.46928820625
962416,231638.46928820625
962419,231638.46928820625
962438,231638.46928820625
962448,231638.46928820625
962501,231638.46928820625
962520,231638.46928820625
962546,231638.46928820625
962551,231638.46928820625
962559,231638.46928820625
962567,231638.46928820625
962572,231638.46928820625
962579,231638.46928820625
962585,231638.46928820625
962586,231638.46928820625
962591,231638.46928820625
962592,231638.46928820625
962630,231638.46928820625
962635,231638.46928820625
962677,231638.46928820625
962728,231638.46928820625
962755,231638.46928820625
962778,231638.46928820625
962796,231638.46928820625
962835,231638.46928820625
962839,231638.46928820625
962845,231638.46928820625
962907,231638.46928820625
962922,231638.46928820625
963001,231638.46928820625
963003,231638.46928820625
963019,231638.46928820625
963020,231638.46928820625
963022,231638.46928820625
963023,231638.46928820625
963041,231638.46928820625
963049,231638.46928820625
963118,231638.46928820625
963122,231638.46928820625
963130,231638.46928820625
963165,231638.46928820625
963199,231638.46928820625
963205,231638.46928820625
963229,231638.46928820625
963313,231638.46928820625
963314,231638.46928820625
963319,231638.46928820625
963325,231638.46928820625
963327,231638.46928820625
963340,231638.46928820625
963362,231638.46928820625
963366,231638.46928820625
963375,231638.46928820625
963378,231638.46928820625
963381,231638.46928820625
963447,231638.46928820625
963472,231638.46928820625
963488,231638.46928820625
963490,231638.46928820625
963539,231638.46928820625
963651,231638.46928820625
963676,231638.46928820625
963682,231638.46928820625
963837,231638.46928820625
963857,231638.46928820625
963905,231638.46928820625
963929,231638.46928820625
963960,231638.46928820625
963971,231638.46928820625
963973,231638.46928820625
963986,231638.46928820625
964018,231638.46928820625
964048,231638.46928820625
964049,231638.46928820625
964055,231638.46928820625
964098,231638.46928820625
964135,231638.46928820625
964156,231638.46928820625
964157,231638.46928820625
964171,231638.46928820625
964207,231638.46928820625
964208,231638.46928820625
964209,231638.46928820625
964271,231638.46928820625
964304,231638.46928820625
964312,231638.46928820625
964314,231638.46928820625
964333,231638.46928820625
964369,231638.46928820625
964488,231638.46928820625
964527,231638.46928820625
964570,231638.46928820625
964580,231638.46928820625
964591,231638.46928820625
964592,231638.46928820625
964593,231638.46928820625
964595,231638.46928820625
964622,231638.46928820625
964625,231638.46928820625
964642,231638.46928820625
964705,231638.46928820625
964813,231638.46928820625
964839,231638.46928820625
964849,231638.46928820625
964911,231638.46928820625
964984,231638.46928820625
964997,231638.46928820625
965033,231638.46928820625
965053,231638.46928820625
965089,231638.46928820625
965099,231638.46928820625
965116,231638.46928820625
965131,231638.46928820625
965145,231638.46928820625
965153,231638.46928820625
965176,231638.46928820625
965182,231638.46928820625
965184,231638.46928820625
965201,231638.46928820625
965216,231638.46928820625
965242,231638.46928820625
965260,231638.46928820625
965262,231638.46928820625
965305,231638.46928820625
965315,231638.46928820625
965320,231638.46928820625
965321,231638.46928820625
965322,231638.46928820625
965324,231638.46928820625
965325,231638.46928820625
965326,231638.46928820625
965341,231638.46928820625
965342,231638.46928820625
965346,231638.46928820625
965349,231638.46928820625
965438,231638.46928820625
965466,231638.46928820625
965474,231638.46928820625
965499,231638.46928820625
965515,231638.46928820625
965560,231638.46928820625
965648,231638.46928820625
965688,231638.46928820625
965717,231638.46928820625
965754,231638.46928820625
965792,231638.46928820625
965794,231638.46928820625
965821,231638.46928820625
965856,231638.46928820625
965860,231638.46928820625
965954,231638.46928820625
965967,231638.46928820625
965968,231638.46928820625
965975,231638.46928820625
965981,231638.46928820625
965989,231638.46928820625
965993,231638.46928820625
966015,231638.46928820625
966059,231638.46928820625
966070,231638.46928820625
966074,231638.46928820625
966123,231638.46928820625
966139,231638.46928820625
966205,231638.46928820625
966220,231638.46928820625
966221,231638.46928820625
966238,231638.46928820625
966269,231638.46928820625
966276,231638.46928820625
966385,231638.46928820625
966397,231638.46928820625
966400,231638.46928820625
966406,231638.46928820625
966407,231638.46928820625
966413,231638.46928820625
966548,231638.46928820625
966549,231638.46928820625
966562,231638.46928820625
966579,231638.46928820625
966639,231638.46928820625
966650,231638.46928820625
966654,231638.46928820625
966664,231638.46928820625
966674,231638.46928820625
966692,231638.46928820625
966729,231638.46928820625
966732,231638.46928820625
966736,231638.46928820625
966737,231638.46928820625
966740,231638.46928820625
966773,231638.46928820625
966776,231638.46928820625
966777,231638.46928820625
966785,231638.46928820625
966863,231638.46928820625
966867,231638.46928820625
966884,231638.46928820625
967014,231638.46928820625
967027,231638.46928820625
967032,231638.46928820625
967048,231638.46928820625
967051,231638.46928820625
967073,231638.46928820625
967078,231638.46928820625
967082,231638.46928820625
967103,231638.46928820625
967105,231638.46928820625
967112,231638.46928820625
967117,231638.46928820625
967166,231638.46928820625
967193,231638.46928820625
967213,231638.46928820625
967243,231638.46928820625
967255,231638.46928820625
967256,231638.46928820625
967274,231638.46928820625
967362,231638.46928820625
967411,231638.46928820625
967424,231638.46928820625
967430,231638.46928820625
967440,231638.46928820625
967447,231638.46928820625
967477,231638.46928820625
967478,231638.46928820625
967479,231638.46928820625
967480,231638.46928820625
967481,231638.46928820625
967482,231638.46928820625
967517,231638.46928820625
967546,231638.46928820625
967589,231638.46928820625
967639,231638.46928820625
967656,231638.46928820625
967666,231638.46928820625
967726,231638.46928820625
967727,231638.46928820625
967768,231638.46928820625
967803,231638.46928820625
967816,231638.46928820625
967891,231638.46928820625
967966,231638.46928820625
967985,231638.46928820625
967996,231638.46928820625
968019,231638.46928820625
968035,231638.46928820625
968063,231638.46928820625
968149,231638.46928820625
968159,231638.46928820625
968186,231638.46928820625
968187,231638.46928820625
968188,231638.46928820625
968215,231638.46928820625
968217,231638.46928820625
968228,231638.46928820625
968232,231638.46928820625
968238,231638.46928820625
968240,231638.46928820625
968277,231638.46928820625
968292,231638.46928820625
968333,231638.46928820625
968353,231638.46928820625
968365,231638.46928820625
968442,231638.46928820625
968487,231638.46928820625
968527,231638.46928820625
968535,231638.46928820625
968598,231638.46928820625
968605,231638.46928820625
968628,231638.46928820625
968631,231638.46928820625
968633,231638.46928820625
968723,231638.46928820625
968786,231638.46928820625
968788,231638.46928820625
968812,231638.46928820625
968839,231638.46928820625
968898,231638.46928820625
968899,231638.46928820625
968907,231638.46928820625
968908,231638.46928820625
968942,231638.46928820625
968974,231638.46928820625
968981,231638.46928820625
968986,231638.46928820625
968991,231638.46928820625
969006,231638.46928820625
969040,231638.46928820625
969050,231638.46928820625
969082,231638.46928820625
969083,231638.46928820625
969126,231638.46928820625
969168,231638.46928820625
969211,231638.46928820625
969215,231638.46928820625
969216,231638.46928820625
969312,231638.46928820625
969313,231638.46928820625
969332,231638.46928820625
969338,231638.46928820625
969382,231638.46928820625
969384,231638.46928820625
969386,231638.46928820625
969420,231638.46928820625
969432,231638.46928820625
969434,231638.46928820625
969465,231638.46928820625
969484,231638.46928820625
969486,231638.46928820625
969510,231638.46928820625
969529,231638.46928820625
969551,231638.46928820625
969572,231638.46928820625
969592,231638.46928820625
969597,231638.46928820625
969753,231638.46928820625
969763,231638.46928820625
969791,231638.46928820625
969793,231638.46928820625
969821,231638.46928820625
969838,231638.46928820625
969862,231638.46928820625
969873,231638.46928820625
969882,231638.46928820625
969889,231638.46928820625
969891,231638.46928820625
969926,231638.46928820625
969928,231638.46928820625
969929,231638.46928820625
969933,231638.46928820625
969954,231638.46928820625
970078,231638.46928820625
970079,231638.46928820625
970210,231638.46928820625
970216,231638.46928820625
970312,231638.46928820625
970329,231638.46928820625
970398,231638.46928820625
970400,231638.46928820625
970401,231638.46928820625
970404,231638.46928820625
970405,231638.46928820625
970412,231638.46928820625
970427,231638.46928820625
970442,231638.46928820625
970459,231638.46928820625
970491,231638.46928820625
970585,231638.46928820625
970587,231638.46928820625
970654,231638.46928820625
970657,231638.46928820625
970705,231638.46928820625
970711,231638.46928820625
970714,231638.46928820625
970728,231638.46928820625
970764,231638.46928820625
970771,231638.46928820625
970786,231638.46928820625
970817,231638.46928820625
970868,231638.46928820625
970888,231638.46928820625
970947,231638.46928820625
970961,231638.46928820625
970980,231638.46928820625
970988,231638.46928820625
971011,231638.46928820625
971020,231638.46928820625
971029,231638.46928820625
971033,231638.46928820625
971083,231638.46928820625
971088,231638.46928820625
971102,231638.46928820625
971111,231638.46928820625
971160,231638.46928820625
971222,231638.46928820625
971235,231638.46928820625
971238,231638.46928820625
971248,231638.46928820625
971264,231638.46928820625
971332,231638.46928820625
971401,231638.46928820625
971433,231638.46928820625
971445,231638.46928820625
971483,231638.46928820625
971505,231638.46928820625
971510,231638.46928820625
971557,231638.46928820625
971558,231638.46928820625
971561,231638.46928820625
971563,231638.46928820625
971591,231638.46928820625
971615,231638.46928820625
971627,231638.46928820625
971633,231638.46928820625
971661,231638.46928820625
971666,231638.46928820625
971673,231638.46928820625
971685,231638.46928820625
971688,231638.46928820625
971731,231638.46928820625
971733,231638.46928820625
971748,231638.46928820625
971779,231638.46928820625
971780,231638.46928820625
971794,231638.46928820625
971800,231638.46928820625
971828,231638.46928820625
971852,231638.46928820625
971853,231638.46928820625
971869,231638.46928820625
971893,231638.46928820625
971896,231638.46928820625
971941,231638.46928820625
971953,231638.46928820625
971973,231638.46928820625
971981,231638.46928820625
972061,231638.46928820625
972062,231638.46928820625
972118,231638.46928820625
972189,231638.46928820625
972259,231638.46928820625
972279,231638.46928820625
972291,231638.46928820625
972303,231638.46928820625
972341,231638.46928820625
972396,231638.46928820625
972409,231638.46928820625
972423,231638.46928820625
972428,231638.46928820625
972438,231638.46928820625
972457,231638.46928820625
972463,231638.46928820625
972466,231638.46928820625
972471,231638.46928820625
972475,231638.46928820625
972507,231638.46928820625
972521,231638.46928820625
972525,231638.46928820625
972565,231638.46928820625
972580,231638.46928820625
972715,231638.46928820625
972769,231638.46928820625
972838,231638.46928820625
972842,231638.46928820625
972867,231638.46928820625
972923,231638.46928820625
973030,231638.46928820625
973244,231638.46928820625
973273,231638.46928820625
973296,231638.46928820625
973300,231638.46928820625
973304,231638.46928820625
973322,231638.46928820625
973360,231638.46928820625
973361,231638.46928820625
973392,231638.46928820625
973393,231638.46928820625
973399,231638.46928820625
973409,231638.46928820625
973625,231638.46928820625
973626,231638.46928820625
973674,231638.46928820625
973790,231638.46928820625
973799,231638.46928820625
973800,231638.46928820625
973808,231638.46928820625
973816,231638.46928820625
973848,231638.46928820625
973849,231638.46928820625
973850,231638.46928820625
973852,231638.46928820625
973913,231638.46928820625
973914,231638.46928820625
973919,231638.46928820625
973923,231638.46928820625
973931,231638.46928820625
973933,231638.46928820625
973936,231638.46928820625
973937,231638.46928820625
973938,231638.46928820625
973939,231638.46928820625
973974,231638.46928820625
973997,231638.46928820625
973998,231638.46928820625
974004,231638.46928820625
974009,231638.46928820625
974010,231638.46928820625
974011,231638.46928820625
974029,231638.46928820625
974044,231638.46928820625
974062,231638.46928820625
974122,231638.46928820625
974123,231638.46928820625
974125,231638.46928820625
974128,231638.46928820625
974129,231638.46928820625
974130,231638.46928820625
974132,231638.46928820625
974138,231638.46928820625
974182,231638.46928820625
974209,231638.46928820625
974288,231638.46928820625
974291,231638.46928820625
974321,231638.46928820625
974325,231638.46928820625
974329,231638.46928820625
974335,231638.46928820625
974337,231638.46928820625
974363,231638.46928820625
974365,231638.46928820625
974370,231638.46928820625
974406,231638.46928820625
974407,231638.46928820625
974432,231638.46928820625
974460,231638.46928820625
974472,231638.46928820625
974498,231638.46928820625
974527,231638.46928820625
974566,231638.46928820625
974570,231638.46928820625
974571,231638.46928820625
974605,231638.46928820625
974625,231638.46928820625
974627,231638.46928820625
974737,231638.46928820625
974748,231638.46928820625
974756,231638.46928820625
974802,231638.46928820625
974803,231638.46928820625
974848,231638.46928820625
974863,231638.46928820625
974957,231638.46928820625
974995,231638.46928820625
975004,231638.46928820625
975034,231638.46928820625
975045,231638.46928820625
975064,231638.46928820625
975094,231638.46928820625
975113,231638.46928820625
975121,231638.46928820625
975142,231638.46928820625
975189,231638.46928820625
975204,231638.46928820625
975684,231638.46928820625
975738,231638.46928820625
975893,231638.46928820625
975960,231638.46928820625
975965,231638.46928820625
975971,231638.46928820625
975973,231638.46928820625
976102,231638.46928820625
976136,231638.46928820625
976176,231638.46928820625
976194,231638.46928820625
976223,231638.46928820625
976790,231638.46928820625
976796,231638.46928820625
976831,231638.46928820625
976844,231638.46928820625
976846,231638.46928820625
976869,231638.46928820625
976876,231638.46928820625
976942,231638.46928820625
976948,231638.46928820625
977106,231638.46928820625
977126,231638.46928820625
977160,231638.46928820625
977222,231638.46928820625
977224,231638.46928820625
977232,231638.46928820625
977312,231638.46928820625
977316,231638.46928820625
977321,231638.46928820625
977324,231638.46928820625
977326,231638.46928820625
977344,231638.46928820625
977374,231638.46928820625
977376,231638.46928820625
977377,231638.46928820625
977379,231638.46928820625
977412,231638.46928820625
977458,231638.46928820625
977460,231638.46928820625
977464,231638.46928820625
977488,231638.46928820625
977506,231638.46928820625
977613,231638.46928820625
977650,231638.46928820625
977652,231638.46928820625
977653,231638.46928820625
977658,231638.46928820625
977661,231638.46928820625
977687,231638.46928820625
977726,231638.46928820625
977754,231638.46928820625
977778,231638.46928820625
977783,231638.46928820625
977790,231638.46928820625
977815,231638.46928820625
977816,231638.46928820625
977850,231638.46928820625
977854,231638.46928820625
977860,231638.46928820625
977892,231638.46928820625
977893,231638.46928820625
977908,231638.46928820625
977923,231638.46928820625
977960,231638.46928820625
977971,231638.46928820625
978147,231638.46928820625
978197,231638.46928820625
978202,231638.46928820625
978203,231638.46928820625
978279,231638.46928820625
978321,231638.46928820625
978322,231638.46928820625
978325,231638.46928820625
978329,231638.46928820625
978331,231638.46928820625
978334,231638.46928820625
978348,231638.46928820625
978375,231638.46928820625
978425,231638.46928820625
978427,231638.46928820625
978429,231638.46928820625
978432,231638.46928820625
978444,231638.46928820625
978449,231638.46928820625
978673,231638.46928820625
978695,231638.46928820625
978730,231638.46928820625
978731,231638.46928820625
978753,231638.46928820625
978765,231638.46928820625
978789,231638.46928820625
978795,231638.46928820625
978858,231638.46928820625
978906,231638.46928820625
978909,231638.46928820625
978910,231638.46928820625
978912,231638.46928820625
978935,231638.46928820625
978958,231638.46928820625
978959,231638.46928820625
978999,231638.46928820625
979014,231638.46928820625
979050,231638.46928820625
979051,231638.46928820625
979084,231638.46928820625
979101,231638.46928820625
979108,231638.46928820625
979121,231638.46928820625
979131,231638.46928820625
979175,231638.46928820625
979191,231638.46928820625
979243,231638.46928820625
979248,231638.46928820625
979249,231638.46928820625
979256,231638.46928820625
979279,231638.46928820625
979282,231638.46928820625
979283,231638.46928820625
979319,231638.46928820625
979358,231638.46928820625
979369,231638.46928820625
979393,231638.46928820625
979403,231638.46928820625
979443,231638.46928820625
979445,231638.46928820625
979447,231638.46928820625
979449,231638.46928820625
979453,231638.46928820625
979457,231638.46928820625
979458,231638.46928820625
979468,231638.46928820625
979551,231638.46928820625
979584,231638.46928820625
979587,231638.46928820625
979595,231638.46928820625
979642,231638.46928820625
979659,231638.46928820625
979665,231638.46928820625
979679,231638.46928820625
979743,231638.46928820625
979750,231638.46928820625
979751,231638.46928820625
979812,231638.46928820625
979832,231638.46928820625
979837,231638.46928820625
979853,231638.46928820625
979854,231638.46928820625
979931,231638.46928820625
980083,231638.46928820625
980197,231638.46928820625
980233,231638.46928820625
980239,231638.46928820625
980240,231638.46928820625
980273,231638.46928820625
980329,231638.46928820625
980330,231638.46928820625
980349,231638.46928820625
980411,231638.46928820625
980460,231638.46928820625
980526,231638.46928820625
980552,231638.46928820625
980564,231638.46928820625
980566,231638.46928820625
980601,231638.46928820625
980692,231638.46928820625
980751,231638.46928820625
980849,231638.46928820625
980863,231638.46928820625
980864,231638.46928820625
980867,231638.46928820625
980942,231638.46928820625
980981,231638.46928820625
981136,231638.46928820625
981167,231638.46928820625
981169,231638.46928820625
981268,231638.46928820625
981269,231638.46928820625
981270,231638.46928820625
981332,231638.46928820625
981380,231638.46928820625
981464,231638.46928820625
981671,231638.46928820625
981683,231638.46928820625
981684,231638.46928820625
981685,231638.46928820625
981689,231638.46928820625
981696,231638.46928820625
981697,231638.46928820625
981698,231638.46928820625
981699,231638.46928820625
981714,231638.46928820625
981742,231638.46928820625
981894,231638.46928820625
981947,231638.46928820625
982012,231638.46928820625
982055,231638.46928820625
982274,231638.46928820625
982285,231638.46928820625
983029,231638.46928820625
983030,231638.46928820625
983126,231638.46928820625
983170,231638.46928820625
983293,231638.46928820625
983294,231638.46928820625
983298,231638.46928820625
983374,231638.46928820625
983378,231638.46928820625
983651,231638.46928820625
983752,231638.46928820625
984096,231638.46928820625
984122,231638.46928820625
984320,231638.46928820625
984322,231638.46928820625
984733,231638.46928820625
984734,231638.46928820625
984768,231638.46928820625
984892,231638.46928820625
985039,231638.46928820625
985041,231638.46928820625
985042,231638.46928820625
985043,231638.46928820625
985119,231638.46928820625
985151,231638.46928820625
985154,231638.46928820625
985156,231638.46928820625
985159,231638.46928820625
985161,231638.46928820625
985165,231638.46928820625
985166,231638.46928820625
985167,231638.46928820625
985313,231638.46928820625
985320,231638.46928820625
985337,231638.46928820625
985364,231638.46928820625
985407,231638.46928820625
985520,231638.46928820625
985545,231638.46928820625
985670,231638.46928820625
985683,231638.46928820625
985684,231638.46928820625
985767,231638.46928820625
985811,231638.46928820625
985813,231638.46928820625
985814,231638.46928820625
985815,231638.46928820625
985818,231638.46928820625
985840,231638.46928820625
985841,231638.46928820625
985981,231638.46928820625
986056,231638.46928820625
986103,231638.46928820625
986115,231638.46928820625
986139,231638.46928820625
986207,231638.46928820625
986208,231638.46928820625
986212,231638.46928820625
986213,231638.46928820625
986214,231638.46928820625
986274,231638.46928820625
986275,231638.46928820625
986390,231638.46928820625
986417,231638.46928820625
986512,231638.46928820625
986616,231638.46928820625
986618,231638.46928820625
987237,231638.46928820625
987240,231638.46928820625
987247,231638.46928820625
987346,231638.46928820625
987563,231638.46928820625
987614,231638.46928820625
987631,231638.46928820625
987671,231638.46928820625
987844,231638.46928820625
987916,231638.46928820625
987959,231638.46928820625
988030,231638.46928820625
988085,231638.46928820625
988120,231638.46928820625
988128,231638.46928820625
988131,231638.46928820625
988330,231638.46928820625
988404,231638.46928820625
988522,231638.46928820625
988664,231638.46928820625
988763,231638.46928820625
988798,231638.46928820625
988844,231638.46928820625
988874,231638.46928820625
988876,231638.46928820625
988929,231638.46928820625
988942,231638.46928820625
988993,231638.46928820625
989061,231638.46928820625
989298,231638.46928820625
989301,231638.46928820625
989302,231638.46928820625
989305,231638.46928820625
989372,231638.46928820625
989373,231638.46928820625
989378,231638.46928820625
989379,231638.46928820625
989380,231638.46928820625
989419,231638.46928820625
989524,231638.46928820625
989588,231638.46928820625
989589,231638.46928820625
989592,231638.46928820625
989593,231638.46928820625
989666,231638.46928820625
989733,231638.46928820625
989814,231638.46928820625
989873,231638.46928820625
989876,231638.46928820625
989903,231638.46928820625
989933,231638.46928820625
989942,231638.46928820625
989988,231638.46928820625
989990,231638.46928820625
989996,231638.46928820625
990011,231638.46928820625
990133,231638.46928820625
990149,231638.46928820625
990150,231638.46928820625
990151,231638.46928820625
990152,231638.46928820625
990166,231638.46928820625
990272,231638.46928820625
990286,231638.46928820625
990330,231638.46928820625
991069,231638.46928820625
991073,231638.46928820625
991157,231638.46928820625
991199,231638.46928820625
991266,231638.46928820625
991272,231638.46928820625
991278,231638.46928820625
991349,231638.46928820625
991352,231638.46928820625
991425,231638.46928820625
991464,231638.46928820625
991467,231638.46928820625
991468,231638.46928820625
991469,231638.46928820625
991475,231638.46928820625
991477,231638.46928820625
991480,231638.46928820625
991487,231638.46928820625
991490,231638.46928820625
991616,231638.46928820625
991701,231638.46928820625
991703,231638.46928820625
991720,231638.46928820625
991738,231638.46928820625
991812,231638.46928820625
991825,231638.46928820625
991826,231638.46928820625
991832,231638.46928820625
991836,231638.46928820625
991895,231638.46928820625
991908,231638.46928820625
991913,231638.46928820625
991940,231638.46928820625
992565,231638.46928820625
992574,231638.46928820625
992717,231638.46928820625
992721,231638.46928820625
992722,231638.46928820625
992724,231638.46928820625
992726,231638.46928820625
992727,231638.46928820625
992728,231638.46928820625
992745,231638.46928820625
992746,231638.46928820625
992775,231638.46928820625
992783,231638.46928820625
992832,231638.46928820625
992874,231638.46928820625
992899,231638.46928820625
992904,231638.46928820625
992948,231638.46928820625
992977,231638.46928820625
992988,231638.46928820625
993216,231638.46928820625
993459,231638.46928820625
993468,231638.46928820625
993509,231638.46928820625
993527,231638.46928820625
994032,231638.46928820625
994088,231638.46928820625
994215,231638.46928820625
994299,231638.46928820625
994506,231638.46928820625
994507,231638.46928820625
994530,231638.46928820625
994764,231638.46928820625
994812,231638.46928820625
994814,231638.46928820625
994834,231638.46928820625
994906,231638.46928820625
994936,231638.46928820625
994956,231638.46928820625
994960,231638.46928820625
994983,231638.46928820625
994991,231638.46928820625
994995,231638.46928820625
995000,231638.46928820625
995001,231638.46928820625
995007,231638.46928820625
995008,231638.46928820625
995021,231638.46928820625
995031,231638.46928820625
995035,231638.46928820625
995036,231638.46928820625
995042,231638.46928820625
995044,231638.46928820625
995055,231638.46928820625
995057,231638.46928820625
995076,231638.46928820625
995118,231638.46928820625
995133,231638.46928820625
995142,231638.46928820625
995260,231638.46928820625
995313,231638.46928820625
995352,231638.46928820625
995366,231638.46928820625
995437,231638.46928820625
995479,231638.46928820625
995619,231638.46928820625
995646,231638.46928820625
995669,231638.46928820625
995780,231638.46928820625
995874,231638.46928820625
995916,231638.46928820625
995946,231638.46928820625
995947,231638.46928820625
995948,231638.46928820625
996053,231638.46928820625
996103,231638.46928820625
996178,231638.46928820625
996180,231638.46928820625
996184,231638.46928820625
996364,231638.46928820625
996473,231638.46928820625
996581,231638.46928820625
996796,231638.46928820625
996804,231638.46928820625
997041,231638.46928820625
997166,231638.46928820625
997167,231638.46928820625
997168,231638.46928820625
997186,231638.46928820625
997196,231638.46928820625
997244,231638.46928820625
997245,231638.46928820625
997392,231638.46928820625
997403,231638.46928820625
997443,231638.46928820625
997541,231638.46928820625
997542,231638.46928820625
997691,231638.46928820625
997755,231638.46928820625
997773,231638.46928820625
997774,231638.46928820625
997795,231638.46928820625
997808,231638.46928820625
997935,231638.46928820625
998092,231638.46928820625
998095,231638.46928820625
998098,231638.46928820625
998275,231638.46928820625
998276,231638.46928820625
998376,231638.46928820625
998498,231638.46928820625
998564,231638.46928820625
998567,231638.46928820625
998574,231638.46928820625
998575,231638.46928820625
998577,231638.46928820625
998615,231638.46928820625
998616,231638.46928820625
998620,231638.46928820625
998621,231638.46928820625
998622,231638.46928820625
998624,231638.46928820625
998645,231638.46928820625
998646,231638.46928820625
998649,231638.46928820625
998650,231638.46928820625
998651,231638.46928820625
998862,231638.46928820625
998925,231638.46928820625
999025,231638.46928820625
999050,231638.46928820625
999543,231638.46928820625
999625,231638.46928820625
999712,231638.46928820625
999754,231638.46928820625
999960,231638.46928820625
1000541,231638.46928820625
1000644,231638.46928820625
1000692,231638.46928820625
1000727,231638.46928820625
1001116,231638.46928820625
1001294,231638.46928820625
1001409,231638.46928820625
1001421,231638.46928820625
1001616,231638.46928820625
1001945,231638.46928820625
1001991,231638.46928820625
1002183,231638.46928820625
1002319,231638.46928820625
1002326,231638.46928820625
1002411,231638.46928820625
1002412,231638.46928820625
1002571,231638.46928820625
1002606,231638.46928820625
1002607,231638.46928820625
1002626,231638.46928820625
1002643,231638.46928820625
1002658,231638.46928820625
1002678,231638.46928820625
1002694,231638.46928820625
1002727,231638.46928820625
1002742,231638.46928820625
1002822,231638.46928820625
1002827,231638.46928820625
1002861,231638.46928820625
1002863,231638.46928820625
1002864,231638.46928820625
1002865,231638.46928820625
1003030,231638.46928820625
1003043,231638.46928820625
1003047,231638.46928820625
1003089,231638.46928820625
1003171,231638.46928820625
1003257,231638.46928820625
1003435,231638.46928820625
1003611,231638.46928820625
1003612,231638.46928820625
1003619,231638.46928820625
1003639,231638.46928820625
1003692,231638.46928820625
1003816,231638.46928820625
1003817,231638.46928820625
1003836,231638.46928820625
1003840,231638.46928820625
1003859,231638.46928820625
1003902,231638.46928820625
1003907,231638.46928820625
1003940,231638.46928820625
1003956,231638.46928820625
1003974,231638.46928820625
1003976,231638.46928820625
1003980,231638.46928820625
1003985,231638.46928820625
1003988,231638.46928820625
1004037,231638.46928820625
1004051,231638.46928820625
1004069,231638.46928820625
1004074,231638.46928820625
1004075,231638.46928820625
1004084,231638.46928820625
1004189,231638.46928820625
1004217,231638.46928820625
1004262,231638.46928820625
1004284,231638.46928820625
1004331,231638.46928820625
1004336,231638.46928820625
1004413,231638.46928820625
1004421,231638.46928820625
1004490,231638.46928820625
1004566,231638.46928820625
1004579,231638.46928820625
1004675,231638.46928820625
1004832,231638.46928820625
1004935,231638.46928820625
1005039,231638.46928820625
1005060,231638.46928820625
1005124,231638.46928820625
1005127,231638.46928820625
1005128,231638.46928820625
1005129,231638.46928820625
1005130,231638.46928820625
1005132,231638.46928820625
1005134,231638.46928820625
1005138,231638.46928820625
1005236,231638.46928820625
1005238,231638.46928820625
1005262,231638.46928820625
1005413,231638.46928820625
1005464,231638.46928820625
1005466,231638.46928820625
1005467,231638.46928820625
1005547,231638.46928820625
1005674,231638.46928820625
1005675,231638.46928820625
1005710,231638.46928820625
1005732,231638.46928820625
1005936,231638.46928820625
1005980,231638.46928820625
1005986,231638.46928820625
1005987,231638.46928820625
1006073,231638.46928820625
1006141,231638.46928820625
1006421,231638.46928820625
1006494,231638.46928820625
1006532,231638.46928820625
1006557,231638.46928820625
1006674,231638.46928820625
1006675,231638.46928820625
1006761,231638.46928820625
1006797,231638.46928820625
1006798,231638.46928820625
1006876,231638.46928820625
1006880,231638.46928820625
1006988,231638.46928820625
1007061,231638.46928820625
1007082,231638.46928820625
1007101,231638.46928820625
1007108,231638.46928820625
1007109,231638.46928820625
1007172,231638.46928820625
1007233,231638.46928820625
1007235,231638.46928820625
1007239,231638.46928820625
1007271,231638.46928820625
1007352,231638.46928820625
1007401,231638.46928820625
1007430,231638.46928820625
1007571,231638.46928820625
1007600,231638.46928820625
1007789,231638.46928820625
1007797,231638.46928820625
1007830,231638.46928820625
1007849,231638.46928820625
1007856,231638.46928820625
1007857,231638.46928820625
1007917,231638.46928820625
1007967,231638.46928820625
1007994,231638.46928820625
1008148,231638.46928820625
1008157,231638.46928820625
1008169,231638.46928820625
1008170,231638.46928820625
1008173,231638.46928820625
1008307,231638.46928820625
1008308,231638.46928820625
1008352,231638.46928820625
1008357,231638.46928820625
1008358,231638.46928820625
1008361,231638.46928820625
1008386,231638.46928820625
1008418,231638.46928820625
1008428,231638.46928820625
1008433,231638.46928820625
1008501,231638.46928820625
1008510,231638.46928820625
1008550,231638.46928820625
1008563,231638.46928820625
1008564,231638.46928820625
1008595,231638.46928820625
1008641,231638.46928820625
1008677,231638.46928820625
1008707,231638.46928820625
1008732,231638.46928820625
1008734,231638.46928820625
1008741,231638.46928820625
1008744,231638.46928820625
1008749,231638.46928820625
1008759,231638.46928820625
1008760,231638.46928820625
1008803,231638.46928820625
1008804,231638.46928820625
1008805,231638.46928820625
1008829,231638.46928820625
1008833,231638.46928820625
1008838,231638.46928820625
1008855,231638.46928820625
1008862,231638.46928820625
1008878,231638.46928820625
1008892,231638.46928820625
1008914,231638.46928820625
1008927,231638.46928820625
1008932,231638.46928820625
1009016,231638.46928820625
1009077,231638.46928820625
1009084,231638.46928820625
1009088,231638.46928820625
1009218,231638.46928820625
1009229,231638.46928820625
1009308,231638.46928820625
1009310,231638.46928820625
1009337,231638.46928820625
1009366,231638.46928820625
1009424,231638.46928820625
1009487,231638.46928820625
1009509,231638.46928820625
1009510,231638.46928820625
1009517,231638.46928820625
1009520,231638.46928820625
1009528,231638.46928820625
1009530,231638.46928820625
1009531,231638.46928820625
1009532,231638.46928820625
1009533,231638.46928820625
1009534,231638.46928820625
1009535,231638.46928820625
1009590,231638.46928820625
1009596,231638.46928820625
1009672,231638.46928820625
1009736,231638.46928820625
1009859,231638.46928820625
1009864,231638.46928820625
1009866,231638.46928820625
1009891,231638.46928820625
1009942,231638.46928820625
1009948,231638.46928820625
1009965,231638.46928820625
1009970,231638.46928820625
1010054,231638.46928820625
1010066,231638.46928820625
1010068,231638.46928820625
1010069,231638.46928820625
1010104,231638.46928820625
1010110,231638.46928820625
1010185,231638.46928820625
1010186,231638.46928820625
1010276,231638.46928820625
1010411,231638.46928820625
1010542,231638.46928820625
1010544,231638.46928820625
1010584,231638.46928820625
1010592,231638.46928820625
1010667,231638.46928820625
1010678,231638.46928820625
1010679,231638.46928820625
1010680,231638.46928820625
1010686,231638.46928820625
1010704,231638.46928820625
1010740,231638.46928820625
1010833,231638.46928820625
1010913,231638.46928820625
1010950,231638.46928820625
1010951,231638.46928820625
1010980,231638.46928820625
1010999,231638.46928820625
1011028,231638.46928820625
1011032,231638.46928820625
1011122,231638.46928820625
1011132,231638.46928820625
1011134,231638.46928820625
1011135,231638.46928820625
1011148,231638.46928820625
1011150,231638.46928820625
1011203,231638.46928820625
1011204,231638.46928820625
1011275,231638.46928820625
1011335,231638.46928820625
1011414,231638.46928820625
1011429,231638.46928820625
1011430,231638.46928820625
1011489,231638.46928820625
1011573,231638.46928820625
1011574,231638.46928820625
1011701,231638.46928820625
1011778,231638.46928820625
1011854,231638.46928820625
1011914,231638.46928820625
1012038,231638.46928820625
1012128,231638.46928820625
1012273,231638.46928820625
1012311,231638.46928820625
1012320,231638.46928820625
1012331,231638.46928820625
1012332,231638.46928820625
1012339,231638.46928820625
1012507,231638.46928820625
1012542,231638.46928820625
1012574,231638.46928820625
1012587,231638.46928820625
1012712,231638.46928820625
1012714,231638.46928820625
1012716,231638.46928820625
1012752,231638.46928820625
1012830,231638.46928820625
1012898,231638.46928820625
1012945,231638.46928820625
1013031,231638.46928820625
1013155,231638.46928820625
1013161,231638.46928820625
1013177,231638.46928820625
1013187,231638.46928820625
1013234,231638.46928820625
1013244,231638.46928820625
1013288,231638.46928820625
1013290,231638.46928820625
1013352,231638.46928820625
1013443,231638.46928820625
1013494,231638.46928820625
1013507,231638.46928820625
1013544,231638.46928820625
1013547,231638.46928820625
1013630,231638.46928820625
1013704,231638.46928820625
1013740,231638.46928820625
1013742,231638.46928820625
1013743,231638.46928820625
1013786,231638.46928820625
1013962,231638.46928820625
1014083,231638.46928820625
1014108,231638.46928820625
1014164,231638.46928820625
1014237,231638.46928820625
1014240,231638.46928820625
1014368,231638.46928820625
1014476,231638.46928820625
1014483,231638.46928820625
1014498,231638.46928820625
1014551,231638.46928820625
1014571,231638.46928820625
1014624,231638.46928820625
1014635,231638.46928820625
1014637,231638.46928820625
1014638,231638.46928820625
1014641,231638.46928820625
1014665,231638.46928820625
1014669,231638.46928820625
1014738,231638.46928820625
1014928,231638.46928820625
1014999,231638.46928820625
1015031,231638.46928820625
1015103,231638.46928820625
1015125,231638.46928820625
1015134,231638.46928820625
1015243,231638.46928820625
1015347,231638.46928820625
1015350,231638.46928820625
1015360,231638.46928820625
1015361,231638.46928820625
1015366,231638.46928820625
1015403,231638.46928820625
1015482,231638.46928820625
1015484,231638.46928820625
1015485,231638.46928820625
1015486,231638.46928820625
1015502,231638.46928820625
1015524,231638.46928820625
1015534,231638.46928820625
1015540,231638.46928820625
1015557,231638.46928820625
1015579,231638.46928820625
1015597,231638.46928820625
1015681,231638.46928820625
1015697,231638.46928820625
1015714,231638.46928820625
1015804,231638.46928820625
1015824,231638.46928820625
1015843,231638.46928820625
1015872,231638.46928820625
1015908,231638.46928820625
1015909,231638.46928820625
1015911,231638.46928820625
1015919,231638.46928820625
1015920,231638.46928820625
1016040,231638.46928820625
1016042,231638.46928820625
1016098,231638.46928820625
1016117,231638.46928820625
1016413,231638.46928820625
1016734,231638.46928820625
1016888,231638.46928820625
1016927,231638.46928820625
1017116,231638.46928820625
1017118,231638.46928820625
1017166,231638.46928820625
1017176,231638.46928820625
1017264,231638.46928820625
1017383,231638.46928820625
1017418,231638.46928820625
1017424,231638.46928820625
1017427,231638.46928820625
1017428,231638.46928820625
1017503,231638.46928820625
1017563,231638.46928820625
1017579,231638.46928820625
1017600,231638.46928820625
1017626,231638.46928820625
1017637,231638.46928820625
1017693,231638.46928820625
1017750,231638.46928820625
1017763,231638.46928820625
1017782,231638.46928820625
1017792,231638.46928820625
1017846,231638.46928820625
1017992,231638.46928820625
1017998,231638.46928820625
1018079,231638.46928820625
1018135,231638.46928820625
1018136,231638.46928820625
1018166,231638.46928820625
1018229,231638.46928820625
1018248,231638.46928820625
1018257,231638.46928820625
1018417,231638.46928820625
1018421,231638.46928820625
1018428,231638.46928820625
1018486,231638.46928820625
1018523,231638.46928820625
1018598,231638.46928820625
1018621,231638.46928820625
1018671,231638.46928820625
1018822,231638.46928820625
1018943,231638.46928820625
1019039,231638.46928820625
1019057,231638.46928820625
1019062,231638.46928820625
1019149,231638.46928820625
1019151,231638.46928820625
1019206,231638.46928820625
1019298,231638.46928820625
1019309,231638.46928820625
1019343,231638.46928820625
1019366,231638.46928820625
1019367,231638.46928820625
1019432,231638.46928820625
1019561,231638.46928820625
1019575,231638.46928820625
1019659,231638.46928820625
1019668,231638.46928820625
1019672,231638.46928820625
1019681,231638.46928820625
1019683,231638.46928820625
1019686,231638.46928820625
1019696,231638.46928820625
1019720,231638.46928820625
1019763,231638.46928820625
1019835,231638.46928820625
1019872,231638.46928820625
1019903,231638.46928820625
1019908,231638.46928820625
1019958,231638.46928820625
1020047,231638.46928820625
1020124,231638.46928820625
1020278,231638.46928820625
1020508,231638.46928820625
1020554,231638.46928820625
1020672,231638.46928820625
1020673,231638.46928820625
1020745,231638.46928820625
1020844,231638.46928820625
1021039,231638.46928820625
1021263,231638.46928820625
1021316,231638.46928820625
1021412,231638.46928820625
1021444,231638.46928820625
1021447,231638.46928820625
1021453,231638.46928820625
1021485,231638.46928820625
1021500,231638.46928820625
1021509,231638.46928820625
1021520,231638.46928820625
1021560,231638.46928820625
1021605,231638.46928820625
1021606,231638.46928820625
1021607,231638.46928820625
1021749,231638.46928820625
1021765,231638.46928820625
1021768,231638.46928820625
1021770,231638.46928820625
1021833,231638.46928820625
1021834,231638.46928820625
1021855,231638.46928820625
1021973,231638.46928820625
1022085,231638.46928820625
1022163,231638.46928820625
1022166,231638.46928820625
1022273,231638.46928820625
1022312,231638.46928820625
1022388,231638.46928820625
1022399,231638.46928820625
1022582,231638.46928820625
1022587,231638.46928820625
1022588,231638.46928820625
1022596,231638.46928820625
1022614,231638.46928820625
1022695,231638.46928820625
1022704,231638.46928820625
1022715,231638.46928820625
1022716,231638.46928820625
1022717,231638.46928820625
1022718,231638.46928820625
1022719,231638.46928820625
1022721,231638.46928820625
1022750,231638.46928820625
1022753,231638.46928820625
1022755,231638.46928820625
1022756,231638.46928820625
1022760,231638.46928820625
1022781,231638.46928820625
1022782,231638.46928820625
1022787,231638.46928820625
1022790,231638.46928820625
1022794,231638.46928820625
1022795,231638.46928820625
1022796,231638.46928820625
1022798,231638.46928820625
1022800,231638.46928820625
1022801,231638.46928820625
1022802,231638.46928820625
1022844,231638.46928820625
1022848,231638.46928820625
1022960,231638.46928820625
1023168,231638.46928820625
1023169,231638.46928820625
1023172,231638.46928820625
1023173,231638.46928820625
1023209,231638.46928820625
1023230,231638.46928820625
1023304,231638.46928820625
1023340,231638.46928820625
1023351,231638.46928820625
1023393,231638.46928820625
1023450,231638.46928820625
1023458,231638.46928820625
1023465,231638.46928820625
1023468,231638.46928820625
1023501,231638.46928820625
1023505,231638.46928820625
1023508,231638.46928820625
1023511,231638.46928820625
1023512,231638.46928820625
1023513,231638.46928820625
1023514,231638.46928820625
1023518,231638.46928820625
1023520,231638.46928820625
1023521,231638.46928820625
1023552,231638.46928820625
1023559,231638.46928820625
1023590,231638.46928820625
1023664,231638.46928820625
1023676,231638.46928820625
1023677,231638.46928820625
1023744,231638.46928820625
1023764,231638.46928820625
1023774,231638.46928820625
1024012,231638.46928820625
1024071,231638.46928820625
1024126,231638.46928820625
1024133,231638.46928820625
1024324,231638.46928820625
1024371,231638.46928820625
1024444,231638.46928820625
1024449,231638.46928820625
1024456,231638.46928820625
1024463,231638.46928820625
1024474,231638.46928820625
1024477,231638.46928820625
1024508,231638.46928820625
1024529,231638.46928820625
1024536,231638.46928820625
1024590,231638.46928820625
1024625,231638.46928820625
1024628,231638.46928820625
1024636,231638.46928820625
1062270,231638.46928820625
1062278,231638.46928820625
1062287,231638.46928820625
1062389,231638.46928820625
1062404,231638.46928820625
1062442,231638.46928820625
1062482,231638.46928820625
1062512,231638.46928820625
1062516,231638.46928820625
1062537,231638.46928820625
1062557,231638.46928820625
1062572,231638.46928820625
1062643,231638.46928820625
1062645,231638.46928820625
1062676,231638.46928820625
1062691,231638.46928820625
1062714,231638.46928820625
1062737,231638.46928820625
1062839,231638.46928820625
1062840,231638.46928820625
1062844,231638.46928820625
1062946,231638.46928820625
1062972,231638.46928820625
1062991,231638.46928820625
1063009,231638.46928820625
1063010,231638.46928820625
1063011,231638.46928820625
1063045,231638.46928820625
1063050,231638.46928820625
1063051,231638.46928820625
1063070,231638.46928820625
1063106,231638.46928820625
1063130,231638.46928820625
1063217,231638.46928820625
1063317,231638.46928820625
1063480,231638.46928820625
1063535,231638.46928820625
1063601,231638.46928820625
1063668,231638.46928820625
1063704,231638.46928820625
1063829,231638.46928820625
1063862,231638.46928820625
1063906,231638.46928820625
1063923,231638.46928820625
1064029,231638.46928820625
1064042,231638.46928820625
1064047,231638.46928820625
1064050,231638.46928820625
1064059,231638.46928820625
1064061,231638.46928820625
1064082,231638.46928820625
1064093,231638.46928820625
1064155,231638.46928820625
1064165,231638.46928820625
1064170,231638.46928820625
1064189,231638.46928820625
1064253,231638.46928820625
1064260,231638.46928820625
1064263,231638.46928820625
1064289,231638.46928820625
1064327,231638.46928820625
1064340,231638.46928820625
1064342,231638.46928820625
1064347,231638.46928820625
1064358,231638.46928820625
1064389,231638.46928820625
1064391,231638.46928820625
1064393,231638.46928820625
1064415,231638.46928820625
1064420,231638.46928820625
1064421,231638.46928820625
1064424,231638.46928820625
1064425,231638.46928820625
1064433,231638.46928820625
1064438,231638.46928820625
1064469,231638.46928820625
1064535,231638.46928820625
1064536,231638.46928820625
1064538,231638.46928820625
1064539,231638.46928820625
1064552,231638.46928820625
1064556,231638.46928820625
1064605,231638.46928820625
1064632,231638.46928820625
1064660,231638.46928820625
1064707,231638.46928820625
1064708,231638.46928820625
1064709,231638.46928820625
1064715,231638.46928820625
1064718,231638.46928820625
1064724,231638.46928820625
1064774,231638.46928820625
1064782,231638.46928820625
1064786,231638.46928820625
1064791,231638.46928820625
1064836,231638.46928820625
1064856,231638.46928820625
1064863,231638.46928820625
1064870,231638.46928820625
1064872,231638.46928820625
1064873,231638.46928820625
1064904,231638.46928820625
1064906,231638.46928820625
1064997,231638.46928820625
1064998,231638.46928820625
1065033,231638.46928820625
1065055,231638.46928820625
1065146,231638.46928820625
1065162,231638.46928820625
1065164,231638.46928820625
1065198,231638.46928820625
1065199,231638.46928820625
1065201,231638.46928820625
1065202,231638.46928820625
1065203,231638.46928820625
1065246,231638.46928820625
1065262,231638.46928820625
1065274,231638.46928820625
1065275,231638.46928820625
1065297,231638.46928820625
1065304,231638.46928820625
1065320,231638.46928820625
1065322,231638.46928820625
1065328,231638.46928820625
1065359,231638.46928820625
1065372,231638.46928820625
1065374,231638.46928820625
1065377,231638.46928820625
1065396,231638.46928820625
1065406,231638.46928820625
1065413,231638.46928820625
1065448,231638.46928820625
1065477,231638.46928820625
1065483,231638.46928820625
1065488,231638.46928820625
1065529,231638.46928820625
1065572,231638.46928820625
1065607,231638.46928820625
1065613,231638.46928820625
1065615,231638.46928820625
1065617,231638.46928820625
1065619,231638.46928820625
1065621,231638.46928820625
1065641,231638.46928820625
1065658,231638.46928820625
1065662,231638.46928820625
1065702,231638.46928820625
1065761,231638.46928820625
1065771,231638.46928820625
1065835,231638.46928820625
1065838,231638.46928820625
1065848,231638.46928820625
1065852,231638.46928820625
1065855,231638.46928820625
1065857,231638.46928820625
1065859,231638.46928820625
1065883,231638.46928820625
1065901,231638.46928820625
1065927,231638.46928820625
1065939,231638.46928820625
1065940,231638.46928820625
1065970,231638.46928820625
1065973,231638.46928820625
1066009,231638.46928820625
1066029,231638.46928820625
1066035,231638.46928820625
1066052,231638.46928820625
1066060,231638.46928820625
1066082,231638.46928820625
1066109,231638.46928820625
1066119,231638.46928820625
1066134,231638.46928820625
1066159,231638.46928820625
1066160,231638.46928820625
1066161,231638.46928820625
1066162,231638.46928820625
1066163,231638.46928820625
1066170,231638.46928820625
1066171,231638.46928820625
1066172,231638.46928820625
1066174,231638.46928820625
1066191,231638.46928820625
1066194,231638.46928820625
1066245,231638.46928820625
1066361,231638.46928820625
1066365,231638.46928820625
1066375,231638.46928820625
1066378,231638.46928820625
1066379,231638.46928820625
1066409,231638.46928820625
1066413,231638.46928820625
1066448,231638.46928820625
1066476,231638.46928820625
1066524,231638.46928820625
1066548,231638.46928820625
1066602,231638.46928820625
1066603,231638.46928820625
1066605,231638.46928820625
1066643,231638.46928820625
1066644,231638.46928820625
1066664,231638.46928820625
1066730,231638.46928820625
1066734,231638.46928820625
1066736,231638.46928820625
1066759,231638.46928820625
1066761,231638.46928820625
1066772,231638.46928820625
1066792,231638.46928820625
1066795,231638.46928820625
1066832,231638.46928820625
1066845,231638.46928820625
1066847,231638.46928820625
1066938,231638.46928820625
1066944,231638.46928820625
1066988,231638.46928820625
1066996,231638.46928820625
1067005,231638.46928820625
1067009,231638.46928820625
1067011,231638.46928820625
1067037,231638.46928820625
1067063,231638.46928820625
1067064,231638.46928820625
1067088,231638.46928820625
1067115,231638.46928820625
1067119,231638.46928820625
1067291,231638.46928820625
1067363,231638.46928820625
1067374,231638.46928820625
1067395,231638.46928820625
1067402,231638.46928820625
1067412,231638.46928820625
1067425,231638.46928820625
1067428,231638.46928820625
1067430,231638.46928820625
1067435,231638.46928820625
1067478,231638.46928820625
1067512,231638.46928820625
1067533,231638.46928820625
1067536,231638.46928820625
1067549,231638.46928820625
1067555,231638.46928820625
1067557,231638.46928820625
1067570,231638.46928820625
1067575,231638.46928820625
1067577,231638.46928820625
1067578,231638.46928820625
1067584,231638.46928820625
1067596,231638.46928820625
1067598,231638.46928820625
1067614,231638.46928820625
1067631,231638.46928820625
1067649,231638.46928820625
1067652,231638.46928820625
1067687,231638.46928820625
1067688,231638.46928820625
1067704,231638.46928820625
1067705,231638.46928820625
1067731,231638.46928820625
1067746,231638.46928820625
1067756,231638.46928820625
1067777,231638.46928820625
1067793,231638.46928820625
1067808,231638.46928820625
1067821,231638.46928820625
1067834,231638.46928820625
1067846,231638.46928820625
1067850,231638.46928820625
1067853,231638.46928820625
1067863,231638.46928820625
1067913,231638.46928820625
1067914,231638.46928820625
1067962,231638.46928820625
1067999,231638.46928820625
1068022,231638.46928820625
1068055,231638.46928820625
1068076,231638.46928820625
1068078,231638.46928820625
1068136,231638.46928820625
1068137,231638.46928820625
1068155,231638.46928820625
1068157,231638.46928820625
1068158,231638.46928820625
1068173,231638.46928820625
1068240,231638.46928820625
1068266,231638.46928820625
1068324,231638.46928820625
1068360,231638.46928820625
1068386,231638.46928820625
1068396,231638.46928820625
1068406,231638.46928820625
1068409,231638.46928820625
1068414,231638.46928820625
1068466,231638.46928820625
1068489,231638.46928820625
1068501,231638.46928820625
1068520,231638.46928820625
1068533,231638.46928820625
1068611,231638.46928820625
1068645,231638.46928820625
1068683,231638.46928820625
1068685,231638.46928820625
1068698,231638.46928820625
1068703,231638.46928820625
1068737,231638.46928820625
1068751,231638.46928820625
1068752,231638.46928820625
1068797,231638.46928820625
1068824,231638.46928820625
1068840,231638.46928820625
1068894,231638.46928820625
1068949,231638.46928820625
1068954,231638.46928820625
1068960,231638.46928820625
1069002,231638.46928820625
1069029,231638.46928820625
1069034,231638.46928820625
1069058,231638.46928820625
1069115,231638.46928820625
1069117,231638.46928820625
1069137,231638.46928820625
1069138,231638.46928820625
1069204,231638.46928820625
1069246,231638.46928820625
1069293,231638.46928820625
1069308,231638.46928820625
1069388,231638.46928820625
1069416,231638.46928820625
1069429,231638.46928820625
1069430,231638.46928820625
1069489,231638.46928820625
1069539,231638.46928820625
1069541,231638.46928820625
1069543,231638.46928820625
1069544,231638.46928820625
1069545,231638.46928820625
1069602,231638.46928820625
1069619,231638.46928820625
1069633,231638.46928820625
1069662,231638.46928820625
1069672,231638.46928820625
1069673,231638.46928820625
1069712,231638.46928820625
1069750,231638.46928820625
1069782,231638.46928820625
1069813,231638.46928820625
1069835,231638.46928820625
1069857,231638.46928820625
1069881,231638.46928820625
1069973,231638.46928820625
1069981,231638.46928820625
1069982,231638.46928820625
1070002,231638.46928820625
1070067,231638.46928820625
1070070,231638.46928820625
1070084,231638.46928820625
1070089,231638.46928820625
1070103,231638.46928820625
1070165,231638.46928820625
1070183,231638.46928820625
1070185,231638.46928820625
1070208,231638.46928820625
1070245,231638.46928820625
1070308,231638.46928820625
1070362,231638.46928820625
1070374,231638.46928820625
1070378,231638.46928820625
1070388,231638.46928820625
1070394,231638.46928820625
1070438,231638.46928820625
1070454,231638.46928820625
1070455,231638.46928820625
1070456,231638.46928820625
1070463,231638.46928820625
1070467,231638.46928820625
1070469,231638.46928820625
1070498,231638.46928820625
1070501,231638.46928820625
1070516,231638.46928820625
1070554,231638.46928820625
1070570,231638.46928820625
1070573,231638.46928820625
1070643,231638.46928820625
1070656,231638.46928820625
1070675,231638.46928820625
1070677,231638.46928820625
1070707,231638.46928820625
1070760,231638.46928820625
1070770,231638.46928820625
1070862,231638.46928820625
1070866,231638.46928820625
1070907,231638.46928820625
1070916,231638.46928820625
1071031,231638.46928820625
1071038,231638.46928820625
1071042,231638.46928820625
1071045,231638.46928820625
1071046,231638.46928820625
1071118,231638.46928820625
1071145,231638.46928820625
1071161,231638.46928820625
1071166,231638.46928820625
1071202,231638.46928820625
1071335,231638.46928820625
1071349,231638.46928820625
1071350,231638.46928820625
1071356,231638.46928820625
1071357,231638.46928820625
1071360,231638.46928820625
1071370,231638.46928820625
1071376,231638.46928820625
1071378,231638.46928820625
1071390,231638.46928820625
1071413,231638.46928820625
1071414,231638.46928820625
1071415,231638.46928820625
1071419,231638.46928820625
1071427,231638.46928820625
1071430,231638.46928820625
1071434,231638.46928820625
1071481,231638.46928820625
1071503,231638.46928820625
1071504,231638.46928820625
1071532,231638.46928820625
1071537,231638.46928820625
1071551,231638.46928820625
1071574,231638.46928820625
1071613,231638.46928820625
1071621,231638.46928820625
1071651,231638.46928820625
1071653,231638.46928820625
1071669,231638.46928820625
1071704,231638.46928820625
1071722,231638.46928820625
1071727,231638.46928820625
1071737,231638.46928820625
1071740,231638.46928820625
1071782,231638.46928820625
1071889,231638.46928820625
1071899,231638.46928820625
1071920,231638.46928820625
1071948,231638.46928820625
1071950,231638.46928820625
1071983,231638.46928820625
1071997,231638.46928820625
1072066,231638.46928820625
1072080,231638.46928820625
1072081,231638.46928820625
1072086,231638.46928820625
1072176,231638.46928820625
1072178,231638.46928820625
1072201,231638.46928820625
1072204,231638.46928820625
1072219,231638.46928820625
1072229,231638.46928820625
1072242,231638.46928820625
1072245,231638.46928820625
1072249,231638.46928820625
1072259,231638.46928820625
1072306,231638.46928820625
1072320,231638.46928820625
1072326,231638.46928820625
1072334,231638.46928820625
1072345,231638.46928820625
1072353,231638.46928820625
1072382,231638.46928820625
1072387,231638.46928820625
1072403,231638.46928820625
1072484,231638.46928820625
1072487,231638.46928820625
1072490,231638.46928820625
1072493,231638.46928820625
1072503,231638.46928820625
1072536,231638.46928820625
1072548,231638.46928820625
1072599,231638.46928820625
1072627,231638.46928820625
1072632,231638.46928820625
1072681,231638.46928820625
1072729,231638.46928820625
1072752,231638.46928820625
1072775,231638.46928820625
1072776,231638.46928820625
1072779,231638.46928820625
1072780,231638.46928820625
1072784,231638.46928820625
1072800,231638.46928820625
1072809,231638.46928820625
1072819,231638.46928820625
1072842,231638.46928820625
1072873,231638.46928820625
1072880,231638.46928820625
1072894,231638.46928820625
1072901,231638.46928820625
1072913,231638.46928820625
1072929,231638.46928820625
1072973,231638.46928820625
1073092,231638.46928820625
1073108,231638.46928820625
1073195,231638.46928820625
1073200,231638.46928820625
1073209,231638.46928820625
1073215,231638.46928820625
1073216,231638.46928820625
1073217,231638.46928820625
1073218,231638.46928820625
1073219,231638.46928820625
1073220,231638.46928820625
1073221,231638.46928820625
1073222,231638.46928820625
1073223,231638.46928820625
1073224,231638.46928820625
1073225,231638.46928820625
1073226,231638.46928820625
1073228,231638.46928820625
1073229,231638.46928820625
1073234,231638.46928820625
1073238,231638.46928820625
1073240,231638.46928820625
1073251,231638.46928820625
1073388,231638.46928820625
1073391,231638.46928820625
1073420,231638.46928820625
1073428,231638.46928820625
1073465,231638.46928820625
1073471,231638.46928820625
1073484,231638.46928820625
1073529,231638.46928820625
1073563,231638.46928820625
1073604,231638.46928820625
1073621,231638.46928820625
1073622,231638.46928820625
1073626,231638.46928820625
1073663,231638.46928820625
1073675,231638.46928820625
1073681,231638.46928820625
1073695,231638.46928820625
1073753,231638.46928820625
1073779,231638.46928820625
1073844,231638.46928820625
1073846,231638.46928820625
1074053,231638.46928820625
1074196,231638.46928820625
1074279,231638.46928820625
1074340,231638.46928820625
1074532,231638.46928820625
1074540,231638.46928820625
1074548,231638.46928820625
1074550,231638.46928820625
1074554,231638.46928820625
1074575,231638.46928820625
1074579,231638.46928820625
1074603,231638.46928820625
1074607,231638.46928820625
1074608,231638.46928820625
1074643,231638.46928820625
1074677,231638.46928820625
1074682,231638.46928820625
1074697,231638.46928820625
1074710,231638.46928820625
1074741,231638.46928820625
1074816,231638.46928820625
1074821,231638.46928820625
1074882,231638.46928820625
1074943,231638.46928820625
1074946,231638.46928820625
1074968,231638.46928820625
1074991,231638.46928820625
1075071,231638.46928820625
1075075,231638.46928820625
1075078,231638.46928820625
1075192,231638.46928820625
1075221,231638.46928820625
1075262,231638.46928820625
1075320,231638.46928820625
1075321,231638.46928820625
1075527,231638.46928820625
1075555,231638.46928820625
1075566,231638.46928820625
1075576,231638.46928820625
1075621,231638.46928820625
1075623,231638.46928820625
1075669,231638.46928820625
1075694,231638.46928820625
1075794,231638.46928820625
1075855,231638.46928820625
1075875,231638.46928820625
1075876,231638.46928820625
1075878,231638.46928820625
1075902,231638.46928820625
1075981,231638.46928820625
1076017,231638.46928820625
1076028,231638.46928820625
1076116,231638.46928820625
1076133,231638.46928820625
1076153,231638.46928820625
1076223,231638.46928820625
1076232,231638.46928820625
1076237,231638.46928820625
1076242,231638.46928820625
1076246,231638.46928820625
1076250,231638.46928820625
1076256,231638.46928820625
1076265,231638.46928820625
1076270,231638.46928820625
1076275,231638.46928820625
1076282,231638.46928820625
1076297,231638.46928820625
1076314,231638.46928820625
1076342,231638.46928820625
1076353,231638.46928820625
1076399,231638.46928820625
1076400,231638.46928820625
1076410,231638.46928820625
1076411,231638.46928820625
1076419,231638.46928820625
1076451,231638.46928820625
1076453,231638.46928820625
1076479,231638.46928820625
1076502,231638.46928820625
1076505,231638.46928820625
1076512,231638.46928820625
1076516,231638.46928820625
1076615,231638.46928820625
1076618,231638.46928820625
1076619,231638.46928820625
1076637,231638.46928820625
1076655,231638.46928820625
1076670,231638.46928820625
1076672,231638.46928820625
1076751,231638.46928820625
1076780,231638.46928820625
1076822,231638.46928820625
1076837,231638.46928820625
1076848,231638.46928820625
1076851,231638.46928820625
1076867,231638.46928820625
1076870,231638.46928820625
1076873,231638.46928820625
1076877,231638.46928820625
1076899,231638.46928820625
1076928,231638.46928820625
1076931,231638.46928820625
1077002,231638.46928820625
1077007,231638.46928820625
1077008,231638.46928820625
1077013,231638.46928820625
1077024,231638.46928820625
1077043,231638.46928820625
1077056,231638.46928820625
1077067,231638.46928820625
1077162,231638.46928820625
1077187,231638.46928820625
1077265,231638.46928820625
1077596,231638.46928820625
1077624,231638.46928820625
1077752,231638.46928820625
1077787,231638.46928820625
1077884,231638.46928820625
1078098,231638.46928820625
1078219,231638.46928820625
1078257,231638.46928820625
1078341,231638.46928820625
1078355,231638.46928820625
1078360,231638.46928820625
1078409,231638.46928820625
1078431,231638.46928820625
1078454,231638.46928820625
1078476,231638.46928820625
1078477,231638.46928820625
1078497,231638.46928820625
1078545,231638.46928820625
1078556,231638.46928820625
1078564,231638.46928820625
1078585,231638.46928820625
1078640,231638.46928820625
1078648,231638.46928820625
1078660,231638.46928820625
1078685,231638.46928820625
1078699,231638.46928820625
1078723,231638.46928820625
1078725,231638.46928820625
1078736,231638.46928820625
1078773,231638.46928820625
1078806,231638.46928820625
1078814,231638.46928820625
1078885,231638.46928820625
1078899,231638.46928820625
1078908,231638.46928820625
1078969,231638.46928820625
1079020,231638.46928820625
1079036,231638.46928820625
1079059,231638.46928820625
1079068,231638.46928820625
1079153,231638.46928820625
1079183,231638.46928820625
1079230,231638.46928820625
1079254,231638.46928820625
1079277,231638.46928820625
1079282,231638.46928820625
1079294,231638.46928820625
1079320,231638.46928820625
1079334,231638.46928820625
1079343,231638.46928820625
1079356,231638.46928820625
1079382,231638.46928820625
1079459,231638.46928820625
1079463,231638.46928820625
1079464,231638.46928820625
1079479,231638.46928820625
1079483,231638.46928820625
1079497,231638.46928820625
1079498,231638.46928820625
1079503,231638.46928820625
1079504,231638.46928820625
1079528,231638.46928820625
1079568,231638.46928820625
1079600,231638.46928820625
1079607,231638.46928820625
1079608,231638.46928820625
1079612,231638.46928820625
1079618,231638.46928820625
1079705,231638.46928820625
1079766,231638.46928820625
1079842,231638.46928820625
1079850,231638.46928820625
1079853,231638.46928820625
1079868,231638.46928820625
1079892,231638.46928820625
1079895,231638.46928820625
1079928,231638.46928820625
1079992,231638.46928820625
1079994,231638.46928820625
1079995,231638.46928820625
1080005,231638.46928820625
1080008,231638.46928820625
1080010,231638.46928820625
1080011,231638.46928820625
1080015,231638.46928820625
1080025,231638.46928820625
1080028,231638.46928820625
1080030,231638.46928820625
1080032,231638.46928820625
1080034,231638.46928820625
1080037,231638.46928820625
1080063,231638.46928820625
1080064,231638.46928820625
1080065,231638.46928820625
1080066,231638.46928820625
1080069,231638.46928820625
1080072,231638.46928820625
1080077,231638.46928820625
1080111,231638.46928820625
1080133,231638.46928820625
1080147,231638.46928820625
1080162,231638.46928820625
1080187,231638.46928820625
1080200,231638.46928820625
1080279,231638.46928820625
1080290,231638.46928820625
1080292,231638.46928820625
1080299,231638.46928820625
1080327,231638.46928820625
1080328,231638.46928820625
1080332,231638.46928820625
1080334,231638.46928820625
1080342,231638.46928820625
1080343,231638.46928820625
1080364,231638.46928820625
1080379,231638.46928820625
1080382,231638.46928820625
1080383,231638.46928820625
1080399,231638.46928820625
1080401,231638.46928820625
1080426,231638.46928820625
1080440,231638.46928820625
1080450,231638.46928820625
1080465,231638.46928820625
1080482,231638.46928820625
1080485,231638.46928820625
1080507,231638.46928820625
1080562,231638.46928820625
1080606,231638.46928820625
1080621,231638.46928820625
1080633,231638.46928820625
1080663,231638.46928820625
1080670,231638.46928820625
1080752,231638.46928820625
1080755,231638.46928820625
1080757,231638.46928820625
1080776,231638.46928820625
1080802,231638.46928820625
1080807,231638.46928820625
1080836,231638.46928820625
1080849,231638.46928820625
1080858,231638.46928820625
1080859,231638.46928820625
1080914,231638.46928820625
1080921,231638.46928820625
1080937,231638.46928820625
1080977,231638.46928820625
1080980,231638.46928820625
1080983,231638.46928820625
1081011,231638.46928820625
1081038,231638.46928820625
1081055,231638.46928820625
1081112,231638.46928820625
1081125,231638.46928820625
1081153,231638.46928820625
1081170,231638.46928820625
1081201,231638.46928820625
1081232,231638.46928820625
1081267,231638.46928820625
1081351,231638.46928820625
1081356,231638.46928820625
1081395,231638.46928820625
1081435,231638.46928820625
1081436,231638.46928820625
1081442,231638.46928820625
1081472,231638.46928820625
1081487,231638.46928820625
1081508,231638.46928820625
1081512,231638.46928820625
1081528,231638.46928820625
1081552,231638.46928820625
1081575,231638.46928820625
1081706,231638.46928820625
1081782,231638.46928820625
1081785,231638.46928820625
1081787,231638.46928820625
1081832,231638.46928820625
1081833,231638.46928820625
1081838,231638.46928820625
1081841,231638.46928820625
1081843,231638.46928820625
1081844,231638.46928820625
1081848,231638.46928820625
1081869,231638.46928820625
1081902,231638.46928820625
1081903,231638.46928820625
1081908,231638.46928820625
1081924,231638.46928820625
1081936,231638.46928820625
1081949,231638.46928820625
1081970,231638.46928820625
1082039,231638.46928820625
1082045,231638.46928820625
1082046,231638.46928820625
1082048,231638.46928820625
1082118,231638.46928820625
1082145,231638.46928820625
1082147,231638.46928820625
1082163,231638.46928820625
1082251,231638.46928820625
1082254,231638.46928820625
1082255,231638.46928820625
1082327,231638.46928820625
1082342,231638.46928820625
1082343,231638.46928820625
1082360,231638.46928820625
1082376,231638.46928820625
1082382,231638.46928820625
1082390,231638.46928820625
1082417,231638.46928820625
1082420,231638.46928820625
1082432,231638.46928820625
1082441,231638.46928820625
1082442,231638.46928820625
1082461,231638.46928820625
1082482,231638.46928820625
1082483,231638.46928820625
1082488,231638.46928820625
1082504,231638.46928820625
1082508,231638.46928820625
1082533,231638.46928820625
1082548,231638.46928820625
1082549,231638.46928820625
1082586,231638.46928820625
1082640,231638.46928820625
1082677,231638.46928820625
1082833,231638.46928820625
1082840,231638.46928820625
1082846,231638.46928820625
1082857,231638.46928820625
1082863,231638.46928820625
1082867,231638.46928820625
1082927,231638.46928820625
1082928,231638.46928820625
1082958,231638.46928820625
1083026,231638.46928820625
1083029,231638.46928820625
1083052,231638.46928820625
1083095,231638.46928820625
1083118,231638.46928820625
1083122,231638.46928820625
1083137,231638.46928820625
1083208,231638.46928820625
1083251,231638.46928820625
1083264,231638.46928820625
1083284,231638.46928820625
1083291,231638.46928820625
1083296,231638.46928820625
1083300,231638.46928820625
1083303,231638.46928820625
1083345,231638.46928820625
1083382,231638.46928820625
1083388,231638.46928820625
1083392,231638.46928820625
1083402,231638.46928820625
1083405,231638.46928820625
1083495,231638.46928820625
1083545,231638.46928820625
1086147,231638.46928820625
1086216,231638.46928820625
1086243,231638.46928820625
1086254,231638.46928820625
1086282,231638.46928820625
1086309,231638.46928820625
1086312,231638.46928820625
1086333,231638.46928820625
1086344,231638.46928820625
1086616,231638.46928820625
1086670,231638.46928820625
1086770,231638.46928820625
1086802,231638.46928820625
1086813,231638.46928820625
1086818,231638.46928820625
1086819,231638.46928820625
1086820,231638.46928820625
1086826,231638.46928820625
1086827,231638.46928820625
1086842,231638.46928820625
1086844,231638.46928820625
1086846,231638.46928820625
1086847,231638.46928820625
1086848,231638.46928820625
1086864,231638.46928820625
1086917,231638.46928820625
1086918,231638.46928820625
1086963,231638.46928820625
1086991,231638.46928820625
1086999,231638.46928820625
1087035,231638.46928820625
1087054,231638.46928820625
1087111,231638.46928820625
1087112,231638.46928820625
1087115,231638.46928820625
1087116,231638.46928820625
1087132,231638.46928820625
1087135,231638.46928820625
1087193,231638.46928820625
1087235,231638.46928820625
1087237,231638.46928820625
1087238,231638.46928820625
1087241,231638.46928820625
1087288,231638.46928820625
1087329,231638.46928820625
1087340,231638.46928820625
1087346,231638.46928820625
1087349,231638.46928820625
1087375,231638.46928820625
1087389,231638.46928820625
1087406,231638.46928820625
1087423,231638.46928820625
1087432,231638.46928820625
1093650,231638.46928820625
1093654,231638.46928820625
1093657,231638.46928820625
1093659,231638.46928820625
1093661,231638.46928820625
1093675,231638.46928820625
1093684,231638.46928820625
1093703,231638.46928820625
1093710,231638.46928820625
1093711,231638.46928820625
1093718,231638.46928820625
1093725,231638.46928820625
1093808,231638.46928820625
1093813,231638.46928820625
1093816,231638.46928820625
1093817,231638.46928820625
1093845,231638.46928820625
1093848,231638.46928820625
1093904,231638.46928820625
1093906,231638.46928820625
1093909,231638.46928820625
1093920,231638.46928820625
1093958,231638.46928820625
1093960,231638.46928820625
1094005,231638.46928820625
1094008,231638.46928820625
1094012,231638.46928820625
1094018,231638.46928820625
1094108,231638.46928820625
1094111,231638.46928820625
1094126,231638.46928820625
1094128,231638.46928820625
1094133,231638.46928820625
1094136,231638.46928820625
1094142,231638.46928820625
1094151,231638.46928820625
1094174,231638.46928820625
1094196,231638.46928820625
1094198,231638.46928820625
1094232,231638.46928820625
1094299,231638.46928820625
1094334,231638.46928820625
1094348,231638.46928820625
1094353,231638.46928820625
1094362,231638.46928820625
1094412,231638.46928820625
1094416,231638.46928820625
1094419,231638.46928820625
1094463,231638.46928820625
1094464,231638.46928820625
1094519,231638.46928820625
1094530,231638.46928820625
1094531,231638.46928820625
1094538,231638.46928820625
1094590,231638.46928820625
1094633,231638.46928820625
1094660,231638.46928820625
1094668,231638.46928820625
1094694,231638.46928820625
1094714,231638.46928820625
1094717,231638.46928820625
1094747,231638.46928820625
1094771,231638.46928820625
1094773,231638.46928820625
1094779,231638.46928820625
1094810,231638.46928820625
1094817,231638.46928820625
1094818,231638.46928820625
1094822,231638.46928820625
1094855,231638.46928820625
1094858,231638.46928820625
1094864,231638.46928820625
1094895,231638.46928820625
1094910,231638.46928820625
1094939,231638.46928820625
1094960,231638.46928820625
1095019,231638.46928820625
1095021,231638.46928820625
1095025,231638.46928820625
1095029,231638.46928820625
1095031,231638.46928820625
1095067,231638.46928820625
1095105,231638.46928820625
1095126,231638.46928820625
1095135,231638.46928820625
1095139,231638.46928820625
1095146,231638.46928820625
1095292,231638.46928820625
1095313,231638.46928820625
1095326,231638.46928820625
1095334,231638.46928820625
1095343,231638.46928820625
1095383,231638.46928820625
1095399,231638.46928820625
1095416,231638.46928820625
1095448,231638.46928820625
1095478,231638.46928820625
1095480,231638.46928820625
1095496,231638.46928820625
1095500,231638.46928820625
1095529,231638.46928820625
1095536,231638.46928820625
1095552,231638.46928820625
1095588,231638.46928820625
1095624,231638.46928820625
1095650,231638.46928820625
1095691,231638.46928820625
1095735,231638.46928820625
1095799,231638.46928820625
1095804,231638.46928820625
1095810,231638.46928820625
1095827,231638.46928820625
1095841,231638.46928820625
1095853,231638.46928820625
1095860,231638.46928820625
1095866,231638.46928820625
1095906,231638.46928820625
1095907,231638.46928820625
1095926,231638.46928820625
1095949,231638.46928820625
1096078,231638.46928820625
1096079,231638.46928820625
1096090,231638.46928820625
1096148,231638.46928820625
1096213,231638.46928820625
1096235,231638.46928820625
1096271,231638.46928820625
1096279,231638.46928820625
1096316,231638.46928820625
1096318,231638.46928820625
1096335,231638.46928820625
1096339,231638.46928820625
1096405,231638.46928820625
1096417,231638.46928820625
1096464,231638.46928820625
1096480,231638.46928820625
1096484,231638.46928820625
1096513,231638.46928820625
1096539,231638.46928820625
1096546,231638.46928820625
1096550,231638.46928820625
1096556,231638.46928820625
1096573,231638.46928820625
1096583,231638.46928820625
1096585,231638.46928820625
1096590,231638.46928820625
1096593,231638.46928820625
1096600,231638.46928820625
1096627,231638.46928820625
1096631,231638.46928820625
1096691,231638.46928820625
1096700,231638.46928820625
1096716,231638.46928820625
1096723,231638.46928820625
1096749,231638.46928820625
1096777,231638.46928820625
1096784,231638.46928820625
1096858,231638.46928820625
1096873,231638.46928820625
1096921,231638.46928820625
1096936,231638.46928820625
1096968,231638.46928820625
1096972,231638.46928820625
1097023,231638.46928820625
1097024,231638.46928820625
1097040,231638.46928820625
1097041,231638.46928820625
1097045,231638.46928820625
1097078,231638.46928820625
1097079,231638.46928820625
1097082,231638.46928820625
1097084,231638.46928820625
1097102,231638.46928820625
1097259,231638.46928820625
1097283,231638.46928820625
1097365,231638.46928820625
1097366,231638.46928820625
1097476,231638.46928820625
1097499,231638.46928820625
1097500,231638.46928820625
1097511,231638.46928820625
1097514,231638.46928820625
1097544,231638.46928820625
1097562,231638.46928820625
1097569,231638.46928820625
1097597,231638.46928820625
1097609,231638.46928820625
1097635,231638.46928820625
1097650,231638.46928820625
1097655,231638.46928820625
1097659,231638.46928820625
1097664,231638.46928820625
1097673,231638.46928820625
1097675,231638.46928820625
1097698,231638.46928820625
1097718,231638.46928820625
1097755,231638.46928820625
1097767,231638.46928820625
1097777,231638.46928820625
1097778,231638.46928820625
1097795,231638.46928820625
1097861,231638.46928820625
1097886,231638.46928820625
1097887,231638.46928820625
1097888,231638.46928820625
1097928,231638.46928820625
1097949,231638.46928820625
1097975,231638.46928820625
1097993,231638.46928820625
1097994,231638.46928820625
1098066,231638.46928820625
1098122,231638.46928820625
1098125,231638.46928820625
1098140,231638.46928820625
1098199,231638.46928820625
1098213,231638.46928820625
1098215,231638.46928820625
1098219,231638.46928820625
1098228,231638.46928820625
1098252,231638.46928820625
1098268,231638.46928820625
1098275,231638.46928820625
1098362,231638.46928820625
1098365,231638.46928820625
1098396,231638.46928820625
1098468,231638.46928820625
1098495,231638.46928820625
1098569,231638.46928820625
1098588,231638.46928820625
1098633,231638.46928820625
1098693,231638.46928820625
1098698,231638.46928820625
1098706,231638.46928820625
1098771,231638.46928820625
1098971,231638.46928820625
1098987,231638.46928820625
1098991,231638.46928820625
1098994,231638.46928820625
1099004,231638.46928820625
1099021,231638.46928820625
1099030,231638.46928820625
1099038,231638.46928820625
1099039,231638.46928820625
1099045,231638.46928820625
1099133,231638.46928820625
1099137,231638.46928820625
1099153,231638.46928820625
1099180,231638.46928820625
1099183,231638.46928820625
1099184,231638.46928820625
1099199,231638.46928820625
1099315,231638.46928820625
1099316,231638.46928820625
1099320,231638.46928820625
1099323,231638.46928820625
1099326,231638.46928820625
1099329,231638.46928820625
1099335,231638.46928820625
1099338,231638.46928820625
1099342,231638.46928820625
1099350,231638.46928820625
1099351,231638.46928820625
1099359,231638.46928820625
1099364,231638.46928820625
1099366,231638.46928820625
1099382,231638.46928820625
1099383,231638.46928820625
1099407,231638.46928820625
1099414,231638.46928820625
1099441,231638.46928820625
1099447,231638.46928820625
1099465,231638.46928820625
1099469,231638.46928820625
1099488,231638.46928820625
1099520,231638.46928820625
1099562,231638.46928820625
1099567,231638.46928820625
1099623,231638.46928820625
1099651,231638.46928820625
1099664,231638.46928820625
1099665,231638.46928820625
1099671,231638.46928820625
1099702,231638.46928820625
1099722,231638.46928820625
1099725,231638.46928820625
1099726,231638.46928820625
1099728,231638.46928820625
1099729,231638.46928820625
1099734,231638.46928820625
1099740,231638.46928820625
1099743,231638.46928820625
1099768,231638.46928820625
1099774,231638.46928820625
1099796,231638.46928820625
1099815,231638.46928820625
1099837,231638.46928820625
1099916,231638.46928820625
1099928,231638.46928820625
1099941,231638.46928820625
1099946,231638.46928820625
1099948,231638.46928820625
1099950,231638.46928820625
1099972,231638.46928820625
1099995,231638.46928820625
1099996,231638.46928820625
1100056,231638.46928820625
1100076,231638.46928820625
1100169,231638.46928820625
1100171,231638.46928820625
1100178,231638.46928820625
1100189,231638.46928820625
1100191,231638.46928820625
1100192,231638.46928820625
1100194,231638.46928820625
1100205,231638.46928820625
1100224,231638.46928820625
1100257,231638.46928820625
1100317,231638.46928820625
1100329,231638.46928820625
1100345,231638.46928820625
1100388,231638.46928820625
1100391,231638.46928820625
1100460,231638.46928820625
1100509,231638.46928820625
1100516,231638.46928820625
1100532,231638.46928820625
1100537,231638.46928820625
1100548,231638.46928820625
1100583,231638.46928820625
1100596,231638.46928820625
1100601,231638.46928820625
1100611,231638.46928820625
1100619,231638.46928820625
1100658,231638.46928820625
1100660,231638.46928820625
1100674,231638.46928820625
1100682,231638.46928820625
1100692,231638.46928820625
1100719,231638.46928820625
1100743,231638.46928820625
1100780,231638.46928820625
1100810,231638.46928820625
1100829,231638.46928820625
1100840,231638.46928820625
1100852,231638.46928820625
1100865,231638.46928820625
1100897,231638.46928820625
1100931,231638.46928820625
1100932,231638.46928820625
1100938,231638.46928820625
1100944,231638.46928820625
1100945,231638.46928820625
1100946,231638.46928820625
1100947,231638.46928820625
1100948,231638.46928820625
1100953,231638.46928820625
1100955,231638.46928820625
1100957,231638.46928820625
1100960,231638.46928820625
1100962,231638.46928820625
1100984,231638.46928820625
1100985,231638.46928820625
1101003,231638.46928820625
1101004,231638.46928820625
1101005,231638.46928820625
1101006,231638.46928820625
1101007,231638.46928820625
1101012,231638.46928820625
1101064,231638.46928820625
1101073,231638.46928820625
1101084,231638.46928820625
1101086,231638.46928820625
1101094,231638.46928820625
1101102,231638.46928820625
1101127,231638.46928820625
1101173,231638.46928820625
1101180,231638.46928820625
1101202,231638.46928820625
1101203,231638.46928820625
1101207,231638.46928820625
1101208,231638.46928820625
1101232,231638.46928820625
1101240,231638.46928820625
1101252,231638.46928820625
1101258,231638.46928820625
1101263,231638.46928820625
1101276,231638.46928820625
1101292,231638.46928820625
1101294,231638.46928820625
1101303,231638.46928820625
1101319,231638.46928820625
1101326,231638.46928820625
1101330,231638.46928820625
1101331,231638.46928820625
1101333,231638.46928820625
1101335,231638.46928820625
1101351,231638.46928820625
1101378,231638.46928820625
1101418,231638.46928820625
1101423,231638.46928820625
1101428,231638.46928820625
1101517,231638.46928820625
1101591,231638.46928820625
1101616,231638.46928820625
1101739,231638.46928820625
1101759,231638.46928820625
1101799,231638.46928820625
1101800,231638.46928820625
1101801,231638.46928820625
1101814,231638.46928820625
1101859,231638.46928820625
1101869,231638.46928820625
1101901,231638.46928820625
1101931,231638.46928820625
1101932,231638.46928820625
1101976,231638.46928820625
1102031,231638.46928820625
1102046,231638.46928820625
1102066,231638.46928820625
1102090,231638.46928820625
1102112,231638.46928820625
1102117,231638.46928820625
1102119,231638.46928820625
1102123,231638.46928820625
1102135,231638.46928820625
1102169,231638.46928820625
1102170,231638.46928820625
1102240,231638.46928820625
1102248,231638.46928820625
1102273,231638.46928820625
1102307,231638.46928820625
1102332,231638.46928820625
1102413,231638.46928820625
1102414,231638.46928820625
1102415,231638.46928820625
1102416,231638.46928820625
1102417,231638.46928820625
1102422,231638.46928820625
1102423,231638.46928820625
1102430,231638.46928820625
1102431,231638.46928820625
1102434,231638.46928820625
1102452,231638.46928820625
1102470,231638.46928820625
1102505,231638.46928820625
1102509,231638.46928820625
1102527,231638.46928820625
1102537,231638.46928820625
1102564,231638.46928820625
1102603,231638.46928820625
1102608,231638.46928820625
1102646,231638.46928820625
1102647,231638.46928820625
1102650,231638.46928820625
1102655,231638.46928820625
1102657,231638.46928820625
1102660,231638.46928820625
1102685,231638.46928820625
1102688,231638.46928820625
1102699,231638.46928820625
1102704,231638.46928820625
1102705,231638.46928820625
1102728,231638.46928820625
1102735,231638.46928820625
1102750,231638.46928820625
1102770,231638.46928820625
1102790,231638.46928820625
1102797,231638.46928820625
1102800,231638.46928820625
1102806,231638.46928820625
1102844,231638.46928820625
1102862,231638.46928820625
1102908,231638.46928820625
1102909,231638.46928820625
1102959,231638.46928820625
1102970,231638.46928820625
1102986,231638.46928820625
1103044,231638.46928820625
1103076,231638.46928820625
1103095,231638.46928820625
1103226,231638.46928820625
1103227,231638.46928820625
1103228,231638.46928820625
1103229,231638.46928820625
1103249,231638.46928820625
1103253,231638.46928820625
1103258,231638.46928820625
1103264,231638.46928820625
1103265,231638.46928820625
1103278,231638.46928820625
1103279,231638.46928820625
1103282,231638.46928820625
1103361,231638.46928820625
1103386,231638.46928820625
1103396,231638.46928820625
1103402,231638.46928820625
1103403,231638.46928820625
1103404,231638.46928820625
1103418,231638.46928820625
1103419,231638.46928820625
1103431,231638.46928820625
1103481,231638.46928820625
1103489,231638.46928820625
1103584,231638.46928820625
1103598,231638.46928820625
1103600,231638.46928820625
1103604,231638.46928820625
1103606,231638.46928820625
1103614,231638.46928820625
1103646,231638.46928820625
1103668,231638.46928820625
1103669,231638.46928820625
1103678,231638.46928820625
1103711,231638.46928820625
1103726,231638.46928820625
1103731,231638.46928820625
1103735,231638.46928820625
1103741,231638.46928820625
1103838,231638.46928820625
1103903,231638.46928820625
1103914,231638.46928820625
1103991,231638.46928820625
1103997,231638.46928820625
1104005,231638.46928820625
1104027,231638.46928820625
1104035,231638.46928820625
1104045,231638.46928820625
1104073,231638.46928820625
1104122,231638.46928820625
1104123,231638.46928820625
1104132,231638.46928820625
1104247,231638.46928820625
1104252,231638.46928820625
1104265,231638.46928820625
1104276,231638.46928820625
1104292,231638.46928820625
1104347,231638.46928820625
1104357,231638.46928820625
1104358,231638.46928820625
1104369,231638.46928820625
1104944,231638.46928820625
1104946,231638.46928820625
1104949,231638.46928820625
1104951,231638.46928820625
1104953,231638.46928820625
1104955,231638.46928820625
1104972,231638.46928820625
1105018,231638.46928820625
1105021,231638.46928820625
1105024,231638.46928820625
1105025,231638.46928820625
1105044,231638.46928820625
1105046,231638.46928820625
1105047,231638.46928820625
1105050,231638.46928820625
1105051,231638.46928820625
1105052,231638.46928820625
1105053,231638.46928820625
1105071,231638.46928820625
1105081,231638.46928820625
1105207,231638.46928820625
1105210,231638.46928820625
1105265,231638.46928820625
1105266,231638.46928820625
1105267,231638.46928820625
1105268,231638.46928820625
1105280,231638.46928820625
1105281,231638.46928820625
1105282,231638.46928820625
1105376,231638.46928820625
1105429,231638.46928820625
1105465,231638.46928820625
1105493,231638.46928820625
1105496,231638.46928820625
1105557,231638.46928820625
1105558,231638.46928820625
1105575,231638.46928820625
1105576,231638.46928820625
1105581,231638.46928820625
1105621,231638.46928820625
1105622,231638.46928820625
1105698,231638.46928820625
1105699,231638.46928820625
1105700,231638.46928820625
1105702,231638.46928820625
1105705,231638.46928820625
1105706,231638.46928820625
1105711,231638.46928820625
1105799,231638.46928820625
1105802,231638.46928820625
1105803,231638.46928820625
1105805,231638.46928820625
1105806,231638.46928820625
1105807,231638.46928820625
1105828,231638.46928820625
1105830,231638.46928820625
1105831,231638.46928820625
1105832,231638.46928820625
1105849,231638.46928820625
1105855,231638.46928820625
1105898,231638.46928820625
1105899,231638.46928820625
1105935,231638.46928820625
1105989,231638.46928820625
1106068,231638.46928820625
1106069,231638.46928820625
1106073,231638.46928820625
1106085,231638.46928820625
1106086,231638.46928820625
1106135,231638.46928820625
1106164,231638.46928820625
1106193,231638.46928820625
1106196,231638.46928820625
1106244,231638.46928820625
1106253,231638.46928820625
1106256,231638.46928820625
1106586,231638.46928820625
1106587,231638.46928820625
1106588,231638.46928820625
1106589,231638.46928820625
1106600,231638.46928820625
1106608,231638.46928820625
1106715,231638.46928820625
1106789,231638.46928820625
1106790,231638.46928820625
1106791,231638.46928820625
1106792,231638.46928820625
1106793,231638.46928820625
1106794,231638.46928820625
1106869,231638.46928820625
1106954,231638.46928820625
1107205,231638.46928820625
1107331,231638.46928820625
1107333,231638.46928820625
1107389,231638.46928820625
1107390,231638.46928820625
1107392,231638.46928820625
1107394,231638.46928820625
1107395,231638.46928820625
1107469,231638.46928820625
1107483,231638.46928820625
1107491,231638.46928820625
1107667,231638.46928820625
1107772,231638.46928820625
1107775,231638.46928820625
1107785,231638.46928820625
1107786,231638.46928820625
1107787,231638.46928820625
1202392,231638.46928820625
1202393,231638.46928820625
1202395,231638.46928820625
1202440,231638.46928820625
1202550,231638.46928820625
1202552,231638.46928820625
1202577,231638.46928820625
1202580,231638.46928820625
1202842,231638.46928820625
1202844,231638.46928820625
1202860,231638.46928820625
1202861,231638.46928820625
1202869,231638.46928820625
1202876,231638.46928820625
1202892,231638.46928820625
1202903,231638.46928820625
1214273,231638.46928820625
1214280,231638.46928820625
1214445,231638.46928820625
1214448,231638.46928820625
1214449,231638.46928820625
1214464,231638.46928820625
1214572,231638.46928820625
1214574,231638.46928820625
1214584,231638.46928820625
1214608,231638.46928820625
1214640,231638.46928820625
1214643,231638.46928820625
1214651,231638.46928820625
1214652,231638.46928820625
1214657,231638.46928820625
1214661,231638.46928820625
1214673,231638.46928820625
1214675,231638.46928820625
1214679,231638.46928820625
1214703,231638.46928820625
1215040,231638.46928820625
1215050,231638.46928820625
1215134,231638.46928820625
1215138,231638.46928820625
1215362,231638.46928820625
1215366,231638.46928820625
1215368,231638.46928820625
1215369,231638.46928820625
1215374,231638.46928820625
1215388,231638.46928820625
1215448,231638.46928820625
1215451,231638.46928820625
1215486,231638.46928820625
1215488,231638.46928820625
1215496,231638.46928820625
1215498,231638.46928820625
1215555,231638.46928820625
1215556,231638.46928820625
1215560,231638.46928820625
1215573,231638.46928820625
1215591,231638.46928820625
1215596,231638.46928820625
1215746,231638.46928820625
1215748,231638.46928820625
1215754,231638.46928820625
1215756,231638.46928820625
1215758,231638.46928820625
1215761,231638.46928820625
1215762,231638.46928820625
1215766,231638.46928820625
1215767,231638.46928820625
1215776,231638.46928820625
1215784,231638.46928820625
1215791,231638.46928820625
1215796,231638.46928820625
1215797,231638.46928820625
1215798,231638.46928820625
1215806,231638.46928820625
1215810,231638.46928820625
1216439,231638.46928820625
1217024,231638.46928820625
1217029,231638.46928820625
1217034,231638.46928820625
1217036,231638.46928820625
1217037,231638.46928820625
1217038,231638.46928820625
1217233,231638.46928820625
1217234,231638.46928820625
1217247,231638.46928820625
1217248,231638.46928820625
1217250,231638.46928820625
1217540,231638.46928820625
1217556,231638.46928820625
1217557,231638.46928820625
1217559,231638.46928820625
1217578,231638.46928820625
1217875,231638.46928820625
1217881,231638.46928820625
1219303,231638.46928820625
1219356,231638.46928820625
1219361,231638.46928820625
1219426,231638.46928820625
1219482,231638.46928820625
1219492,231638.46928820625
1219515,231638.46928820625
1219518,231638.46928820625
1219520,231638.46928820625
1219620,231638.46928820625
1219653,231638.46928820625
1219665,231638.46928820625
1219668,231638.46928820625
1219670,231638.46928820625
1219706,231638.46928820625
1219714,231638.46928820625
1219756,231638.46928820625
1220007,231638.46928820625
1220137,231638.46928820625
1220139,231638.46928820625
1220671,231638.46928820625
1220690,231638.46928820625
1220731,231638.46928820625
1220732,231638.46928820625
1220739,231638.46928820625
1222082,231638.46928820625
1222084,231638.46928820625
1222087,231638.46928820625
1222182,231638.46928820625
1222183,231638.46928820625
1222194,231638.46928820625
1222252,231638.46928820625
1223720,231638.46928820625
1223812,231638.46928820625
1223816,231638.46928820625
1223827,231638.46928820625
1223836,231638.46928820625
1223838,231638.46928820625
1223841,231638.46928820625
1223860,231638.46928820625
1223861,231638.46928820625
1223863,231638.46928820625
1223867,231638.46928820625
1223875,231638.46928820625
1223892,231638.46928820625
1223897,231638.46928820625
1224003,231638.46928820625
1224006,231638.46928820625
1224010,231638.46928820625
1224014,231638.46928820625
1224033,231638.46928820625
1224068,231638.46928820625
1224071,231638.46928820625
1224121,231638.46928820625
1224146,231638.46928820625
1224153,231638.46928820625
1224653,231638.46928820625
1224668,231638.46928820625
1224776,231638.46928820625
1224788,231638.46928820625
1225148,231638.46928820625
1225155,231638.46928820625
1225157,231638.46928820625
1225159,231638.46928820625
1225238,231638.46928820625
1225323,231638.46928820625
1225362,231638.46928820625
1225363,231638.46928820625
1225376,231638.46928820625
1225378,231638.46928820625
1225818,231638.46928820625
1226392,231638.46928820625
1226394,231638.46928820625
1226516,231638.46928820625
1226517,231638.46928820625
1226741,231638.46928820625
1226743,231638.46928820625
1226745,231638.46928820625
1226748,231638.46928820625
1226749,231638.46928820625
1226782,231638.46928820625
1226789,231638.46928820625
1226799,231638.46928820625
1226860,231638.46928820625
1226867,231638.46928820625
1226963,231638.46928820625
1227068,231638.46928820625
1227072,231638.46928820625
1227075,231638.46928820625
1227080,231638.46928820625
1227083,231638.46928820625
1227087,231638.46928820625
1227113,231638.46928820625
1227115,231638.46928820625
1227127,231638.46928820625
1227165,231638.46928820625
1227292,231638.46928820625
1227294,231638.46928820625
1227296,231638.46928820625
1227675,231638.46928820625
1227679,231638.46928820625
1227680,231638.46928820625
1227687,231638.46928820625
1227690,231638.46928820625
1227707,231638.46928820625
1227708,231638.46928820625
1227709,231638.46928820625
1227720,231638.46928820625
1227815,231638.46928820625
1227857,231638.46928820625
1227859,231638.46928820625
1227865,231638.46928820625
1227902,231638.46928820625
1227904,231638.46928820625
1227921,231638.46928820625
1227928,231638.46928820625
1227948,231638.46928820625
1227951,231638.46928820625
1228096,231638.46928820625
1228098,231638.46928820625
1228597,231638.46928820625
1228622,231638.46928820625
1228630,231638.46928820625
1228639,231638.46928820625
1228640,231638.46928820625
1228821,231638.46928820625
1228828,231638.46928820625
1228829,231638.46928820625
1228966,231638.46928820625
1228972,231638.46928820625
1228973,231638.46928820625
1228974,231638.46928820625
1228985,231638.46928820625
1229013,231638.46928820625
1229016,231638.46928820625
1229018,231638.46928820625
1229020,231638.46928820625
1229022,231638.46928820625
1229028,231638.46928820625
1229030,231638.46928820625
1229031,231638.46928820625
1229038,231638.46928820625
1229176,231638.46928820625
1229188,231638.46928820625
1229190,231638.46928820625
1229201,231638.46928820625
1229212,231638.46928820625
1229218,231638.46928820625
1229220,231638.46928820625
1229224,231638.46928820625
1229225,231638.46928820625
1229462,231638.46928820625
1229540,231638.46928820625
1229541,231638.46928820625
1229591,231638.46928820625
1229597,231638.46928820625
1229598,231638.46928820625
1230015,231638.46928820625
1230020,231638.46928820625
1230030,231638.46928820625
1230031,231638.46928820625
1230037,231638.46928820625
1230038,231638.46928820625
1230039,231638.46928820625
1230040,231638.46928820625
1230045,231638.46928820625
1230070,231638.46928820625
1231407,231638.46928820625
1231410,231638.46928820625
1231549,231638.46928820625
1231551,231638.46928820625
1231558,231638.46928820625
1231661,231638.46928820625
1231688,231638.46928820625
1231696,231638.46928820625
1231704,231638.46928820625
1231710,231638.46928820625
1231711,231638.46928820625
1231719,231638.46928820625
1231753,231638.46928820625
1231846,231638.46928820625
1231908,231638.46928820625
1231938,231638.46928820625
1231982,231638.46928820625
1232000,231638.46928820625
1232001,231638.46928820625
1232002,231638.46928820625
1232475,231638.46928820625
1232477,231638.46928820625
1232484,231638.46928820625
1232490,231638.46928820625
1232637,231638.46928820625
1232646,231638.46928820625
1232662,231638.46928820625
1233033,231638.46928820625
1233038,231638.46928820625
1233250,231638.46928820625
1233263,231638.46928820625
1233265,231638.46928820625
1233268,231638.46928820625
1233307,231638.46928820625
1233314,231638.46928820625
1233329,231638.46928820625
1233345,231638.46928820625
1233349,231638.46928820625
1233447,231638.46928820625
1233450,231638.46928820625
1233453,231638.46928820625
1233462,231638.46928820625
1233465,231638.46928820625
1233471,231638.46928820625
1233474,231638.46928820625
1233479,231638.46928820625
1233487,231638.46928820625
1233488,231638.46928820625
1233490,231638.46928820625
1233493,231638.46928820625
1233495,231638.46928820625
1233497,231638.46928820625
1233542,231638.46928820625
1233552,231638.46928820625
1233557,231638.46928820625
1233567,231638.46928820625
1233568,231638.46928820625
1233569,231638.46928820625
1233683,231638.46928820625
1233764,231638.46928820625
1233861,231638.46928820625
1233877,231638.46928820625
1233987,231638.46928820625
1233989,231638.46928820625
1234069,231638.46928820625
1234103,231638.46928820625
1234104,231638.46928820625
1234343,231638.46928820625
1234348,231638.46928820625
1234349,231638.46928820625
1234495,231638.46928820625
1234496,231638.46928820625
1234497,231638.46928820625
1234499,231638.46928820625
1234515,231638.46928820625
1234516,231638.46928820625
1234528,231638.46928820625
1234612,231638.46928820625
1234760,231638.46928820625
1234763,231638.46928820625
1234766,231638.46928820625
1234772,231638.46928820625
1234818,231638.46928820625
1235137,231638.46928820625
1235157,231638.46928820625
1235163,231638.46928820625
1235168,231638.46928820625
1235169,231638.46928820625
1235170,231638.46928820625
1235228,231638.46928820625
1235244,231638.46928820625
1235266,231638.46928820625
1235290,231638.46928820625
1235294,231638.46928820625
1235303,231638.46928820625
1235312,231638.46928820625
1235314,231638.46928820625
1235337,231638.46928820625
1235354,231638.46928820625
1235360,231638.46928820625
1235386,231638.46928820625
1235538,231638.46928820625
1235542,231638.46928820625
1235546,231638.46928820625
1235552,231638.46928820625
1235662,231638.46928820625
1235678,231638.46928820625
1235679,231638.46928820625
1235688,231638.46928820625
1235689,231638.46928820625
1235741,231638.46928820625
1235742,231638.46928820625
1235744,231638.46928820625
1235745,231638.46928820625
1235746,231638.46928820625
1235747,231638.46928820625
1235786,231638.46928820625
1235796,231638.46928820625
1235824,231638.46928820625
1235825,231638.46928820625
1235874,231638.46928820625
1235885,231638.46928820625
1235886,231638.46928820625
1235887,231638.46928820625
1235916,231638.46928820625
1235996,231638.46928820625
1235997,231638.46928820625
1236001,231638.46928820625
1236007,231638.46928820625
1236009,231638.46928820625
1236010,231638.46928820625
1236082,231638.46928820625
1236126,231638.46928820625
1236137,231638.46928820625
1236150,231638.46928820625
1236152,231638.46928820625
1236160,231638.46928820625
1236162,231638.46928820625
1236183,231638.46928820625
1236186,231638.46928820625
1236189,231638.46928820625
1236201,231638.46928820625
1236353,231638.46928820625
1236355,231638.46928820625
1236463,231638.46928820625
1236479,231638.46928820625
1236480,231638.46928820625
1236822,231638.46928820625
1236911,231638.46928820625
1236986,231638.46928820625
1236991,231638.46928820625
1236993,231638.46928820625
1237029,231638.46928820625
1237033,231638.46928820625
1237049,231638.46928820625
1237051,231638.46928820625
1237164,231638.46928820625
1237170,231638.46928820625
1237492,231638.46928820625
1237495,231638.46928820625
1237545,231638.46928820625
1237979,231638.46928820625
1237998,231638.46928820625
1238015,231638.46928820625
1238100,231638.46928820625
1238115,231638.46928820625
1238129,231638.46928820625
1238182,231638.46928820625
1238190,231638.46928820625
1238195,231638.46928820625
1238198,231638.46928820625
1238207,231638.46928820625
1238213,231638.46928820625
1238216,231638.46928820625
1238226,231638.46928820625
1238229,231638.46928820625
1238231,231638.46928820625
1238232,231638.46928820625
1238237,231638.46928820625
1238241,231638.46928820625
1238242,231638.46928820625
1238244,231638.46928820625
1238245,231638.46928820625
1238258,231638.46928820625
1238259,231638.46928820625
1238261,231638.46928820625
1238263,231638.46928820625
1238264,231638.46928820625
1238384,231638.46928820625
1238386,231638.46928820625
1238419,231638.46928820625
1238422,231638.46928820625
1238435,231638.46928820625
1238439,231638.46928820625
1238572,231638.46928820625
1238582,231638.46928820625
1238589,231638.46928820625
1238614,231638.46928820625
1238793,231638.46928820625
1238800,231638.46928820625
1238802,231638.46928820625
1238807,231638.46928820625
1238812,231638.46928820625
1238813,231638.46928820625
1238814,231638.46928820625
1238827,231638.46928820625
1238834,231638.46928820625
1238964,231638.46928820625
1238965,231638.46928820625
1239003,231638.46928820625
1239006,231638.46928820625
1239029,231638.46928820625
1239054,231638.46928820625
1239062,231638.46928820625
1239067,231638.46928820625
1239078,231638.46928820625
1239100,231638.46928820625
1239106,231638.46928820625
1239112,231638.46928820625
1239158,231638.46928820625
1239160,231638.46928820625
1239161,231638.46928820625
1239162,231638.46928820625
1239239,231638.46928820625
1239260,231638.46928820625
1239261,231638.46928820625
1239271,231638.46928820625
1239276,231638.46928820625
1239278,231638.46928820625
1239294,231638.46928820625
1239313,231638.46928820625
1239402,231638.46928820625
1239482,231638.46928820625
1239483,231638.46928820625
1239484,231638.46928820625
1239485,231638.46928820625
1239490,231638.46928820625
1239519,231638.46928820625
1239527,231638.46928820625
1239532,231638.46928820625
1239533,231638.46928820625
1239534,231638.46928820625
1239535,231638.46928820625
1239537,231638.46928820625
1239558,231638.46928820625
1239566,231638.46928820625
1239568,231638.46928820625
1239577,231638.46928820625
1239578,231638.46928820625
1239585,231638.46928820625
1239589,231638.46928820625
1239598,231638.46928820625
1239601,231638.46928820625
1239963,231638.46928820625
1239978,231638.46928820625
1239994,231638.46928820625
1240122,231638.46928820625
1240137,231638.46928820625
1240202,231638.46928820625
1240229,231638.46928820625
1240235,231638.46928820625
1240281,231638.46928820625
1240283,231638.46928820625
1240338,231638.46928820625
1240418,231638.46928820625
1240441,231638.46928820625
1240442,231638.46928820625
1240444,231638.46928820625
1240448,231638.46928820625
1240464,231638.46928820625
1240465,231638.46928820625
1240498,231638.46928820625
1240504,231638.46928820625
1240505,231638.46928820625
1240516,231638.46928820625
1240535,231638.46928820625
1240539,231638.46928820625
1240540,231638.46928820625
1240617,231638.46928820625
1240649,231638.46928820625
1240720,231638.46928820625
1240728,231638.46928820625
1240735,231638.46928820625
1240736,231638.46928820625
1240977,231638.46928820625
1240979,231638.46928820625
1241045,231638.46928820625
1241069,231638.46928820625
1241079,231638.46928820625
1241087,231638.46928820625
1241091,231638.46928820625
1241093,231638.46928820625
1241095,231638.46928820625
1241101,231638.46928820625
1241103,231638.46928820625
1241115,231638.46928820625
1241117,231638.46928820625
1241128,231638.46928820625
1241130,231638.46928820625
1241139,231638.46928820625
1241151,231638.46928820625
1241289,231638.46928820625
1241295,231638.46928820625
1241453,231638.46928820625
1241454,231638.46928820625
1241459,231638.46928820625
1241460,231638.46928820625
1241478,231638.46928820625
1241488,231638.46928820625
1241744,231638.46928820625
1241746,231638.46928820625
1241753,231638.46928820625
1241756,231638.46928820625
1241757,231638.46928820625
1241760,231638.46928820625
1241761,231638.46928820625
1241764,231638.46928820625
1241795,231638.46928820625
1241796,231638.46928820625
1241798,231638.46928820625
1241803,231638.46928820625
1241804,231638.46928820625
1241807,231638.46928820625
1241810,231638.46928820625
1241813,231638.46928820625
1241826,231638.46928820625
1241833,231638.46928820625
1241834,231638.46928820625
1241837,231638.46928820625
1241842,231638.46928820625
1241843,231638.46928820625
1241897,231638.46928820625
1241913,231638.46928820625
1241975,231638.46928820625
1241978,231638.46928820625
1241980,231638.46928820625
1241981,231638.46928820625
1241983,231638.46928820625
1242077,231638.46928820625
1242080,231638.46928820625
1242082,231638.46928820625
1242090,231638.46928820625
1242092,231638.46928820625
1242118,231638.46928820625
1242119,231638.46928820625
1242131,231638.46928820625
1242132,231638.46928820625
1242135,231638.46928820625
1242139,231638.46928820625
70723,243772.8491122295
71009,243772.8491122295
71030,243772.8491122295
71670,243772.8491122295
71671,243772.8491122295
71694,243772.8491122295
71697,243772.8491122295
71717,243772.8491122295
71727,243772.8491122295
71785,243772.8491122295
72264,243772.8491122295
72276,243772.8491122295
72325,243772.8491122295
72326,243772.8491122295
72327,243772.8491122295
72548,243772.8491122295
72571,243772.8491122295
72713,243772.8491122295
696861,193060.4809015055
696875,120513.19441001037
696882,310456.79237840814
