id,price
264893,371869.24615046586
264899,371869.24615046586
264910,371869.24615046586
264915,371869.24615046586
264919,371869.24615046586
264928,371869.24615046586
264932,371869.24615046586
264935,371869.24615046586
264939,371869.24615046586
264944,371869.24615046586
264954,371869.24615046586
264955,371869.24615046586
264969,374484.0116490136
264978,371869.24615046586
264983,371869.24615046586
264984,371869.24615046586
264985,371869.24615046586
265031,371869.24615046586
265032,371869.24615046586
265058,371869.24615046586
265066,371869.24615046586
265068,371869.24615046586
265069,371869.24615046586
265070,371869.24615046586
265077,371869.24615046586
265090,374484.0116490136
265094,371869.24615046586
265101,371869.24615046586
265102,371869.24615046586
265105,371869.24615046586
265106,371869.24615046586
265108,371869.24615046586
265115,371869.24615046586
265147,371869.24615046586
265152,371869.24615046586
265153,371869.24615046586
265170,371869.24615046586
265176,371869.24615046586
265187,371869.24615046586
265189,371869.24615046586
265198,371869.24615046586
265225,371869.24615046586
265233,371869.24615046586
265237,371869.24615046586
265253,374546.58862943575
265280,372276.5608290971
265287,374546.58862943575
265293,337018.32407909853
265296,358524.64815927035
265307,365670.8080364069
265308,330412.5712864083
265312,372276.5608290971
265313,374546.58862943575
265314,372276.5608290971
265315,330412.5712864083
265320,337018.32407909853
265333,374546.58862943575
265346,337018.32407909853
265351,358524.64815927035
265356,372276.5608290971
265357,325023.38833600003
265358,337018.32407909853
265363,337018.32407909853
265369,374546.58862943575
265372,329214.3896717371
265402,358524.64815927035
265406,372276.5608290971
265420,372276.5608290971
265436,372276.5608290971
265438,325023.38833600003
265442,365670.8080364069
265449,365670.8080364069
265452,365670.8080364069
265455,325023.38833600003
265461,365670.8080364069
265465,372276.5608290971
265481,329214.3896717371
265488,337018.32407909853
265501,337018.32407909853
265514,365670.8080364069
265515,329214.3896717371
265516,337018.32407909853
265517,374546.58862943575
265526,372276.5608290971
265533,372276.5608290971
265539,365670.8080364069
265543,374546.58862943575
265544,374546.58862943575
265556,375028.5983351547
265559,374546.58862943575
265561,374546.58862943575
265584,377853.03695890756
265586,382811.9005616505
265587,382811.9005616505
265588,374546.58862943575
265593,375028.5983351547
265596,375028.5983351547
265607,378987.3889693591
265608,375028.5983351547
265610,377853.03695890756
265613,374546.58862943575
265653,374546.58862943575
265663,377853.03695890756
265669,382811.9005616505
265675,375028.5983351547
265699,375028.5983351547
265701,374546.58862943575
265703,374546.58862943575
265704,374546.58862943575
265743,374546.58862943575
265748,382811.9005616505
265759,377853.03695890756
265795,374546.58862943575
265797,374546.58862943575
265805,375028.5983351547
265806,382811.9005616505
265810,375028.5983351547
265819,382811.9005616505
265820,377853.03695890756
265833,377853.03695890756
265834,375028.5983351547
265843,376870.58795107604
265851,382491.2487600466
265862,376870.58795107604
265864,376870.58795107604
265869,388052.59307600424
265887,382491.2487600466
265907,377216.4347621803
265913,394521.15845717513
265921,384455.37856962497
265923,384455.37856962497
265925,374906.4581414977
265957,382491.2487600466
265958,362929.38074259565
265960,388052.59307600424
265963,384455.37856962497
265969,388052.59307600424
266004,384455.37856962497
266028,382491.2487600466
266029,362929.38074259565
266032,384455.37856962497
266034,394521.15845717513
266055,384455.37856962497
266075,394521.15845717513
266077,394521.15845717513
266080,382491.2487600466
266093,377216.4347621803
266094,382491.2487600466
266100,394521.15845717513
266116,394521.15845717513
266129,377853.03695890756
266144,380467.8024574553
266160,388052.59307600424
266165,377161.3541279836
266196,377161.3541279836
266199,388052.59307600424
266202,388052.59307600424
266210,377161.3541279836
266211,380467.8024574553
266213,388052.59307600424
266218,377853.03695890756
266219,388052.59307600424
266220,377853.03695890756
266234,380467.8024574553
266241,380308.5476995079
266248,377161.3541279836
266251,377853.03695890756
266256,374546.58862943575
266259,377853.03695890756
266274,388052.59307600424
266275,377853.03695890756
266276,377853.03695890756
266279,377161.3541279836
266280,388052.59307600424
266281,380308.5476995079
266299,388052.59307600424
266300,380467.8024574553
266305,374546.58862943575
266314,380308.5476995079
266315,377853.03695890756
266329,380467.8024574553
266332,325023.38833600003
266350,325023.38833600003
266368,325023.38833600003
266375,325023.38833600003
266381,325023.38833600003
266382,325023.38833600003
266393,325023.38833600003
266394,325023.38833600003
266402,325023.38833600003
266406,327832.88537475356
266423,325023.38833600003
266424,325023.38833600003
266438,325023.38833600003
266454,325023.38833600003
266463,325023.38833600003
266465,322775.67465879716
266479,325023.38833600003
266480,325023.38833600003
266485,325023.38833600003
266486,325023.38833600003
266496,325023.38833600003
266508,325023.38833600003
266510,325023.38833600003
266511,325023.38833600003
266512,325023.38833600003
266514,325023.38833600003
266517,325023.38833600003
266539,325023.38833600003
266542,325023.38833600003
266545,325023.38833600003
266548,325023.38833600003
266550,325023.38833600003
266556,325023.38833600003
266559,325023.38833600003
266565,325023.38833600003
266568,325023.38833600003
266569,325023.38833600003
266575,325023.38833600003
266580,325023.38833600003
266581,325023.38833600003
266582,325023.38833600003
266583,325023.38833600003
266602,380308.5476995079
266606,367940.8358367455
266618,361992.92082062206
266619,375257.912292683
266620,367940.8358367455
266624,375257.912292683
266626,374546.58862943575
266662,374546.58862943575
266667,380308.5476995079
266668,356142.1253891416
266677,374546.58862943575
266681,356142.1253891416
266682,377161.3541279836
266690,911733.1116917388
266694,377161.3541279836
266695,377161.3541279836
266698,361992.92082062206
266699,374546.58862943575
266727,380308.5476995079
266729,358704.29860404687
266731,377161.3541279836
266732,367940.8358367455
266740,374546.58862943575
266744,374546.58862943575
266748,358704.29860404687
266768,367940.8358367455
266770,374546.58862943575
266771,370555.6013352934
266778,374546.58862943575
266779,374546.58862943575
266781,374546.58862943575
266785,377161.3541279836
266809,358704.29860404687
266819,374546.58862943575
266821,358704.29860404687
266824,367940.8358367455
266830,372110.71872115874
266831,364513.41308136465
266845,361992.92082062206
266846,384321.6023400785
266847,377853.03695890756
266851,352729.82462549896
266858,377853.03695890756
266859,377853.03695890756
266862,377853.03695890756
266863,377853.03695890756
266864,377853.03695890756
266872,377853.03695890756
266875,377853.03695890756
266877,367016.87864508363
266882,384321.6023400785
266883,377853.03695890756
266886,377853.03695890756
266918,377853.03695890756
266919,384321.6023400785
266920,384321.6023400785
266953,352729.82462549896
266954,377853.03695890756
266955,374255.8224525282
266957,384321.6023400785
266965,377853.03695890756
266966,384321.6023400785
266969,384321.6023400785
266984,374255.8224525282
266989,367016.87864508363
266990,384321.6023400785
267015,367016.87864508363
267016,367016.87864508363
267017,367016.87864508363
267018,377853.03695890756
267019,384321.6023400785
267020,384321.6023400785
267025,374255.8224525282
267028,377853.03695890756
267041,384321.6023400785
267054,367016.87864508363
267082,384321.6023400785
267084,377853.03695890756
267085,384321.6023400785
267103,325023.38833600003
267104,325023.38833600003
267106,337018.32407909853
267113,329214.3896717371
267126,337018.32407909853
267128,325023.38833600003
267131,325023.38833600003
267138,372276.5608290971
267147,325023.38833600003
267153,337018.32407909853
267154,337018.32407909853
267171,325023.38833600003
267173,372276.5608290971
267188,325023.38833600003
267198,325023.38833600003
267199,325023.38833600003
267218,372311.84872797655
267220,367940.8358367455
267221,367940.8358367455
267245,364513.41308136465
267247,367940.8358367455
267248,354943.88052812853
267249,354943.88052812853
267253,374546.58862943575
267269,367940.8358367455
267271,367940.8358367455
267274,374546.58862943575
267281,365670.8080364069
267303,360794.675959609
267305,367940.8358367455
267306,374546.58862943575
267307,367940.8358367455
267309,356142.1253891416
267311,367940.8358367455
267312,374546.58862943575
267315,357506.0537430338
267331,355236.02594269515
267338,354943.88052812853
267342,374546.58862943575
267344,367940.8358367455
267346,357506.0537430338
267366,354943.88052812853
267369,357506.0537430338
267371,374546.58862943575
267375,354943.88052812853
267376,367940.8358367455
267379,374546.58862943575
267381,367940.8358367455
267382,374546.58862943575
267407,352673.8527277898
267422,374546.58862943575
267424,358704.29860404687
267428,367940.8358367455
267431,356142.1253891416
267434,374546.58862943575
267437,354943.88052812853
267438,361992.92082062206
267439,367940.8358367455
267440,358704.29860404687
267441,354943.88052812853
267443,357506.0537430338
267460,380308.5476995079
267463,380308.5476995079
267494,380308.5476995079
267510,380308.5476995079
267515,380308.5476995079
267520,380308.5476995079
267522,380308.5476995079
267523,380308.5476995079
267524,380308.5476995079
267544,380308.5476995079
267546,380308.5476995079
267551,380308.5476995079
267553,380308.5476995079
267563,380308.5476995079
267584,380308.5476995079
267585,380308.5476995079
267587,380308.5476995079
267598,380308.5476995079
267602,380308.5476995079
267614,380308.5476995079
267617,380308.5476995079
267619,380308.5476995079
267620,380308.5476995079
267623,380308.5476995079
267627,380308.5476995079
267633,380308.5476995079
267644,380308.5476995079
267667,377804.96706910693
267738,382039.124679024
267740,382039.124679024
267743,377804.96706910693
267778,382039.124679024
267779,382039.124679024
267799,380074.99486944557
267800,382039.124679024
267814,377804.96706910693
267816,382039.124679024
267833,380074.99486944557
267834,382039.124679024
267836,382039.124679024
267847,372291.6926429498
267858,372291.6926429498
267891,374255.8224525282
267896,372291.6926429498
267899,374255.8224525282
267900,372291.6926429498
267902,374255.8224525282
267908,372291.6926429498
267924,374255.8224525282
267933,374255.8224525282
267936,374255.8224525282
267939,374255.8224525282
267941,374255.8224525282
267942,374255.8224525282
267967,372291.6926429498
267970,374255.8224525282
267980,372291.6926429498
267990,374255.8224525282
267992,372291.6926429498
267994,374255.8224525282
267995,374255.8224525282
267999,374255.8224525282
268003,374255.8224525282
268020,374255.8224525282
268033,374255.8224525282
268041,382039.124679024
268056,392104.90456657426
268067,375028.5983351547
268070,392104.90456657426
268071,375028.5983351547
268121,374255.8224525282
268144,378987.3889693591
268145,392104.90456657426
268147,374255.8224525282
268149,378214.6130867326
268150,374255.8224525282
268157,374800.18087157945
268159,374255.8224525282
268161,374255.8224525282
268175,384321.6023400785
268189,374255.8224525282
268208,384321.6023400785
308905,354943.88052812853
312310,374484.0116490136
312331,377853.03695890756
695165,380308.5476995079
695166,380308.5476995079
695170,374255.8224525282
695176,372291.6926429498
695178,377853.03695890756
695181,384321.6023400785
695183,377853.03695890756
695185,388052.59307600424
695196,374546.58862943575
695203,374546.58862943575
695205,377161.3541279836
695207,380074.99486944557
695236,374546.58862943575
695238,374546.58862943575
695252,374546.58862943575
695257,374546.58862943575
713635,305578.25890164595
714108,305578.25890164595
714284,305578.25890164595
714645,305578.25890164595
714753,305578.25890164595
714863,305578.25890164595
714924,305578.25890164595
715132,305578.25890164595
715405,305578.25890164595
715433,305578.25890164595
715694,305578.25890164595
715746,305578.25890164595
715898,305578.25890164595
715902,305578.25890164595
715996,305578.25890164595
716065,305578.25890164595
716097,305578.25890164595
716329,305578.25890164595
716360,305578.25890164595
716377,305578.25890164595
716484,305578.25890164595
716541,305578.25890164595
716634,305578.25890164595
716888,305578.25890164595
717017,305578.25890164595
717109,305578.25890164595
717307,305578.25890164595
717459,305578.25890164595
717524,305578.25890164595
717568,305578.25890164595
717688,305578.25890164595
717690,305578.25890164595
717797,305578.25890164595
717829,305578.25890164595
717945,305578.25890164595
717983,305578.25890164595
718276,305578.25890164595
718584,305578.25890164595
718617,305578.25890164595
718717,305578.25890164595
718867,305578.25890164595
718943,305578.25890164595
718997,305578.25890164595
719116,305578.25890164595
719132,305578.25890164595
719287,305578.25890164595
719579,305578.25890164595
719846,305578.25890164595
719893,305578.25890164595
720041,305578.25890164595
720088,305578.25890164595
720180,305578.25890164595
720249,305578.25890164595
720261,305578.25890164595
720293,305578.25890164595
720364,305578.25890164595
720455,305578.25890164595
720564,305578.25890164595
720679,305578.25890164595
720725,305578.25890164595
720817,305578.25890164595
720854,305578.25890164595
720920,305578.25890164595
721130,305578.25890164595
721266,305578.25890164595
721531,305578.25890164595
721844,305578.25890164595
721882,305578.25890164595
722050,305578.25890164595
722151,305578.25890164595
722225,305578.25890164595
722264,305578.25890164595
722516,305578.25890164595
722520,305578.25890164595
722594,305578.25890164595
722649,305578.25890164595
722769,305578.25890164595
724397,305578.25890164595
724457,305578.25890164595
724486,305578.25890164595
724488,305578.25890164595
724574,305578.25890164595
724620,305578.25890164595
724674,305578.25890164595
724767,305578.25890164595
724786,305578.25890164595
724908,305578.25890164595
725124,305578.25890164595
725211,305578.25890164595
725280,305578.25890164595
725364,305578.25890164595
725393,305578.25890164595
725425,305578.25890164595
725455,305578.25890164595
725547,305578.25890164595
725814,305578.25890164595
725829,305578.25890164595
725999,305578.25890164595
726088,305578.25890164595
726214,305578.25890164595
726348,305578.25890164595
726542,305578.25890164595
726620,305578.25890164595
726910,305578.25890164595
727068,305578.25890164595
727229,305578.25890164595
727458,305578.25890164595
727699,305578.25890164595
728077,305578.25890164595
728089,305578.25890164595
728272,305578.25890164595
728553,305578.25890164595
728592,305578.25890164595
728640,305578.25890164595
728663,305578.25890164595
729105,305578.25890164595
729267,305578.25890164595
729622,305578.25890164595
730128,305578.25890164595
730298,305578.25890164595
730619,305578.25890164595
730712,305578.25890164595
731061,305578.25890164595
731131,305578.25890164595
731142,305578.25890164595
731240,305578.25890164595
731527,305578.25890164595
731655,305578.25890164595
731841,305578.25890164595
731925,305578.25890164595
732382,305578.25890164595
732568,305578.25890164595
732810,305578.25890164595
732969,305578.25890164595
733029,305578.25890164595
733077,305578.25890164595
733091,305578.25890164595
733208,305578.25890164595
733226,305578.25890164595
733230,305578.25890164595
733238,305578.25890164595
733347,305578.25890164595
733542,305578.25890164595
734153,305578.25890164595
734154,305578.25890164595
734176,305578.25890164595
734212,305578.25890164595
734217,305578.25890164595
734258,305578.25890164595
734334,305578.25890164595
734397,305578.25890164595
734666,305578.25890164595
734674,305578.25890164595
734675,305578.25890164595
734724,305578.25890164595
734919,305578.25890164595
735058,305578.25890164595
735319,305578.25890164595
735691,305578.25890164595
735730,305578.25890164595
735875,305578.25890164595
736019,305578.25890164595
736274,305578.25890164595
736752,305578.25890164595
736842,305578.25890164595
736845,305578.25890164595
736880,305578.25890164595
737208,305578.25890164595
737501,305578.25890164595
737652,305578.25890164595
737722,305578.25890164595
738039,305578.25890164595
738057,305578.25890164595
738082,305578.25890164595
738665,305578.25890164595
738841,305578.25890164595
739007,305578.25890164595
739075,305578.25890164595
739255,305578.25890164595
739492,305578.25890164595
740378,305578.25890164595
740535,305578.25890164595
741340,305578.25890164595
741408,305578.25890164595
741684,305578.25890164595
742269,305578.25890164595
742430,305578.25890164595
742608,305578.25890164595
742744,305578.25890164595
742791,305578.25890164595
742826,305578.25890164595
742881,305578.25890164595
742899,305578.25890164595
743231,305578.25890164595
743527,305578.25890164595
743534,305578.25890164595
743562,305578.25890164595
743664,305578.25890164595
743926,305578.25890164595
744027,305578.25890164595
744337,305578.25890164595
744508,305578.25890164595
744690,305578.25890164595
745006,305578.25890164595
745047,305578.25890164595
745193,305578.25890164595
745245,305578.25890164595
745515,305578.25890164595
746017,305578.25890164595
746053,305578.25890164595
746265,305578.25890164595
746355,305578.25890164595
746375,305578.25890164595
746382,305578.25890164595
746483,305578.25890164595
746772,305578.25890164595
746949,305578.25890164595
746954,305578.25890164595
746984,305578.25890164595
748310,305578.25890164595
748476,305578.25890164595
748712,305578.25890164595
748736,305578.25890164595
748773,305578.25890164595
748803,305578.25890164595
749336,305578.25890164595
749657,305578.25890164595
749755,305578.25890164595
749845,305578.25890164595
750054,305578.25890164595
750136,305578.25890164595
750580,305578.25890164595
750771,305578.25890164595
751301,305578.25890164595
751365,305578.25890164595
751450,305578.25890164595
751496,305578.25890164595
751560,305578.25890164595
751799,305578.25890164595
751846,305578.25890164595
751847,305578.25890164595
751897,305578.25890164595
751958,305578.25890164595
751960,305578.25890164595
752204,305578.25890164595
752309,305578.25890164595
752365,305578.25890164595
752608,305578.25890164595
752648,305578.25890164595
752691,305578.25890164595
752814,305578.25890164595
752877,305578.25890164595
753069,305578.25890164595
753118,305578.25890164595
753224,305578.25890164595
753227,305578.25890164595
753248,305578.25890164595
753391,305578.25890164595
753482,305578.25890164595
753516,305578.25890164595
753532,305578.25890164595
753563,305578.25890164595
753651,305578.25890164595
753842,305578.25890164595
754089,305578.25890164595
754090,305578.25890164595
754125,305578.25890164595
754506,305578.25890164595
754620,305578.25890164595
754630,305578.25890164595
754802,305578.25890164595
754861,305578.25890164595
754927,305578.25890164595
754936,305578.25890164595
755034,305578.25890164595
755072,305578.25890164595
755075,305578.25890164595
755879,305578.25890164595
756141,305578.25890164595
757137,305578.25890164595
757268,305578.25890164595
757525,305578.25890164595
757552,305578.25890164595
757671,305578.25890164595
757699,305578.25890164595
757723,305578.25890164595
757778,305578.25890164595
757807,305578.25890164595
757810,305578.25890164595
758073,305578.25890164595
758157,305578.25890164595
758385,305578.25890164595
758409,305578.25890164595
758503,305578.25890164595
758531,305578.25890164595
758589,305578.25890164595
758722,305578.25890164595
758785,305578.25890164595
758793,305578.25890164595
758855,305578.25890164595
758943,305578.25890164595
758961,305578.25890164595
759020,305578.25890164595
759066,305578.25890164595
759073,305578.25890164595
759076,305578.25890164595
759330,305578.25890164595
760184,305578.25890164595
760381,305578.25890164595
760382,305578.25890164595
760545,305578.25890164595
760920,305578.25890164595
767749,305578.25890164595
767766,305578.25890164595
767960,305578.25890164595
768051,305578.25890164595
771578,305578.25890164595
771667,305578.25890164595
771785,305578.25890164595
771860,305578.25890164595
772094,305578.25890164595
772238,305578.25890164595
772563,305578.25890164595
772956,305578.25890164595
773061,305578.25890164595
773111,305578.25890164595
773288,305578.25890164595
773498,305578.25890164595
773599,305578.25890164595
773705,305578.25890164595
773905,305578.25890164595
773965,305578.25890164595
773973,305578.25890164595
774075,305578.25890164595
774236,305578.25890164595
774296,305578.25890164595
774423,305578.25890164595
774558,305578.25890164595
774559,305578.25890164595
774858,305578.25890164595
774859,305578.25890164595
774860,305578.25890164595
774861,305578.25890164595
774863,305578.25890164595
774864,305578.25890164595
774865,305578.25890164595
774866,305578.25890164595
774870,305578.25890164595
774874,305578.25890164595
774908,305578.25890164595
774914,305578.25890164595
775168,305578.25890164595
775205,305578.25890164595
775210,305578.25890164595
775320,305578.25890164595
775438,305578.25890164595
775442,305578.25890164595
775443,305578.25890164595
775444,305578.25890164595
775445,305578.25890164595
775447,305578.25890164595
775448,305578.25890164595
775554,305578.25890164595
775555,305578.25890164595
775586,305578.25890164595
775612,305578.25890164595
775729,305578.25890164595
775785,305578.25890164595
775911,305578.25890164595
776126,305578.25890164595
776220,305578.25890164595
776281,305578.25890164595
776537,305578.25890164595
776718,305578.25890164595
776786,305578.25890164595
777092,305578.25890164595
777265,305578.25890164595
777365,305578.25890164595
777442,305578.25890164595
777610,305578.25890164595
777612,305578.25890164595
777763,305578.25890164595
777818,305578.25890164595
778020,305578.25890164595
792324,305578.25890164595
792630,305578.25890164595
792713,305578.25890164595
792725,305578.25890164595
792887,305578.25890164595
792939,305578.25890164595
793005,305578.25890164595
793008,305578.25890164595
793066,305578.25890164595
793127,305578.25890164595
793161,305578.25890164595
793409,305578.25890164595
793475,305578.25890164595
793537,305578.25890164595
793642,305578.25890164595
793661,305578.25890164595
793768,305578.25890164595
793977,305578.25890164595
793978,305578.25890164595
794009,305578.25890164595
794521,305578.25890164595
794522,305578.25890164595
794646,305578.25890164595
794657,305578.25890164595
794681,305578.25890164595
794957,305578.25890164595
795043,305578.25890164595
795214,305578.25890164595
795458,305578.25890164595
795504,305578.25890164595
795614,305578.25890164595
795689,305578.25890164595
795690,305578.25890164595
795749,305578.25890164595
795780,305578.25890164595
796046,305578.25890164595
796093,305578.25890164595
796230,305578.25890164595
796239,305578.25890164595
796407,305578.25890164595
796414,305578.25890164595
796526,305578.25890164595
796611,305578.25890164595
796612,305578.25890164595
796693,305578.25890164595
796941,305578.25890164595
797000,305578.25890164595
797301,305578.25890164595
797320,305578.25890164595
797501,305578.25890164595
797556,305578.25890164595
797602,305578.25890164595
797607,305578.25890164595
797650,305578.25890164595
797759,305578.25890164595
797840,305578.25890164595
797920,305578.25890164595
797955,305578.25890164595
797986,305578.25890164595
798122,305578.25890164595
798154,305578.25890164595
799016,305578.25890164595
799634,305578.25890164595
799788,305578.25890164595
800114,305578.25890164595
800138,305578.25890164595
800424,305578.25890164595
800449,305578.25890164595
800510,305578.25890164595
800532,305578.25890164595
800541,305578.25890164595
800609,305578.25890164595
800668,305578.25890164595
800744,305578.25890164595
800866,305578.25890164595
800903,305578.25890164595
800916,305578.25890164595
801752,305578.25890164595
801804,305578.25890164595
801847,305578.25890164595
801858,305578.25890164595
802128,305578.25890164595
802258,305578.25890164595
802295,305578.25890164595
802341,305578.25890164595
802386,305578.25890164595
802424,305578.25890164595
802445,305578.25890164595
802668,305578.25890164595
802700,305578.25890164595
802704,305578.25890164595
802728,305578.25890164595
802910,305578.25890164595
803292,305578.25890164595
803311,305578.25890164595
803329,305578.25890164595
803374,305578.25890164595
803536,305578.25890164595
803639,305578.25890164595
804024,305578.25890164595
804212,305578.25890164595
804231,305578.25890164595
804291,305578.25890164595
804531,305578.25890164595
804598,305578.25890164595
804627,305578.25890164595
804631,305578.25890164595
804637,305578.25890164595
804655,305578.25890164595
804744,305578.25890164595
804766,305578.25890164595
804807,305578.25890164595
805014,305578.25890164595
805098,305578.25890164595
805194,305578.25890164595
805373,305578.25890164595
805394,305578.25890164595
805486,305578.25890164595
805500,305578.25890164595
805630,305578.25890164595
805757,305578.25890164595
806068,305578.25890164595
806144,305578.25890164595
806361,305578.25890164595
806422,305578.25890164595
806448,305578.25890164595
806622,305578.25890164595
806748,305578.25890164595
806977,305578.25890164595
806994,305578.25890164595
807158,305578.25890164595
807182,305578.25890164595
807185,305578.25890164595
807247,305578.25890164595
807280,305578.25890164595
807366,305578.25890164595
807797,305578.25890164595
808029,305578.25890164595
808116,305578.25890164595
808193,305578.25890164595
808317,305578.25890164595
808398,305578.25890164595
808402,305578.25890164595
808665,305578.25890164595
808694,305578.25890164595
809040,305578.25890164595
809598,305578.25890164595
809658,305578.25890164595
810178,305578.25890164595
810217,305578.25890164595
810247,305578.25890164595
810250,305578.25890164595
810315,305578.25890164595
810593,305578.25890164595
810694,305578.25890164595
810750,305578.25890164595
810752,305578.25890164595
810823,305578.25890164595
811013,305578.25890164595
811014,305578.25890164595
811029,305578.25890164595
811033,305578.25890164595
811079,305578.25890164595
811149,305578.25890164595
811154,305578.25890164595
811318,305578.25890164595
811572,305578.25890164595
811752,305578.25890164595
811825,305578.25890164595
811863,305578.25890164595
811890,305578.25890164595
812013,305578.25890164595
812020,305578.25890164595
812190,305578.25890164595
812277,305578.25890164595
812281,305578.25890164595
812496,305578.25890164595
813366,305578.25890164595
813513,305578.25890164595
813541,305578.25890164595
813723,305578.25890164595
813854,305578.25890164595
813900,305578.25890164595
813905,305578.25890164595
813991,305578.25890164595
814439,305578.25890164595
814562,305578.25890164595
814741,305578.25890164595
814748,305578.25890164595
814792,305578.25890164595
814808,305578.25890164595
814955,305578.25890164595
815240,305578.25890164595
815395,305578.25890164595
815501,305578.25890164595
815512,305578.25890164595
815573,305578.25890164595
815588,305578.25890164595
815670,305578.25890164595
815688,305578.25890164595
815690,305578.25890164595
815696,305578.25890164595
815763,305578.25890164595
815988,305578.25890164595
816064,305578.25890164595
816242,305578.25890164595
816290,305578.25890164595
816334,305578.25890164595
816744,305578.25890164595
816890,305578.25890164595
816995,305578.25890164595
816999,305578.25890164595
817070,305578.25890164595
817184,305578.25890164595
817220,305578.25890164595
817222,305578.25890164595
817335,305578.25890164595
817398,305578.25890164595
817401,305578.25890164595
817469,305578.25890164595
817478,305578.25890164595
817485,305578.25890164595
849254,305578.25890164595
849335,305578.25890164595
849583,305578.25890164595
849628,305578.25890164595
849715,305578.25890164595
849938,305578.25890164595
850070,305578.25890164595
850071,305578.25890164595
850074,305578.25890164595
850143,305578.25890164595
850650,305578.25890164595
850688,305578.25890164595
850706,305578.25890164595
851200,305578.25890164595
851362,305578.25890164595
851404,305578.25890164595
851791,305578.25890164595
851810,305578.25890164595
851844,305578.25890164595
851885,305578.25890164595
851929,305578.25890164595
852009,305578.25890164595
852060,305578.25890164595
852108,305578.25890164595
852166,305578.25890164595
852210,305578.25890164595
852356,305578.25890164595
852727,305578.25890164595
852786,305578.25890164595
852794,305578.25890164595
852798,305578.25890164595
852811,305578.25890164595
852983,305578.25890164595
853152,305578.25890164595
853212,305578.25890164595
853308,305578.25890164595
853360,305578.25890164595
853400,305578.25890164595
853448,305578.25890164595
853547,305578.25890164595
853738,305578.25890164595
853999,305578.25890164595
854058,305578.25890164595
854206,305578.25890164595
854316,305578.25890164595
854372,305578.25890164595
854548,305578.25890164595
854627,305578.25890164595
854717,305578.25890164595
854804,305578.25890164595
854850,305578.25890164595
855254,305578.25890164595
855290,305578.25890164595
855591,305578.25890164595
855835,305578.25890164595
856006,305578.25890164595
856174,305578.25890164595
856192,305578.25890164595
856247,305578.25890164595
856511,305578.25890164595
856637,305578.25890164595
856638,305578.25890164595
856646,305578.25890164595
856699,305578.25890164595
856869,305578.25890164595
856903,305578.25890164595
857014,305578.25890164595
857021,305578.25890164595
857337,305578.25890164595
857466,305578.25890164595
857561,305578.25890164595
857715,305578.25890164595
857930,305578.25890164595
857933,305578.25890164595
857984,305578.25890164595
858020,305578.25890164595
858115,305578.25890164595
858187,305578.25890164595
858284,305578.25890164595
858313,305578.25890164595
858343,305578.25890164595
858367,305578.25890164595
858368,305578.25890164595
858391,305578.25890164595
858467,305578.25890164595
858620,305578.25890164595
858789,305578.25890164595
858910,305578.25890164595
858923,305578.25890164595
858925,305578.25890164595
859089,305578.25890164595
859208,305578.25890164595
859213,305578.25890164595
859448,305578.25890164595
859735,305578.25890164595
859737,305578.25890164595
859952,305578.25890164595
860006,305578.25890164595
860132,305578.25890164595
860301,305578.25890164595
860323,305578.25890164595
860335,305578.25890164595
860364,305578.25890164595
860502,305578.25890164595
860548,305578.25890164595
860582,305578.25890164595
860748,305578.25890164595
860775,305578.25890164595
860948,305578.25890164595
861031,305578.25890164595
861333,305578.25890164595
861384,305578.25890164595
861474,305578.25890164595
861714,305578.25890164595
861731,305578.25890164595
861732,305578.25890164595
861737,305578.25890164595
861820,305578.25890164595
861885,305578.25890164595
862030,305578.25890164595
862188,305578.25890164595
862261,305578.25890164595
862281,305578.25890164595
862618,305578.25890164595
862788,305578.25890164595
862799,305578.25890164595
862968,305578.25890164595
862970,305578.25890164595
862972,305578.25890164595
863013,305578.25890164595
863030,305578.25890164595
863134,305578.25890164595
863308,305578.25890164595
863598,305578.25890164595
863775,305578.25890164595
863870,305578.25890164595
863876,305578.25890164595
863878,305578.25890164595
863962,305578.25890164595
864003,305578.25890164595
864031,305578.25890164595
864076,305578.25890164595
864259,305578.25890164595
864264,305578.25890164595
864392,305578.25890164595
864413,305578.25890164595
864696,305578.25890164595
864957,305578.25890164595
864967,305578.25890164595
865059,305578.25890164595
865088,305578.25890164595
865172,305578.25890164595
865294,305578.25890164595
865295,305578.25890164595
865397,305578.25890164595
865837,305578.25890164595
865915,305578.25890164595
865988,305578.25890164595
866170,305578.25890164595
866219,305578.25890164595
866221,305578.25890164595
866233,305578.25890164595
866670,305578.25890164595
866690,305578.25890164595
866710,305578.25890164595
866832,305578.25890164595
866953,305578.25890164595
867179,305578.25890164595
867437,305578.25890164595
867463,305578.25890164595
867734,305578.25890164595
867910,305578.25890164595
868080,305578.25890164595
868188,305578.25890164595
868288,305578.25890164595
868374,305578.25890164595
868833,305578.25890164595
869107,305578.25890164595
869128,305578.25890164595
869129,305578.25890164595
869138,305578.25890164595
869231,305578.25890164595
869299,305578.25890164595
869366,305578.25890164595
869499,305578.25890164595
869632,305578.25890164595
869658,305578.25890164595
869693,305578.25890164595
870083,305578.25890164595
870420,305578.25890164595
870666,305578.25890164595
870737,305578.25890164595
870738,305578.25890164595
870742,305578.25890164595
870773,305578.25890164595
870921,305578.25890164595
871140,305578.25890164595
871143,305578.25890164595
871239,305578.25890164595
871264,305578.25890164595
871783,305578.25890164595
871887,305578.25890164595
872186,305578.25890164595
872351,305578.25890164595
872453,305578.25890164595
872615,305578.25890164595
873114,305578.25890164595
873126,305578.25890164595
873173,305578.25890164595
873306,305578.25890164595
874035,305578.25890164595
874087,305578.25890164595
874106,305578.25890164595
874111,305578.25890164595
874132,305578.25890164595
874172,305578.25890164595
874299,305578.25890164595
874301,305578.25890164595
874678,305578.25890164595
875005,305578.25890164595
875040,305578.25890164595
875084,305578.25890164595
875343,305578.25890164595
875373,305578.25890164595
875694,305578.25890164595
875715,305578.25890164595
875883,305578.25890164595
875956,305578.25890164595
876188,305578.25890164595
876243,305578.25890164595
876248,305578.25890164595
876298,305578.25890164595
876348,305578.25890164595
876525,305578.25890164595
876573,305578.25890164595
876658,305578.25890164595
876802,305578.25890164595
877045,305578.25890164595
877057,305578.25890164595
877061,305578.25890164595
877082,305578.25890164595
877159,305578.25890164595
877356,305578.25890164595
877405,305578.25890164595
877586,305578.25890164595
877678,305578.25890164595
877695,305578.25890164595
877858,305578.25890164595
877986,305578.25890164595
877992,305578.25890164595
877993,305578.25890164595
877999,305578.25890164595
878136,305578.25890164595
878160,305578.25890164595
878162,305578.25890164595
878163,305578.25890164595
878164,305578.25890164595
878185,305578.25890164595
878259,305578.25890164595
878329,305578.25890164595
878421,305578.25890164595
878447,305578.25890164595
878983,305578.25890164595
879011,305578.25890164595
879025,305578.25890164595
879202,305578.25890164595
879262,305578.25890164595
879410,305578.25890164595
879445,305578.25890164595
879490,305578.25890164595
879704,305578.25890164595
879837,305578.25890164595
879874,305578.25890164595
879899,305578.25890164595
879907,305578.25890164595
880010,305578.25890164595
880022,305578.25890164595
880054,305578.25890164595
880204,305578.25890164595
880277,305578.25890164595
880443,305578.25890164595
880473,305578.25890164595
880481,305578.25890164595
880488,305578.25890164595
880535,305578.25890164595
880552,305578.25890164595
880554,305578.25890164595
880659,305578.25890164595
880698,305578.25890164595
880710,305578.25890164595
880760,305578.25890164595
880910,305578.25890164595
881195,305578.25890164595
881204,305578.25890164595
881269,305578.25890164595
881271,305578.25890164595
881536,305578.25890164595
881648,305578.25890164595
881673,305578.25890164595
881944,305578.25890164595
882063,305578.25890164595
882221,305578.25890164595
882324,305578.25890164595
882337,305578.25890164595
882438,305578.25890164595
882778,305578.25890164595
882904,305578.25890164595
882962,305578.25890164595
883438,305578.25890164595
883576,305578.25890164595
883600,305578.25890164595
883704,305578.25890164595
883831,305578.25890164595
884093,305578.25890164595
884099,305578.25890164595
884231,305578.25890164595
884499,305578.25890164595
884561,305578.25890164595
884563,305578.25890164595
884654,305578.25890164595
917473,305578.25890164595
917675,305578.25890164595
917724,305578.25890164595
918021,305578.25890164595
918033,305578.25890164595
918035,305578.25890164595
918495,305578.25890164595
918508,305578.25890164595
918559,305578.25890164595
918632,305578.25890164595
918906,305578.25890164595
918909,305578.25890164595
918921,305578.25890164595
919282,305578.25890164595
919294,305578.25890164595
919346,305578.25890164595
919348,305578.25890164595
919349,305578.25890164595
919389,305578.25890164595
919475,305578.25890164595
919477,305578.25890164595
919478,305578.25890164595
919577,305578.25890164595
919708,305578.25890164595
919726,305578.25890164595
919736,305578.25890164595
919757,305578.25890164595
919778,305578.25890164595
919891,305578.25890164595
919997,305578.25890164595
920012,305578.25890164595
920013,305578.25890164595
920137,305578.25890164595
920258,305578.25890164595
920314,305578.25890164595
920322,305578.25890164595
922004,305578.25890164595
922014,305578.25890164595
922214,305578.25890164595
922244,305578.25890164595
1024686,305578.25890164595
1024698,305578.25890164595
1024801,305578.25890164595
1025018,305578.25890164595
1025058,305578.25890164595
1025061,305578.25890164595
1025080,305578.25890164595
1025173,305578.25890164595
1025211,305578.25890164595
1025298,305578.25890164595
1025315,305578.25890164595
1025346,305578.25890164595
1025350,305578.25890164595
1026050,305578.25890164595
1026150,305578.25890164595
1026439,305578.25890164595
1026667,305578.25890164595
1026670,305578.25890164595
1026853,305578.25890164595
1026857,305578.25890164595
1027120,305578.25890164595
1027152,305578.25890164595
1027154,305578.25890164595
1027285,305578.25890164595
1027287,305578.25890164595
1027289,305578.25890164595
1027304,305578.25890164595
1027312,305578.25890164595
1027564,305578.25890164595
1027908,305578.25890164595
1028089,305578.25890164595
1028529,305578.25890164595
1028591,305578.25890164595
1028658,305578.25890164595
1028708,305578.25890164595
1028749,305578.25890164595
1028829,305578.25890164595
1028874,305578.25890164595
1029454,305578.25890164595
1029472,305578.25890164595
1029518,305578.25890164595
1029744,305578.25890164595
1029859,305578.25890164595
1030059,305578.25890164595
1030097,305578.25890164595
1030101,305578.25890164595
1030123,305578.25890164595
1030203,305578.25890164595
1030283,305578.25890164595
1030444,305578.25890164595
1030455,305578.25890164595
1030459,305578.25890164595
1030503,305578.25890164595
1030736,305578.25890164595
1030804,305578.25890164595
1030937,305578.25890164595
1031066,305578.25890164595
1031181,305578.25890164595
1031311,305578.25890164595
1031478,305578.25890164595
1031619,305578.25890164595
1031690,305578.25890164595
1031854,305578.25890164595
1031858,305578.25890164595
1031906,305578.25890164595
1031920,305578.25890164595
1031942,305578.25890164595
1032259,305578.25890164595
1032333,305578.25890164595
1032385,305578.25890164595
1032393,305578.25890164595
1032599,305578.25890164595
1032620,305578.25890164595
1032637,305578.25890164595
1032669,305578.25890164595
1032731,305578.25890164595
1032777,305578.25890164595
1032887,305578.25890164595
1032923,305578.25890164595
1032932,305578.25890164595
1033063,305578.25890164595
1033091,305578.25890164595
1033395,305578.25890164595
1033445,305578.25890164595
1033457,305578.25890164595
1033533,305578.25890164595
1033712,305578.25890164595
1033894,305578.25890164595
1033932,305578.25890164595
1033937,305578.25890164595
1033988,305578.25890164595
1033989,305578.25890164595
1034003,305578.25890164595
1034012,305578.25890164595
1034047,305578.25890164595
1034062,305578.25890164595
1034064,305578.25890164595
1034065,305578.25890164595
1034066,305578.25890164595
1034068,305578.25890164595
1034078,305578.25890164595
1034088,305578.25890164595
1034300,305578.25890164595
1034363,305578.25890164595
1034496,305578.25890164595
1034605,305578.25890164595
1034670,305578.25890164595
1034716,305578.25890164595
1034718,305578.25890164595
1034778,305578.25890164595
1034779,305578.25890164595
1034803,305578.25890164595
1034837,305578.25890164595
1034944,305578.25890164595
1035106,305578.25890164595
1035111,305578.25890164595
1035166,305578.25890164595
1035490,305578.25890164595
1035494,305578.25890164595
1035524,305578.25890164595
1035548,305578.25890164595
1035564,305578.25890164595
1035605,305578.25890164595
1035785,305578.25890164595
1035893,305578.25890164595
1036037,305578.25890164595
1036072,305578.25890164595
1036103,305578.25890164595
1036226,305578.25890164595
1037508,305578.25890164595
1037509,305578.25890164595
1037613,305578.25890164595
1037615,305578.25890164595
1037616,305578.25890164595
1037617,305578.25890164595
1037619,305578.25890164595
1037699,305578.25890164595
1037850,305578.25890164595
1037908,305578.25890164595
1038175,305578.25890164595
1038180,305578.25890164595
1038183,305578.25890164595
1038322,305578.25890164595
1038432,305578.25890164595
1038447,305578.25890164595
1038448,305578.25890164595
1038494,305578.25890164595
1038509,305578.25890164595
1038512,305578.25890164595
1038516,305578.25890164595
1038517,305578.25890164595
1038532,305578.25890164595
1038541,305578.25890164595
1038551,305578.25890164595
1038600,305578.25890164595
1038788,305578.25890164595
1038956,305578.25890164595
1038957,305578.25890164595
1039041,305578.25890164595
1039176,305578.25890164595
1039208,305578.25890164595
1039427,305578.25890164595
1039430,305578.25890164595
1039434,305578.25890164595
1039449,305578.25890164595
1039523,305578.25890164595
1039795,305578.25890164595
1039810,305578.25890164595
1039879,305578.25890164595
1040038,305578.25890164595
1040077,305578.25890164595
1040154,305578.25890164595
1040155,305578.25890164595
1040245,305578.25890164595
1040616,305578.25890164595
1040659,305578.25890164595
1040829,305578.25890164595
1040841,305578.25890164595
1041077,305578.25890164595
1041312,305578.25890164595
1041324,305578.25890164595
1041354,305578.25890164595
1041377,305578.25890164595
1041469,305578.25890164595
1041480,305578.25890164595
1041501,305578.25890164595
1041515,305578.25890164595
1041815,305578.25890164595
1041945,305578.25890164595
1041997,305578.25890164595
1042010,305578.25890164595
1042250,305578.25890164595
1042254,305578.25890164595
1042365,305578.25890164595
1042421,305578.25890164595
1042710,305578.25890164595
1043106,305578.25890164595
1043116,305578.25890164595
1043117,305578.25890164595
1043349,305578.25890164595
1043369,305578.25890164595
1043413,305578.25890164595
1043475,305578.25890164595
1043480,305578.25890164595
1043482,305578.25890164595
1043492,305578.25890164595
1043501,305578.25890164595
1043542,305578.25890164595
1043603,305578.25890164595
1043620,305578.25890164595
1043688,305578.25890164595
1043779,305578.25890164595
1043799,305578.25890164595
1043891,305578.25890164595
1043892,305578.25890164595
1043945,305578.25890164595
1044186,305578.25890164595
1044193,305578.25890164595
1044204,305578.25890164595
1044205,305578.25890164595
1044215,305578.25890164595
1044236,305578.25890164595
1044277,305578.25890164595
1044296,305578.25890164595
1044297,305578.25890164595
1044356,305578.25890164595
1044456,305578.25890164595
1044496,305578.25890164595
1044569,305578.25890164595
1044700,305578.25890164595
1044742,305578.25890164595
1044802,305578.25890164595
1044803,305578.25890164595
1044813,305578.25890164595
1044832,305578.25890164595
1044867,305578.25890164595
1045016,305578.25890164595
1045148,305578.25890164595
1045209,305578.25890164595
1045223,305578.25890164595
1045320,305578.25890164595
1045323,305578.25890164595
1045414,305578.25890164595
1045572,305578.25890164595
1045573,305578.25890164595
1045595,305578.25890164595
1045679,305578.25890164595
1045724,305578.25890164595
1045725,305578.25890164595
1045730,305578.25890164595
1045799,305578.25890164595
1045886,305578.25890164595
1045930,305578.25890164595
1045955,305578.25890164595
1045981,305578.25890164595
1046127,305578.25890164595
1046209,305578.25890164595
1046212,305578.25890164595
1046225,305578.25890164595
1046231,305578.25890164595
1046257,305578.25890164595
1046283,305578.25890164595
1046328,305578.25890164595
1046331,305578.25890164595
1046356,305578.25890164595
1046430,305578.25890164595
1046462,305578.25890164595
1046488,305578.25890164595
1046498,305578.25890164595
1046576,305578.25890164595
1046593,305578.25890164595
1046597,305578.25890164595
1046633,305578.25890164595
1046719,305578.25890164595
1046832,305578.25890164595
1046844,305578.25890164595
1046861,305578.25890164595
1046862,305578.25890164595
1046875,305578.25890164595
1046947,305578.25890164595
1046952,305578.25890164595
1046992,305578.25890164595
1047083,305578.25890164595
1047115,305578.25890164595
1047118,305578.25890164595
1047172,305578.25890164595
1047190,305578.25890164595
1047193,305578.25890164595
1047257,305578.25890164595
1047273,305578.25890164595
1047480,305578.25890164595
1047498,305578.25890164595
1047543,305578.25890164595
1047617,305578.25890164595
1047712,305578.25890164595
1047901,305578.25890164595
1047986,305578.25890164595
1048124,305578.25890164595
1048181,305578.25890164595
1048203,305578.25890164595
1048241,305578.25890164595
1048292,305578.25890164595
1048310,305578.25890164595
1048513,305578.25890164595
1048631,305578.25890164595
1049174,305578.25890164595
1049242,305578.25890164595
1049249,305578.25890164595
1049252,305578.25890164595
1049305,305578.25890164595
1049306,305578.25890164595
1049317,305578.25890164595
1049322,305578.25890164595
1049326,305578.25890164595
1049334,305578.25890164595
1049336,305578.25890164595
1049377,305578.25890164595
1049418,305578.25890164595
1049447,305578.25890164595
1049476,305578.25890164595
1049480,305578.25890164595
1049490,305578.25890164595
1049498,305578.25890164595
1049499,305578.25890164595
1049504,305578.25890164595
1049505,305578.25890164595
1049521,305578.25890164595
1049551,305578.25890164595
1049557,305578.25890164595
1049586,305578.25890164595
1049673,305578.25890164595
1049674,305578.25890164595
1049684,305578.25890164595
1049721,305578.25890164595
1049728,305578.25890164595
1049744,305578.25890164595
1049769,305578.25890164595
1049783,305578.25890164595
1049881,305578.25890164595
1049888,305578.25890164595
1049902,305578.25890164595
1049929,305578.25890164595
1050083,305578.25890164595
1050117,305578.25890164595
1050132,305578.25890164595
1050134,305578.25890164595
1050140,305578.25890164595
1050208,305578.25890164595
1050240,305578.25890164595
1050279,305578.25890164595
1050338,305578.25890164595
1050362,305578.25890164595
1050433,305578.25890164595
1050457,305578.25890164595
1050501,305578.25890164595
1050574,305578.25890164595
1050594,305578.25890164595
1050656,305578.25890164595
1050862,305578.25890164595
1050863,305578.25890164595
1050909,305578.25890164595
1050939,305578.25890164595
1050946,305578.25890164595
1050995,305578.25890164595
1051015,305578.25890164595
1051038,305578.25890164595
1051097,305578.25890164595
1051130,305578.25890164595
1051148,305578.25890164595
1051151,305578.25890164595
1051239,305578.25890164595
1051244,305578.25890164595
1051288,305578.25890164595
1051313,305578.25890164595
1051314,305578.25890164595
1051354,305578.25890164595
1051440,305578.25890164595
1051504,305578.25890164595
1051585,305578.25890164595
1051651,305578.25890164595
1051887,305578.25890164595
1051929,305578.25890164595
1052048,305578.25890164595
1052213,305578.25890164595
1052363,305578.25890164595
1052422,305578.25890164595
1052438,305578.25890164595
1052484,305578.25890164595
1052505,305578.25890164595
1052581,305578.25890164595
1052622,305578.25890164595
1052708,305578.25890164595
1052827,305578.25890164595
1052838,305578.25890164595
1052871,305578.25890164595
1052891,305578.25890164595
1053088,305578.25890164595
1053226,305578.25890164595
1053352,305578.25890164595
1053730,305578.25890164595
1053935,305578.25890164595
1054083,305578.25890164595
1054093,305578.25890164595
1054179,305578.25890164595
1054262,305578.25890164595
1054334,305578.25890164595
1054358,305578.25890164595
1054564,305578.25890164595
1054624,305578.25890164595
1054633,305578.25890164595
1054796,305578.25890164595
1054801,305578.25890164595
1054937,305578.25890164595
1054961,305578.25890164595
1055035,305578.25890164595
1055041,305578.25890164595
1055092,305578.25890164595
1055135,305578.25890164595
1055232,305578.25890164595
1055233,305578.25890164595
1055361,305578.25890164595
1055407,305578.25890164595
1055408,305578.25890164595
1055462,305578.25890164595
1055471,305578.25890164595
1055681,305578.25890164595
1055727,305578.25890164595
1055783,305578.25890164595
1055884,305578.25890164595
1055885,305578.25890164595
1055936,305578.25890164595
1055950,305578.25890164595
1055976,305578.25890164595
1056019,305578.25890164595
1056287,305578.25890164595
1056414,305578.25890164595
1056599,305578.25890164595
1056744,305578.25890164595
1056825,305578.25890164595
1056826,305578.25890164595
1056908,305578.25890164595
1056914,305578.25890164595
1056944,305578.25890164595
1057065,305578.25890164595
1057090,305578.25890164595
1057091,305578.25890164595
1057148,305578.25890164595
1057149,305578.25890164595
1057150,305578.25890164595
1057151,305578.25890164595
1057152,305578.25890164595
1057153,305578.25890164595
1057234,305578.25890164595
1057297,305578.25890164595
1057375,305578.25890164595
1057507,305578.25890164595
1057887,305578.25890164595
1057947,305578.25890164595
1057950,305578.25890164595
1057955,305578.25890164595
1057965,305578.25890164595
1058044,305578.25890164595
1058078,305578.25890164595
1058101,305578.25890164595
1058176,305578.25890164595
1058333,305578.25890164595
1058334,305578.25890164595
1058599,305578.25890164595
1058796,305578.25890164595
1058801,305578.25890164595
1058802,305578.25890164595
1058822,305578.25890164595
1058928,305578.25890164595
1058931,305578.25890164595
1059002,305578.25890164595
1059048,305578.25890164595
1059114,305578.25890164595
1059119,305578.25890164595
1059129,305578.25890164595
1059188,305578.25890164595
1059376,305578.25890164595
1059388,305578.25890164595
1059539,305578.25890164595
1059545,305578.25890164595
1059547,305578.25890164595
1059555,305578.25890164595
1059586,305578.25890164595
1059624,305578.25890164595
1059665,305578.25890164595
1059675,305578.25890164595
1059677,305578.25890164595
1059748,305578.25890164595
1059846,305578.25890164595
1059865,305578.25890164595
1059892,305578.25890164595
1059967,305578.25890164595
1059984,305578.25890164595
1059989,305578.25890164595
1060018,305578.25890164595
1060098,305578.25890164595
1060175,305578.25890164595
1060194,305578.25890164595
1060278,305578.25890164595
1060355,305578.25890164595
1060363,305578.25890164595
1060389,305578.25890164595
1060551,305578.25890164595
1060564,305578.25890164595
1060584,305578.25890164595
1060585,305578.25890164595
1060754,305578.25890164595
1060785,305578.25890164595
1060795,305578.25890164595
1060797,305578.25890164595
1060800,305578.25890164595
1060854,305578.25890164595
1060907,305578.25890164595
1060916,305578.25890164595
1060943,305578.25890164595
1060944,305578.25890164595
1061025,305578.25890164595
1061064,305578.25890164595
1061103,305578.25890164595
1061329,305578.25890164595
1061352,305578.25890164595
1061419,305578.25890164595
1061472,305578.25890164595
1061474,305578.25890164595
1061489,305578.25890164595
1061521,305578.25890164595
1061613,305578.25890164595
1061628,305578.25890164595
1061716,305578.25890164595
1061773,305578.25890164595
1061906,305578.25890164595
1061981,305578.25890164595
1062059,305578.25890164595
1062062,305578.25890164595
1062154,305578.25890164595
1062179,305578.25890164595
1062215,305578.25890164595
1062231,305578.25890164595
1062234,305578.25890164595
1062235,305578.25890164595
1062237,305578.25890164595
1150057,305578.25890164595
1150061,305578.25890164595
1150062,305578.25890164595
1150302,305578.25890164595
1150304,305578.25890164595
1150307,305578.25890164595
1150308,305578.25890164595
1150312,305578.25890164595
1150313,305578.25890164595
1150315,305578.25890164595
1150318,305578.25890164595
1150709,305578.25890164595
1150711,305578.25890164595
1150714,305578.25890164595
1150716,305578.25890164595
1150721,305578.25890164595
1150722,305578.25890164595
1150723,305578.25890164595
1150727,305578.25890164595
1150729,305578.25890164595
1150732,305578.25890164595
1150733,305578.25890164595
1150739,305578.25890164595
1150741,305578.25890164595
1150744,305578.25890164595
1150751,305578.25890164595
1158788,305578.25890164595
1158790,305578.25890164595
1158794,305578.25890164595
1158798,305578.25890164595
1158802,305578.25890164595
1158803,305578.25890164595
1158804,305578.25890164595
1158972,305578.25890164595
1158973,305578.25890164595
1158979,305578.25890164595
1158980,305578.25890164595
1158982,305578.25890164595
1159208,305578.25890164595
1159224,305578.25890164595
1159254,305578.25890164595
1159717,305578.25890164595
1159725,305578.25890164595
1159755,305578.25890164595
1159756,305578.25890164595
1159757,305578.25890164595
1159758,305578.25890164595
1159760,305578.25890164595
1159762,305578.25890164595
1159764,305578.25890164595
1160340,305578.25890164595
1160342,305578.25890164595
1160347,305578.25890164595
1160348,305578.25890164595
1160352,305578.25890164595
1160353,305578.25890164595
1160357,305578.25890164595
1160368,305578.25890164595
1160370,305578.25890164595
1160372,305578.25890164595
1160628,305578.25890164595
1160633,305578.25890164595
1160635,305578.25890164595
1160642,305578.25890164595
1160644,305578.25890164595
1160646,305578.25890164595
1160651,305578.25890164595
1160652,305578.25890164595
1160659,305578.25890164595
1160663,305578.25890164595
1160877,305578.25890164595
1160879,305578.25890164595
1160881,305578.25890164595
1160884,305578.25890164595
1160887,305578.25890164595
1160891,305578.25890164595
1160892,305578.25890164595
1160893,305578.25890164595
1160897,305578.25890164595
1160900,305578.25890164595
1160901,305578.25890164595
1160903,305578.25890164595
1160909,305578.25890164595
1160910,305578.25890164595
1160913,305578.25890164595
1160916,305578.25890164595
1162333,305578.25890164595
1162334,305578.25890164595
1162374,305578.25890164595
1162376,305578.25890164595
1162380,305578.25890164595
1162381,305578.25890164595
1162382,305578.25890164595
1162385,305578.25890164595
1162386,305578.25890164595
1162638,305578.25890164595
1162639,305578.25890164595
1162640,305578.25890164595
1162641,305578.25890164595
1162643,305578.25890164595
1162707,305578.25890164595
1162708,305578.25890164595
1162764,305578.25890164595
1162899,305578.25890164595
1162918,305578.25890164595
1162924,305578.25890164595
1162925,305578.25890164595
1162926,305578.25890164595
1162927,305578.25890164595
1163023,305578.25890164595
1163027,305578.25890164595
1163028,305578.25890164595
1163039,305578.25890164595
1163040,305578.25890164595
1163042,305578.25890164595
1163043,305578.25890164595
1163044,305578.25890164595
1163047,305578.25890164595
1163050,305578.25890164595
1163083,305578.25890164595
1163086,305578.25890164595
1163089,305578.25890164595
1163090,305578.25890164595
1163091,305578.25890164595
1163092,305578.25890164595
1163093,305578.25890164595
1163095,305578.25890164595
1163096,305578.25890164595
1163264,305578.25890164595
1163271,305578.25890164595
1164020,305578.25890164595
1164022,305578.25890164595
1164028,305578.25890164595
1164565,305578.25890164595
1164567,305578.25890164595
1164571,305578.25890164595
1164576,305578.25890164595
1164578,305578.25890164595
1164580,305578.25890164595
1164581,305578.25890164595
1164582,305578.25890164595
1164583,305578.25890164595
1164617,305578.25890164595
1164618,305578.25890164595
1164622,305578.25890164595
1164625,305578.25890164595
1164627,305578.25890164595
1164629,305578.25890164595
1164911,305578.25890164595
1164914,305578.25890164595
1164916,305578.25890164595
1164936,305578.25890164595
1164938,305578.25890164595
1164940,305578.25890164595
1167361,305578.25890164595
1167364,305578.25890164595
1167369,305578.25890164595
1167373,305578.25890164595
1167374,305578.25890164595
1167375,305578.25890164595
1167383,305578.25890164595
1167385,305578.25890164595
1167387,305578.25890164595
1167388,305578.25890164595
1167392,305578.25890164595
1167397,305578.25890164595
1167398,305578.25890164595
1167399,305578.25890164595
1167401,305578.25890164595
1167402,305578.25890164595
1167403,305578.25890164595
1167404,305578.25890164595
1167405,305578.25890164595
1167406,305578.25890164595
1167407,305578.25890164595
1167409,305578.25890164595
1167410,305578.25890164595
1167411,305578.25890164595
1167412,305578.25890164595
1167413,305578.25890164595
1167414,305578.25890164595
1167426,305578.25890164595
1167429,305578.25890164595
1167430,305578.25890164595
1167431,305578.25890164595
1167437,305578.25890164595
1167439,305578.25890164595
1171188,305578.25890164595
1171191,305578.25890164595
1171194,305578.25890164595
1171195,305578.25890164595
1171196,305578.25890164595
1171200,305578.25890164595
1171201,305578.25890164595
1171203,305578.25890164595
1171204,305578.25890164595
1171205,305578.25890164595
1171362,305578.25890164595
1171367,305578.25890164595
1172945,305578.25890164595
1172952,305578.25890164595
1173341,305578.25890164595
1173343,305578.25890164595
1173347,305578.25890164595
1173351,305578.25890164595
1173353,305578.25890164595
1173355,305578.25890164595
1173356,305578.25890164595
1173358,305578.25890164595
1173362,305578.25890164595
1173364,305578.25890164595
1174252,305578.25890164595
1174253,305578.25890164595
1174258,305578.25890164595
1174265,305578.25890164595
1174280,305578.25890164595
1174393,305578.25890164595
1174395,305578.25890164595
1174396,305578.25890164595
1174397,305578.25890164595
1174398,305578.25890164595
1174400,305578.25890164595
1174404,305578.25890164595
1174405,305578.25890164595
1174407,305578.25890164595
1174456,305578.25890164595
1174460,305578.25890164595
1174462,305578.25890164595
1174465,305578.25890164595
1174466,305578.25890164595
1174468,305578.25890164595
1174469,305578.25890164595
1174471,305578.25890164595
1174472,305578.25890164595
1174473,305578.25890164595
1174475,305578.25890164595
1174491,305578.25890164595
1174496,305578.25890164595
1174501,305578.25890164595
1174592,305578.25890164595
1174593,305578.25890164595
1174595,305578.25890164595
1174596,305578.25890164595
1174598,305578.25890164595
1174599,305578.25890164595
1174602,305578.25890164595
1174607,305578.25890164595
1174608,305578.25890164595
1174732,305578.25890164595
1174738,305578.25890164595
1174742,305578.25890164595
1174743,305578.25890164595
1174748,305578.25890164595
1175538,305578.25890164595
1175539,305578.25890164595
1175543,305578.25890164595
1175547,305578.25890164595
1175548,305578.25890164595
1175550,305578.25890164595
1176289,305578.25890164595
1176758,305578.25890164595
1176759,305578.25890164595
1176764,305578.25890164595
1176772,305578.25890164595
1177110,305578.25890164595
1177116,305578.25890164595
1177118,305578.25890164595
1177121,305578.25890164595
1177122,305578.25890164595
1177125,305578.25890164595
1177822,305578.25890164595
1178019,305578.25890164595
1178024,305578.25890164595
1179391,305578.25890164595
1179392,305578.25890164595
1179393,305578.25890164595
1179512,305578.25890164595
1179513,305578.25890164595
1179516,305578.25890164595
1179517,305578.25890164595
1179518,305578.25890164595
1179526,305578.25890164595
1179527,305578.25890164595
1179540,305578.25890164595
1179542,305578.25890164595
1179543,305578.25890164595
1179546,305578.25890164595
1179548,305578.25890164595
1179552,305578.25890164595
1179554,305578.25890164595
1179555,305578.25890164595
1179557,305578.25890164595
1179944,305578.25890164595
1179948,305578.25890164595
1179949,305578.25890164595
1179952,305578.25890164595
1179953,305578.25890164595
1179955,305578.25890164595
1180044,305578.25890164595
1180046,305578.25890164595
1180047,305578.25890164595
1180048,305578.25890164595
1180049,305578.25890164595
1180050,305578.25890164595
1180051,305578.25890164595
1180053,305578.25890164595
1180054,305578.25890164595
1180056,305578.25890164595
1180060,305578.25890164595
1180070,305578.25890164595
1180073,305578.25890164595
1180078,305578.25890164595
1180080,305578.25890164595
1180241,305578.25890164595
1180242,305578.25890164595
1180243,305578.25890164595
1180251,305578.25890164595
1180253,305578.25890164595
1180254,305578.25890164595
1180255,305578.25890164595
1180257,305578.25890164595
1180452,305578.25890164595
1180461,305578.25890164595
1180464,305578.25890164595
1180465,305578.25890164595
1180466,305578.25890164595
1180467,305578.25890164595
1180469,305578.25890164595
1180471,305578.25890164595
1180472,305578.25890164595
1180474,305578.25890164595
1180479,305578.25890164595
1180481,305578.25890164595
1180482,305578.25890164595
1180484,305578.25890164595
1180485,305578.25890164595
1180487,305578.25890164595
1180619,305578.25890164595
1180622,305578.25890164595
1180628,305578.25890164595
1180629,305578.25890164595
1180630,305578.25890164595
1180701,305578.25890164595
1180702,305578.25890164595
1180704,305578.25890164595
1180707,305578.25890164595
1180708,305578.25890164595
1180711,305578.25890164595
1180712,305578.25890164595
1180716,305578.25890164595
1180717,305578.25890164595
1180732,305578.25890164595
1180733,305578.25890164595
1180734,305578.25890164595
1180735,305578.25890164595
1180738,305578.25890164595
1180739,305578.25890164595
1180741,305578.25890164595
1180743,305578.25890164595
1180744,305578.25890164595
1180748,305578.25890164595
1180749,305578.25890164595
1180770,305578.25890164595
1180771,305578.25890164595
1180774,305578.25890164595
1180777,305578.25890164595
1180938,305578.25890164595
1180945,305578.25890164595
1180951,305578.25890164595
1180954,305578.25890164595
1180967,305578.25890164595
1180976,305578.25890164595
1180977,305578.25890164595
1181989,305578.25890164595
1182023,305578.25890164595
1182025,305578.25890164595
1182026,305578.25890164595
1182030,305578.25890164595
1182033,305578.25890164595
1182314,305578.25890164595
1182315,305578.25890164595
1182316,305578.25890164595
1182317,305578.25890164595
1182321,305578.25890164595
1182322,305578.25890164595
1182323,305578.25890164595
1182628,305578.25890164595
1182650,305578.25890164595
1182652,305578.25890164595
1182654,305578.25890164595
1182655,305578.25890164595
1182744,305578.25890164595
1182745,305578.25890164595
1182746,305578.25890164595
1182748,305578.25890164595
1182749,305578.25890164595
1182754,305578.25890164595
1182756,305578.25890164595
1182757,305578.25890164595
1183211,305578.25890164595
1183213,305578.25890164595
1183689,305578.25890164595
1183690,305578.25890164595
1183691,305578.25890164595
1183692,305578.25890164595
1184185,305578.25890164595
1184271,305578.25890164595
1184272,305578.25890164595
1184678,305578.25890164595
1184679,305578.25890164595
1184680,305578.25890164595
1184730,305578.25890164595
1184731,305578.25890164595
1184772,305578.25890164595
1184775,305578.25890164595
1184780,305578.25890164595
1184783,305578.25890164595
1184806,305578.25890164595
1184809,305578.25890164595
1184956,305578.25890164595
1185123,305578.25890164595
1185129,305578.25890164595
1185141,305578.25890164595
1185144,305578.25890164595
1185145,305578.25890164595
1185150,305578.25890164595
1185316,305578.25890164595
1185317,305578.25890164595
1185326,305578.25890164595
1185328,305578.25890164595
1185330,305578.25890164595
1185331,305578.25890164595
1185722,305578.25890164595
1185744,305578.25890164595
1185746,305578.25890164595
1185748,305578.25890164595
1185818,305578.25890164595
1185819,305578.25890164595
1186256,305578.25890164595
1186257,305578.25890164595
1186258,305578.25890164595
1186260,305578.25890164595
1186261,305578.25890164595
1186284,305578.25890164595
1186288,305578.25890164595
1186368,305578.25890164595
1186370,305578.25890164595
1186371,305578.25890164595
1186373,305578.25890164595
1186374,305578.25890164595
1186376,305578.25890164595
1186379,305578.25890164595
1186380,305578.25890164595
1186827,305578.25890164595
1186830,305578.25890164595
1186831,305578.25890164595
1186832,305578.25890164595
1186834,305578.25890164595
1186835,305578.25890164595
1186837,305578.25890164595
1186840,305578.25890164595
1187587,305578.25890164595
1187625,305578.25890164595
1187626,305578.25890164595
1187628,305578.25890164595
1187839,305578.25890164595
1187840,305578.25890164595
1187842,305578.25890164595
1187843,305578.25890164595
1187844,305578.25890164595
1187851,305578.25890164595
1187853,305578.25890164595
1187854,305578.25890164595
1188373,305578.25890164595
1188428,305578.25890164595
1188429,305578.25890164595
1188430,305578.25890164595
1188431,305578.25890164595
1188439,305578.25890164595
1188440,305578.25890164595
1188442,305578.25890164595
1188484,305578.25890164595
1188485,305578.25890164595
1188487,305578.25890164595
1188488,305578.25890164595
1188490,305578.25890164595
1188493,305578.25890164595
1188499,305578.25890164595
1188519,305578.25890164595
1188531,305578.25890164595
1188535,305578.25890164595
1188538,305578.25890164595
1188539,305578.25890164595
1188577,305578.25890164595
1188578,305578.25890164595
1188581,305578.25890164595
1189583,305578.25890164595
1189587,305578.25890164595
1189590,305578.25890164595
1189593,305578.25890164595
1189594,305578.25890164595
1189595,305578.25890164595
1189596,305578.25890164595
1189599,305578.25890164595
1189600,305578.25890164595
1189603,305578.25890164595
1189605,305578.25890164595
1189606,305578.25890164595
1189610,305578.25890164595
1189611,305578.25890164595
1191966,305578.25890164595
1191971,305578.25890164595
1191972,305578.25890164595
1192091,305578.25890164595
1192096,305578.25890164595
1192970,305578.25890164595
1192973,305578.25890164595
1193162,305578.25890164595
1193163,305578.25890164595
1193168,305578.25890164595
1193169,305578.25890164595
1193170,305578.25890164595
1193171,305578.25890164595
1193543,305578.25890164595
1193676,305578.25890164595
1193751,305578.25890164595
1193761,305578.25890164595
1193775,305578.25890164595
1193777,305578.25890164595
1193779,305578.25890164595
1193782,305578.25890164595
1193783,305578.25890164595
1193836,305578.25890164595
1193848,305578.25890164595
1193849,305578.25890164595
1193850,305578.25890164595
1193855,305578.25890164595
1193857,305578.25890164595
1193859,305578.25890164595
1193861,305578.25890164595
1193862,305578.25890164595
1193863,305578.25890164595
1193864,305578.25890164595
1193866,305578.25890164595
1193915,305578.25890164595
1193925,305578.25890164595
1193927,305578.25890164595
1193952,305578.25890164595
1193953,305578.25890164595
1193954,305578.25890164595
1193955,305578.25890164595
1193956,305578.25890164595
1193957,305578.25890164595
1194415,305578.25890164595
1194922,305578.25890164595
1194977,305578.25890164595
1195222,305578.25890164595
1195223,305578.25890164595
1195224,305578.25890164595
1195225,305578.25890164595
1195425,305578.25890164595
1195426,305578.25890164595
1195432,305578.25890164595
1195891,305578.25890164595
1195892,305578.25890164595
1195893,305578.25890164595
1195900,305578.25890164595
1195901,305578.25890164595
1195903,305578.25890164595
1196019,305578.25890164595
1196842,305578.25890164595
1196844,305578.25890164595
1196847,305578.25890164595
1196872,305578.25890164595
1196892,305578.25890164595
1196893,305578.25890164595
1196894,305578.25890164595
1196895,305578.25890164595
1196904,305578.25890164595
1196912,305578.25890164595
1196913,305578.25890164595
1196993,305578.25890164595
1196994,305578.25890164595
1196998,305578.25890164595
1196999,305578.25890164595
1197000,305578.25890164595
1197002,305578.25890164595
1197106,305578.25890164595
1197107,305578.25890164595
1197108,305578.25890164595
1197166,305578.25890164595
1197209,305578.25890164595
1197214,305578.25890164595
1197215,305578.25890164595
1197216,305578.25890164595
1197253,305578.25890164595
1197256,305578.25890164595
1197309,305578.25890164595
1197311,305578.25890164595
1197315,305578.25890164595
1197316,305578.25890164595
1197321,305578.25890164595
1197322,305578.25890164595
1197323,305578.25890164595
1197324,305578.25890164595
1197325,305578.25890164595
1197326,305578.25890164595
1197328,305578.25890164595
1197329,305578.25890164595
1197331,305578.25890164595
1197345,305578.25890164595
1197351,305578.25890164595
1197462,305578.25890164595
1197463,305578.25890164595
1197465,305578.25890164595
1197467,305578.25890164595
1197469,305578.25890164595
1197470,305578.25890164595
1197502,305578.25890164595
1197549,305578.25890164595
1197570,305578.25890164595
1197627,305578.25890164595
1197672,305578.25890164595
1197859,305578.25890164595
1197860,305578.25890164595
1197977,305578.25890164595
1197978,305578.25890164595
1198019,305578.25890164595
1198021,305578.25890164595
1198337,305578.25890164595
1198358,305578.25890164595
1198364,305578.25890164595
1198365,305578.25890164595
1198366,305578.25890164595
1198367,305578.25890164595
1198368,305578.25890164595
1198369,305578.25890164595
1198373,305578.25890164595
1198446,305578.25890164595
1198450,305578.25890164595
1198451,305578.25890164595
1198452,305578.25890164595
1198453,305578.25890164595
1198457,305578.25890164595
1198621,305578.25890164595
1198645,305578.25890164595
1198649,305578.25890164595
1198650,305578.25890164595
1198664,305578.25890164595
1198665,305578.25890164595
1198669,305578.25890164595
1198670,305578.25890164595
1198671,305578.25890164595
1198760,305578.25890164595
1198766,305578.25890164595
1198768,305578.25890164595
1198771,305578.25890164595
1198773,305578.25890164595
715273,305578.25890164595
717643,305578.25890164595
720473,305578.25890164595
722274,305578.25890164595
722610,305578.25890164595
722632,305578.25890164595
724293,305578.25890164595
724296,305578.25890164595
724367,305578.25890164595
724383,305578.25890164595
724402,305578.25890164595
724436,305578.25890164595
724693,305578.25890164595
725035,305578.25890164595
726164,305578.25890164595
728018,305578.25890164595
728963,305578.25890164595
730396,305578.25890164595
730570,305578.25890164595
732096,305578.25890164595
732455,305578.25890164595
733749,305578.25890164595
739805,305578.25890164595
762985,305578.25890164595
765024,305578.25890164595
766318,305578.25890164595
767291,305578.25890164595
768075,305578.25890164595
768187,305578.25890164595
768450,305578.25890164595
768818,305578.25890164595
775095,305578.25890164595
777984,305578.25890164595
780334,305578.25890164595
782037,305578.25890164595
783338,305578.25890164595
788907,305578.25890164595
791183,305578.25890164595
791186,305578.25890164595
800871,305578.25890164595
805218,305578.25890164595
808371,305578.25890164595
810903,305578.25890164595
813910,305578.25890164595
814295,305578.25890164595
816599,305578.25890164595
817980,305578.25890164595
818854,305578.25890164595
821034,305578.25890164595
822425,305578.25890164595
823206,305578.25890164595
823722,305578.25890164595
824962,305578.25890164595
827620,305578.25890164595
829106,305578.25890164595
829983,305578.25890164595
835034,305578.25890164595
835905,305578.25890164595
836853,305578.25890164595
836965,305578.25890164595
837221,305578.25890164595
837226,305578.25890164595
837310,305578.25890164595
837312,305578.25890164595
837322,305578.25890164595
837364,305578.25890164595
837447,305578.25890164595
837450,305578.25890164595
837480,305578.25890164595
837481,305578.25890164595
837534,305578.25890164595
837603,305578.25890164595
837604,305578.25890164595
837695,305578.25890164595
837700,305578.25890164595
838738,305578.25890164595
838739,305578.25890164595
838747,305578.25890164595
839708,305578.25890164595
839728,305578.25890164595
839729,305578.25890164595
839750,305578.25890164595
839751,305578.25890164595
839752,305578.25890164595
839753,305578.25890164595
839754,305578.25890164595
839789,305578.25890164595
839793,305578.25890164595
839796,305578.25890164595
840813,305578.25890164595
843860,305578.25890164595
844526,305578.25890164595
844543,305578.25890164595
844754,305578.25890164595
846486,305578.25890164595
847164,305578.25890164595
848484,305578.25890164595
936754,305578.25890164595
937863,305578.25890164595
937904,305578.25890164595
938417,305578.25890164595
938423,305578.25890164595
938603,305578.25890164595
938622,305578.25890164595
939544,305578.25890164595
940696,305578.25890164595
942465,305578.25890164595
942737,305578.25890164595
943019,305578.25890164595
943421,305578.25890164595
945655,305578.25890164595
947947,305578.25890164595
949288,305578.25890164595
952129,305578.25890164595
952131,305578.25890164595
952904,305578.25890164595
953479,305578.25890164595
954602,305578.25890164595
954929,305578.25890164595
955982,305578.25890164595
958924,305578.25890164595
959475,305578.25890164595
960089,305578.25890164595
960166,305578.25890164595
961081,305578.25890164595
961152,305578.25890164595
961156,305578.25890164595
963917,305578.25890164595
963924,305578.25890164595
963928,305578.25890164595
964509,305578.25890164595
965003,305578.25890164595
967216,305578.25890164595
967710,305578.25890164595
967711,305578.25890164595
967715,305578.25890164595
968678,305578.25890164595
969661,305578.25890164595
970940,305578.25890164595
971513,305578.25890164595
972147,305578.25890164595
972176,305578.25890164595
972866,305578.25890164595
974942,305578.25890164595
974954,305578.25890164595
976609,305578.25890164595
978142,305578.25890164595
978273,305578.25890164595
978277,305578.25890164595
978278,305578.25890164595
978281,305578.25890164595
978860,305578.25890164595
979110,305578.25890164595
979112,305578.25890164595
979516,305578.25890164595
980337,305578.25890164595
980476,305578.25890164595
982006,305578.25890164595
983877,305578.25890164595
983878,305578.25890164595
983879,305578.25890164595
985387,305578.25890164595
985462,305578.25890164595
985808,305578.25890164595
986398,305578.25890164595
987620,305578.25890164595
988304,305578.25890164595
988676,305578.25890164595
989018,305578.25890164595
995698,305578.25890164595
995822,305578.25890164595
1002393,305578.25890164595
1003195,305578.25890164595
1003292,305578.25890164595
1003326,305578.25890164595
1003655,305578.25890164595
1003662,305578.25890164595
1003847,305578.25890164595
1006131,305578.25890164595
1008419,305578.25890164595
1008432,305578.25890164595
1008509,305578.25890164595
1008929,305578.25890164595
1009457,305578.25890164595
1010167,305578.25890164595
1010251,305578.25890164595
1010311,305578.25890164595
1011035,305578.25890164595
1011899,305578.25890164595
1013203,305578.25890164595
1013464,305578.25890164595
1013942,305578.25890164595
1014952,305578.25890164595
1015519,305578.25890164595
1018488,305578.25890164595
1018565,305578.25890164595
1018830,305578.25890164595
1019163,305578.25890164595
1019257,305578.25890164595
1019258,305578.25890164595
1022427,305578.25890164595
1023024,305578.25890164595
1024198,305578.25890164595
1024386,305578.25890164595
1024633,305578.25890164595
1065813,305578.25890164595
1066642,305578.25890164595
1066903,305578.25890164595
1068872,305578.25890164595
1071707,305578.25890164595
1072579,305578.25890164595
1072606,305578.25890164595
1073519,305578.25890164595
1073733,305578.25890164595
1074535,305578.25890164595
1075895,305578.25890164595
1076216,305578.25890164595
1076517,305578.25890164595
1076917,305578.25890164595
1077573,305578.25890164595
1078672,305578.25890164595
1080081,305578.25890164595
1080084,305578.25890164595
1080177,305578.25890164595
1080179,305578.25890164595
1080180,305578.25890164595
1080182,305578.25890164595
1080646,305578.25890164595
1081890,305578.25890164595
1082838,305578.25890164595
1082935,305578.25890164595
1083177,305578.25890164595
1083187,305578.25890164595
1093683,305578.25890164595
1094194,305578.25890164595
1097426,305578.25890164595
1098571,305578.25890164595
1102741,305578.25890164595
1102778,305578.25890164595
1224860,305578.25890164595
1224861,305578.25890164595
1224864,305578.25890164595
1224865,305578.25890164595
1224868,305578.25890164595
1224877,305578.25890164595
1229111,305578.25890164595
1229116,305578.25890164595
1229118,305578.25890164595
1235951,305578.25890164595
1235954,305578.25890164595
1236545,305578.25890164595
1236554,305578.25890164595
1236560,305578.25890164595
1239168,305578.25890164595
1239172,305578.25890164595
1239175,305578.25890164595
1239178,305578.25890164595
1239179,305578.25890164595
1239182,305578.25890164595
1239184,305578.25890164595
1241221,305578.25890164595
1241227,305578.25890164595
1241228,305578.25890164595
96029,391234.91954026726
96056,388052.59307600424
96065,388052.59307600424
96072,388052.59307600424
96079,388052.59307600424
96099,388052.59307600424
96100,388052.59307600424
96136,391234.91954026726
96137,391234.91954026726
96138,391234.91954026726
96140,391234.91954026726
96142,388052.59307600424
96143,388052.59307600424
96193,388052.59307600424
96202,388052.59307600424
96206,388052.59307600424
96207,391234.91954026726
96224,391234.91954026726
96225,391234.91954026726
96227,388052.59307600424
96302,388052.59307600424
96318,388052.59307600424
96339,388052.59307600424
96369,391234.91954026726
96417,388052.59307600424
96432,388052.59307600424
96464,388052.59307600424
96467,391234.91954026726
96471,388052.59307600424
96476,380308.5476995079
96477,380308.5476995079
96481,380308.5476995079
96486,388052.59307600424
96487,388052.59307600424
96515,388052.59307600424
96547,388052.59307600424
96571,388052.59307600424
96574,391234.91954026726
96593,391234.91954026726
96606,388052.59307600424
96648,371964.23456222226
96654,371964.23456222226
96656,391234.91954026726
96661,389433.6150460699
96662,391234.91954026726
96664,388052.59307600424
96668,391234.91954026726
96669,391234.91954026726
96672,391234.91954026726
96678,388052.59307600424
96679,386251.2885818069
96683,388052.59307600424
96713,388052.59307600424
96715,388052.59307600424
96735,388052.59307600424
96742,380308.5476995079
96750,388052.59307600424
96751,371964.23456222226
96758,371964.23456222226
96760,388052.59307600424
96762,371964.23456222226
96765,371964.23456222226
96771,371964.23456222226
96772,371964.23456222226
96782,388052.59307600424
96790,380308.5476995079
96791,388052.59307600424
96816,388052.59307600424
96819,380308.5476995079
96821,391234.91954026726
96838,388052.59307600424
96862,391234.91954026726
96863,391234.91954026726
96869,380308.5476995079
96875,388052.59307600424
96876,388052.59307600424
96896,388052.59307600424
96897,388052.59307600424
96937,388052.59307600424
96946,388052.59307600424
96952,380308.5476995079
96957,391234.91954026726
96986,388052.59307600424
96988,388052.59307600424
96990,388052.59307600424
97005,388052.59307600424
97065,388052.59307600424
97071,380308.5476995079
97077,388052.59307600424
97081,388052.59307600424
97083,388052.59307600424
97093,388052.59307600424
97097,391234.91954026726
97122,380308.5476995079
97125,391234.91954026726
97126,388052.59307600424
97127,391234.91954026726
97129,391234.91954026726
97133,388052.59307600424
97137,388052.59307600424
97139,391234.91954026726
97140,391234.91954026726
97144,391234.91954026726
97146,391234.91954026726
97148,391234.91954026726
97149,391234.91954026726
97152,391234.91954026726
97154,391234.91954026726
97155,391234.91954026726
97161,388052.59307600424
97166,388052.59307600424
97194,388052.59307600424
97210,388052.59307600424
97213,388052.59307600424
97215,388052.59307600424
97217,388052.59307600424
97224,388052.59307600424
97226,388052.59307600424
97229,388052.59307600424
97235,388052.59307600424
97250,388052.59307600424
97263,388052.59307600424
97269,388052.59307600424
97312,388052.59307600424
97318,388052.59307600424
97327,388052.59307600424
97336,388052.59307600424
97447,388052.59307600424
97449,388052.59307600424
97467,388078.7335092239
97482,388052.59307600424
97495,388078.7335092239
97527,388052.59307600424
97531,388052.59307600424
97533,391234.91954026726
97545,391234.91954026726
97550,388052.59307600424
97555,380308.5476995079
97562,388052.59307600424
97564,388052.59307600424
97565,388052.59307600424
97566,388052.59307600424
97573,388052.59307600424
97575,388052.59307600424
97578,380308.5476995079
97579,380308.5476995079
97580,380308.5476995079
97582,380308.5476995079
97583,380308.5476995079
97584,380308.5476995079
97585,380308.5476995079
97586,380308.5476995079
97589,388052.59307600424
97590,388052.59307600424
97677,388052.59307600424
97680,388052.59307600424
97681,388052.59307600424
97686,388052.59307600424
97687,388052.59307600424
97690,388052.59307600424
97692,388052.59307600424
97696,388052.59307600424
97698,388052.59307600424
97699,388052.59307600424
97701,388052.59307600424
97704,371964.23456222226
97707,371964.23456222226
97729,380308.5476995079
97807,371964.23456222226
97808,388052.59307600424
97858,388052.59307600424
97859,391234.91954026726
97861,388052.59307600424
97879,371964.23456222226
97881,371964.23456222226
97885,371964.23456222226
97888,371964.23456222226
97897,388052.59307600424
97907,388052.59307600424
97911,388052.59307600424
97914,388052.59307600424
97927,380308.5476995079
97943,388052.59307600424
97949,380308.5476995079
97967,388052.59307600424
97988,388052.59307600424
97989,371964.23456222226
97990,388052.59307600424
97991,371964.23456222226
97993,388052.59307600424
97996,371964.23456222226
97997,371964.23456222226
97998,388052.59307600424
97999,388052.59307600424
98001,388052.59307600424
98014,388052.59307600424
98016,388052.59307600424
98036,388052.59307600424
98054,380308.5476995079
98063,388052.59307600424
98082,388052.59307600424
98083,388052.59307600424
98085,388052.59307600424
98086,388052.59307600424
98087,388052.59307600424
98090,388052.59307600424
98095,388052.59307600424
98103,388052.59307600424
98108,388052.59307600424
98119,388052.59307600424
98149,380308.5476995079
98164,388078.7335092239
98167,388052.59307600424
98168,388052.59307600424
98204,388052.59307600424
98248,388052.59307600424
98249,388052.59307600424
98257,388052.59307600424
98276,388052.59307600424
98293,388052.59307600424
98301,388052.59307600424
98308,388052.59307600424
98357,391234.91954026726
98358,388052.59307600424
98366,388052.59307600424
98394,388052.59307600424
98400,388052.59307600424
98403,388052.59307600424
98412,388052.59307600424
98413,388052.59307600424
98433,391234.91954026726
98450,388052.59307600424
98451,388052.59307600424
98452,380308.5476995079
98455,391234.91954026726
98462,388052.59307600424
98475,388052.59307600424
98499,388052.59307600424
98525,388052.59307600424
98526,391234.91954026726
98528,388052.59307600424
98531,380308.5476995079
98544,388052.59307600424
98553,391234.91954026726
98573,380308.5476995079
98582,380308.5476995079
98584,380308.5476995079
98585,380308.5476995079
98589,388052.59307600424
98593,388052.59307600424
98596,380308.5476995079
98648,388052.59307600424
98652,388052.59307600424
98653,388052.59307600424
98654,388052.59307600424
98656,380308.5476995079
98710,388078.7335092239
98754,388052.59307600424
98770,371964.23456222226
98780,388052.59307600424
98781,388078.7335092239
98782,388078.7335092239
98789,388052.59307600424
98804,388052.59307600424
98822,391234.91954026726
98823,388052.59307600424
98828,388052.59307600424
98842,380308.5476995079
98843,388052.59307600424
98846,388052.59307600424
98862,388052.59307600424
98863,388052.59307600424
98869,380308.5476995079
98870,380308.5476995079
98874,388052.59307600424
98876,391234.91954026726
98878,388052.59307600424
98883,388052.59307600424
98895,388052.59307600424
98899,388052.59307600424
98900,388052.59307600424
98901,388052.59307600424
98902,388052.59307600424
98905,388052.59307600424
98929,388052.59307600424
98948,388052.59307600424
98979,388052.59307600424
99010,388052.59307600424
99022,388052.59307600424
99035,388078.7335092239
99043,391234.91954026726
99044,391234.91954026726
99048,391234.91954026726
99051,391234.91954026726
99087,391234.91954026726
99098,388052.59307600424
99102,388052.59307600424
99104,388052.59307600424
99105,388052.59307600424
99114,388078.7335092239
99148,388052.59307600424
99163,380308.5476995079
99168,391234.91954026726
99198,388052.59307600424
99200,391234.91954026726
99205,389433.6150460699
99273,388052.59307600424
99277,388052.59307600424
99292,388052.59307600424
99293,391234.91954026726
99298,388052.59307600424
99300,388052.59307600424
99304,388052.59307600424
99305,388052.59307600424
99316,388052.59307600424
99319,388052.59307600424
99341,388052.59307600424
99344,380308.5476995079
99356,388052.59307600424
99360,388052.59307600424
99361,388052.59307600424
99389,391234.91954026726
99399,388052.59307600424
99400,388052.59307600424
99401,380308.5476995079
99421,391234.91954026726
99429,388052.59307600424
99433,388052.59307600424
99436,388052.59307600424
99439,388052.59307600424
99442,388052.59307600424
99450,388052.59307600424
99451,391234.91954026726
99460,388078.7335092239
99475,391234.91954026726
99480,395333.2129329448
99483,388052.59307600424
99529,388052.59307600424
99532,388052.59307600424
99542,388052.59307600424
99575,388078.7335092239
99583,388052.59307600424
99597,380308.5476995079
99601,388052.59307600424
99603,388052.59307600424
99624,380308.5476995079
99625,388052.59307600424
99651,388052.59307600424
99655,388052.59307600424
99673,388052.59307600424
99694,388052.59307600424
99697,388052.59307600424
99698,391234.91954026726
99714,380308.5476995079
99716,388052.59307600424
99717,388052.59307600424
99718,388052.59307600424
99719,388052.59307600424
99728,388052.59307600424
99736,391234.91954026726
99739,391234.91954026726
99751,388052.59307600424
99759,405871.3961760417
99760,388052.59307600424
99761,388052.59307600424
99765,388052.59307600424
99769,371869.24615046586
99812,374484.0116490136
99817,374484.0116490136
99855,374484.0116490136
99868,371869.24615046586
99869,371869.24615046586
99874,371869.24615046586
99895,371869.24615046586
99897,374484.0116490136
99980,374484.0116490136
99982,374484.0116490136
99984,374484.0116490136
99985,374484.0116490136
99990,371869.24615046586
99991,374484.0116490136
100086,374484.0116490136
100110,374484.0116490136
100115,374484.0116490136
100118,374484.0116490136
100119,374484.0116490136
100122,374484.0116490136
100125,374484.0116490136
100126,374484.0116490136
100127,374484.0116490136
100129,374484.0116490136
100130,374484.0116490136
100134,374484.0116490136
100136,374484.0116490136
100156,374484.0116490136
100157,371869.24615046586
100169,374484.0116490136
100171,371869.24615046586
100179,371869.24615046586
100187,371869.24615046586
100192,371869.24615046586
100193,371869.24615046586
100219,371869.24615046586
100243,371869.24615046586
100244,371869.24615046586
100289,374484.0116490136
100297,374484.0116490136
100310,374484.0116490136
100312,374484.0116490136
100327,371869.24615046586
100378,371869.24615046586
100422,371869.24615046586
100447,371869.24615046586
100513,371869.24615046586
100520,371869.24615046586
100532,371869.24615046586
100534,371869.24615046586
100537,371869.24615046586
100550,371869.24615046586
100557,371869.24615046586
100564,371869.24615046586
100571,371869.24615046586
100575,371869.24615046586
100595,371869.24615046586
100596,374484.0116490136
100620,374484.0116490136
100621,374484.0116490136
100648,374484.0116490136
100652,371869.24615046586
100661,374484.0116490136
100677,374484.0116490136
100678,374484.0116490136
100681,374484.0116490136
100708,371869.24615046586
100709,371869.24615046586
100723,374484.0116490136
100730,374484.0116490136
100733,371869.24615046586
100735,371869.24615046586
100736,371869.24615046586
100744,371869.24615046586
100755,371869.24615046586
100774,371869.24615046586
100800,374484.0116490136
100805,371869.24615046586
100812,371869.24615046586
100813,371869.24615046586
100819,371869.24615046586
100821,374484.0116490136
100866,371869.24615046586
100906,374484.0116490136
100942,374484.0116490136
100950,371869.24615046586
101142,371869.24615046586
101185,371869.24615046586
101191,374484.0116490136
101193,374484.0116490136
101283,371869.24615046586
101287,371869.24615046586
101300,374484.0116490136
101308,371869.24615046586
101316,371869.24615046586
101318,374484.0116490136
101326,371869.24615046586
101402,374484.0116490136
101456,371869.24615046586
101469,371869.24615046586
101478,374484.0116490136
101486,371869.24615046586
101499,374484.0116490136
101501,371869.24615046586
101506,371869.24615046586
101512,371869.24615046586
101514,371869.24615046586
101515,371869.24615046586
101527,371869.24615046586
101552,371869.24615046586
101571,371869.24615046586
101583,371869.24615046586
101600,371869.24615046586
101601,371869.24615046586
101603,371869.24615046586
101614,371869.24615046586
101619,374484.0116490136
101642,371869.24615046586
101673,371869.24615046586
101680,374484.0116490136
101694,371869.24615046586
101702,371869.24615046586
101707,374484.0116490136
101720,371869.24615046586
101755,371869.24615046586
101770,371869.24615046586
101780,374484.0116490136
101785,371869.24615046586
101817,371869.24615046586
101913,371869.24615046586
101915,371869.24615046586
101919,371869.24615046586
101976,371869.24615046586
101987,371869.24615046586
102114,371869.24615046586
102116,371869.24615046586
102197,374484.0116490136
102198,371869.24615046586
102217,371869.24615046586
102252,371869.24615046586
102299,374484.0116490136
102330,371869.24615046586
102350,371869.24615046586
102352,371869.24615046586
102353,371869.24615046586
102404,371869.24615046586
102405,371869.24615046586
102415,371869.24615046586
102420,371869.24615046586
102442,371869.24615046586
102475,374484.0116490136
102479,374484.0116490136
102511,374484.0116490136
102568,371869.24615046586
102580,371869.24615046586
102593,374484.0116490136
102598,371869.24615046586
102607,371869.24615046586
102637,371869.24615046586
102792,371869.24615046586
102794,371869.24615046586
102837,371869.24615046586
102890,371869.24615046586
102905,371869.24615046586
102910,371869.24615046586
102922,371869.24615046586
102985,371869.24615046586
103028,371869.24615046586
103115,371869.24615046586
103132,371869.24615046586
103138,371869.24615046586
103179,371869.24615046586
103199,371869.24615046586
103244,371869.24615046586
103246,371869.24615046586
103276,374484.0116490136
103283,371869.24615046586
103313,367977.54969531915
103362,374484.0116490136
103392,374484.0116490136
103395,371869.24615046586
103428,371869.24615046586
103436,371869.24615046586
103463,371869.24615046586
103493,377631.20522053796
103495,374484.0116490136
103498,374484.0116490136
103504,374484.0116490136
103524,377631.20522053796
103527,374484.0116490136
103530,374484.0116490136
103532,372291.6926429498
103534,374484.0116490136
103540,372291.6926429498
103547,377631.20522053796
103555,372291.6926429498
103556,377631.20522053796
103557,371869.24615046586
103567,374484.0116490136
103568,377631.20522053796
103571,374484.0116490136
103577,374906.4581414977
103578,374484.0116490136
103579,374906.4581414977
103595,372291.6926429498
103601,374484.0116490136
103603,374484.0116490136
103604,374484.0116490136
103608,371869.24615046586
103614,372291.6926429498
103620,372291.6926429498
103625,377631.20522053796
103627,374906.4581414977
103678,374484.0116490136
103679,374484.0116490136
103685,377631.20522053796
103716,377631.20522053796
103720,374484.0116490136
103778,374484.0116490136
103780,377631.20522053796
103785,377631.20522053796
103787,371869.24615046586
103815,371869.24615046586
103816,374906.4581414977
103821,377631.20522053796
103836,377631.20522053796
103845,374484.0116490136
103851,374484.0116490136
103858,374484.0116490136
103859,377631.20522053796
103862,374484.0116490136
103866,371869.24615046586
103873,372291.6926429498
103876,374484.0116490136
103879,374906.4581414977
103885,371869.24615046586
103889,371869.24615046586
103898,374906.4581414977
103899,374484.0116490136
103909,374906.4581414977
103911,374484.0116490136
103920,371869.24615046586
103927,374906.4581414977
103933,374906.4581414977
103946,374484.0116490136
103949,374484.0116490136
103950,374484.0116490136
103965,372291.6926429498
103997,377631.20522053796
104017,374484.0116490136
104028,371869.24615046586
104068,377631.20522053796
104077,374484.0116490136
104098,374484.0116490136
104099,374484.0116490136
104103,372291.6926429498
104135,377631.20522053796
104141,377631.20522053796
104148,374484.0116490136
104149,377631.20522053796
104151,377631.20522053796
104154,374484.0116490136
104161,377631.20522053796
104163,377631.20522053796
104165,374484.0116490136
104195,377631.20522053796
104205,374906.4581414977
104218,377631.20522053796
104238,372291.6926429498
104245,374906.4581414977
104248,374484.0116490136
104252,377631.20522053796
104265,374484.0116490136
104266,374906.4581414977
104273,909055.7692127689
104274,377631.20522053796
104286,377631.20522053796
104290,377631.20522053796
104293,377631.20522053796
104299,371869.24615046586
104309,371869.24615046586
104326,913915.8127522774
104345,377631.20522053796
104359,377631.20522053796
104368,374484.0116490136
104379,374484.0116490136
104381,377631.20522053796
104403,372291.6926429498
104414,371869.24615046586
104417,374484.0116490136
104419,377631.20522053796
104431,377631.20522053796
104439,371869.24615046586
104445,909055.7692127689
104447,377631.20522053796
104451,377631.20522053796
104454,371869.24615046586
104456,371869.24615046586
104465,377631.20522053796
104473,374484.0116490136
104489,377631.20522053796
104492,374484.0116490136
104513,377631.20522053796
104517,374906.4581414977
104519,371869.24615046586
104523,371869.24615046586
104524,377631.20522053796
104526,371869.24615046586
104533,374484.0116490136
104538,374906.4581414977
104539,374906.4581414977
104545,371869.24615046586
104561,377631.20522053796
104598,377631.20522053796
104599,377631.20522053796
104611,377631.20522053796
104613,371869.24615046586
104623,374484.0116490136
104627,374484.0116490136
104628,371869.24615046586
104629,374484.0116490136
104630,374484.0116490136
104640,374484.0116490136
104641,374484.0116490136
104642,374484.0116490136
104665,371869.24615046586
104804,377631.20522053796
104847,374484.0116490136
104861,374906.4581414977
104862,374906.4581414977
104863,374906.4581414977
104896,374484.0116490136
104899,377631.20522053796
104901,371869.24615046586
104906,371869.24615046586
104922,377631.20522053796
104924,374484.0116490136
104925,377631.20522053796
104930,371869.24615046586
104935,377631.20522053796
104936,377631.20522053796
104964,374484.0116490136
104965,374484.0116490136
104970,374484.0116490136
104973,374484.0116490136
104975,377631.20522053796
104979,371869.24615046586
104995,374484.0116490136
104996,374484.0116490136
104998,371869.24615046586
104999,371869.24615046586
105000,371869.24615046586
105024,374484.0116490136
105029,374484.0116490136
105037,374484.0116490136
105038,374484.0116490136
105039,374484.0116490136
105049,377631.20522053796
105057,374484.0116490136
105061,377631.20522053796
105065,374906.4581414977
105076,374484.0116490136
105091,377631.20522053796
105116,374484.0116490136
105136,374484.0116490136
105143,374484.0116490136
105151,374484.0116490136
105160,372291.6926429498
105162,909055.7692127689
105170,377631.20522053796
105172,374906.4581414977
105179,377631.20522053796
105184,374484.0116490136
105185,377631.20522053796
105197,371869.24615046586
105202,377631.20522053796
105231,374484.0116490136
105232,382491.2487600466
105235,374484.0116490136
105249,371869.24615046586
105258,371869.24615046586
105259,377631.20522053796
105272,374484.0116490136
105287,372291.6926429498
105293,371869.24615046586
105304,374906.4581414977
105314,374484.0116490136
105315,374484.0116490136
105328,374484.0116490136
105341,374484.0116490136
105344,374484.0116490136
105349,374484.0116490136
105350,377631.20522053796
105351,909055.7692127689
105362,377631.20522053796
105376,374484.0116490136
105386,374484.0116490136
105392,377631.20522053796
105401,909055.7692127689
105409,374906.4581414977
105414,377631.20522053796
105418,377631.20522053796
105419,377631.20522053796
105425,374484.0116490136
105440,374484.0116490136
105447,372291.6926429498
105448,372291.6926429498
105452,374484.0116490136
105463,374484.0116490136
105464,374484.0116490136
105465,374484.0116490136
105524,374484.0116490136
105526,371869.24615046586
105531,377631.20522053796
105536,374484.0116490136
105557,377631.20522053796
105633,374484.0116490136
105635,374484.0116490136
105637,377631.20522053796
105674,374484.0116490136
105681,377631.20522053796
105703,374484.0116490136
105704,374484.0116490136
105705,374484.0116490136
105706,374906.4581414977
105711,374906.4581414977
105712,374906.4581414977
105719,374484.0116490136
105728,377631.20522053796
105734,377631.20522053796
105735,909055.7692127689
105745,377631.20522053796
105749,377631.20522053796
105764,377631.20522053796
105765,377631.20522053796
105768,374484.0116490136
105772,377631.20522053796
105778,377631.20522053796
105779,374484.0116490136
105785,377631.20522053796
105790,374484.0116490136
105806,377631.20522053796
105827,377631.20522053796
105831,374484.0116490136
105845,374484.0116490136
105848,374484.0116490136
105852,377631.20522053796
105865,909055.7692127689
105874,913915.8127522774
105906,374484.0116490136
105910,374484.0116490136
105915,372291.6926429498
105929,372291.6926429498
105945,377631.20522053796
105946,374906.4581414977
105947,372291.6926429498
105948,374484.0116490136
105954,374906.4581414977
105990,374484.0116490136
106000,377631.20522053796
106016,377631.20522053796
106030,372291.6926429498
106034,374906.4581414977
106035,372291.6926429498
106040,377631.20522053796
106074,371869.24615046586
106139,377631.20522053796
106142,374906.4581414977
106155,374484.0116490136
106168,377631.20522053796
106177,374484.0116490136
106183,374906.4581414977
106184,377631.20522053796
106185,374906.4581414977
106201,913915.8127522774
106215,374484.0116490136
106233,913915.8127522774
106235,374906.4581414977
106236,374484.0116490136
106239,374484.0116490136
106241,377631.20522053796
106242,377631.20522053796
106243,377631.20522053796
106254,909055.7692127689
106259,372291.6926429498
106263,374906.4581414977
106281,377631.20522053796
106282,377631.20522053796
106292,377631.20522053796
106294,374484.0116490136
106343,371869.24615046586
106356,374484.0116490136
106359,374906.4581414977
106360,377631.20522053796
106362,374484.0116490136
106390,372291.6926429498
106391,377631.20522053796
106398,377631.20522053796
106442,371869.24615046586
106449,374484.0116490136
106456,377631.20522053796
106458,377631.20522053796
106467,377631.20522053796
106512,374484.0116490136
106522,374484.0116490136
106565,374484.0116490136
106572,374484.0116490136
106579,374484.0116490136
106587,374484.0116490136
106591,377631.20522053796
106599,374484.0116490136
106604,374906.4581414977
106618,374484.0116490136
106647,374484.0116490136
106654,374484.0116490136
106665,909055.7692127689
106668,374484.0116490136
106678,377631.20522053796
106685,377631.20522053796
106707,374484.0116490136
106727,374484.0116490136
106760,377853.03695890756
106776,384321.6023400785
106780,384321.6023400785
106781,384321.6023400785
106783,377853.03695890756
106784,377853.03695890756
106790,377853.03695890756
106792,377853.03695890756
106819,377853.03695890756
106835,384321.6023400785
106845,374255.8224525282
106849,374255.8224525282
106857,384321.6023400785
106858,377853.03695890756
106860,384321.6023400785
106862,377853.03695890756
106871,377853.03695890756
106881,377853.03695890756
106896,384321.6023400785
106900,384321.6023400785
106902,377853.03695890756
106907,380043.13602390385
106918,377853.03695890756
106925,377853.03695890756
106927,377853.03695890756
106929,352729.82462549896
106934,377853.03695890756
106948,377853.03695890756
106949,374255.8224525282
106951,374255.8224525282
106954,377853.03695890756
106965,384321.6023400785
106975,377853.03695890756
106990,384321.6023400785
106992,367016.87864508363
107003,377853.03695890756
107004,374255.8224525282
107015,384321.6023400785
107016,377853.03695890756
107035,377853.03695890756
107058,374255.8224525282
107062,384321.6023400785
107071,377853.03695890756
107086,374255.8224525282
107093,375598.6588651441
107100,377853.03695890756
107122,377853.03695890756
107268,352729.82462549896
107275,367016.87864508363
107357,377853.03695890756
107361,384321.6023400785
107393,384321.6023400785
107395,377853.03695890756
107412,384321.6023400785
107416,377853.03695890756
107428,384321.6023400785
107452,384321.6023400785
107454,377853.03695890756
107464,377853.03695890756
107467,377853.03695890756
107469,384321.6023400785
107470,384321.6023400785
107472,384321.6023400785
107473,384321.6023400785
107487,377853.03695890756
107489,377853.03695890756
107495,377853.03695890756
107497,374255.8224525282
107501,377853.03695890756
107506,384321.6023400785
107510,384321.6023400785
107520,377853.03695890756
107551,377853.03695890756
107556,352729.82462549896
107572,377853.03695890756
107584,377853.03695890756
107594,377853.03695890756
107595,377853.03695890756
107601,377853.03695890756
107614,377853.03695890756
107616,384321.6023400785
107617,367016.87864508363
107619,384321.6023400785
107621,384321.6023400785
107650,384321.6023400785
107656,352729.82462549896
107678,367016.87864508363
107680,374255.8224525282
107684,377853.03695890756
107687,377853.03695890756
107690,384321.6023400785
107692,384321.6023400785
107693,384321.6023400785
107694,384321.6023400785
107695,384321.6023400785
107702,384321.6023400785
107712,377853.03695890756
107718,352729.82462549896
107722,384321.6023400785
107757,374255.8224525282
107762,384321.6023400785
107769,374255.8224525282
107770,374255.8224525282
107771,377853.03695890756
107776,384321.6023400785
107778,377853.03695890756
107788,384321.6023400785
107792,384321.6023400785
107812,367016.87864508363
107831,384321.6023400785
107832,377853.03695890756
107863,374255.8224525282
107871,384321.6023400785
107873,384321.6023400785
107874,384321.6023400785
107875,384321.6023400785
107906,377853.03695890756
107915,384321.6023400785
107916,384321.6023400785
107917,384321.6023400785
107918,384321.6023400785
107919,384321.6023400785
107920,384321.6023400785
107998,377853.03695890756
108021,374255.8224525282
108137,374255.8224525282
108190,377853.03695890756
108231,384321.6023400785
108235,384321.6023400785
108237,384321.6023400785
108246,377853.03695890756
108272,377853.03695890756
108277,374255.8224525282
108281,374255.8224525282
108283,384321.6023400785
108285,377853.03695890756
108340,367016.87864508363
108343,384321.6023400785
108401,377853.03695890756
108406,384321.6023400785
108408,374255.8224525282
108410,367016.87864508363
108429,377853.03695890756
108444,384321.6023400785
108447,384321.6023400785
108465,377853.03695890756
108468,377853.03695890756
108479,384321.6023400785
108496,384321.6023400785
108505,377853.03695890756
108512,384321.6023400785
108518,384321.6023400785
108519,384321.6023400785
108524,384321.6023400785
108527,377853.03695890756
108528,377853.03695890756
108545,377853.03695890756
108548,377853.03695890756
108551,377853.03695890756
108557,377853.03695890756
108558,377853.03695890756
108574,377853.03695890756
108580,377853.03695890756
108581,384321.6023400785
108589,367016.87864508363
108654,367016.87864508363
108658,377853.03695890756
108757,384321.6023400785
108771,367016.87864508363
108778,367016.87864508363
108802,352729.82462549896
108814,377853.03695890756
108816,374255.8224525282
108817,377853.03695890756
108832,377853.03695890756
108855,384321.6023400785
108867,352729.82462549896
108886,384321.6023400785
108900,384321.6023400785
108916,374255.8224525282
108948,367016.87864508363
108960,377853.03695890756
108962,367016.87864508363
108983,384321.6023400785
108984,384321.6023400785
108992,377853.03695890756
108993,384321.6023400785
109002,367016.87864508363
109051,377853.03695890756
109135,377853.03695890756
109157,384321.6023400785
109160,377853.03695890756
109175,367016.87864508363
109189,384321.6023400785
109236,384321.6023400785
109250,377853.03695890756
109251,377853.03695890756
109254,384321.6023400785
109323,367016.87864508363
109368,374255.8224525282
109384,377853.03695890756
109388,384321.6023400785
109389,367016.87864508363
109414,384321.6023400785
109434,374255.8224525282
109448,384321.6023400785
109454,384321.6023400785
109455,377853.03695890756
109456,384321.6023400785
109478,384321.6023400785
109488,377853.03695890756
109499,377853.03695890756
109504,377853.03695890756
109509,377853.03695890756
109523,377853.03695890756
109524,377853.03695890756
109525,377853.03695890756
109526,377853.03695890756
109534,377853.03695890756
109546,377853.03695890756
109566,367016.87864508363
109570,384321.6023400785
109577,384321.6023400785
109586,384321.6023400785
109589,384321.6023400785
109597,367016.87864508363
109608,380467.8024574553
109624,380467.8024574553
109633,380308.5476995079
109634,380467.8024574553
109650,388052.59307600424
109651,388052.59307600424
109653,388052.59307600424
109654,394521.15845717513
109656,380308.5476995079
109658,394521.15845717513
109659,380467.8024574553
109661,380467.8024574553
109667,388052.59307600424
109672,388052.59307600424
109673,388052.59307600424
109674,388052.59307600424
109675,388052.59307600424
109690,388052.59307600424
109698,380467.8024574553
109703,380308.5476995079
109710,377216.4347621803
109711,380308.5476995079
109724,380308.5476995079
109729,394521.15845717513
109736,380467.8024574553
109777,394521.15845717513
109778,380308.5476995079
109779,377216.4347621803
109780,362929.38074259565
109781,380308.5476995079
109794,394521.15845717513
109860,380308.5476995079
109861,380467.8024574553
109867,388052.59307600424
109868,388052.59307600424
109876,394521.15845717513
109891,380308.5476995079
109896,388052.59307600424
109903,394521.15845717513
109905,388052.59307600424
109915,362929.38074259565
109925,380308.5476995079
109959,394521.15845717513
109962,380308.5476995079
109985,377216.4347621803
109986,377216.4347621803
110001,377216.4347621803
110013,380308.5476995079
110024,380308.5476995079
110041,388052.59307600424
110055,388052.59307600424
110056,388052.59307600424
110060,388052.59307600424
110065,380308.5476995079
110079,388052.59307600424
110092,362929.38074259565
110099,394521.15845717513
110108,380467.8024574553
110121,388052.59307600424
110130,380308.5476995079
110132,388052.59307600424
110135,388052.59307600424
110136,388052.59307600424
110137,388052.59307600424
110138,388052.59307600424
110139,388052.59307600424
110148,394521.15845717513
110150,388052.59307600424
110158,388052.59307600424
110160,919477.1570682351
110161,919477.1570682351
110180,380308.5476995079
110223,380467.8024574553
110226,388052.59307600424
110236,388052.59307600424
110248,388052.59307600424
110295,377216.4347621803
110319,380467.8024574553
110327,380308.5476995079
110330,388052.59307600424
110335,394521.15845717513
110345,380308.5476995079
110348,380467.8024574553
110349,380467.8024574553
110351,394521.15845717513
110355,380308.5476995079
110365,394521.15845717513
110380,362929.38074259565
110387,394521.15845717513
110392,388052.59307600424
110393,362929.38074259565
110403,388052.59307600424
110452,380308.5476995079
110462,394521.15845717513
110538,377216.4347621803
110626,377216.4347621803
110628,377216.4347621803
110631,380467.8024574553
110642,394521.15845717513
110672,380308.5476995079
110695,377216.4347621803
110698,380467.8024574553
110716,394521.15845717513
110725,394521.15845717513
110733,380308.5476995079
110742,380308.5476995079
110743,380308.5476995079
110747,388052.59307600424
110758,388052.59307600424
110769,388052.59307600424
110780,380467.8024574553
110790,380308.5476995079
110791,380308.5476995079
110792,377216.4347621803
110795,380308.5476995079
110796,380467.8024574553
110797,380467.8024574553
110798,380467.8024574553
110803,394521.15845717513
110807,377216.4347621803
110817,388052.59307600424
110824,380308.5476995079
110854,388052.59307600424
110872,380308.5476995079
110875,380467.8024574553
110883,380308.5476995079
110902,377216.4347621803
110903,925945.722449406
110912,380308.5476995079
110914,388052.59307600424
110923,388052.59307600424
110934,388052.59307600424
110938,388052.59307600424
110939,388052.59307600424
110945,394521.15845717513
110948,394521.15845717513
110949,394521.15845717513
110964,362929.38074259565
110980,380467.8024574553
110983,380467.8024574553
110992,394521.15845717513
110993,388052.59307600424
110999,388052.59307600424
111000,388052.59307600424
111001,388052.59307600424
111003,388052.59307600424
111005,388052.59307600424
111008,388052.59307600424
111009,388052.59307600424
111014,380467.8024574553
111018,388052.59307600424
111023,919477.1570682351
111031,388052.59307600424
111035,394521.15845717513
111054,388052.59307600424
111059,388052.59307600424
111079,388052.59307600424
111113,388052.59307600424
111114,388052.59307600424
111117,388052.59307600424
111118,388052.59307600424
111119,388052.59307600424
111120,388052.59307600424
111122,388052.59307600424
111123,388052.59307600424
111124,388052.59307600424
111125,388052.59307600424
111127,388052.59307600424
111129,388052.59307600424
111143,380308.5476995079
111147,388052.59307600424
111148,388052.59307600424
111166,362929.38074259565
111167,394521.15845717513
111168,394521.15845717513
111191,380467.8024574553
111196,380308.5476995079
111197,380308.5476995079
111199,380467.8024574553
111208,394521.15845717513
111216,388052.59307600424
111252,380308.5476995079
111255,388052.59307600424
111319,394521.15845717513
111384,394521.15845717513
111386,380308.5476995079
111388,394521.15845717513
111389,394521.15845717513
111394,377216.4347621803
111395,377216.4347621803
111435,394521.15845717513
111446,377853.03695890756
111457,377216.4347621803
111459,394521.15845717513
111463,394521.15845717513
111477,377216.4347621803
111496,380467.8024574553
111506,394521.15845717513
111507,388052.59307600424
111510,380308.5476995079
111512,380467.8024574553
111523,377216.4347621803
111530,377216.4347621803
111531,388052.59307600424
111534,380308.5476995079
111538,380308.5476995079
111554,380308.5476995079
111573,394521.15845717513
111590,385798.2149822407
111598,394521.15845717513
111608,388052.59307600424
111611,380308.5476995079
111621,380308.5476995079
111628,394521.15845717513
111629,394521.15845717513
111633,388052.59307600424
111636,388052.59307600424
111637,388052.59307600424
111658,394521.15845717513
111665,377216.4347621803
111697,388052.59307600424
111703,394521.15845717513
111774,362929.38074259565
111775,394521.15845717513
111820,362929.38074259565
111839,377853.03695890756
111846,394521.15845717513
111850,388052.59307600424
111856,377216.4347621803
111860,394521.15845717513
111865,377853.03695890756
111883,388052.59307600424
111884,388052.59307600424
111885,388052.59307600424
111894,388052.59307600424
111915,388052.59307600424
111924,394521.15845717513
111939,394521.15845717513
111954,390242.6921410005
111965,919477.1570682351
111970,394521.15845717513
111976,380467.8024574553
111987,394521.15845717513
111988,388052.59307600424
112051,394521.15845717513
112063,394521.15845717513
112068,394521.15845717513
112075,380467.8024574553
112157,388052.59307600424
112162,394521.15845717513
112163,394521.15845717513
112227,388052.59307600424
112230,394521.15845717513
112247,394521.15845717513
112271,377216.4347621803
112297,380308.5476995079
112315,380467.8024574553
112335,380308.5476995079
112353,380308.5476995079
112355,448465.7506664972
112367,373054.06827578694
112375,391234.91954026726
112378,391234.91954026726
112388,373054.06827578694
112412,373054.06827578694
112424,448465.7506664972
112431,380308.5476995079
112465,380308.5476995079
112466,380308.5476995079
112474,380308.5476995079
112486,380308.5476995079
112510,373054.06827578694
112511,373054.06827578694
112512,373054.06827578694
112657,391234.91954026726
112663,391234.91954026726
112673,380308.5476995079
112680,373054.06827578694
112681,380308.5476995079
112694,388078.7335092239
112696,373054.06827578694
112713,373054.06827578694
112716,373054.06827578694
112718,373054.06827578694
112720,373054.06827578694
112726,373054.06827578694
112744,373054.06827578694
112748,373054.06827578694
112755,380308.5476995079
112757,448465.7506664972
112780,373054.06827578694
112793,448465.7506664972
112796,391234.91954026726
112816,448465.7506664972
112822,388078.7335092239
112823,388078.7335092239
112825,388078.7335092239
112828,448465.7506664972
112851,448465.7506664972
112872,391234.91954026726
112874,391234.91954026726
112921,448465.7506664972
112925,388078.7335092239
112926,373054.06827578694
112928,388078.7335092239
112929,388078.7335092239
112930,388078.7335092239
112933,448465.7506664972
112938,373054.06827578694
112960,373054.06827578694
112963,373054.06827578694
112970,373054.06827578694
112974,388078.7335092239
112986,373054.06827578694
112987,373054.06827578694
113022,373054.06827578694
113037,388078.7335092239
113109,373054.06827578694
113113,388078.7335092239
113114,388078.7335092239
113163,373054.06827578694
113169,373054.06827578694
113181,373054.06827578694
113206,373054.06827578694
113207,373054.06827578694
113230,373054.06827578694
113231,388078.7335092239
113246,373054.06827578694
113248,373054.06827578694
113313,380308.5476995079
113314,380308.5476995079
113315,380308.5476995079
113320,373054.06827578694
113322,373054.06827578694
113323,373054.06827578694
113326,373054.06827578694
113329,373054.06827578694
113465,391234.91954026726
113468,391234.91954026726
113478,373054.06827578694
113488,391234.91954026726
113491,380308.5476995079
113503,373054.06827578694
113552,373054.06827578694
113568,380308.5476995079
113608,373054.06827578694
113613,373054.06827578694
113616,380308.5476995079
113617,380308.5476995079
113630,373054.06827578694
113644,380308.5476995079
113645,380308.5476995079
113657,448465.7506664972
113662,388078.7335092239
113668,373054.06827578694
113703,373054.06827578694
113704,373054.06827578694
113706,388078.7335092239
113711,373054.06827578694
113750,388078.7335092239
113752,373054.06827578694
113762,391234.91954026726
113804,388078.7335092239
113809,448465.7506664972
113813,373054.06827578694
113831,373054.06827578694
113871,380308.5476995079
113884,373054.06827578694
113888,373054.06827578694
113890,373054.06827578694
113909,373054.06827578694
113922,391234.91954026726
113950,388078.7335092239
113957,391234.91954026726
113995,373054.06827578694
114001,373054.06827578694
114002,373054.06827578694
114007,373054.06827578694
114030,373054.06827578694
114031,373054.06827578694
114139,373054.06827578694
114172,391234.91954026726
114187,391234.91954026726
114200,373054.06827578694
114204,373054.06827578694
114217,373054.06827578694
114242,380308.5476995079
114253,376380.4064570026
114266,373054.06827578694
114276,373054.06827578694
114334,373054.06827578694
114335,373054.06827578694
114336,373054.06827578694
114337,373054.06827578694
114377,373054.06827578694
114379,388078.7335092239
114396,388078.7335092239
114401,373054.06827578694
114405,373054.06827578694
114407,373054.06827578694
114431,388078.7335092239
114432,388078.7335092239
114440,373054.06827578694
114449,380308.5476995079
114454,373054.06827578694
114458,448465.7506664972
114461,373054.06827578694
114468,448465.7506664972
114560,373054.06827578694
114619,373054.06827578694
114634,373054.06827578694
114649,391234.91954026726
114650,380308.5476995079
114658,380308.5476995079
114661,448465.7506664972
114676,373054.06827578694
114684,448465.7506664972
114688,373054.06827578694
114690,391234.91954026726
114698,388078.7335092239
114702,373054.06827578694
114711,373054.06827578694
114717,373054.06827578694
114721,373054.06827578694
114728,380308.5476995079
114732,373054.06827578694
114736,380308.5476995079
114748,373054.06827578694
114764,388078.7335092239
114780,373054.06827578694
114781,380308.5476995079
114790,380308.5476995079
114804,373054.06827578694
114809,448465.7506664972
114812,373054.06827578694
114816,373054.06827578694
114839,380308.5476995079
114847,380308.5476995079
114884,448465.7506664972
114886,388078.7335092239
114887,388078.7335092239
114893,448465.7506664972
114904,372291.6926429498
114941,372291.6926429498
114950,372291.6926429498
114969,371869.24615046586
114993,371869.24615046586
114997,372291.6926429498
115004,371869.24615046586
115020,372291.6926429498
115025,371869.24615046586
115027,372291.6926429498
115078,371869.24615046586
115080,371869.24615046586
115081,371869.24615046586
115082,371869.24615046586
115085,371869.24615046586
115086,371869.24615046586
115087,371869.24615046586
115088,371869.24615046586
115093,371869.24615046586
115098,371869.24615046586
115099,371869.24615046586
115100,371869.24615046586
115178,371869.24615046586
115179,371869.24615046586
115181,371869.24615046586
115243,371869.24615046586
115261,371869.24615046586
115279,371869.24615046586
115316,371869.24615046586
115318,371869.24615046586
115360,372291.6926429498
115394,372291.6926429498
115403,372291.6926429498
115408,371869.24615046586
115412,371869.24615046586
115417,371869.24615046586
115418,371869.24615046586
115422,371869.24615046586
115479,371869.24615046586
115480,371869.24615046586
115481,371869.24615046586
115482,371869.24615046586
115483,371869.24615046586
115485,371869.24615046586
115488,371869.24615046586
115505,371869.24615046586
115506,371869.24615046586
115507,371869.24615046586
115508,371869.24615046586
115509,371869.24615046586
115510,371869.24615046586
115511,371869.24615046586
115512,371869.24615046586
115514,371869.24615046586
115515,371869.24615046586
115516,371869.24615046586
115517,371869.24615046586
115528,371869.24615046586
115536,371869.24615046586
115537,371869.24615046586
115538,371869.24615046586
115539,371869.24615046586
115541,371869.24615046586
115542,371869.24615046586
115543,371869.24615046586
115544,371869.24615046586
115545,371869.24615046586
115548,371869.24615046586
115551,371869.24615046586
115552,371869.24615046586
115553,371869.24615046586
115554,371869.24615046586
115555,371869.24615046586
115559,371869.24615046586
115597,371869.24615046586
115598,371869.24615046586
115642,371869.24615046586
115652,371869.24615046586
115780,371869.24615046586
115818,371869.24615046586
115896,371869.24615046586
115898,371869.24615046586
115900,371869.24615046586
115902,371869.24615046586
115910,371869.24615046586
115927,371869.24615046586
115980,371869.24615046586
115983,371869.24615046586
116008,371869.24615046586
116056,371869.24615046586
116064,371869.24615046586
116065,371869.24615046586
116066,371869.24615046586
116067,371869.24615046586
116068,371869.24615046586
116069,371869.24615046586
116071,371869.24615046586
116072,371869.24615046586
116094,371869.24615046586
116099,371869.24615046586
116105,372291.6926429498
116152,371869.24615046586
116154,371869.24615046586
116173,371869.24615046586
116174,371869.24615046586
116175,371869.24615046586
116176,371869.24615046586
116178,371869.24615046586
116179,371869.24615046586
116189,371869.24615046586
116190,371869.24615046586
116196,371869.24615046586
116197,371869.24615046586
116198,371869.24615046586
116199,371869.24615046586
116205,371869.24615046586
116269,371869.24615046586
116350,371869.24615046586
116434,371869.24615046586
116435,371869.24615046586
116446,371869.24615046586
116471,372291.6926429498
116501,371869.24615046586
116506,371869.24615046586
116507,371869.24615046586
116508,371869.24615046586
116509,371869.24615046586
116547,371869.24615046586
116562,371869.24615046586
116581,371869.24615046586
116634,371869.24615046586
116635,371869.24615046586
116661,371869.24615046586
116675,372291.6926429498
116690,372291.6926429498
116706,371869.24615046586
116787,371869.24615046586
116890,371869.24615046586
116909,371869.24615046586
116920,372291.6926429498
116926,374255.8224525282
116932,372291.6926429498
116934,374255.8224525282
116937,374255.8224525282
116940,374255.8224525282
116941,374255.8224525282
116942,374255.8224525282
116944,374255.8224525282
116945,374255.8224525282
116947,374255.8224525282
116948,374255.8224525282
116950,374255.8224525282
116957,374255.8224525282
116958,374255.8224525282
116959,374255.8224525282
116960,372291.6926429498
116981,372291.6926429498
116988,372291.6926429498
116992,372291.6926429498
117046,374255.8224525282
117055,372291.6926429498
117076,374255.8224525282
117077,374255.8224525282
117078,374255.8224525282
117093,374255.8224525282
117127,372291.6926429498
117128,372291.6926429498
117137,374255.8224525282
117140,374255.8224525282
117145,374255.8224525282
117174,374255.8224525282
117188,374255.8224525282
117201,374255.8224525282
117212,374255.8224525282
117216,372291.6926429498
117220,372291.6926429498
117222,372291.6926429498
117224,372291.6926429498
117225,372291.6926429498
117226,372291.6926429498
117227,372291.6926429498
117232,372291.6926429498
117236,374255.8224525282
117238,372291.6926429498
117239,372291.6926429498
117245,372291.6926429498
117246,374255.8224525282
117247,374255.8224525282
117253,374255.8224525282
117263,374255.8224525282
117265,374255.8224525282
117272,372291.6926429498
117275,374255.8224525282
117278,372291.6926429498
117288,374255.8224525282
117290,372291.6926429498
117313,374255.8224525282
117317,374255.8224525282
117318,374255.8224525282
117325,374255.8224525282
117326,374255.8224525282
117328,374255.8224525282
117331,372291.6926429498
117333,372291.6926429498
117335,372291.6926429498
117345,372291.6926429498
117346,372291.6926429498
117349,374255.8224525282
117359,372291.6926429498
117365,372291.6926429498
117374,1855735.3696097753
117416,372291.6926429498
117511,372291.6926429498
117513,374255.8224525282
117514,374255.8224525282
117589,372291.6926429498
117619,372291.6926429498
117632,374255.8224525282
117680,372291.6926429498
117682,372291.6926429498
117688,372291.6926429498
117714,374255.8224525282
117716,372291.6926429498
117718,372291.6926429498
117719,372291.6926429498
117746,374255.8224525282
117750,374255.8224525282
117752,372291.6926429498
117759,384321.6023400785
117772,372291.6926429498
117777,374255.8224525282
117785,372291.6926429498
117788,374255.8224525282
117796,372291.6926429498
117797,374255.8224525282
117803,372291.6926429498
117808,372291.6926429498
117810,374255.8224525282
117821,374255.8224525282
117846,374255.8224525282
117847,374255.8224525282
117848,374255.8224525282
117849,374255.8224525282
117850,374255.8224525282
117851,374255.8224525282
117853,372291.6926429498
117875,374255.8224525282
117888,374255.8224525282
117900,372291.6926429498
117903,374255.8224525282
117906,374255.8224525282
117917,374255.8224525282
117918,374255.8224525282
117919,374255.8224525282
117925,374255.8224525282
117927,374255.8224525282
117931,372291.6926429498
117935,374255.8224525282
117945,374255.8224525282
117953,374255.8224525282
117956,372291.6926429498
117964,372291.6926429498
117965,372291.6926429498
117966,372291.6926429498
117967,372291.6926429498
117968,372291.6926429498
117969,372291.6926429498
117970,372291.6926429498
117974,372291.6926429498
117984,374255.8224525282
117999,374255.8224525282
118001,374255.8224525282
118006,374255.8224525282
118010,374255.8224525282
118020,374255.8224525282
118023,374255.8224525282
118027,374255.8224525282
118030,374255.8224525282
118048,372291.6926429498
118049,374255.8224525282
118056,374255.8224525282
118060,374255.8224525282
118061,374255.8224525282
118062,1855735.3696097753
118067,372291.6926429498
118091,372291.6926429498
118094,372291.6926429498
118095,372291.6926429498
118096,372291.6926429498
118097,372291.6926429498
118098,372291.6926429498
118099,372291.6926429498
118100,372291.6926429498
118101,372291.6926429498
118104,374255.8224525282
118109,372291.6926429498
118116,372291.6926429498
118118,372291.6926429498
118125,374255.8224525282
118126,374255.8224525282
118130,374255.8224525282
118132,374255.8224525282
118133,374255.8224525282
118141,374255.8224525282
118148,374255.8224525282
118149,374255.8224525282
118151,372291.6926429498
118157,374255.8224525282
118163,374255.8224525282
118165,372291.6926429498
118168,374255.8224525282
118169,374255.8224525282
118170,374255.8224525282
118178,374255.8224525282
118180,374255.8224525282
118182,374255.8224525282
118186,374255.8224525282
118192,374255.8224525282
118196,372291.6926429498
118198,372291.6926429498
118209,372291.6926429498
118218,374255.8224525282
118229,372291.6926429498
118230,372291.6926429498
118244,372291.6926429498
118250,372291.6926429498
118255,1855735.3696097753
118316,372291.6926429498
118319,372291.6926429498
118320,372291.6926429498
118323,384321.6023400785
118437,384321.6023400785
118449,374255.8224525282
118461,374255.8224525282
118491,374255.8224525282
118511,374255.8224525282
118533,372291.6926429498
118555,374255.8224525282
118562,372291.6926429498
118575,372291.6926429498
118578,374255.8224525282
118589,372291.6926429498
118590,372291.6926429498
118612,372291.6926429498
118617,374255.8224525282
118627,374255.8224525282
118637,374255.8224525282
118646,374255.8224525282
118647,374255.8224525282
118650,372291.6926429498
118659,374255.8224525282
118668,374255.8224525282
118669,372291.6926429498
118701,374255.8224525282
118704,374255.8224525282
118826,372291.6926429498
118866,374255.8224525282
118867,372291.6926429498
118869,372291.6926429498
118870,372291.6926429498
118871,372291.6926429498
118872,372291.6926429498
118881,374255.8224525282
118893,374255.8224525282
118894,374255.8224525282
118897,374255.8224525282
118899,374255.8224525282
118908,374255.8224525282
118923,374255.8224525282
118944,374255.8224525282
118965,374255.8224525282
118987,374255.8224525282
119087,372291.6926429498
119092,374255.8224525282
119098,374255.8224525282
119099,374255.8224525282
119143,374255.8224525282
119180,374255.8224525282
119190,374255.8224525282
119207,372291.6926429498
119217,374255.8224525282
119236,352729.82462549896
119246,384321.6023400785
119247,384321.6023400785
119248,374255.8224525282
119251,377853.03695890756
119252,377853.03695890756
119255,377853.03695890756
119259,384321.6023400785
119262,386936.3678386262
119264,367016.87864508363
119275,367016.87864508363
119284,384321.6023400785
119285,384321.6023400785
119291,377853.03695890756
119294,377853.03695890756
119305,384321.6023400785
119306,374255.8224525282
119311,369631.6441436314
119326,374255.8224525282
119328,384321.6023400785
119334,377853.03695890756
119338,377853.03695890756
119341,377853.03695890756
119343,374255.8224525282
119345,377853.03695890756
119346,377853.03695890756
119348,377853.03695890756
119351,384321.6023400785
119374,384321.6023400785
119389,374255.8224525282
119397,374255.8224525282
119398,374255.8224525282
119401,374255.8224525282
119402,384321.6023400785
119403,374255.8224525282
119406,384321.6023400785
119446,374255.8224525282
119505,374255.8224525282
119514,374255.8224525282
119515,374255.8224525282
119516,374255.8224525282
119529,377853.03695890756
119549,374255.8224525282
119561,384321.6023400785
119562,374255.8224525282
119567,374255.8224525282
119572,386936.3678386262
119573,377853.03695890756
119574,377853.03695890756
119575,377853.03695890756
119590,377853.03695890756
119591,377853.03695890756
119605,386936.3678386262
119606,386936.3678386262
119608,386936.3678386262
119609,386936.3678386262
119611,386936.3678386262
119613,386936.3678386262
119621,377853.03695890756
119637,386936.3678386262
119641,384321.6023400785
119647,384321.6023400785
119648,384321.6023400785
119649,377853.03695890756
119650,386936.3678386262
119656,377853.03695890756
119657,384321.6023400785
119658,352729.82462549896
119673,377853.03695890756
119676,377853.03695890756
119680,377853.03695890756
119683,384321.6023400785
119685,376870.58795107604
119703,386936.3678386262
119709,367016.87864508363
119712,384321.6023400785
119724,377853.03695890756
119731,352729.82462549896
119733,352729.82462549896
119735,352729.82462549896
119748,374255.8224525282
119750,374255.8224525282
119754,377853.03695890756
119759,377853.03695890756
119765,374255.8224525282
119768,377853.03695890756
119770,384321.6023400785
119771,384321.6023400785
119792,377853.03695890756
119794,377853.03695890756
119796,377853.03695890756
119798,374255.8224525282
119804,377853.03695890756
119809,377853.03695890756
119811,374255.8224525282
119813,384321.6023400785
119821,384321.6023400785
119824,377853.03695890756
119825,377853.03695890756
119826,377853.03695890756
119830,377853.03695890756
119831,377853.03695890756
119832,377853.03695890756
119833,377853.03695890756
119834,377853.03695890756
119835,377853.03695890756
119842,384321.6023400785
119847,374255.8224525282
119848,384321.6023400785
119857,367016.87864508363
119871,352729.82462549896
119872,352729.82462549896
119873,352729.82462549896
119876,352729.82462549896
119884,386936.3678386262
119931,384321.6023400785
119932,384321.6023400785
119933,367016.87864508363
119934,384321.6023400785
119937,384321.6023400785
119938,384321.6023400785
119939,384321.6023400785
119944,384321.6023400785
120014,374255.8224525282
120072,1855735.3696097753
120077,384321.6023400785
120105,384321.6023400785
120107,384321.6023400785
120111,384321.6023400785
120124,374255.8224525282
120132,376870.58795107604
120133,374255.8224525282
120141,377853.03695890756
120165,386936.3678386262
120166,386936.3678386262
120169,377853.03695890756
120176,384321.6023400785
120177,384321.6023400785
120180,367016.87864508363
120181,367016.87864508363
120193,352729.82462549896
120194,352729.82462549896
120196,352729.82462549896
120205,384321.6023400785
120206,384321.6023400785
120207,369631.6441436314
120208,369631.6441436314
120218,384321.6023400785
120223,386936.3678386262
120231,374255.8224525282
120261,384321.6023400785
120262,377853.03695890756
120263,384321.6023400785
120269,377853.03695890756
120273,352729.82462549896
120279,377853.03695890756
120295,374255.8224525282
120298,355344.5901240467
120302,374255.8224525282
120304,374255.8224525282
120305,374255.8224525282
120306,374255.8224525282
120311,374255.8224525282
120312,374255.8224525282
120314,384321.6023400785
120320,384321.6023400785
120326,377853.03695890756
120327,374255.8224525282
120337,374255.8224525282
120338,374255.8224525282
120339,374255.8224525282
120348,377853.03695890756
120349,377853.03695890756
120350,377853.03695890756
120363,374255.8224525282
120365,352729.82462549896
120371,377853.03695890756
120372,377853.03695890756
120378,376870.58795107604
120381,376870.58795107604
120383,352729.82462549896
120385,377853.03695890756
120414,374255.8224525282
120415,374255.8224525282
120417,384321.6023400785
120419,384321.6023400785
120421,384321.6023400785
120499,374255.8224525282
120500,374255.8224525282
120501,386936.3678386262
120515,384321.6023400785
120516,384321.6023400785
120545,352729.82462549896
120548,377853.03695890756
120561,384321.6023400785
120562,384321.6023400785
120564,384321.6023400785
120569,376870.58795107604
120590,386936.3678386262
120591,394521.15845717513
120592,374255.8224525282
120593,377853.03695890756
120596,377853.03695890756
120597,374255.8224525282
120608,377853.03695890756
120609,377853.03695890756
120614,386936.3678386262
120615,386936.3678386262
120616,386936.3678386262
120629,386936.3678386262
120642,384321.6023400785
120643,384321.6023400785
120646,384321.6023400785
120672,386936.3678386262
120675,374255.8224525282
120676,377853.03695890756
120678,355344.5901240467
120687,384321.6023400785
120688,384321.6023400785
120689,384321.6023400785
120691,384321.6023400785
120692,384321.6023400785
120702,384321.6023400785
120715,374255.8224525282
120720,374255.8224525282
120735,369631.6441436314
120743,352729.82462549896
120744,355344.5901240467
120745,384321.6023400785
120749,377853.03695890756
120756,374255.8224525282
120769,384321.6023400785
120803,377853.03695890756
120810,384321.6023400785
120822,377853.03695890756
120832,384321.6023400785
120833,384321.6023400785
120844,355344.5901240467
120851,377853.03695890756
120886,367016.87864508363
120887,367016.87864508363
120895,386936.3678386262
120903,377853.03695890756
120905,384321.6023400785
120906,384321.6023400785
120910,355344.5901240467
120916,384321.6023400785
120918,384321.6023400785
120920,384321.6023400785
120922,384321.6023400785
120924,384321.6023400785
120925,384321.6023400785
120926,384321.6023400785
120960,384321.6023400785
120970,384321.6023400785
120976,377853.03695890756
121014,369631.6441436314
121019,386936.3678386262
121021,384321.6023400785
121025,386936.3678386262
121030,380308.5476995079
121038,380308.5476995079
121041,380308.5476995079
121042,380308.5476995079
121043,380308.5476995079
121045,380308.5476995079
121046,380308.5476995079
121047,380308.5476995079
121048,380308.5476995079
121049,380308.5476995079
121050,380308.5476995079
121051,380308.5476995079
121061,380308.5476995079
121062,380308.5476995079
121064,380308.5476995079
121068,380308.5476995079
121070,380308.5476995079
121085,380308.5476995079
121097,380308.5476995079
121150,380308.5476995079
121158,380308.5476995079
121159,380308.5476995079
121169,380308.5476995079
121172,380308.5476995079
121187,380308.5476995079
121189,380308.5476995079
121192,380308.5476995079
121193,380308.5476995079
121195,380308.5476995079
121204,380308.5476995079
121208,380308.5476995079
121210,380308.5476995079
121219,380308.5476995079
121224,380308.5476995079
121235,380308.5476995079
121236,380308.5476995079
121238,380308.5476995079
121239,380308.5476995079
121240,380308.5476995079
121241,380308.5476995079
121242,380308.5476995079
121243,380308.5476995079
121244,380308.5476995079
121246,380308.5476995079
121249,380308.5476995079
121251,380308.5476995079
121256,380308.5476995079
121257,380308.5476995079
121258,380308.5476995079
121264,380308.5476995079
121265,380308.5476995079
121270,380308.5476995079
121274,380308.5476995079
121280,380308.5476995079
121282,380308.5476995079
121283,380308.5476995079
121286,380308.5476995079
121295,380308.5476995079
121296,380308.5476995079
121299,380308.5476995079
121300,380308.5476995079
121301,380308.5476995079
121307,380308.5476995079
121308,380308.5476995079
121311,380308.5476995079
121315,380308.5476995079
121320,380308.5476995079
121321,380308.5476995079
121323,380308.5476995079
121324,380308.5476995079
121331,380308.5476995079
121333,380308.5476995079
121335,380308.5476995079
121337,380308.5476995079
121338,380308.5476995079
121339,380308.5476995079
121343,380308.5476995079
121346,380308.5476995079
121347,380308.5476995079
121348,380308.5476995079
121350,380308.5476995079
121351,380308.5476995079
121352,380308.5476995079
121364,380308.5476995079
121365,380308.5476995079
121373,380308.5476995079
121375,380308.5476995079
121376,380308.5476995079
121377,380308.5476995079
121385,380308.5476995079
121397,380308.5476995079
121400,380308.5476995079
121402,380308.5476995079
121408,380308.5476995079
121444,380308.5476995079
121452,380308.5476995079
121455,380308.5476995079
121538,380308.5476995079
121544,380308.5476995079
121597,380308.5476995079
121647,380308.5476995079
121688,380308.5476995079
121697,380308.5476995079
121707,380308.5476995079
121708,380308.5476995079
121710,380308.5476995079
121716,380308.5476995079
121723,380308.5476995079
121739,380308.5476995079
121742,380308.5476995079
121746,380308.5476995079
121751,380308.5476995079
121756,380308.5476995079
121757,380308.5476995079
121765,380308.5476995079
121766,380308.5476995079
121767,380308.5476995079
121771,380308.5476995079
121777,380308.5476995079
121781,380308.5476995079
121787,380308.5476995079
121788,380308.5476995079
121793,380308.5476995079
121802,380308.5476995079
121807,380308.5476995079
121822,380308.5476995079
121824,380308.5476995079
121825,380308.5476995079
121826,380308.5476995079
121829,380308.5476995079
121843,380308.5476995079
121847,380308.5476995079
121848,380308.5476995079
121849,380308.5476995079
121850,380308.5476995079
121854,380308.5476995079
121857,380308.5476995079
121868,380308.5476995079
121878,380308.5476995079
121884,380308.5476995079
121892,380308.5476995079
121899,380308.5476995079
121900,380308.5476995079
121901,380308.5476995079
121909,380308.5476995079
121923,380308.5476995079
121927,380308.5476995079
121930,380308.5476995079
121932,380308.5476995079
121935,380308.5476995079
121941,380308.5476995079
121944,380308.5476995079
121948,380308.5476995079
121954,380308.5476995079
121964,380308.5476995079
121966,380308.5476995079
121970,380308.5476995079
121984,380308.5476995079
121993,380308.5476995079
122033,380308.5476995079
122036,380308.5476995079
122044,380308.5476995079
122165,380308.5476995079
122166,380308.5476995079
122167,380308.5476995079
122168,380308.5476995079
122169,380308.5476995079
122195,380308.5476995079
122197,380308.5476995079
122214,380308.5476995079
122219,380308.5476995079
122225,380308.5476995079
122241,380308.5476995079
122249,380308.5476995079
122262,380308.5476995079
122277,380308.5476995079
122282,380308.5476995079
122294,380308.5476995079
122299,380308.5476995079
122302,380308.5476995079
122311,380308.5476995079
122313,380308.5476995079
122315,380308.5476995079
122318,380308.5476995079
122321,380308.5476995079
122322,380308.5476995079
122323,380308.5476995079
122330,380308.5476995079
122331,380308.5476995079
122332,380308.5476995079
122333,380308.5476995079
122337,380308.5476995079
122340,380308.5476995079
122347,380308.5476995079
122350,380308.5476995079
122351,380308.5476995079
122362,380308.5476995079
122370,380308.5476995079
122371,380308.5476995079
122373,380308.5476995079
122377,380308.5476995079
122382,380308.5476995079
122398,380308.5476995079
122404,380308.5476995079
122405,380308.5476995079
122410,380308.5476995079
122411,380308.5476995079
122412,380308.5476995079
122434,380308.5476995079
122442,380308.5476995079
122454,380308.5476995079
122458,380308.5476995079
122459,380308.5476995079
122467,380308.5476995079
122472,380308.5476995079
122474,380308.5476995079
122475,380308.5476995079
122500,380308.5476995079
122559,380308.5476995079
122560,380308.5476995079
122561,380308.5476995079
122586,380308.5476995079
122599,380308.5476995079
122602,380308.5476995079
122614,380308.5476995079
122616,380308.5476995079
122622,380308.5476995079
122637,380308.5476995079
122644,380308.5476995079
122647,380308.5476995079
122665,380308.5476995079
122667,380308.5476995079
122669,380308.5476995079
122687,380308.5476995079
122695,380308.5476995079
122699,380308.5476995079
122701,380308.5476995079
122703,380308.5476995079
122744,380308.5476995079
122752,380308.5476995079
122762,380308.5476995079
122768,380308.5476995079
122783,380308.5476995079
122784,380308.5476995079
122787,380308.5476995079
122788,380308.5476995079
122792,380308.5476995079
122881,380308.5476995079
122882,380308.5476995079
122900,375028.5983351547
122901,375028.5983351547
122902,375028.5983351547
122903,375028.5983351547
122904,375028.5983351547
122909,375028.5983351547
122927,377853.03695890756
122928,377853.03695890756
122929,377853.03695890756
122932,377853.03695890756
122934,377853.03695890756
122935,377853.03695890756
122947,377853.03695890756
122969,377853.03695890756
122987,377853.03695890756
123070,377853.03695890756
123079,377853.03695890756
123083,377853.03695890756
123092,375028.5983351547
123093,375028.5983351547
123094,375028.5983351547
123095,375028.5983351547
123129,375028.5983351547
123153,375028.5983351547
123165,374546.58862943575
123176,375028.5983351547
123196,375028.5983351547
123248,374546.58862943575
123310,377853.03695890756
123311,377853.03695890756
123312,377853.03695890756
123323,377853.03695890756
123325,377853.03695890756
123326,377853.03695890756
123327,377853.03695890756
123328,377853.03695890756
123331,377853.03695890756
123335,377853.03695890756
123338,377853.03695890756
123400,374546.58862943575
123480,377853.03695890756
123558,374546.58862943575
123572,377853.03695890756
123576,374546.58862943575
123579,377853.03695890756
123580,377853.03695890756
123588,374546.58862943575
123592,374546.58862943575
123595,377853.03695890756
123605,377853.03695890756
123612,377853.03695890756
123620,375028.5983351547
123623,375028.5983351547
123624,375028.5983351547
123657,374546.58862943575
123658,374546.58862943575
123686,375028.5983351547
123734,377853.03695890756
123749,374546.58862943575
123759,374546.58862943575
123760,375028.5983351547
123767,377853.03695890756
123768,377853.03695890756
123808,377853.03695890756
123815,375028.5983351547
123825,377853.03695890756
123835,377853.03695890756
123868,377853.03695890756
123869,377853.03695890756
123870,377853.03695890756
123874,377853.03695890756
123877,377853.03695890756
123892,377853.03695890756
123898,374546.58862943575
123900,375028.5983351547
123903,377853.03695890756
123905,377853.03695890756
124032,377853.03695890756
124034,374546.58862943575
124036,377853.03695890756
124038,377853.03695890756
124039,377853.03695890756
124044,377853.03695890756
124059,377853.03695890756
124070,375028.5983351547
124071,375028.5983351547
124072,375028.5983351547
124073,375028.5983351547
124074,375028.5983351547
124094,374546.58862943575
124096,377853.03695890756
124109,377853.03695890756
124118,377853.03695890756
124125,377853.03695890756
124138,377853.03695890756
124178,377853.03695890756
124187,375028.5983351547
124197,377853.03695890756
124213,375028.5983351547
124214,377853.03695890756
124228,375028.5983351547
124263,374546.58862943575
124339,377853.03695890756
124357,377853.03695890756
124364,375028.5983351547
124380,377853.03695890756
124392,377853.03695890756
124494,374546.58862943575
124500,377853.03695890756
124536,377853.03695890756
124537,377853.03695890756
124540,377853.03695890756
124548,377853.03695890756
124597,377853.03695890756
124642,377853.03695890756
124646,375028.5983351547
124648,375028.5983351547
124662,377853.03695890756
124688,388052.59307600424
124693,388052.59307600424
124707,388052.59307600424
124714,388052.59307600424
124716,388052.59307600424
124731,388052.59307600424
124737,388052.59307600424
124747,388052.59307600424
124759,388052.59307600424
124777,362929.38074259565
124787,388052.59307600424
124796,388052.59307600424
124799,388052.59307600424
124813,388052.59307600424
124819,388052.59307600424
124894,388052.59307600424
124915,388052.59307600424
124962,388052.59307600424
124978,388052.59307600424
124993,388052.59307600424
125005,362929.38074259565
125014,388052.59307600424
125016,388052.59307600424
125020,388052.59307600424
125023,388052.59307600424
125027,388052.59307600424
125044,388052.59307600424
125045,388052.59307600424
125046,388052.59307600424
125050,388052.59307600424
125072,388052.59307600424
125073,388052.59307600424
125086,388052.59307600424
125100,388052.59307600424
125117,388052.59307600424
125118,388052.59307600424
125120,388052.59307600424
125125,388052.59307600424
125130,388052.59307600424
125134,388052.59307600424
125136,388052.59307600424
125141,388052.59307600424
125188,388052.59307600424
125200,388052.59307600424
125203,388052.59307600424
125204,388052.59307600424
125275,388052.59307600424
125291,388052.59307600424
125317,388052.59307600424
125332,388052.59307600424
125345,388052.59307600424
125351,388052.59307600424
125357,388052.59307600424
125359,388052.59307600424
125375,388052.59307600424
125380,388052.59307600424
125404,388052.59307600424
125406,388052.59307600424
125422,388052.59307600424
125431,388052.59307600424
125433,388052.59307600424
125434,388052.59307600424
125435,388052.59307600424
125444,388052.59307600424
125466,388052.59307600424
125506,388052.59307600424
125546,388052.59307600424
125554,388052.59307600424
125568,388052.59307600424
125569,388052.59307600424
125573,388052.59307600424
125579,388052.59307600424
125581,388052.59307600424
125583,388052.59307600424
125587,388052.59307600424
125596,388052.59307600424
125618,377216.4347621803
125621,388052.59307600424
125632,388052.59307600424
125639,388052.59307600424
125642,388052.59307600424
125645,388052.59307600424
125694,388052.59307600424
125695,388052.59307600424
125696,388052.59307600424
125714,388052.59307600424
125716,388052.59307600424
125727,388052.59307600424
125734,388052.59307600424
125736,388052.59307600424
125739,388052.59307600424
125744,388052.59307600424
125756,388052.59307600424
125764,388052.59307600424
125766,388052.59307600424
125776,388052.59307600424
125777,388052.59307600424
125783,388052.59307600424
125784,388052.59307600424
125791,388052.59307600424
125822,388052.59307600424
125824,388052.59307600424
125828,388052.59307600424
125829,388052.59307600424
125841,388052.59307600424
309591,388052.59307600424
309611,388052.59307600424
309613,388052.59307600424
309658,371964.23456222226
309661,406738.3387410648
309667,388052.59307600424
309669,388052.59307600424
309678,388052.59307600424
309692,388052.59307600424
309700,380308.5476995079
309707,391234.91954026726
309714,388052.59307600424
309731,388052.59307600424
309734,380308.5476995079
309735,388052.59307600424
309770,374484.0116490136
309817,394521.15845717513
309819,380308.5476995079
320845,394521.15845717513
320872,384455.37856962497
320929,394521.15845717513
320931,394521.15845717513
320932,394521.15845717513
320937,394521.15845717513
320938,394521.15845717513
320940,384455.37856962497
320948,384455.37856962497
320950,384455.37856962497
320954,394521.15845717513
320969,394521.15845717513
320974,394521.15845717513
320998,394521.15845717513
321002,394521.15845717513
321004,384455.37856962497
321023,394521.15845717513
321055,394521.15845717513
321067,394521.15845717513
321080,377216.4347621803
321083,394521.15845717513
321122,394521.15845717513
321127,394521.15845717513
321128,394521.15845717513
321229,384455.37856962497
321231,384455.37856962497
321249,384455.37856962497
321250,384455.37856962497
321258,394521.15845717513
321259,384455.37856962497
321260,394521.15845717513
321262,394521.15845717513
321270,394521.15845717513
321272,394521.15845717513
321278,394521.15845717513
321286,394521.15845717513
321288,394521.15845717513
321289,394521.15845717513
321307,394521.15845717513
321311,394521.15845717513
321316,394521.15845717513
321317,394521.15845717513
321318,394521.15845717513
321319,394521.15845717513
321321,394521.15845717513
321322,394521.15845717513
321323,394521.15845717513
321324,394521.15845717513
321340,394521.15845717513
321346,394521.15845717513
321352,384455.37856962497
321392,394521.15845717513
321393,384455.37856962497
321399,394521.15845717513
321407,394521.15845717513
321428,394521.15845717513
321429,384455.37856962497
321431,384455.37856962497
321455,394521.15845717513
321463,394521.15845717513
321480,385798.2149822407
321540,384455.37856962497
321551,394521.15845717513
321559,394521.15845717513
321561,394521.15845717513
321567,377216.4347621803
321568,394521.15845717513
321570,394521.15845717513
321573,394521.15845717513
321574,394521.15845717513
321575,384455.37856962497
321577,394521.15845717513
321581,394521.15845717513
321582,394521.15845717513
321583,394521.15845717513
321595,377216.4347621803
321616,384455.37856962497
321656,394521.15845717513
321674,394521.15845717513
321677,394521.15845717513
321730,394521.15845717513
321734,394521.15845717513
321736,394521.15845717513
321737,394521.15845717513
321739,394521.15845717513
321747,394521.15845717513
321749,394521.15845717513
321757,394521.15845717513
321758,394521.15845717513
321762,394521.15845717513
321817,394521.15845717513
321831,384455.37856962497
321834,384455.37856962497
321874,384455.37856962497
321877,394521.15845717513
321883,394521.15845717513
321903,394521.15845717513
321918,384455.37856962497
321940,394521.15845717513
321942,394521.15845717513
321949,374255.8224525282
321950,374906.4581414977
321960,376870.58795107604
321961,376870.58795107604
321965,376870.58795107604
321975,384455.37856962497
321980,374906.4581414977
321989,376870.58795107604
321990,382491.2487600466
322003,372291.6926429498
322025,384455.37856962497
322027,384455.37856962497
322029,376870.58795107604
322038,382491.2487600466
322041,382491.2487600466
322042,374906.4581414977
322045,384455.37856962497
322046,384455.37856962497
322092,384455.37856962497
322107,374906.4581414977
322110,374906.4581414977
322111,384455.37856962497
322112,384455.37856962497
322114,384455.37856962497
322115,384455.37856962497
322116,374906.4581414977
322119,384455.37856962497
322121,382491.2487600466
322132,384455.37856962497
322133,384455.37856962497
322144,382491.2487600466
322156,382491.2487600466
322181,372291.6926429498
322197,374906.4581414977
322220,382491.2487600466
322244,376870.58795107604
322256,376870.58795107604
322271,384455.37856962497
322281,372291.6926429498
322300,376870.58795107604
322304,384455.37856962497
322310,372291.6926429498
322330,376870.58795107604
322332,376870.58795107604
322335,384455.37856962497
322339,915879.9425618558
322360,382491.2487600466
322362,376870.58795107604
322436,382491.2487600466
322445,382491.2487600466
322476,382491.2487600466
322494,372291.6926429498
322500,384455.37856962497
322501,384455.37856962497
322505,384455.37856962497
322517,384455.37856962497
322518,382491.2487600466
322526,382491.2487600466
322527,384455.37856962497
322531,913915.8127522774
322533,382491.2487600466
322534,382491.2487600466
322536,382491.2487600466
322548,376870.58795107604
322553,376870.58795107604
322579,382491.2487600466
322583,382491.2487600466
322591,382491.2487600466
322610,374906.4581414977
322620,384455.37856962497
322630,376870.58795107604
322645,384455.37856962497
322651,374906.4581414977
322653,382491.2487600466
322671,384455.37856962497
322695,384455.37856962497
322712,374906.4581414977
322715,372291.6926429498
322732,376870.58795107604
322741,376870.58795107604
322744,382491.2487600466
322757,384455.37856962497
322769,374906.4581414977
322786,915879.9425618558
322789,384455.37856962497
322800,372291.6926429498
322807,374255.8224525282
322808,384455.37856962497
322810,382491.2487600466
322816,913915.8127522774
322833,384455.37856962497
322871,384455.37856962497
322980,384455.37856962497
322981,915879.9425618558
322983,384455.37856962497
322984,384455.37856962497
322985,384455.37856962497
322986,384455.37856962497
322987,384455.37856962497
322990,384455.37856962497
323000,376870.58795107604
323002,384455.37856962497
323011,384455.37856962497
323013,382491.2487600466
323017,382491.2487600466
323032,376870.58795107604
323066,384455.37856962497
323069,382491.2487600466
323077,382491.2487600466
323085,374906.4581414977
323088,384455.37856962497
323101,382491.2487600466
323102,374906.4581414977
323122,374906.4581414977
323169,372291.6926429498
323189,384455.37856962497
323192,372291.6926429498
323194,376870.58795107604
323197,384455.37856962497
323198,376870.58795107604
323233,382491.2487600466
323254,384455.37856962497
323308,913915.8127522774
323310,384455.37856962497
323318,376870.58795107604
323325,374906.4581414977
323330,382491.2487600466
323339,384455.37856962497
323342,382491.2487600466
323349,915879.9425618558
323382,372291.6926429498
323396,382491.2487600466
323403,374906.4581414977
323412,382491.2487600466
323413,376870.58795107604
323421,382491.2487600466
323425,372291.6926429498
323433,382491.2487600466
323434,372291.6926429498
323446,376870.58795107604
323459,384455.37856962497
323487,376870.58795107604
323518,382491.2487600466
323536,376870.58795107604
323549,374906.4581414977
323552,376870.58795107604
323608,376870.58795107604
323617,384455.37856962497
323622,382491.2487600466
323629,382491.2487600466
323656,384455.37856962497
323664,372291.6926429498
323668,382491.2487600466
323678,384455.37856962497
323703,915879.9425618558
323710,374906.4581414977
323722,374906.4581414977
323723,382491.2487600466
323780,394521.15845717513
323792,384455.37856962497
323831,384455.37856962497
323894,384455.37856962497
323911,384455.37856962497
323917,384455.37856962497
323926,394521.15845717513
323944,384455.37856962497
324001,394521.15845717513
324006,384455.37856962497
324023,394521.15845717513
324032,384455.37856962497
324058,384455.37856962497
324078,384455.37856962497
324079,384455.37856962497
324118,384455.37856962497
324146,384455.37856962497
324152,384455.37856962497
324158,377631.20522053796
324160,377631.20522053796
324236,377631.20522053796
324287,377631.20522053796
324306,377631.20522053796
324371,382491.2487600466
324381,377631.20522053796
324395,382491.2487600466
324415,382491.2487600466
324417,382491.2487600466
324418,382491.2487600466
324454,377631.20522053796
324455,377631.20522053796
324497,382491.2487600466
324557,377631.20522053796
324596,377631.20522053796
324605,382491.2487600466
324608,377631.20522053796
324616,382491.2487600466
324628,377631.20522053796
324634,377631.20522053796
324666,377631.20522053796
324716,382491.2487600466
324721,382491.2487600466
324723,382491.2487600466
324784,377631.20522053796
324797,377631.20522053796
324814,382491.2487600466
324819,377631.20522053796
324846,382491.2487600466
324904,382491.2487600466
324941,377631.20522053796
325010,382491.2487600466
325044,382491.2487600466
325045,382491.2487600466
695288,384321.6023400785
695340,374255.8224525282
695354,372291.6926429498
695495,379652.54837696155
695510,372291.6926429498
695519,374484.0116490136
695520,374484.0116490136
695565,377853.03695890756
695596,384321.6023400785
695610,384321.6023400785
695611,384321.6023400785
695614,384321.6023400785
695615,384321.6023400785
695631,374255.8224525282
695794,919477.1570682351
695813,380308.5476995079
695828,388052.59307600424
695877,388052.59307600424
696061,380308.5476995079
696119,380308.5476995079
696129,448465.7506664972
696183,380308.5476995079
696223,374484.0116490136
696268,384321.6023400785
696269,384321.6023400785
696272,384321.6023400785
696273,384321.6023400785
696329,367016.87864508363
696334,367016.87864508363
696336,384321.6023400785
696337,384321.6023400785
696338,384321.6023400785
696339,384321.6023400785
696340,384321.6023400785
696352,352729.82462549896
696357,352729.82462549896
696508,377161.3541279836
696512,377161.3541279836
696609,380308.5476995079
696610,380308.5476995079
696645,374546.58862943575
712644,305578.25890164595
712653,305578.25890164595
712676,305578.25890164595
712685,305578.25890164595
712690,305578.25890164595
712692,305578.25890164595
712748,305578.25890164595
712750,305578.25890164595
712751,305578.25890164595
712768,305578.25890164595
712776,305578.25890164595
712780,305578.25890164595
712788,305578.25890164595
712794,305578.25890164595
712816,305578.25890164595
712817,305578.25890164595
712818,305578.25890164595
712823,305578.25890164595
712835,305578.25890164595
712852,305578.25890164595
712858,305578.25890164595
712871,305578.25890164595
712880,305578.25890164595
712881,305578.25890164595
712890,305578.25890164595
712901,305578.25890164595
712917,305578.25890164595
712999,305578.25890164595
713027,305578.25890164595
713050,305578.25890164595
713084,305578.25890164595
713098,305578.25890164595
713109,305578.25890164595
713127,305578.25890164595
713151,305578.25890164595
713157,305578.25890164595
713159,305578.25890164595
713160,305578.25890164595
713169,305578.25890164595
713182,305578.25890164595
713190,305578.25890164595
713192,305578.25890164595
713197,305578.25890164595
713213,305578.25890164595
713216,305578.25890164595
713247,305578.25890164595
713251,305578.25890164595
713264,305578.25890164595
713309,305578.25890164595
713319,305578.25890164595
713341,305578.25890164595
713350,305578.25890164595
713375,305578.25890164595
713391,305578.25890164595
713394,305578.25890164595
713420,305578.25890164595
713421,305578.25890164595
713429,305578.25890164595
713432,305578.25890164595
713434,305578.25890164595
713437,305578.25890164595
713469,305578.25890164595
713476,305578.25890164595
713477,305578.25890164595
713501,305578.25890164595
713507,305578.25890164595
713536,305578.25890164595
713544,305578.25890164595
713560,305578.25890164595
713580,305578.25890164595
713651,305578.25890164595
713656,305578.25890164595
713740,305578.25890164595
713800,305578.25890164595
713801,305578.25890164595
713806,305578.25890164595
713820,305578.25890164595
713823,305578.25890164595
713847,305578.25890164595
713864,305578.25890164595
713866,305578.25890164595
713868,305578.25890164595
713878,305578.25890164595
713881,305578.25890164595
713897,305578.25890164595
713934,305578.25890164595
713939,305578.25890164595
713950,305578.25890164595
713991,305578.25890164595
713993,305578.25890164595
714003,305578.25890164595
714017,305578.25890164595
714021,305578.25890164595
714026,305578.25890164595
714064,305578.25890164595
714174,305578.25890164595
714196,305578.25890164595
714262,305578.25890164595
714353,305578.25890164595
714369,305578.25890164595
714374,305578.25890164595
714385,305578.25890164595
714393,305578.25890164595
714398,305578.25890164595
714412,305578.25890164595
714415,305578.25890164595
714417,305578.25890164595
714430,305578.25890164595
714507,305578.25890164595
714555,305578.25890164595
714586,305578.25890164595
714587,305578.25890164595
714609,305578.25890164595
714636,305578.25890164595
714676,305578.25890164595
714689,305578.25890164595
714713,305578.25890164595
714721,305578.25890164595
714725,305578.25890164595
714774,305578.25890164595
714784,305578.25890164595
714821,305578.25890164595
714833,305578.25890164595
714858,305578.25890164595
714864,305578.25890164595
714871,305578.25890164595
714874,305578.25890164595
714890,305578.25890164595
714911,305578.25890164595
714930,305578.25890164595
714957,305578.25890164595
714970,305578.25890164595
715017,305578.25890164595
715034,305578.25890164595
715036,305578.25890164595
715051,305578.25890164595
715078,305578.25890164595
715080,305578.25890164595
715127,305578.25890164595
715142,305578.25890164595
715176,305578.25890164595
715189,305578.25890164595
715195,305578.25890164595
715196,305578.25890164595
715264,305578.25890164595
715291,305578.25890164595
715295,305578.25890164595
715297,305578.25890164595
715305,305578.25890164595
715309,305578.25890164595
715319,305578.25890164595
715321,305578.25890164595
715381,305578.25890164595
715383,305578.25890164595
715402,305578.25890164595
715413,305578.25890164595
715440,305578.25890164595
715490,305578.25890164595
715496,305578.25890164595
715529,305578.25890164595
715546,305578.25890164595
715580,305578.25890164595
715584,305578.25890164595
715594,305578.25890164595
715611,305578.25890164595
715628,305578.25890164595
715643,305578.25890164595
715645,305578.25890164595
715666,305578.25890164595
715669,305578.25890164595
715756,305578.25890164595
715761,305578.25890164595
715771,305578.25890164595
715775,305578.25890164595
715779,305578.25890164595
715783,305578.25890164595
715789,305578.25890164595
715799,305578.25890164595
715801,305578.25890164595
715802,305578.25890164595
715816,305578.25890164595
715819,305578.25890164595
715854,305578.25890164595
715885,305578.25890164595
715904,305578.25890164595
715909,305578.25890164595
715926,305578.25890164595
715960,305578.25890164595
715975,305578.25890164595
715987,305578.25890164595
715991,305578.25890164595
716004,305578.25890164595
716016,305578.25890164595
716034,305578.25890164595
716036,305578.25890164595
716062,305578.25890164595
716088,305578.25890164595
716090,305578.25890164595
716098,305578.25890164595
716112,305578.25890164595
716122,305578.25890164595
716135,305578.25890164595
716165,305578.25890164595
716198,305578.25890164595
716225,305578.25890164595
716229,305578.25890164595
716230,305578.25890164595
716233,305578.25890164595
716243,305578.25890164595
716251,305578.25890164595
716252,305578.25890164595
716270,305578.25890164595
716289,305578.25890164595
716355,305578.25890164595
716367,305578.25890164595
716371,305578.25890164595
716379,305578.25890164595
716381,305578.25890164595
716388,305578.25890164595
716430,305578.25890164595
716437,305578.25890164595
716439,305578.25890164595
716453,305578.25890164595
716459,305578.25890164595
716475,305578.25890164595
716495,305578.25890164595
716516,305578.25890164595
716564,305578.25890164595
716566,305578.25890164595
716646,305578.25890164595
716652,305578.25890164595
716677,305578.25890164595
716680,305578.25890164595
716696,305578.25890164595
716716,305578.25890164595
716750,305578.25890164595
716759,305578.25890164595
716761,305578.25890164595
716822,305578.25890164595
716839,305578.25890164595
716905,305578.25890164595
716942,305578.25890164595
716964,305578.25890164595
717008,305578.25890164595
717022,305578.25890164595
717046,305578.25890164595
717110,305578.25890164595
717123,305578.25890164595
717146,305578.25890164595
717179,305578.25890164595
717184,305578.25890164595
717187,305578.25890164595
717188,305578.25890164595
717189,305578.25890164595
717195,305578.25890164595
717197,305578.25890164595
717227,305578.25890164595
717270,305578.25890164595
717303,305578.25890164595
717333,305578.25890164595
717335,305578.25890164595
717342,305578.25890164595
717358,305578.25890164595
717374,305578.25890164595
717386,305578.25890164595
717417,305578.25890164595
717491,305578.25890164595
717502,305578.25890164595
717549,305578.25890164595
717570,305578.25890164595
717574,305578.25890164595
717602,305578.25890164595
717626,305578.25890164595
717630,305578.25890164595
717635,305578.25890164595
717641,305578.25890164595
717648,305578.25890164595
717652,305578.25890164595
717689,305578.25890164595
717727,305578.25890164595
717783,305578.25890164595
717808,305578.25890164595
717824,305578.25890164595
717869,305578.25890164595
717986,305578.25890164595
717995,305578.25890164595
717997,305578.25890164595
717999,305578.25890164595
718069,305578.25890164595
718109,305578.25890164595
718113,305578.25890164595
718134,305578.25890164595
718135,305578.25890164595
718144,305578.25890164595
718171,305578.25890164595
718212,305578.25890164595
718229,305578.25890164595
718242,305578.25890164595
718310,305578.25890164595
718329,305578.25890164595
718331,305578.25890164595
718349,305578.25890164595
718436,305578.25890164595
718506,305578.25890164595
718581,305578.25890164595
718620,305578.25890164595
718648,305578.25890164595
718653,305578.25890164595
718675,305578.25890164595
718683,305578.25890164595
718696,305578.25890164595
718697,305578.25890164595
718773,305578.25890164595
718786,305578.25890164595
718806,305578.25890164595
718811,305578.25890164595
718812,305578.25890164595
718841,305578.25890164595
718869,305578.25890164595
718891,305578.25890164595
718902,305578.25890164595
718919,305578.25890164595
718930,305578.25890164595
718970,305578.25890164595
719018,305578.25890164595
719060,305578.25890164595
719062,305578.25890164595
719065,305578.25890164595
719076,305578.25890164595
719091,305578.25890164595
719120,305578.25890164595
719146,305578.25890164595
719186,305578.25890164595
719188,305578.25890164595
719197,305578.25890164595
719201,305578.25890164595
719203,305578.25890164595
719208,305578.25890164595
719210,305578.25890164595
719216,305578.25890164595
719224,305578.25890164595
719246,305578.25890164595
719258,305578.25890164595
719300,305578.25890164595
719334,305578.25890164595
719360,305578.25890164595
719377,305578.25890164595
719415,305578.25890164595
719424,305578.25890164595
719429,305578.25890164595
719445,305578.25890164595
719446,305578.25890164595
719469,305578.25890164595
719503,305578.25890164595
719537,305578.25890164595
719593,305578.25890164595
719616,305578.25890164595
719642,305578.25890164595
719655,305578.25890164595
719693,305578.25890164595
719720,305578.25890164595
719747,305578.25890164595
719748,305578.25890164595
719754,305578.25890164595
719784,305578.25890164595
719794,305578.25890164595
719802,305578.25890164595
719806,305578.25890164595
719810,305578.25890164595
719812,305578.25890164595
719828,305578.25890164595
719833,305578.25890164595
719882,305578.25890164595
719895,305578.25890164595
719909,305578.25890164595
719971,305578.25890164595
720043,305578.25890164595
720108,305578.25890164595
720119,305578.25890164595
720163,305578.25890164595
720166,305578.25890164595
720188,305578.25890164595
720194,305578.25890164595
720274,305578.25890164595
720292,305578.25890164595
720296,305578.25890164595
720304,305578.25890164595
720323,305578.25890164595
720342,305578.25890164595
720348,305578.25890164595
720379,305578.25890164595
720386,305578.25890164595
720388,305578.25890164595
720393,305578.25890164595
720398,305578.25890164595
720403,305578.25890164595
720409,305578.25890164595
720440,305578.25890164595
720450,305578.25890164595
720481,305578.25890164595
720530,305578.25890164595
720534,305578.25890164595
720549,305578.25890164595
720550,305578.25890164595
720609,305578.25890164595
720629,305578.25890164595
720646,305578.25890164595
720649,305578.25890164595
720659,305578.25890164595
720745,305578.25890164595
720753,305578.25890164595
720789,305578.25890164595
720879,305578.25890164595
720899,305578.25890164595
720909,305578.25890164595
720925,305578.25890164595
720932,305578.25890164595
720950,305578.25890164595
720956,305578.25890164595
720964,305578.25890164595
720970,305578.25890164595
720997,305578.25890164595
721019,305578.25890164595
721074,305578.25890164595
721104,305578.25890164595
721128,305578.25890164595
721132,305578.25890164595
721135,305578.25890164595
721138,305578.25890164595
721169,305578.25890164595
721241,305578.25890164595
721303,305578.25890164595
721327,305578.25890164595
721355,305578.25890164595
721380,305578.25890164595
721384,305578.25890164595
721403,305578.25890164595
721426,305578.25890164595
721462,305578.25890164595
721473,305578.25890164595
721548,305578.25890164595
721568,305578.25890164595
721574,305578.25890164595
721579,305578.25890164595
721598,305578.25890164595
721634,305578.25890164595
721647,305578.25890164595
721701,305578.25890164595
721727,305578.25890164595
721746,305578.25890164595
721751,305578.25890164595
721773,305578.25890164595
721806,305578.25890164595
721859,305578.25890164595
721869,305578.25890164595
721922,305578.25890164595
722035,305578.25890164595
722036,305578.25890164595
722125,305578.25890164595
722131,305578.25890164595
722173,305578.25890164595
722181,305578.25890164595
722212,305578.25890164595
722250,305578.25890164595
722257,305578.25890164595
722262,305578.25890164595
722278,305578.25890164595
722288,305578.25890164595
722289,305578.25890164595
722312,305578.25890164595
722332,305578.25890164595
722333,305578.25890164595
722344,305578.25890164595
722356,305578.25890164595
722360,305578.25890164595
722388,305578.25890164595
722430,305578.25890164595
722458,305578.25890164595
722486,305578.25890164595
722515,305578.25890164595
722557,305578.25890164595
722582,305578.25890164595
722592,305578.25890164595
722603,305578.25890164595
722611,305578.25890164595
722612,305578.25890164595
722613,305578.25890164595
722617,305578.25890164595
722639,305578.25890164595
722669,305578.25890164595
722794,305578.25890164595
722805,305578.25890164595
722979,305578.25890164595
722991,305578.25890164595
722996,305578.25890164595
723017,305578.25890164595
723054,305578.25890164595
723133,305578.25890164595
723238,305578.25890164595
723261,305578.25890164595
723269,305578.25890164595
723341,305578.25890164595
723364,305578.25890164595
723370,305578.25890164595
723418,305578.25890164595
723439,305578.25890164595
723497,305578.25890164595
723503,305578.25890164595
723527,305578.25890164595
723559,305578.25890164595
723569,305578.25890164595
723575,305578.25890164595
723590,305578.25890164595
723636,305578.25890164595
723646,305578.25890164595
723662,305578.25890164595
723694,305578.25890164595
723703,305578.25890164595
723705,305578.25890164595
723726,305578.25890164595
723746,305578.25890164595
723756,305578.25890164595
723769,305578.25890164595
723775,305578.25890164595
723789,305578.25890164595
723793,305578.25890164595
723826,305578.25890164595
723846,305578.25890164595
723856,305578.25890164595
723936,305578.25890164595
723944,305578.25890164595
723996,305578.25890164595
724017,305578.25890164595
724019,305578.25890164595
724048,305578.25890164595
724049,305578.25890164595
724059,305578.25890164595
724070,305578.25890164595
724209,305578.25890164595
724225,305578.25890164595
724230,305578.25890164595
724234,305578.25890164595
724247,305578.25890164595
724249,305578.25890164595
724273,305578.25890164595
724294,305578.25890164595
724309,305578.25890164595
724315,305578.25890164595
724343,305578.25890164595
724348,305578.25890164595
724352,305578.25890164595
724357,305578.25890164595
724385,305578.25890164595
724424,305578.25890164595
724532,305578.25890164595
724560,305578.25890164595
724606,305578.25890164595
724640,305578.25890164595
724671,305578.25890164595
724797,305578.25890164595
724820,305578.25890164595
724847,305578.25890164595
724947,305578.25890164595
724960,305578.25890164595
724977,305578.25890164595
724987,305578.25890164595
725073,305578.25890164595
725121,305578.25890164595
725177,305578.25890164595
725180,305578.25890164595
725186,305578.25890164595
725367,305578.25890164595
725435,305578.25890164595
725481,305578.25890164595
725560,305578.25890164595
725581,305578.25890164595
725620,305578.25890164595
725646,305578.25890164595
725648,305578.25890164595
725681,305578.25890164595
725683,305578.25890164595
725741,305578.25890164595
725753,305578.25890164595
725778,305578.25890164595
725811,305578.25890164595
725875,305578.25890164595
725997,305578.25890164595
726011,305578.25890164595
726050,305578.25890164595
726064,305578.25890164595
726121,305578.25890164595
726144,305578.25890164595
726145,305578.25890164595
726174,305578.25890164595
726332,305578.25890164595
726351,305578.25890164595
726359,305578.25890164595
726443,305578.25890164595
726459,305578.25890164595
726460,305578.25890164595
726461,305578.25890164595
726470,305578.25890164595
726488,305578.25890164595
726491,305578.25890164595
726518,305578.25890164595
726642,305578.25890164595
726643,305578.25890164595
726678,305578.25890164595
726698,305578.25890164595
726797,305578.25890164595
726850,305578.25890164595
726887,305578.25890164595
726898,305578.25890164595
726904,305578.25890164595
726915,305578.25890164595
726976,305578.25890164595
727014,305578.25890164595
727021,305578.25890164595
727064,305578.25890164595
727101,305578.25890164595
727114,305578.25890164595
727129,305578.25890164595
727142,305578.25890164595
727160,305578.25890164595
727168,305578.25890164595
727178,305578.25890164595
727188,305578.25890164595
727198,305578.25890164595
727202,305578.25890164595
727275,305578.25890164595
727322,305578.25890164595
727334,305578.25890164595
727345,305578.25890164595
727359,305578.25890164595
727364,305578.25890164595
727433,305578.25890164595
727438,305578.25890164595
727490,305578.25890164595
727503,305578.25890164595
727540,305578.25890164595
727542,305578.25890164595
727585,305578.25890164595
727593,305578.25890164595
727615,305578.25890164595
727627,305578.25890164595
727655,305578.25890164595
727691,305578.25890164595
727694,305578.25890164595
727811,305578.25890164595
727895,305578.25890164595
728058,305578.25890164595
728078,305578.25890164595
728243,305578.25890164595
728309,305578.25890164595
728352,305578.25890164595
728363,305578.25890164595
728364,305578.25890164595
728431,305578.25890164595
728500,305578.25890164595
728503,305578.25890164595
728529,305578.25890164595
728582,305578.25890164595
728586,305578.25890164595
728694,305578.25890164595
728709,305578.25890164595
728713,305578.25890164595
728796,305578.25890164595
728798,305578.25890164595
728926,305578.25890164595
728950,305578.25890164595
728966,305578.25890164595
728985,305578.25890164595
729017,305578.25890164595
729075,305578.25890164595
729111,305578.25890164595
729119,305578.25890164595
729136,305578.25890164595
729148,305578.25890164595
729174,305578.25890164595
729177,305578.25890164595
729181,305578.25890164595
729203,305578.25890164595
729210,305578.25890164595
729226,305578.25890164595
729265,305578.25890164595
729341,305578.25890164595
729380,305578.25890164595
729400,305578.25890164595
729445,305578.25890164595
729455,305578.25890164595
729464,305578.25890164595
729510,305578.25890164595
729514,305578.25890164595
729528,305578.25890164595
729536,305578.25890164595
729540,305578.25890164595
729554,305578.25890164595
729607,305578.25890164595
729608,305578.25890164595
729625,305578.25890164595
729641,305578.25890164595
729644,305578.25890164595
729663,305578.25890164595
729721,305578.25890164595
729768,305578.25890164595
729773,305578.25890164595
729782,305578.25890164595
729789,305578.25890164595
729812,305578.25890164595
729831,305578.25890164595
729845,305578.25890164595
729990,305578.25890164595
730059,305578.25890164595
730106,305578.25890164595
730114,305578.25890164595
730131,305578.25890164595
730151,305578.25890164595
730265,305578.25890164595
730294,305578.25890164595
730332,305578.25890164595
730363,305578.25890164595
730414,305578.25890164595
730524,305578.25890164595
730596,305578.25890164595
730640,305578.25890164595
730686,305578.25890164595
730881,305578.25890164595
730894,305578.25890164595
730939,305578.25890164595
731035,305578.25890164595
731059,305578.25890164595
731100,305578.25890164595
731187,305578.25890164595
731206,305578.25890164595
731217,305578.25890164595
731226,305578.25890164595
731245,305578.25890164595
731327,305578.25890164595
731364,305578.25890164595
731419,305578.25890164595
731420,305578.25890164595
731429,305578.25890164595
731450,305578.25890164595
731474,305578.25890164595
731507,305578.25890164595
731508,305578.25890164595
731588,305578.25890164595
731696,305578.25890164595
731757,305578.25890164595
731801,305578.25890164595
731833,305578.25890164595
731851,305578.25890164595
731874,305578.25890164595
732027,305578.25890164595
732100,305578.25890164595
732211,305578.25890164595
732262,305578.25890164595
732403,305578.25890164595
732408,305578.25890164595
732440,305578.25890164595
732456,305578.25890164595
732495,305578.25890164595
732512,305578.25890164595
732513,305578.25890164595
732518,305578.25890164595
732657,305578.25890164595
732818,305578.25890164595
732911,305578.25890164595
732929,305578.25890164595
732954,305578.25890164595
732965,305578.25890164595
732970,305578.25890164595
732998,305578.25890164595
733071,305578.25890164595
733086,305578.25890164595
733135,305578.25890164595
733209,305578.25890164595
733485,305578.25890164595
733560,305578.25890164595
733655,305578.25890164595
733708,305578.25890164595
733722,305578.25890164595
733753,305578.25890164595
733774,305578.25890164595
733855,305578.25890164595
733856,305578.25890164595
733903,305578.25890164595
733907,305578.25890164595
733919,305578.25890164595
734011,305578.25890164595
734023,305578.25890164595
734094,305578.25890164595
734149,305578.25890164595
734159,305578.25890164595
734160,305578.25890164595
734181,305578.25890164595
734275,305578.25890164595
734658,305578.25890164595
734708,305578.25890164595
734725,305578.25890164595
734836,305578.25890164595
735000,305578.25890164595
735007,305578.25890164595
735055,305578.25890164595
735124,305578.25890164595
735158,305578.25890164595
735189,305578.25890164595
735216,305578.25890164595
735230,305578.25890164595
735232,305578.25890164595
735250,305578.25890164595
735298,305578.25890164595
735355,305578.25890164595
735484,305578.25890164595
735490,305578.25890164595
735491,305578.25890164595
735493,305578.25890164595
735505,305578.25890164595
735533,305578.25890164595
735555,305578.25890164595
735561,305578.25890164595
735562,305578.25890164595
735614,305578.25890164595
735627,305578.25890164595
735634,305578.25890164595
735698,305578.25890164595
735797,305578.25890164595
735802,305578.25890164595
735891,305578.25890164595
735983,305578.25890164595
736002,305578.25890164595
736030,305578.25890164595
736051,305578.25890164595
736089,305578.25890164595
736143,305578.25890164595
736169,305578.25890164595
736175,305578.25890164595
736225,305578.25890164595
736311,305578.25890164595
736320,305578.25890164595
736337,305578.25890164595
736397,305578.25890164595
736443,305578.25890164595
736489,305578.25890164595
736635,305578.25890164595
736651,305578.25890164595
736721,305578.25890164595
736740,305578.25890164595
736799,305578.25890164595
736983,305578.25890164595
737015,305578.25890164595
737075,305578.25890164595
737150,305578.25890164595
737209,305578.25890164595
737263,305578.25890164595
737285,305578.25890164595
737397,305578.25890164595
737458,305578.25890164595
737514,305578.25890164595
737665,305578.25890164595
737976,305578.25890164595
738028,305578.25890164595
738143,305578.25890164595
738160,305578.25890164595
738192,305578.25890164595
738314,305578.25890164595
738320,305578.25890164595
738381,305578.25890164595
738406,305578.25890164595
738433,305578.25890164595
738489,305578.25890164595
738491,305578.25890164595
738574,305578.25890164595
738723,305578.25890164595
738880,305578.25890164595
738920,305578.25890164595
739033,305578.25890164595
739042,305578.25890164595
739182,305578.25890164595
739254,305578.25890164595
739359,305578.25890164595
739360,305578.25890164595
739364,305578.25890164595
739430,305578.25890164595
739497,305578.25890164595
739563,305578.25890164595
739581,305578.25890164595
739670,305578.25890164595
739702,305578.25890164595
739717,305578.25890164595
739824,305578.25890164595
740070,305578.25890164595
740158,305578.25890164595
740377,305578.25890164595
740499,305578.25890164595
740572,305578.25890164595
740609,305578.25890164595
740798,305578.25890164595
740914,305578.25890164595
740915,305578.25890164595
740917,305578.25890164595
740932,305578.25890164595
740974,305578.25890164595
740993,305578.25890164595
740998,305578.25890164595
741000,305578.25890164595
741002,305578.25890164595
741008,305578.25890164595
741036,305578.25890164595
741047,305578.25890164595
741111,305578.25890164595
741171,305578.25890164595
741174,305578.25890164595
741203,305578.25890164595
741205,305578.25890164595
741232,305578.25890164595
741270,305578.25890164595
741294,305578.25890164595
741312,305578.25890164595
741313,305578.25890164595
741329,305578.25890164595
741401,305578.25890164595
741416,305578.25890164595
741433,305578.25890164595
741457,305578.25890164595
741533,305578.25890164595
741591,305578.25890164595
741682,305578.25890164595
741699,305578.25890164595
741808,305578.25890164595
741810,305578.25890164595
741811,305578.25890164595
741813,305578.25890164595
741824,305578.25890164595
741842,305578.25890164595
741844,305578.25890164595
741999,305578.25890164595
742049,305578.25890164595
742278,305578.25890164595
742444,305578.25890164595
742500,305578.25890164595
742512,305578.25890164595
742534,305578.25890164595
742552,305578.25890164595
742592,305578.25890164595
742595,305578.25890164595
742813,305578.25890164595
742839,305578.25890164595
743024,305578.25890164595
743072,305578.25890164595
743084,305578.25890164595
743131,305578.25890164595
743197,305578.25890164595
743226,305578.25890164595
743233,305578.25890164595
743243,305578.25890164595
743310,305578.25890164595
743424,305578.25890164595
743645,305578.25890164595
743678,305578.25890164595
743689,305578.25890164595
743736,305578.25890164595
743938,305578.25890164595
744009,305578.25890164595
744134,305578.25890164595
744142,305578.25890164595
744196,305578.25890164595
744806,305578.25890164595
744824,305578.25890164595
744870,305578.25890164595
744879,305578.25890164595
744924,305578.25890164595
745039,305578.25890164595
745099,305578.25890164595
745109,305578.25890164595
745286,305578.25890164595
745287,305578.25890164595
745364,305578.25890164595
745581,305578.25890164595
745614,305578.25890164595
745630,305578.25890164595
745696,305578.25890164595
745726,305578.25890164595
745763,305578.25890164595
745819,305578.25890164595
745898,305578.25890164595
745924,305578.25890164595
745960,305578.25890164595
746269,305578.25890164595
746297,305578.25890164595
746353,305578.25890164595
746361,305578.25890164595
746390,305578.25890164595
746450,305578.25890164595
746513,305578.25890164595
746565,305578.25890164595
746720,305578.25890164595
746732,305578.25890164595
746769,305578.25890164595
746790,305578.25890164595
746846,305578.25890164595
746847,305578.25890164595
746901,305578.25890164595
747013,305578.25890164595
747015,305578.25890164595
747085,305578.25890164595
747090,305578.25890164595
747139,305578.25890164595
747310,305578.25890164595
747474,305578.25890164595
747521,305578.25890164595
747537,305578.25890164595
747736,305578.25890164595
747743,305578.25890164595
747759,305578.25890164595
747810,305578.25890164595
747995,305578.25890164595
748013,305578.25890164595
748040,305578.25890164595
748058,305578.25890164595
748060,305578.25890164595
748073,305578.25890164595
748106,305578.25890164595
748145,305578.25890164595
748150,305578.25890164595
748172,305578.25890164595
748287,305578.25890164595
748308,305578.25890164595
748311,305578.25890164595
748429,305578.25890164595
748523,305578.25890164595
748544,305578.25890164595
748713,305578.25890164595
748836,305578.25890164595
748845,305578.25890164595
748856,305578.25890164595
748895,305578.25890164595
748962,305578.25890164595
749165,305578.25890164595
749218,305578.25890164595
749232,305578.25890164595
749255,305578.25890164595
749452,305578.25890164595
749483,305578.25890164595
749497,305578.25890164595
749502,305578.25890164595
749504,305578.25890164595
749521,305578.25890164595
749571,305578.25890164595
749671,305578.25890164595
749821,305578.25890164595
749975,305578.25890164595
750049,305578.25890164595
750155,305578.25890164595
750174,305578.25890164595
750408,305578.25890164595
750418,305578.25890164595
750441,305578.25890164595
750475,305578.25890164595
750559,305578.25890164595
750579,305578.25890164595
750669,305578.25890164595
750683,305578.25890164595
750740,305578.25890164595
750956,305578.25890164595
751319,305578.25890164595
751352,305578.25890164595
751396,305578.25890164595
751416,305578.25890164595
751421,305578.25890164595
751442,305578.25890164595
751459,305578.25890164595
751587,305578.25890164595
751714,305578.25890164595
751886,305578.25890164595
751971,305578.25890164595
752242,305578.25890164595
752254,305578.25890164595
752310,305578.25890164595
752576,305578.25890164595
752705,305578.25890164595
752895,305578.25890164595
752914,305578.25890164595
752994,305578.25890164595
753036,305578.25890164595
753099,305578.25890164595
753188,305578.25890164595
753196,305578.25890164595
753234,305578.25890164595
753289,305578.25890164595
753295,305578.25890164595
753297,305578.25890164595
753387,305578.25890164595
753393,305578.25890164595
753395,305578.25890164595
753397,305578.25890164595
753399,305578.25890164595
753402,305578.25890164595
753404,305578.25890164595
753405,305578.25890164595
753406,305578.25890164595
753602,305578.25890164595
753948,305578.25890164595
754108,305578.25890164595
754112,305578.25890164595
754292,305578.25890164595
754384,305578.25890164595
754763,305578.25890164595
754978,305578.25890164595
754995,305578.25890164595
755014,305578.25890164595
755055,305578.25890164595
755065,305578.25890164595
755138,305578.25890164595
755226,305578.25890164595
755447,305578.25890164595
755448,305578.25890164595
755575,305578.25890164595
755674,305578.25890164595
755809,305578.25890164595
755892,305578.25890164595
756308,305578.25890164595
756620,305578.25890164595
756836,305578.25890164595
757366,305578.25890164595
757425,305578.25890164595
757539,305578.25890164595
757668,305578.25890164595
757758,305578.25890164595
757792,305578.25890164595
757925,305578.25890164595
757991,305578.25890164595
758122,305578.25890164595
758135,305578.25890164595
758325,305578.25890164595
758344,305578.25890164595
758410,305578.25890164595
758601,305578.25890164595
758674,305578.25890164595
758911,305578.25890164595
759246,305578.25890164595
759339,305578.25890164595
759621,305578.25890164595
759656,305578.25890164595
759823,305578.25890164595
759982,305578.25890164595
760071,305578.25890164595
760135,305578.25890164595
760172,305578.25890164595
760262,305578.25890164595
760514,305578.25890164595
760522,305578.25890164595
760523,305578.25890164595
760607,305578.25890164595
760760,305578.25890164595
760878,305578.25890164595
761015,305578.25890164595
761078,305578.25890164595
761137,305578.25890164595
761182,305578.25890164595
761221,305578.25890164595
761226,305578.25890164595
761245,305578.25890164595
761273,305578.25890164595
761281,305578.25890164595
761297,305578.25890164595
761298,305578.25890164595
761312,305578.25890164595
761418,305578.25890164595
761437,305578.25890164595
761449,305578.25890164595
761451,305578.25890164595
761462,305578.25890164595
761597,305578.25890164595
761616,305578.25890164595
761631,305578.25890164595
761638,305578.25890164595
761660,305578.25890164595
761662,305578.25890164595
761734,305578.25890164595
761737,305578.25890164595
761773,305578.25890164595
761775,305578.25890164595
761781,305578.25890164595
761783,305578.25890164595
761870,305578.25890164595
761928,305578.25890164595
762020,305578.25890164595
762104,305578.25890164595
762106,305578.25890164595
762135,305578.25890164595
762140,305578.25890164595
762146,305578.25890164595
762260,305578.25890164595
762277,305578.25890164595
762395,305578.25890164595
762467,305578.25890164595
762485,305578.25890164595
762509,305578.25890164595
762528,305578.25890164595
762572,305578.25890164595
762642,305578.25890164595
762673,305578.25890164595
762782,305578.25890164595
762792,305578.25890164595
762828,305578.25890164595
762848,305578.25890164595
762862,305578.25890164595
762894,305578.25890164595
762903,305578.25890164595
762924,305578.25890164595
762929,305578.25890164595
762937,305578.25890164595
762941,305578.25890164595
762951,305578.25890164595
762959,305578.25890164595
762965,305578.25890164595
762986,305578.25890164595
763016,305578.25890164595
763021,305578.25890164595
763034,305578.25890164595
763065,305578.25890164595
763068,305578.25890164595
763073,305578.25890164595
763090,305578.25890164595
763152,305578.25890164595
763153,305578.25890164595
763212,305578.25890164595
763270,305578.25890164595
763279,305578.25890164595
763299,305578.25890164595
763300,305578.25890164595
763314,305578.25890164595
763332,305578.25890164595
763333,305578.25890164595
763334,305578.25890164595
763337,305578.25890164595
763338,305578.25890164595
763348,305578.25890164595
763349,305578.25890164595
763351,305578.25890164595
763389,305578.25890164595
763421,305578.25890164595
763424,305578.25890164595
763429,305578.25890164595
763431,305578.25890164595
763433,305578.25890164595
763435,305578.25890164595
763438,305578.25890164595
763439,305578.25890164595
763446,305578.25890164595
763447,305578.25890164595
763448,305578.25890164595
763449,305578.25890164595
763450,305578.25890164595
763452,305578.25890164595
763453,305578.25890164595
763454,305578.25890164595
763457,305578.25890164595
763458,305578.25890164595
763460,305578.25890164595
763464,305578.25890164595
763466,305578.25890164595
763528,305578.25890164595
763572,305578.25890164595
763575,305578.25890164595
763576,305578.25890164595
763591,305578.25890164595
763627,305578.25890164595
763628,305578.25890164595
763629,305578.25890164595
763631,305578.25890164595
763633,305578.25890164595
763634,305578.25890164595
763653,305578.25890164595
763684,305578.25890164595
763733,305578.25890164595
763744,305578.25890164595
763764,305578.25890164595
763781,305578.25890164595
763788,305578.25890164595
763797,305578.25890164595
763842,305578.25890164595
763856,305578.25890164595
763925,305578.25890164595
763942,305578.25890164595
764037,305578.25890164595
764042,305578.25890164595
764044,305578.25890164595
764047,305578.25890164595
764052,305578.25890164595
764103,305578.25890164595
764132,305578.25890164595
764192,305578.25890164595
764215,305578.25890164595
764263,305578.25890164595
764332,305578.25890164595
764347,305578.25890164595
764361,305578.25890164595
764368,305578.25890164595
764413,305578.25890164595
764414,305578.25890164595
764496,305578.25890164595
764544,305578.25890164595
764737,305578.25890164595
764777,305578.25890164595
764797,305578.25890164595
764822,305578.25890164595
764827,305578.25890164595
764828,305578.25890164595
764836,305578.25890164595
764862,305578.25890164595
764907,305578.25890164595
764910,305578.25890164595
764922,305578.25890164595
764946,305578.25890164595
764999,305578.25890164595
765049,305578.25890164595
765056,305578.25890164595
765097,305578.25890164595
765112,305578.25890164595
765115,305578.25890164595
765282,305578.25890164595
765294,305578.25890164595
765352,305578.25890164595
765358,305578.25890164595
765365,305578.25890164595
765396,305578.25890164595
765440,305578.25890164595
765475,305578.25890164595
765494,305578.25890164595
765496,305578.25890164595
765520,305578.25890164595
765527,305578.25890164595
765571,305578.25890164595
765572,305578.25890164595
765599,305578.25890164595
765625,305578.25890164595
765669,305578.25890164595
765676,305578.25890164595
765686,305578.25890164595
765756,305578.25890164595
765760,305578.25890164595
765768,305578.25890164595
765786,305578.25890164595
765832,305578.25890164595
765840,305578.25890164595
765853,305578.25890164595
765854,305578.25890164595
765869,305578.25890164595
765883,305578.25890164595
765884,305578.25890164595
765913,305578.25890164595
765938,305578.25890164595
766020,305578.25890164595
766039,305578.25890164595
766052,305578.25890164595
766076,305578.25890164595
766102,305578.25890164595
766103,305578.25890164595
766106,305578.25890164595
766110,305578.25890164595
766114,305578.25890164595
766137,305578.25890164595
766140,305578.25890164595
766142,305578.25890164595
766151,305578.25890164595
766163,305578.25890164595
766185,305578.25890164595
766212,305578.25890164595
766222,305578.25890164595
766225,305578.25890164595
766250,305578.25890164595
766251,305578.25890164595
766253,305578.25890164595
766259,305578.25890164595
766272,305578.25890164595
766300,305578.25890164595
766328,305578.25890164595
766392,305578.25890164595
766404,305578.25890164595
766416,305578.25890164595
766459,305578.25890164595
766463,305578.25890164595
766464,305578.25890164595
766479,305578.25890164595
766501,305578.25890164595
766550,305578.25890164595
766648,305578.25890164595
766782,305578.25890164595
766785,305578.25890164595
766808,305578.25890164595
766824,305578.25890164595
766883,305578.25890164595
766891,305578.25890164595
766923,305578.25890164595
766951,305578.25890164595
766977,305578.25890164595
766984,305578.25890164595
766998,305578.25890164595
767008,305578.25890164595
767009,305578.25890164595
767047,305578.25890164595
767056,305578.25890164595
767092,305578.25890164595
767132,305578.25890164595
767229,305578.25890164595
767253,305578.25890164595
767260,305578.25890164595
767290,305578.25890164595
767319,305578.25890164595
767321,305578.25890164595
767366,305578.25890164595
767405,305578.25890164595
767407,305578.25890164595
767409,305578.25890164595
767414,305578.25890164595
767465,305578.25890164595
767487,305578.25890164595
767512,305578.25890164595
767558,305578.25890164595
767705,305578.25890164595
767856,305578.25890164595
768002,305578.25890164595
768343,305578.25890164595
768717,305578.25890164595
768790,305578.25890164595
768981,305578.25890164595
769002,305578.25890164595
769155,305578.25890164595
769216,305578.25890164595
769226,305578.25890164595
769575,305578.25890164595
769599,305578.25890164595
769768,305578.25890164595
769812,305578.25890164595
769898,305578.25890164595
769957,305578.25890164595
770294,305578.25890164595
770295,305578.25890164595
770484,305578.25890164595
770520,305578.25890164595
770523,305578.25890164595
770558,305578.25890164595
770682,305578.25890164595
770744,305578.25890164595
770751,305578.25890164595
770765,305578.25890164595
770777,305578.25890164595
770786,305578.25890164595
770972,305578.25890164595
771112,305578.25890164595
771113,305578.25890164595
771117,305578.25890164595
771118,305578.25890164595
771333,305578.25890164595
771397,305578.25890164595
771816,305578.25890164595
771858,305578.25890164595
772028,305578.25890164595
772107,305578.25890164595
772213,305578.25890164595
772214,305578.25890164595
774481,305578.25890164595
774546,305578.25890164595
774699,305578.25890164595
774950,305578.25890164595
775137,305578.25890164595
775139,305578.25890164595
775393,305578.25890164595
775537,305578.25890164595
775560,305578.25890164595
775652,305578.25890164595
775907,305578.25890164595
776742,305578.25890164595
776780,305578.25890164595
776781,305578.25890164595
776783,305578.25890164595
776981,305578.25890164595
777103,305578.25890164595
777106,305578.25890164595
777107,305578.25890164595
777108,305578.25890164595
777110,305578.25890164595
777117,305578.25890164595
777118,305578.25890164595
777121,305578.25890164595
777123,305578.25890164595
777125,305578.25890164595
777210,305578.25890164595
777453,305578.25890164595
777462,305578.25890164595
777464,305578.25890164595
777489,305578.25890164595
777572,305578.25890164595
778274,305578.25890164595
778564,305578.25890164595
778634,305578.25890164595
778678,305578.25890164595
778689,305578.25890164595
778791,305578.25890164595
778830,305578.25890164595
778851,305578.25890164595
778906,305578.25890164595
778948,305578.25890164595
778949,305578.25890164595
778952,305578.25890164595
778953,305578.25890164595
778956,305578.25890164595
778970,305578.25890164595
778976,305578.25890164595
779003,305578.25890164595
779077,305578.25890164595
779114,305578.25890164595
779141,305578.25890164595
779149,305578.25890164595
779215,305578.25890164595
779288,305578.25890164595
779384,305578.25890164595
779391,305578.25890164595
779392,305578.25890164595
779393,305578.25890164595
779705,305578.25890164595
779738,305578.25890164595
779782,305578.25890164595
779867,305578.25890164595
779904,305578.25890164595
779938,305578.25890164595
779977,305578.25890164595
779984,305578.25890164595
780002,305578.25890164595
780020,305578.25890164595
780073,305578.25890164595
780093,305578.25890164595
780095,305578.25890164595
780214,305578.25890164595
780253,305578.25890164595
780353,305578.25890164595
780376,305578.25890164595
780395,305578.25890164595
780419,305578.25890164595
780420,305578.25890164595
780421,305578.25890164595
780564,305578.25890164595
780596,305578.25890164595
780669,305578.25890164595
780694,305578.25890164595
780702,305578.25890164595
780715,305578.25890164595
780724,305578.25890164595
780846,305578.25890164595
780856,305578.25890164595
780863,305578.25890164595
780900,305578.25890164595
780951,305578.25890164595
781145,305578.25890164595
781275,305578.25890164595
781371,305578.25890164595
781416,305578.25890164595
781559,305578.25890164595
781563,305578.25890164595
781572,305578.25890164595
781698,305578.25890164595
781700,305578.25890164595
781825,305578.25890164595
781843,305578.25890164595
781844,305578.25890164595
781845,305578.25890164595
781846,305578.25890164595
781854,305578.25890164595
781859,305578.25890164595
781860,305578.25890164595
781866,305578.25890164595
781946,305578.25890164595
781982,305578.25890164595
782181,305578.25890164595
782201,305578.25890164595
782394,305578.25890164595
782416,305578.25890164595
782443,305578.25890164595
782452,305578.25890164595
782561,305578.25890164595
782627,305578.25890164595
782642,305578.25890164595
782665,305578.25890164595
782671,305578.25890164595
782675,305578.25890164595
782693,305578.25890164595
782705,305578.25890164595
782706,305578.25890164595
782708,305578.25890164595
782717,305578.25890164595
782722,305578.25890164595
782761,305578.25890164595
782782,305578.25890164595
782785,305578.25890164595
782849,305578.25890164595
782946,305578.25890164595
783038,305578.25890164595
783051,305578.25890164595
783056,305578.25890164595
783125,305578.25890164595
783130,305578.25890164595
783231,305578.25890164595
783260,305578.25890164595
783421,305578.25890164595
783512,305578.25890164595
783559,305578.25890164595
783604,305578.25890164595
783607,305578.25890164595
783636,305578.25890164595
783654,305578.25890164595
783811,305578.25890164595
783914,305578.25890164595
783951,305578.25890164595
783978,305578.25890164595
783979,305578.25890164595
784000,305578.25890164595
784012,305578.25890164595
784167,305578.25890164595
784275,305578.25890164595
784431,305578.25890164595
784568,305578.25890164595
784570,305578.25890164595
784737,305578.25890164595
784762,305578.25890164595
784768,305578.25890164595
784842,305578.25890164595
785009,305578.25890164595
785082,305578.25890164595
785261,305578.25890164595
785408,305578.25890164595
785455,305578.25890164595
785514,305578.25890164595
785588,305578.25890164595
785808,305578.25890164595
785820,305578.25890164595
785970,305578.25890164595
785973,305578.25890164595
786182,305578.25890164595
786183,305578.25890164595
786346,305578.25890164595
786447,305578.25890164595
786450,305578.25890164595
786451,305578.25890164595
786452,305578.25890164595
786456,305578.25890164595
786457,305578.25890164595
786484,305578.25890164595
786521,305578.25890164595
786587,305578.25890164595
786628,305578.25890164595
786831,305578.25890164595
786859,305578.25890164595
787068,305578.25890164595
787151,305578.25890164595
787208,305578.25890164595
787215,305578.25890164595
787216,305578.25890164595
787276,305578.25890164595
787281,305578.25890164595
787289,305578.25890164595
787291,305578.25890164595
787331,305578.25890164595
787343,305578.25890164595
787361,305578.25890164595
787369,305578.25890164595
787382,305578.25890164595
787385,305578.25890164595
787401,305578.25890164595
787405,305578.25890164595
787411,305578.25890164595
787454,305578.25890164595
787485,305578.25890164595
787486,305578.25890164595
787489,305578.25890164595
787490,305578.25890164595
787528,305578.25890164595
787529,305578.25890164595
787533,305578.25890164595
787535,305578.25890164595
787538,305578.25890164595
787555,305578.25890164595
787614,305578.25890164595
787634,305578.25890164595
787684,305578.25890164595
787868,305578.25890164595
788008,305578.25890164595
788356,305578.25890164595
788577,305578.25890164595
788645,305578.25890164595
788730,305578.25890164595
788820,305578.25890164595
788990,305578.25890164595
788994,305578.25890164595
789179,305578.25890164595
789327,305578.25890164595
789333,305578.25890164595
789339,305578.25890164595
789374,305578.25890164595
789389,305578.25890164595
789555,305578.25890164595
789568,305578.25890164595
789619,305578.25890164595
789638,305578.25890164595
789709,305578.25890164595
789843,305578.25890164595
789881,305578.25890164595
789964,305578.25890164595
789966,305578.25890164595
790026,305578.25890164595
790038,305578.25890164595
790115,305578.25890164595
790170,305578.25890164595
790184,305578.25890164595
790414,305578.25890164595
790625,305578.25890164595
790725,305578.25890164595
790798,305578.25890164595
790912,305578.25890164595
790918,305578.25890164595
790939,305578.25890164595
791067,305578.25890164595
791077,305578.25890164595
791182,305578.25890164595
791219,305578.25890164595
791221,305578.25890164595
791296,305578.25890164595
791314,305578.25890164595
791379,305578.25890164595
791445,305578.25890164595
791581,305578.25890164595
791589,305578.25890164595
791600,305578.25890164595
791608,305578.25890164595
791617,305578.25890164595
791813,305578.25890164595
791869,305578.25890164595
791870,305578.25890164595
792315,305578.25890164595
792695,305578.25890164595
793171,305578.25890164595
793172,305578.25890164595
793391,305578.25890164595
793620,305578.25890164595
793722,305578.25890164595
793967,305578.25890164595
794344,305578.25890164595
794498,305578.25890164595
794573,305578.25890164595
794576,305578.25890164595
794897,305578.25890164595
794968,305578.25890164595
796060,305578.25890164595
796252,305578.25890164595
796300,305578.25890164595
796537,305578.25890164595
796582,305578.25890164595
797433,305578.25890164595
797488,305578.25890164595
797489,305578.25890164595
797540,305578.25890164595
797866,305578.25890164595
798010,305578.25890164595
798026,305578.25890164595
799178,305578.25890164595
799179,305578.25890164595
799190,305578.25890164595
799234,305578.25890164595
799315,305578.25890164595
799472,305578.25890164595
799498,305578.25890164595
799561,305578.25890164595
799652,305578.25890164595
799732,305578.25890164595
800022,305578.25890164595
800237,305578.25890164595
800456,305578.25890164595
800963,305578.25890164595
801193,305578.25890164595
801250,305578.25890164595
801281,305578.25890164595
801487,305578.25890164595
801497,305578.25890164595
801503,305578.25890164595
801504,305578.25890164595
801727,305578.25890164595
801954,305578.25890164595
802096,305578.25890164595
802163,305578.25890164595
802196,305578.25890164595
802200,305578.25890164595
802270,305578.25890164595
802271,305578.25890164595
802331,305578.25890164595
802349,305578.25890164595
802375,305578.25890164595
802688,305578.25890164595
803023,305578.25890164595
803138,305578.25890164595
803310,305578.25890164595
803839,305578.25890164595
803941,305578.25890164595
804236,305578.25890164595
804237,305578.25890164595
804318,305578.25890164595
804335,305578.25890164595
804516,305578.25890164595
804572,305578.25890164595
804611,305578.25890164595
804663,305578.25890164595
804859,305578.25890164595
805515,305578.25890164595
805577,305578.25890164595
806450,305578.25890164595
806493,305578.25890164595
806508,305578.25890164595
806655,305578.25890164595
806775,305578.25890164595
806865,305578.25890164595
806936,305578.25890164595
806937,305578.25890164595
807537,305578.25890164595
807824,305578.25890164595
807826,305578.25890164595
808024,305578.25890164595
808123,305578.25890164595
808180,305578.25890164595
808340,305578.25890164595
808644,305578.25890164595
808647,305578.25890164595
809443,305578.25890164595
809444,305578.25890164595
809711,305578.25890164595
810556,305578.25890164595
810560,305578.25890164595
810574,305578.25890164595
810705,305578.25890164595
811018,305578.25890164595
811028,305578.25890164595
811104,305578.25890164595
811659,305578.25890164595
811817,305578.25890164595
811944,305578.25890164595
812472,305578.25890164595
812587,305578.25890164595
812588,305578.25890164595
812762,305578.25890164595
812914,305578.25890164595
813322,305578.25890164595
813323,305578.25890164595
813324,305578.25890164595
813361,305578.25890164595
813430,305578.25890164595
813750,305578.25890164595
813797,305578.25890164595
813800,305578.25890164595
814059,305578.25890164595
814159,305578.25890164595
814247,305578.25890164595
814306,305578.25890164595
814308,305578.25890164595
814310,305578.25890164595
814313,305578.25890164595
814338,305578.25890164595
814378,305578.25890164595
814381,305578.25890164595
814390,305578.25890164595
814448,305578.25890164595
814449,305578.25890164595
815043,305578.25890164595
815287,305578.25890164595
815582,305578.25890164595
815585,305578.25890164595
815640,305578.25890164595
816479,305578.25890164595
816525,305578.25890164595
816552,305578.25890164595
816589,305578.25890164595
816592,305578.25890164595
816594,305578.25890164595
816608,305578.25890164595
816611,305578.25890164595
816676,305578.25890164595
816679,305578.25890164595
816850,305578.25890164595
816967,305578.25890164595
816968,305578.25890164595
816969,305578.25890164595
816972,305578.25890164595
816974,305578.25890164595
817091,305578.25890164595
817550,305578.25890164595
817647,305578.25890164595
817658,305578.25890164595
817662,305578.25890164595
817752,305578.25890164595
817883,305578.25890164595
817978,305578.25890164595
818057,305578.25890164595
818059,305578.25890164595
818170,305578.25890164595
818217,305578.25890164595
818229,305578.25890164595
818316,305578.25890164595
818405,305578.25890164595
818412,305578.25890164595
818488,305578.25890164595
818498,305578.25890164595
818519,305578.25890164595
818520,305578.25890164595
818601,305578.25890164595
818620,305578.25890164595
818629,305578.25890164595
818668,305578.25890164595
818906,305578.25890164595
818951,305578.25890164595
818981,305578.25890164595
819022,305578.25890164595
819052,305578.25890164595
819088,305578.25890164595
819090,305578.25890164595
819154,305578.25890164595
819224,305578.25890164595
819477,305578.25890164595
819505,305578.25890164595
819532,305578.25890164595
819599,305578.25890164595
819624,305578.25890164595
819689,305578.25890164595
819690,305578.25890164595
819694,305578.25890164595
819729,305578.25890164595
819737,305578.25890164595
819839,305578.25890164595
819946,305578.25890164595
820010,305578.25890164595
820047,305578.25890164595
820221,305578.25890164595
820343,305578.25890164595
820369,305578.25890164595
820444,305578.25890164595
820485,305578.25890164595
820520,305578.25890164595
820534,305578.25890164595
820549,305578.25890164595
820550,305578.25890164595
820560,305578.25890164595
820576,305578.25890164595
820608,305578.25890164595
820640,305578.25890164595
820668,305578.25890164595
820672,305578.25890164595
820758,305578.25890164595
820763,305578.25890164595
820797,305578.25890164595
820936,305578.25890164595
821001,305578.25890164595
821049,305578.25890164595
821050,305578.25890164595
821087,305578.25890164595
821251,305578.25890164595
821372,305578.25890164595
821381,305578.25890164595
821423,305578.25890164595
821616,305578.25890164595
821664,305578.25890164595
821715,305578.25890164595
821753,305578.25890164595
821791,305578.25890164595
821800,305578.25890164595
821820,305578.25890164595
821825,305578.25890164595
821826,305578.25890164595
821876,305578.25890164595
821888,305578.25890164595
821895,305578.25890164595
822024,305578.25890164595
822169,305578.25890164595
822190,305578.25890164595
822347,305578.25890164595
822354,305578.25890164595
822421,305578.25890164595
822422,305578.25890164595
822432,305578.25890164595
822445,305578.25890164595
822453,305578.25890164595
822456,305578.25890164595
822457,305578.25890164595
822552,305578.25890164595
822622,305578.25890164595
822624,305578.25890164595
822635,305578.25890164595
822656,305578.25890164595
822684,305578.25890164595
822688,305578.25890164595
822777,305578.25890164595
822785,305578.25890164595
822858,305578.25890164595
822880,305578.25890164595
822882,305578.25890164595
822883,305578.25890164595
822930,305578.25890164595
823118,305578.25890164595
823126,305578.25890164595
823190,305578.25890164595
823243,305578.25890164595
823305,305578.25890164595
823338,305578.25890164595
823411,305578.25890164595
823441,305578.25890164595
823596,305578.25890164595
823639,305578.25890164595
823761,305578.25890164595
823773,305578.25890164595
823798,305578.25890164595
823815,305578.25890164595
823830,305578.25890164595
823846,305578.25890164595
823949,305578.25890164595
823958,305578.25890164595
824041,305578.25890164595
824138,305578.25890164595
824141,305578.25890164595
824236,305578.25890164595
824250,305578.25890164595
824261,305578.25890164595
824528,305578.25890164595
824533,305578.25890164595
824564,305578.25890164595
824568,305578.25890164595
824571,305578.25890164595
824575,305578.25890164595
824602,305578.25890164595
824686,305578.25890164595
824788,305578.25890164595
824810,305578.25890164595
824857,305578.25890164595
824886,305578.25890164595
824906,305578.25890164595
825094,305578.25890164595
825107,305578.25890164595
825186,305578.25890164595
825386,305578.25890164595
825462,305578.25890164595
825470,305578.25890164595
825472,305578.25890164595
825473,305578.25890164595
825700,305578.25890164595
825862,305578.25890164595
825950,305578.25890164595
826171,305578.25890164595
826173,305578.25890164595
826309,305578.25890164595
826322,305578.25890164595
826408,305578.25890164595
826453,305578.25890164595
826522,305578.25890164595
826555,305578.25890164595
826607,305578.25890164595
826650,305578.25890164595
826863,305578.25890164595
826864,305578.25890164595
826881,305578.25890164595
826893,305578.25890164595
826896,305578.25890164595
826968,305578.25890164595
826977,305578.25890164595
827191,305578.25890164595
827214,305578.25890164595
827230,305578.25890164595
827234,305578.25890164595
827325,305578.25890164595
827359,305578.25890164595
827399,305578.25890164595
827481,305578.25890164595
827619,305578.25890164595
827688,305578.25890164595
827711,305578.25890164595
827954,305578.25890164595
828025,305578.25890164595
828031,305578.25890164595
828082,305578.25890164595
828144,305578.25890164595
828174,305578.25890164595
828265,305578.25890164595
828273,305578.25890164595
828285,305578.25890164595
828351,305578.25890164595
828477,305578.25890164595
828604,305578.25890164595
828623,305578.25890164595
828718,305578.25890164595
828750,305578.25890164595
828793,305578.25890164595
828812,305578.25890164595
828827,305578.25890164595
828862,305578.25890164595
828965,305578.25890164595
829067,305578.25890164595
829087,305578.25890164595
829171,305578.25890164595
829240,305578.25890164595
829278,305578.25890164595
829282,305578.25890164595
829293,305578.25890164595
829295,305578.25890164595
829318,305578.25890164595
829322,305578.25890164595
829336,305578.25890164595
829344,305578.25890164595
829351,305578.25890164595
829359,305578.25890164595
829367,305578.25890164595
829372,305578.25890164595
829378,305578.25890164595
829383,305578.25890164595
829389,305578.25890164595
829390,305578.25890164595
829395,305578.25890164595
829413,305578.25890164595
829417,305578.25890164595
829419,305578.25890164595
829599,305578.25890164595
829600,305578.25890164595
829612,305578.25890164595
829673,305578.25890164595
829767,305578.25890164595
829883,305578.25890164595
829947,305578.25890164595
830002,305578.25890164595
830122,305578.25890164595
830143,305578.25890164595
830151,305578.25890164595
830160,305578.25890164595
830199,305578.25890164595
830245,305578.25890164595
830262,305578.25890164595
830265,305578.25890164595
830279,305578.25890164595
830280,305578.25890164595
830333,305578.25890164595
830384,305578.25890164595
830410,305578.25890164595
830446,305578.25890164595
830448,305578.25890164595
830535,305578.25890164595
830581,305578.25890164595
830587,305578.25890164595
830702,305578.25890164595
830731,305578.25890164595
830739,305578.25890164595
830764,305578.25890164595
830772,305578.25890164595
830774,305578.25890164595
830971,305578.25890164595
831037,305578.25890164595
831091,305578.25890164595
831105,305578.25890164595
831106,305578.25890164595
831112,305578.25890164595
831247,305578.25890164595
831261,305578.25890164595
831269,305578.25890164595
831321,305578.25890164595
831459,305578.25890164595
831529,305578.25890164595
831628,305578.25890164595
831792,305578.25890164595
831881,305578.25890164595
831882,305578.25890164595
831883,305578.25890164595
831884,305578.25890164595
831910,305578.25890164595
831944,305578.25890164595
831946,305578.25890164595
831947,305578.25890164595
831949,305578.25890164595
831950,305578.25890164595
831960,305578.25890164595
831961,305578.25890164595
831974,305578.25890164595
832022,305578.25890164595
832156,305578.25890164595
832213,305578.25890164595
832254,305578.25890164595
832261,305578.25890164595
832343,305578.25890164595
832367,305578.25890164595
832436,305578.25890164595
832439,305578.25890164595
832460,305578.25890164595
832470,305578.25890164595
832511,305578.25890164595
832513,305578.25890164595
832624,305578.25890164595
832707,305578.25890164595
832726,305578.25890164595
832780,305578.25890164595
832924,305578.25890164595
832953,305578.25890164595
833013,305578.25890164595
833045,305578.25890164595
833051,305578.25890164595
833052,305578.25890164595
833055,305578.25890164595
833056,305578.25890164595
833057,305578.25890164595
833058,305578.25890164595
833091,305578.25890164595
833216,305578.25890164595
833233,305578.25890164595
833350,305578.25890164595
833459,305578.25890164595
833510,305578.25890164595
833525,305578.25890164595
833527,305578.25890164595
833554,305578.25890164595
833634,305578.25890164595
833668,305578.25890164595
833688,305578.25890164595
833789,305578.25890164595
833827,305578.25890164595
833846,305578.25890164595
833858,305578.25890164595
833886,305578.25890164595
833925,305578.25890164595
833968,305578.25890164595
834026,305578.25890164595
834042,305578.25890164595
834049,305578.25890164595
834113,305578.25890164595
834265,305578.25890164595
834280,305578.25890164595
834315,305578.25890164595
834335,305578.25890164595
834341,305578.25890164595
834343,305578.25890164595
834348,305578.25890164595
834350,305578.25890164595
834391,305578.25890164595
834443,305578.25890164595
834451,305578.25890164595
834514,305578.25890164595
834613,305578.25890164595
834616,305578.25890164595
834623,305578.25890164595
834662,305578.25890164595
834702,305578.25890164595
834746,305578.25890164595
834751,305578.25890164595
834764,305578.25890164595
834785,305578.25890164595
834788,305578.25890164595
834836,305578.25890164595
834858,305578.25890164595
834903,305578.25890164595
834917,305578.25890164595
834959,305578.25890164595
835037,305578.25890164595
835090,305578.25890164595
835122,305578.25890164595
835129,305578.25890164595
835137,305578.25890164595
835262,305578.25890164595
835290,305578.25890164595
835307,305578.25890164595
835336,305578.25890164595
835361,305578.25890164595
835388,305578.25890164595
835459,305578.25890164595
835465,305578.25890164595
835522,305578.25890164595
835523,305578.25890164595
835635,305578.25890164595
835651,305578.25890164595
835661,305578.25890164595
835673,305578.25890164595
835692,305578.25890164595
835759,305578.25890164595
835813,305578.25890164595
835814,305578.25890164595
835816,305578.25890164595
835884,305578.25890164595
835965,305578.25890164595
836013,305578.25890164595
836041,305578.25890164595
836103,305578.25890164595
836173,305578.25890164595
836254,305578.25890164595
836316,305578.25890164595
836341,305578.25890164595
836417,305578.25890164595
836550,305578.25890164595
836555,305578.25890164595
836556,305578.25890164595
836559,305578.25890164595
836561,305578.25890164595
836562,305578.25890164595
836563,305578.25890164595
836564,305578.25890164595
836566,305578.25890164595
836735,305578.25890164595
836782,305578.25890164595
836821,305578.25890164595
837005,305578.25890164595
837092,305578.25890164595
837095,305578.25890164595
837197,305578.25890164595
837467,305578.25890164595
837506,305578.25890164595
837521,305578.25890164595
837550,305578.25890164595
837592,305578.25890164595
837618,305578.25890164595
837632,305578.25890164595
837642,305578.25890164595
837658,305578.25890164595
837769,305578.25890164595
837779,305578.25890164595
837784,305578.25890164595
837831,305578.25890164595
837832,305578.25890164595
837836,305578.25890164595
837961,305578.25890164595
838054,305578.25890164595
838186,305578.25890164595
838254,305578.25890164595
838257,305578.25890164595
838287,305578.25890164595
838374,305578.25890164595
838443,305578.25890164595
838471,305578.25890164595
838609,305578.25890164595
838636,305578.25890164595
838681,305578.25890164595
838696,305578.25890164595
838729,305578.25890164595
838745,305578.25890164595
838778,305578.25890164595
838834,305578.25890164595
838840,305578.25890164595
839042,305578.25890164595
839134,305578.25890164595
839179,305578.25890164595
839299,305578.25890164595
839328,305578.25890164595
839358,305578.25890164595
839379,305578.25890164595
839481,305578.25890164595
839688,305578.25890164595
839804,305578.25890164595
839807,305578.25890164595
839857,305578.25890164595
839875,305578.25890164595
839896,305578.25890164595
839906,305578.25890164595
839907,305578.25890164595
839912,305578.25890164595
839923,305578.25890164595
839964,305578.25890164595
840015,305578.25890164595
840075,305578.25890164595
840137,305578.25890164595
840187,305578.25890164595
840267,305578.25890164595
840277,305578.25890164595
840279,305578.25890164595
840282,305578.25890164595
840284,305578.25890164595
840287,305578.25890164595
840313,305578.25890164595
840333,305578.25890164595
840334,305578.25890164595
840337,305578.25890164595
840425,305578.25890164595
840558,305578.25890164595
840569,305578.25890164595
840632,305578.25890164595
840829,305578.25890164595
840859,305578.25890164595
840895,305578.25890164595
840951,305578.25890164595
841008,305578.25890164595
841041,305578.25890164595
841075,305578.25890164595
841077,305578.25890164595
841273,305578.25890164595
841289,305578.25890164595
841313,305578.25890164595
841337,305578.25890164595
841354,305578.25890164595
841376,305578.25890164595
841400,305578.25890164595
841446,305578.25890164595
841484,305578.25890164595
841515,305578.25890164595
841521,305578.25890164595
841536,305578.25890164595
841557,305578.25890164595
841585,305578.25890164595
841696,305578.25890164595
841763,305578.25890164595
841803,305578.25890164595
841851,305578.25890164595
841869,305578.25890164595
841984,305578.25890164595
842034,305578.25890164595
842041,305578.25890164595
842044,305578.25890164595
842056,305578.25890164595
842219,305578.25890164595
842222,305578.25890164595
842243,305578.25890164595
842245,305578.25890164595
842350,305578.25890164595
842357,305578.25890164595
842459,305578.25890164595
842460,305578.25890164595
842623,305578.25890164595
842624,305578.25890164595
842791,305578.25890164595
842797,305578.25890164595
842808,305578.25890164595
842868,305578.25890164595
842953,305578.25890164595
842960,305578.25890164595
843026,305578.25890164595
843041,305578.25890164595
843066,305578.25890164595
843070,305578.25890164595
843072,305578.25890164595
843183,305578.25890164595
843192,305578.25890164595
843194,305578.25890164595
843197,305578.25890164595
843201,305578.25890164595
843205,305578.25890164595
843339,305578.25890164595
843353,305578.25890164595
843397,305578.25890164595
843417,305578.25890164595
843468,305578.25890164595
843471,305578.25890164595
843505,305578.25890164595
843512,305578.25890164595
843536,305578.25890164595
843564,305578.25890164595
843575,305578.25890164595
843622,305578.25890164595
843737,305578.25890164595
843742,305578.25890164595
843767,305578.25890164595
843770,305578.25890164595
843784,305578.25890164595
843794,305578.25890164595
843797,305578.25890164595
843906,305578.25890164595
843914,305578.25890164595
843942,305578.25890164595
843943,305578.25890164595
843979,305578.25890164595
843980,305578.25890164595
843993,305578.25890164595
844008,305578.25890164595
844035,305578.25890164595
844085,305578.25890164595
844097,305578.25890164595
844104,305578.25890164595
844109,305578.25890164595
844110,305578.25890164595
844126,305578.25890164595
844162,305578.25890164595
844165,305578.25890164595
844198,305578.25890164595
844211,305578.25890164595
844233,305578.25890164595
844310,305578.25890164595
844316,305578.25890164595
844329,305578.25890164595
844338,305578.25890164595
844468,305578.25890164595
844503,305578.25890164595
844536,305578.25890164595
844539,305578.25890164595
844564,305578.25890164595
844590,305578.25890164595
844617,305578.25890164595
844640,305578.25890164595
844716,305578.25890164595
844747,305578.25890164595
844748,305578.25890164595
844755,305578.25890164595
844762,305578.25890164595
844789,305578.25890164595
844804,305578.25890164595
844846,305578.25890164595
844847,305578.25890164595
844849,305578.25890164595
844855,305578.25890164595
844856,305578.25890164595
844857,305578.25890164595
844862,305578.25890164595
844886,305578.25890164595
844915,305578.25890164595
844925,305578.25890164595
844991,305578.25890164595
844993,305578.25890164595
845024,305578.25890164595
845033,305578.25890164595
845082,305578.25890164595
845083,305578.25890164595
845096,305578.25890164595
845106,305578.25890164595
845107,305578.25890164595
845121,305578.25890164595
845124,305578.25890164595
845155,305578.25890164595
845166,305578.25890164595
845183,305578.25890164595
845217,305578.25890164595
845244,305578.25890164595
845251,305578.25890164595
845344,305578.25890164595
845370,305578.25890164595
845397,305578.25890164595
845405,305578.25890164595
845471,305578.25890164595
845486,305578.25890164595
845528,305578.25890164595
845534,305578.25890164595
845545,305578.25890164595
845594,305578.25890164595
845685,305578.25890164595
845705,305578.25890164595
845720,305578.25890164595
845802,305578.25890164595
845879,305578.25890164595
845943,305578.25890164595
845962,305578.25890164595
846140,305578.25890164595
846147,305578.25890164595
846152,305578.25890164595
846284,305578.25890164595
846499,305578.25890164595
846556,305578.25890164595
846559,305578.25890164595
846573,305578.25890164595
846575,305578.25890164595
846768,305578.25890164595
846871,305578.25890164595
846968,305578.25890164595
847095,305578.25890164595
847100,305578.25890164595
847161,305578.25890164595
847191,305578.25890164595
847227,305578.25890164595
847230,305578.25890164595
847306,305578.25890164595
847476,305578.25890164595
847537,305578.25890164595
847657,305578.25890164595
847727,305578.25890164595
847766,305578.25890164595
847773,305578.25890164595
847809,305578.25890164595
847861,305578.25890164595
847892,305578.25890164595
847917,305578.25890164595
847950,305578.25890164595
848039,305578.25890164595
848093,305578.25890164595
848095,305578.25890164595
848112,305578.25890164595
848157,305578.25890164595
848164,305578.25890164595
848302,305578.25890164595
848330,305578.25890164595
848365,305578.25890164595
848375,305578.25890164595
848386,305578.25890164595
848437,305578.25890164595
848493,305578.25890164595
848543,305578.25890164595
848549,305578.25890164595
848623,305578.25890164595
848661,305578.25890164595
848707,305578.25890164595
848775,305578.25890164595
848843,305578.25890164595
848978,305578.25890164595
848989,305578.25890164595
849002,305578.25890164595
849024,305578.25890164595
849047,305578.25890164595
849062,305578.25890164595
849064,305578.25890164595
936612,305578.25890164595
936685,305578.25890164595
936696,305578.25890164595
936725,305578.25890164595
936735,305578.25890164595
936772,305578.25890164595
936806,305578.25890164595
936808,305578.25890164595
936854,305578.25890164595
936871,305578.25890164595
936899,305578.25890164595
936915,305578.25890164595
936923,305578.25890164595
936950,305578.25890164595
936973,305578.25890164595
937001,305578.25890164595
937003,305578.25890164595
937056,305578.25890164595
937090,305578.25890164595
937110,305578.25890164595
937130,305578.25890164595
937183,305578.25890164595
937255,305578.25890164595
937276,305578.25890164595
937318,305578.25890164595
937335,305578.25890164595
937337,305578.25890164595
937358,305578.25890164595
937360,305578.25890164595
937362,305578.25890164595
937390,305578.25890164595
937462,305578.25890164595
937472,305578.25890164595
937477,305578.25890164595
937493,305578.25890164595
937518,305578.25890164595
937519,305578.25890164595
937555,305578.25890164595
937658,305578.25890164595
937662,305578.25890164595
937663,305578.25890164595
937665,305578.25890164595
937676,305578.25890164595
937694,305578.25890164595
937735,305578.25890164595
937740,305578.25890164595
937751,305578.25890164595
937776,305578.25890164595
937780,305578.25890164595
937812,305578.25890164595
937813,305578.25890164595
937943,305578.25890164595
938043,305578.25890164595
938056,305578.25890164595
938064,305578.25890164595
938068,305578.25890164595
938080,305578.25890164595
938114,305578.25890164595
938187,305578.25890164595
938204,305578.25890164595
938206,305578.25890164595
938209,305578.25890164595
938212,305578.25890164595
938232,305578.25890164595
938233,305578.25890164595
938349,305578.25890164595
938350,305578.25890164595
938351,305578.25890164595
938354,305578.25890164595
938361,305578.25890164595
938362,305578.25890164595
938363,305578.25890164595
938433,305578.25890164595
938579,305578.25890164595
938635,305578.25890164595
938636,305578.25890164595
938637,305578.25890164595
938639,305578.25890164595
938651,305578.25890164595
938670,305578.25890164595
938703,305578.25890164595
938705,305578.25890164595
938715,305578.25890164595
938733,305578.25890164595
938812,305578.25890164595
938814,305578.25890164595
938894,305578.25890164595
938913,305578.25890164595
938938,305578.25890164595
938957,305578.25890164595
938990,305578.25890164595
939010,305578.25890164595
939028,305578.25890164595
939075,305578.25890164595
939121,305578.25890164595
939133,305578.25890164595
939146,305578.25890164595
939224,305578.25890164595
939227,305578.25890164595
939256,305578.25890164595
939297,305578.25890164595
939305,305578.25890164595
939310,305578.25890164595
939349,305578.25890164595
939360,305578.25890164595
939392,305578.25890164595
939400,305578.25890164595
939409,305578.25890164595
939411,305578.25890164595
939414,305578.25890164595
939420,305578.25890164595
939421,305578.25890164595
939438,305578.25890164595
939494,305578.25890164595
939496,305578.25890164595
939497,305578.25890164595
939501,305578.25890164595
939587,305578.25890164595
939589,305578.25890164595
939629,305578.25890164595
939636,305578.25890164595
939645,305578.25890164595
939650,305578.25890164595
939666,305578.25890164595
939669,305578.25890164595
939711,305578.25890164595
939877,305578.25890164595
939886,305578.25890164595
939890,305578.25890164595
939892,305578.25890164595
939905,305578.25890164595
939930,305578.25890164595
939935,305578.25890164595
939960,305578.25890164595
939964,305578.25890164595
939970,305578.25890164595
940066,305578.25890164595
940094,305578.25890164595
940095,305578.25890164595
940096,305578.25890164595
940118,305578.25890164595
940138,305578.25890164595
940168,305578.25890164595
940172,305578.25890164595
940240,305578.25890164595
940262,305578.25890164595
940282,305578.25890164595
940283,305578.25890164595
940336,305578.25890164595
940389,305578.25890164595
940487,305578.25890164595
940552,305578.25890164595
940571,305578.25890164595
940579,305578.25890164595
940602,305578.25890164595
940627,305578.25890164595
940735,305578.25890164595
940740,305578.25890164595
940742,305578.25890164595
940767,305578.25890164595
940788,305578.25890164595
940807,305578.25890164595
940855,305578.25890164595
940868,305578.25890164595
940875,305578.25890164595
940876,305578.25890164595
940890,305578.25890164595
940950,305578.25890164595
941026,305578.25890164595
941059,305578.25890164595
941089,305578.25890164595
941112,305578.25890164595
941121,305578.25890164595
941123,305578.25890164595
941146,305578.25890164595
941344,305578.25890164595
941346,305578.25890164595
941369,305578.25890164595
941370,305578.25890164595
941373,305578.25890164595
941384,305578.25890164595
941500,305578.25890164595
941524,305578.25890164595
941554,305578.25890164595
941713,305578.25890164595
941780,305578.25890164595
941782,305578.25890164595
941786,305578.25890164595
941790,305578.25890164595
941791,305578.25890164595
941792,305578.25890164595
941793,305578.25890164595
941797,305578.25890164595
941798,305578.25890164595
941801,305578.25890164595
941810,305578.25890164595
941826,305578.25890164595
941843,305578.25890164595
941862,305578.25890164595
941864,305578.25890164595
941867,305578.25890164595
941875,305578.25890164595
941876,305578.25890164595
941881,305578.25890164595
941883,305578.25890164595
941884,305578.25890164595
941891,305578.25890164595
941919,305578.25890164595
941959,305578.25890164595
942057,305578.25890164595
942070,305578.25890164595
942098,305578.25890164595
942103,305578.25890164595
942105,305578.25890164595
942106,305578.25890164595
942109,305578.25890164595
942111,305578.25890164595
942113,305578.25890164595
942115,305578.25890164595
942116,305578.25890164595
942130,305578.25890164595
942139,305578.25890164595
942145,305578.25890164595
942168,305578.25890164595
942177,305578.25890164595
942181,305578.25890164595
942196,305578.25890164595
942210,305578.25890164595
942217,305578.25890164595
942275,305578.25890164595
942370,305578.25890164595
942375,305578.25890164595
942383,305578.25890164595
942415,305578.25890164595
942422,305578.25890164595
942463,305578.25890164595
942469,305578.25890164595
942480,305578.25890164595
942488,305578.25890164595
942583,305578.25890164595
942628,305578.25890164595
942635,305578.25890164595
942636,305578.25890164595
942651,305578.25890164595
942653,305578.25890164595
942655,305578.25890164595
942657,305578.25890164595
942741,305578.25890164595
942753,305578.25890164595
942779,305578.25890164595
942802,305578.25890164595
942843,305578.25890164595
942844,305578.25890164595
942890,305578.25890164595
942964,305578.25890164595
942968,305578.25890164595
942969,305578.25890164595
942985,305578.25890164595
942989,305578.25890164595
942990,305578.25890164595
943022,305578.25890164595
943032,305578.25890164595
943039,305578.25890164595
943044,305578.25890164595
943112,305578.25890164595
943140,305578.25890164595
943141,305578.25890164595
943143,305578.25890164595
943145,305578.25890164595
943149,305578.25890164595
943167,305578.25890164595
943193,305578.25890164595
943238,305578.25890164595
943352,305578.25890164595
943368,305578.25890164595
943373,305578.25890164595
943397,305578.25890164595
943398,305578.25890164595
943402,305578.25890164595
943412,305578.25890164595
943473,305578.25890164595
943478,305578.25890164595
943482,305578.25890164595
943484,305578.25890164595
943489,305578.25890164595
943497,305578.25890164595
943503,305578.25890164595
943504,305578.25890164595
943505,305578.25890164595
943592,305578.25890164595
943684,305578.25890164595
943693,305578.25890164595
943696,305578.25890164595
943698,305578.25890164595
943699,305578.25890164595
943750,305578.25890164595
943756,305578.25890164595
943782,305578.25890164595
943783,305578.25890164595
943810,305578.25890164595
943821,305578.25890164595
943822,305578.25890164595
943872,305578.25890164595
943889,305578.25890164595
943928,305578.25890164595
943939,305578.25890164595
943944,305578.25890164595
943953,305578.25890164595
943954,305578.25890164595
943955,305578.25890164595
943960,305578.25890164595
943964,305578.25890164595
943968,305578.25890164595
943969,305578.25890164595
943985,305578.25890164595
944000,305578.25890164595
944002,305578.25890164595
944018,305578.25890164595
944025,305578.25890164595
944030,305578.25890164595
944101,305578.25890164595
944105,305578.25890164595
944256,305578.25890164595
944265,305578.25890164595
944289,305578.25890164595
944295,305578.25890164595
944305,305578.25890164595
944306,305578.25890164595
944312,305578.25890164595
944341,305578.25890164595
944342,305578.25890164595
944347,305578.25890164595
944360,305578.25890164595
944384,305578.25890164595
944425,305578.25890164595
944434,305578.25890164595
944435,305578.25890164595
944436,305578.25890164595
944442,305578.25890164595
944552,305578.25890164595
944568,305578.25890164595
944662,305578.25890164595
944671,305578.25890164595
944683,305578.25890164595
944887,305578.25890164595
944902,305578.25890164595
944906,305578.25890164595
944913,305578.25890164595
944921,305578.25890164595
944935,305578.25890164595
944942,305578.25890164595
944943,305578.25890164595
944955,305578.25890164595
944967,305578.25890164595
945015,305578.25890164595
945046,305578.25890164595
945082,305578.25890164595
945116,305578.25890164595
945151,305578.25890164595
945180,305578.25890164595
945181,305578.25890164595
945182,305578.25890164595
945273,305578.25890164595
945283,305578.25890164595
945305,305578.25890164595
945332,305578.25890164595
945388,305578.25890164595
945444,305578.25890164595
945448,305578.25890164595
945453,305578.25890164595
945454,305578.25890164595
945470,305578.25890164595
945495,305578.25890164595
945498,305578.25890164595
945505,305578.25890164595
945513,305578.25890164595
945554,305578.25890164595
945590,305578.25890164595
945627,305578.25890164595
945628,305578.25890164595
945629,305578.25890164595
945630,305578.25890164595
945749,305578.25890164595
945790,305578.25890164595
945801,305578.25890164595
945838,305578.25890164595
945839,305578.25890164595
945840,305578.25890164595
945843,305578.25890164595
945880,305578.25890164595
945900,305578.25890164595
945901,305578.25890164595
945902,305578.25890164595
945903,305578.25890164595
945940,305578.25890164595
945942,305578.25890164595
945945,305578.25890164595
945946,305578.25890164595
945952,305578.25890164595
945965,305578.25890164595
945967,305578.25890164595
945997,305578.25890164595
945998,305578.25890164595
946016,305578.25890164595
946307,305578.25890164595
946318,305578.25890164595
946327,305578.25890164595
946351,305578.25890164595
946358,305578.25890164595
946373,305578.25890164595
946376,305578.25890164595
946385,305578.25890164595
946386,305578.25890164595
946397,305578.25890164595
946398,305578.25890164595
946401,305578.25890164595
946403,305578.25890164595
946433,305578.25890164595
946446,305578.25890164595
946447,305578.25890164595
946448,305578.25890164595
946462,305578.25890164595
946463,305578.25890164595
946492,305578.25890164595
946496,305578.25890164595
946540,305578.25890164595
946541,305578.25890164595
946591,305578.25890164595
946601,305578.25890164595
946638,305578.25890164595
946640,305578.25890164595
946653,305578.25890164595
946678,305578.25890164595
946687,305578.25890164595
946688,305578.25890164595
946689,305578.25890164595
946716,305578.25890164595
946732,305578.25890164595
946738,305578.25890164595
946746,305578.25890164595
946779,305578.25890164595
946784,305578.25890164595
946788,305578.25890164595
946820,305578.25890164595
946836,305578.25890164595
946870,305578.25890164595
946873,305578.25890164595
946896,305578.25890164595
946944,305578.25890164595
946972,305578.25890164595
946973,305578.25890164595
947007,305578.25890164595
947031,305578.25890164595
947057,305578.25890164595
947141,305578.25890164595
947176,305578.25890164595
947187,305578.25890164595
947206,305578.25890164595
947216,305578.25890164595
947274,305578.25890164595
947300,305578.25890164595
947332,305578.25890164595
947383,305578.25890164595
947395,305578.25890164595
947405,305578.25890164595
947436,305578.25890164595
947473,305578.25890164595
947495,305578.25890164595
947530,305578.25890164595
947537,305578.25890164595
947552,305578.25890164595
947564,305578.25890164595
947584,305578.25890164595
947625,305578.25890164595
947677,305578.25890164595
947689,305578.25890164595
947698,305578.25890164595
947699,305578.25890164595
947700,305578.25890164595
947701,305578.25890164595
947702,305578.25890164595
947725,305578.25890164595
947743,305578.25890164595
947833,305578.25890164595
947872,305578.25890164595
947881,305578.25890164595
947930,305578.25890164595
947977,305578.25890164595
948034,305578.25890164595
948036,305578.25890164595
948039,305578.25890164595
948066,305578.25890164595
948107,305578.25890164595
948115,305578.25890164595
948121,305578.25890164595
948137,305578.25890164595
948148,305578.25890164595
948306,305578.25890164595
948339,305578.25890164595
948361,305578.25890164595
948386,305578.25890164595
948387,305578.25890164595
948388,305578.25890164595
948423,305578.25890164595
948470,305578.25890164595
948479,305578.25890164595
948484,305578.25890164595
948486,305578.25890164595
948598,305578.25890164595
948607,305578.25890164595
948629,305578.25890164595
948630,305578.25890164595
948631,305578.25890164595
948632,305578.25890164595
948633,305578.25890164595
948641,305578.25890164595
948643,305578.25890164595
948651,305578.25890164595
948652,305578.25890164595
948675,305578.25890164595
948740,305578.25890164595
948743,305578.25890164595
948744,305578.25890164595
948745,305578.25890164595
948774,305578.25890164595
948789,305578.25890164595
948807,305578.25890164595
948808,305578.25890164595
948809,305578.25890164595
948813,305578.25890164595
948816,305578.25890164595
948819,305578.25890164595
948830,305578.25890164595
948870,305578.25890164595
948912,305578.25890164595
948941,305578.25890164595
949105,305578.25890164595
949143,305578.25890164595
949144,305578.25890164595
949147,305578.25890164595
949248,305578.25890164595
949250,305578.25890164595
949278,305578.25890164595
949283,305578.25890164595
949293,305578.25890164595
949340,305578.25890164595
949379,305578.25890164595
949426,305578.25890164595
949427,305578.25890164595
949428,305578.25890164595
949431,305578.25890164595
949443,305578.25890164595
949474,305578.25890164595
949492,305578.25890164595
949501,305578.25890164595
949517,305578.25890164595
949518,305578.25890164595
949519,305578.25890164595
949529,305578.25890164595
949544,305578.25890164595
949545,305578.25890164595
949584,305578.25890164595
949592,305578.25890164595
949593,305578.25890164595
949627,305578.25890164595
949651,305578.25890164595
949661,305578.25890164595
949762,305578.25890164595
949815,305578.25890164595
949827,305578.25890164595
949858,305578.25890164595
949933,305578.25890164595
949934,305578.25890164595
949943,305578.25890164595
949960,305578.25890164595
950036,305578.25890164595
950037,305578.25890164595
950038,305578.25890164595
950039,305578.25890164595
950044,305578.25890164595
950060,305578.25890164595
950088,305578.25890164595
950194,305578.25890164595
950227,305578.25890164595
950234,305578.25890164595
950303,305578.25890164595
950339,305578.25890164595
950374,305578.25890164595
950378,305578.25890164595
950382,305578.25890164595
950385,305578.25890164595
950489,305578.25890164595
950576,305578.25890164595
950581,305578.25890164595
950583,305578.25890164595
950584,305578.25890164595
950585,305578.25890164595
950607,305578.25890164595
950630,305578.25890164595
950634,305578.25890164595
950664,305578.25890164595
950671,305578.25890164595
950686,305578.25890164595
950746,305578.25890164595
950751,305578.25890164595
950916,305578.25890164595
951001,305578.25890164595
951065,305578.25890164595
951129,305578.25890164595
951162,305578.25890164595
951195,305578.25890164595
951200,305578.25890164595
951201,305578.25890164595
951405,305578.25890164595
951412,305578.25890164595
951454,305578.25890164595
951460,305578.25890164595
951463,305578.25890164595
951471,305578.25890164595
951553,305578.25890164595
951564,305578.25890164595
951646,305578.25890164595
951663,305578.25890164595
951687,305578.25890164595
951692,305578.25890164595
951704,305578.25890164595
951780,305578.25890164595
951782,305578.25890164595
951915,305578.25890164595
951963,305578.25890164595
951975,305578.25890164595
951988,305578.25890164595
952013,305578.25890164595
952025,305578.25890164595
952036,305578.25890164595
952096,305578.25890164595
952268,305578.25890164595
952271,305578.25890164595
952273,305578.25890164595
952448,305578.25890164595
952466,305578.25890164595
952537,305578.25890164595
952541,305578.25890164595
952545,305578.25890164595
952546,305578.25890164595
952566,305578.25890164595
952651,305578.25890164595
952689,305578.25890164595
952699,305578.25890164595
952773,305578.25890164595
952778,305578.25890164595
952818,305578.25890164595
952900,305578.25890164595
952916,305578.25890164595
953005,305578.25890164595
953024,305578.25890164595
953047,305578.25890164595
953057,305578.25890164595
953161,305578.25890164595
953163,305578.25890164595
953176,305578.25890164595
953177,305578.25890164595
953181,305578.25890164595
953182,305578.25890164595
953227,305578.25890164595
953228,305578.25890164595
953237,305578.25890164595
953293,305578.25890164595
953325,305578.25890164595
953326,305578.25890164595
953330,305578.25890164595
953375,305578.25890164595
953481,305578.25890164595
953486,305578.25890164595
953512,305578.25890164595
953552,305578.25890164595
953564,305578.25890164595
953626,305578.25890164595
953702,305578.25890164595
953744,305578.25890164595
953778,305578.25890164595
953795,305578.25890164595
953797,305578.25890164595
953857,305578.25890164595
953894,305578.25890164595
953920,305578.25890164595
953922,305578.25890164595
953931,305578.25890164595
953965,305578.25890164595
954066,305578.25890164595
954138,305578.25890164595
954190,305578.25890164595
954216,305578.25890164595
954292,305578.25890164595
954302,305578.25890164595
954319,305578.25890164595
954351,305578.25890164595
954413,305578.25890164595
954419,305578.25890164595
954452,305578.25890164595
954503,305578.25890164595
954505,305578.25890164595
954535,305578.25890164595
954548,305578.25890164595
954563,305578.25890164595
954578,305578.25890164595
954584,305578.25890164595
954608,305578.25890164595
954615,305578.25890164595
954627,305578.25890164595
954649,305578.25890164595
954700,305578.25890164595
954717,305578.25890164595
954721,305578.25890164595
954735,305578.25890164595
954747,305578.25890164595
954762,305578.25890164595
954787,305578.25890164595
954809,305578.25890164595
954828,305578.25890164595
954831,305578.25890164595
954867,305578.25890164595
954868,305578.25890164595
954880,305578.25890164595
954892,305578.25890164595
954911,305578.25890164595
954926,305578.25890164595
954928,305578.25890164595
954955,305578.25890164595
954963,305578.25890164595
954972,305578.25890164595
954992,305578.25890164595
955082,305578.25890164595
955110,305578.25890164595
955132,305578.25890164595
955142,305578.25890164595
955152,305578.25890164595
955153,305578.25890164595
955160,305578.25890164595
955162,305578.25890164595
955164,305578.25890164595
955189,305578.25890164595
955190,305578.25890164595
955207,305578.25890164595
955287,305578.25890164595
955308,305578.25890164595
955309,305578.25890164595
955361,305578.25890164595
955376,305578.25890164595
955429,305578.25890164595
955444,305578.25890164595
955445,305578.25890164595
955456,305578.25890164595
955502,305578.25890164595
955525,305578.25890164595
955528,305578.25890164595
955541,305578.25890164595
955557,305578.25890164595
955562,305578.25890164595
955575,305578.25890164595
955601,305578.25890164595
955609,305578.25890164595
955639,305578.25890164595
955664,305578.25890164595
955682,305578.25890164595
955700,305578.25890164595
955727,305578.25890164595
955782,305578.25890164595
955786,305578.25890164595
955801,305578.25890164595
955815,305578.25890164595
955864,305578.25890164595
955926,305578.25890164595
955932,305578.25890164595
955939,305578.25890164595
955961,305578.25890164595
955974,305578.25890164595
955994,305578.25890164595
956001,305578.25890164595
956005,305578.25890164595
956031,305578.25890164595
956035,305578.25890164595
956036,305578.25890164595
956038,305578.25890164595
956042,305578.25890164595
956044,305578.25890164595
956046,305578.25890164595
956050,305578.25890164595
956051,305578.25890164595
956130,305578.25890164595
956137,305578.25890164595
956144,305578.25890164595
956156,305578.25890164595
956187,305578.25890164595
956223,305578.25890164595
956246,305578.25890164595
956263,305578.25890164595
956304,305578.25890164595
956308,305578.25890164595
956488,305578.25890164595
956523,305578.25890164595
956535,305578.25890164595
956556,305578.25890164595
956558,305578.25890164595
956600,305578.25890164595
956627,305578.25890164595
956631,305578.25890164595
956661,305578.25890164595
956687,305578.25890164595
956694,305578.25890164595
956767,305578.25890164595
956774,305578.25890164595
956907,305578.25890164595
956962,305578.25890164595
956966,305578.25890164595
957053,305578.25890164595
957065,305578.25890164595
957149,305578.25890164595
957192,305578.25890164595
957242,305578.25890164595
957408,305578.25890164595
957420,305578.25890164595
957421,305578.25890164595
957444,305578.25890164595
957446,305578.25890164595
957539,305578.25890164595
957550,305578.25890164595
957566,305578.25890164595
957573,305578.25890164595
957608,305578.25890164595
957648,305578.25890164595
957674,305578.25890164595
957675,305578.25890164595
957676,305578.25890164595
957679,305578.25890164595
957684,305578.25890164595
957685,305578.25890164595
957687,305578.25890164595
957699,305578.25890164595
957708,305578.25890164595
957709,305578.25890164595
957720,305578.25890164595
957724,305578.25890164595
957725,305578.25890164595
957749,305578.25890164595
957758,305578.25890164595
957793,305578.25890164595
957840,305578.25890164595
957852,305578.25890164595
957875,305578.25890164595
957955,305578.25890164595
957967,305578.25890164595
957971,305578.25890164595
957987,305578.25890164595
958016,305578.25890164595
958019,305578.25890164595
958038,305578.25890164595
958045,305578.25890164595
958063,305578.25890164595
958116,305578.25890164595
958119,305578.25890164595
958190,305578.25890164595
958198,305578.25890164595
958259,305578.25890164595
958270,305578.25890164595
958285,305578.25890164595
958288,305578.25890164595
958345,305578.25890164595
958383,305578.25890164595
958422,305578.25890164595
958425,305578.25890164595
958428,305578.25890164595
958430,305578.25890164595
958447,305578.25890164595
958454,305578.25890164595
958455,305578.25890164595
958456,305578.25890164595
958493,305578.25890164595
958512,305578.25890164595
958516,305578.25890164595
958517,305578.25890164595
958519,305578.25890164595
958526,305578.25890164595
958527,305578.25890164595
958533,305578.25890164595
958535,305578.25890164595
958538,305578.25890164595
958565,305578.25890164595
958569,305578.25890164595
958570,305578.25890164595
958572,305578.25890164595
958601,305578.25890164595
958657,305578.25890164595
958666,305578.25890164595
958667,305578.25890164595
958671,305578.25890164595
958675,305578.25890164595
958676,305578.25890164595
958679,305578.25890164595
958693,305578.25890164595
958694,305578.25890164595
958697,305578.25890164595
958698,305578.25890164595
958705,305578.25890164595
958707,305578.25890164595
958770,305578.25890164595
958783,305578.25890164595
958791,305578.25890164595
958792,305578.25890164595
958793,305578.25890164595
958797,305578.25890164595
958799,305578.25890164595
958831,305578.25890164595
958839,305578.25890164595
958896,305578.25890164595
958898,305578.25890164595
958985,305578.25890164595
959021,305578.25890164595
959030,305578.25890164595
959031,305578.25890164595
959060,305578.25890164595
959112,305578.25890164595
959114,305578.25890164595
959117,305578.25890164595
959118,305578.25890164595
959121,305578.25890164595
959122,305578.25890164595
959123,305578.25890164595
959124,305578.25890164595
959125,305578.25890164595
959126,305578.25890164595
959128,305578.25890164595
959129,305578.25890164595
959130,305578.25890164595
959131,305578.25890164595
959133,305578.25890164595
959134,305578.25890164595
959142,305578.25890164595
959153,305578.25890164595
959154,305578.25890164595
959166,305578.25890164595
959224,305578.25890164595
959227,305578.25890164595
959265,305578.25890164595
959323,305578.25890164595
959324,305578.25890164595
959357,305578.25890164595
959362,305578.25890164595
959394,305578.25890164595
959419,305578.25890164595
959433,305578.25890164595
959451,305578.25890164595
959466,305578.25890164595
959468,305578.25890164595
959469,305578.25890164595
959476,305578.25890164595
959683,305578.25890164595
959723,305578.25890164595
959725,305578.25890164595
959726,305578.25890164595
959728,305578.25890164595
959741,305578.25890164595
959742,305578.25890164595
959743,305578.25890164595
959744,305578.25890164595
959757,305578.25890164595
959759,305578.25890164595
959940,305578.25890164595
959967,305578.25890164595
960018,305578.25890164595
960029,305578.25890164595
960058,305578.25890164595
960091,305578.25890164595
960118,305578.25890164595
960163,305578.25890164595
960165,305578.25890164595
960169,305578.25890164595
960226,305578.25890164595
960235,305578.25890164595
960241,305578.25890164595
960274,305578.25890164595
960275,305578.25890164595
960284,305578.25890164595
960286,305578.25890164595
960287,305578.25890164595
960289,305578.25890164595
960290,305578.25890164595
960310,305578.25890164595
960340,305578.25890164595
960362,305578.25890164595
960393,305578.25890164595
960410,305578.25890164595
960431,305578.25890164595
960451,305578.25890164595
960478,305578.25890164595
960529,305578.25890164595
960530,305578.25890164595
960581,305578.25890164595
960597,305578.25890164595
960598,305578.25890164595
960634,305578.25890164595
960687,305578.25890164595
960863,305578.25890164595
960913,305578.25890164595
960931,305578.25890164595
960946,305578.25890164595
960947,305578.25890164595
960983,305578.25890164595
961006,305578.25890164595
961035,305578.25890164595
961042,305578.25890164595
961048,305578.25890164595
961123,305578.25890164595
961141,305578.25890164595
961143,305578.25890164595
961183,305578.25890164595
961216,305578.25890164595
961226,305578.25890164595
961246,305578.25890164595
961256,305578.25890164595
961289,305578.25890164595
961337,305578.25890164595
961387,305578.25890164595
961389,305578.25890164595
961395,305578.25890164595
961408,305578.25890164595
961419,305578.25890164595
961420,305578.25890164595
961421,305578.25890164595
961452,305578.25890164595
961461,305578.25890164595
961478,305578.25890164595
961488,305578.25890164595
961489,305578.25890164595
961522,305578.25890164595
961530,305578.25890164595
961548,305578.25890164595
961574,305578.25890164595
961601,305578.25890164595
961605,305578.25890164595
961608,305578.25890164595
961609,305578.25890164595
961699,305578.25890164595
961715,305578.25890164595
961768,305578.25890164595
961788,305578.25890164595
961789,305578.25890164595
961790,305578.25890164595
961791,305578.25890164595
961792,305578.25890164595
961817,305578.25890164595
961822,305578.25890164595
961854,305578.25890164595
961872,305578.25890164595
961877,305578.25890164595
961882,305578.25890164595
962051,305578.25890164595
962065,305578.25890164595
962066,305578.25890164595
962080,305578.25890164595
962082,305578.25890164595
962083,305578.25890164595
962090,305578.25890164595
962109,305578.25890164595
962116,305578.25890164595
962141,305578.25890164595
962144,305578.25890164595
962159,305578.25890164595
962160,305578.25890164595
962165,305578.25890164595
962176,305578.25890164595
962178,305578.25890164595
962179,305578.25890164595
962180,305578.25890164595
962181,305578.25890164595
962182,305578.25890164595
962184,305578.25890164595
962186,305578.25890164595
962217,305578.25890164595
962219,305578.25890164595
962225,305578.25890164595
962235,305578.25890164595
962236,305578.25890164595
962263,305578.25890164595
962287,305578.25890164595
962316,305578.25890164595
962319,305578.25890164595
962336,305578.25890164595
962412,305578.25890164595
962416,305578.25890164595
962419,305578.25890164595
962438,305578.25890164595
962448,305578.25890164595
962501,305578.25890164595
962520,305578.25890164595
962546,305578.25890164595
962551,305578.25890164595
962559,305578.25890164595
962567,305578.25890164595
962572,305578.25890164595
962579,305578.25890164595
962585,305578.25890164595
962586,305578.25890164595
962591,305578.25890164595
962592,305578.25890164595
962630,305578.25890164595
962635,305578.25890164595
962677,305578.25890164595
962728,305578.25890164595
962755,305578.25890164595
962778,305578.25890164595
962796,305578.25890164595
962835,305578.25890164595
962839,305578.25890164595
962845,305578.25890164595
962907,305578.25890164595
962922,305578.25890164595
963001,305578.25890164595
963003,305578.25890164595
963019,305578.25890164595
963020,305578.25890164595
963022,305578.25890164595
963023,305578.25890164595
963041,305578.25890164595
963049,305578.25890164595
963118,305578.25890164595
963122,305578.25890164595
963130,305578.25890164595
963165,305578.25890164595
963199,305578.25890164595
963205,305578.25890164595
963229,305578.25890164595
963313,305578.25890164595
963314,305578.25890164595
963319,305578.25890164595
963325,305578.25890164595
963327,305578.25890164595
963340,305578.25890164595
963362,305578.25890164595
963366,305578.25890164595
963375,305578.25890164595
963378,305578.25890164595
963381,305578.25890164595
963447,305578.25890164595
963472,305578.25890164595
963488,305578.25890164595
963490,305578.25890164595
963539,305578.25890164595
963651,305578.25890164595
963676,305578.25890164595
963682,305578.25890164595
963837,305578.25890164595
963857,305578.25890164595
963905,305578.25890164595
963929,305578.25890164595
963960,305578.25890164595
963971,305578.25890164595
963973,305578.25890164595
963986,305578.25890164595
964018,305578.25890164595
964048,305578.25890164595
964049,305578.25890164595
964055,305578.25890164595
964098,305578.25890164595
964135,305578.25890164595
964156,305578.25890164595
964157,305578.25890164595
964171,305578.25890164595
964207,305578.25890164595
964208,305578.25890164595
964209,305578.25890164595
964271,305578.25890164595
964304,305578.25890164595
964312,305578.25890164595
964314,305578.25890164595
964333,305578.25890164595
964369,305578.25890164595
964488,305578.25890164595
964527,305578.25890164595
964570,305578.25890164595
964580,305578.25890164595
964591,305578.25890164595
964592,305578.25890164595
964593,305578.25890164595
964595,305578.25890164595
964622,305578.25890164595
964625,305578.25890164595
964642,305578.25890164595
964705,305578.25890164595
964813,305578.25890164595
964839,305578.25890164595
964849,305578.25890164595
964911,305578.25890164595
964984,305578.25890164595
964997,305578.25890164595
965033,305578.25890164595
965053,305578.25890164595
965089,305578.25890164595
965099,305578.25890164595
965116,305578.25890164595
965131,305578.25890164595
965145,305578.25890164595
965153,305578.25890164595
965176,305578.25890164595
965182,305578.25890164595
965184,305578.25890164595
965201,305578.25890164595
965216,305578.25890164595
965242,305578.25890164595
965260,305578.25890164595
965262,305578.25890164595
965305,305578.25890164595
965315,305578.25890164595
965320,305578.25890164595
965321,305578.25890164595
965322,305578.25890164595
965324,305578.25890164595
965325,305578.25890164595
965326,305578.25890164595
965341,305578.25890164595
965342,305578.25890164595
965346,305578.25890164595
965349,305578.25890164595
965438,305578.25890164595
965466,305578.25890164595
965474,305578.25890164595
965499,305578.25890164595
965515,305578.25890164595
965560,305578.25890164595
965648,305578.25890164595
965688,305578.25890164595
965717,305578.25890164595
965754,305578.25890164595
965792,305578.25890164595
965794,305578.25890164595
965821,305578.25890164595
965856,305578.25890164595
965860,305578.25890164595
965954,305578.25890164595
965967,305578.25890164595
965968,305578.25890164595
965975,305578.25890164595
965981,305578.25890164595
965989,305578.25890164595
965993,305578.25890164595
966015,305578.25890164595
966059,305578.25890164595
966070,305578.25890164595
966074,305578.25890164595
966123,305578.25890164595
966139,305578.25890164595
966205,305578.25890164595
966220,305578.25890164595
966221,305578.25890164595
966238,305578.25890164595
966269,305578.25890164595
966276,305578.25890164595
966385,305578.25890164595
966397,305578.25890164595
966400,305578.25890164595
966406,305578.25890164595
966407,305578.25890164595
966413,305578.25890164595
966548,305578.25890164595
966549,305578.25890164595
966562,305578.25890164595
966579,305578.25890164595
966639,305578.25890164595
966650,305578.25890164595
966654,305578.25890164595
966664,305578.25890164595
966674,305578.25890164595
966692,305578.25890164595
966729,305578.25890164595
966732,305578.25890164595
966736,305578.25890164595
966737,305578.25890164595
966740,305578.25890164595
966773,305578.25890164595
966776,305578.25890164595
966777,305578.25890164595
966785,305578.25890164595
966863,305578.25890164595
966867,305578.25890164595
966884,305578.25890164595
967014,305578.25890164595
967027,305578.25890164595
967032,305578.25890164595
967048,305578.25890164595
967051,305578.25890164595
967073,305578.25890164595
967078,305578.25890164595
967082,305578.25890164595
967103,305578.25890164595
967105,305578.25890164595
967112,305578.25890164595
967117,305578.25890164595
967166,305578.25890164595
967193,305578.25890164595
967213,305578.25890164595
967243,305578.25890164595
967255,305578.25890164595
967256,305578.25890164595
967274,305578.25890164595
967362,305578.25890164595
967411,305578.25890164595
967424,305578.25890164595
967430,305578.25890164595
967440,305578.25890164595
967447,305578.25890164595
967477,305578.25890164595
967478,305578.25890164595
967479,305578.25890164595
967480,305578.25890164595
967481,305578.25890164595
967482,305578.25890164595
967517,305578.25890164595
967546,305578.25890164595
967589,305578.25890164595
967639,305578.25890164595
967656,305578.25890164595
967666,305578.25890164595
967726,305578.25890164595
967727,305578.25890164595
967768,305578.25890164595
967803,305578.25890164595
967816,305578.25890164595
967891,305578.25890164595
967966,305578.25890164595
967985,305578.25890164595
967996,305578.25890164595
968019,305578.25890164595
968035,305578.25890164595
968063,305578.25890164595
968149,305578.25890164595
968159,305578.25890164595
968186,305578.25890164595
968187,305578.25890164595
968188,305578.25890164595
968215,305578.25890164595
968217,305578.25890164595
968228,305578.25890164595
968232,305578.25890164595
968238,305578.25890164595
968240,305578.25890164595
968277,305578.25890164595
968292,305578.25890164595
968333,305578.25890164595
968353,305578.25890164595
968365,305578.25890164595
968442,305578.25890164595
968487,305578.25890164595
968527,305578.25890164595
968535,305578.25890164595
968598,305578.25890164595
968605,305578.25890164595
968628,305578.25890164595
968631,305578.25890164595
968633,305578.25890164595
968723,305578.25890164595
968786,305578.25890164595
968788,305578.25890164595
968812,305578.25890164595
968839,305578.25890164595
968898,305578.25890164595
968899,305578.25890164595
968907,305578.25890164595
968908,305578.25890164595
968942,305578.25890164595
968974,305578.25890164595
968981,305578.25890164595
968986,305578.25890164595
968991,305578.25890164595
969006,305578.25890164595
969040,305578.25890164595
969050,305578.25890164595
969082,305578.25890164595
969083,305578.25890164595
969126,305578.25890164595
969168,305578.25890164595
969211,305578.25890164595
969215,305578.25890164595
969216,305578.25890164595
969312,305578.25890164595
969313,305578.25890164595
969332,305578.25890164595
969338,305578.25890164595
969382,305578.25890164595
969384,305578.25890164595
969386,305578.25890164595
969420,305578.25890164595
969432,305578.25890164595
969434,305578.25890164595
969465,305578.25890164595
969484,305578.25890164595
969486,305578.25890164595
969510,305578.25890164595
969529,305578.25890164595
969551,305578.25890164595
969572,305578.25890164595
969592,305578.25890164595
969597,305578.25890164595
969753,305578.25890164595
969763,305578.25890164595
969791,305578.25890164595
969793,305578.25890164595
969821,305578.25890164595
969838,305578.25890164595
969862,305578.25890164595
969873,305578.25890164595
969882,305578.25890164595
969889,305578.25890164595
969891,305578.25890164595
969926,305578.25890164595
969928,305578.25890164595
969929,305578.25890164595
969933,305578.25890164595
969954,305578.25890164595
970078,305578.25890164595
970079,305578.25890164595
970210,305578.25890164595
970216,305578.25890164595
970312,305578.25890164595
970329,305578.25890164595
970398,305578.25890164595
970400,305578.25890164595
970401,305578.25890164595
970404,305578.25890164595
970405,305578.25890164595
970412,305578.25890164595
970427,305578.25890164595
970442,305578.25890164595
970459,305578.25890164595
970491,305578.25890164595
970585,305578.25890164595
970587,305578.25890164595
970654,305578.25890164595
970657,305578.25890164595
970705,305578.25890164595
970711,305578.25890164595
970714,305578.25890164595
970728,305578.25890164595
970764,305578.25890164595
970771,305578.25890164595
970786,305578.25890164595
970817,305578.25890164595
970868,305578.25890164595
970888,305578.25890164595
970947,305578.25890164595
970961,305578.25890164595
970980,305578.25890164595
970988,305578.25890164595
971011,305578.25890164595
971020,305578.25890164595
971029,305578.25890164595
971033,305578.25890164595
971083,305578.25890164595
971088,305578.25890164595
971102,305578.25890164595
971111,305578.25890164595
971160,305578.25890164595
971222,305578.25890164595
971235,305578.25890164595
971238,305578.25890164595
971248,305578.25890164595
971264,305578.25890164595
971332,305578.25890164595
971401,305578.25890164595
971433,305578.25890164595
971445,305578.25890164595
971483,305578.25890164595
971505,305578.25890164595
971510,305578.25890164595
971557,305578.25890164595
971558,305578.25890164595
971561,305578.25890164595
971563,305578.25890164595
971591,305578.25890164595
971615,305578.25890164595
971627,305578.25890164595
971633,305578.25890164595
971661,305578.25890164595
971666,305578.25890164595
971673,305578.25890164595
971685,305578.25890164595
971688,305578.25890164595
971731,305578.25890164595
971733,305578.25890164595
971748,305578.25890164595
971779,305578.25890164595
971780,305578.25890164595
971794,305578.25890164595
971800,305578.25890164595
971828,305578.25890164595
971852,305578.25890164595
971853,305578.25890164595
971869,305578.25890164595
971893,305578.25890164595
971896,305578.25890164595
971941,305578.25890164595
971953,305578.25890164595
971973,305578.25890164595
971981,305578.25890164595
972061,305578.25890164595
972062,305578.25890164595
972118,305578.25890164595
972189,305578.25890164595
972259,305578.25890164595
972279,305578.25890164595
972291,305578.25890164595
972303,305578.25890164595
972341,305578.25890164595
972396,305578.25890164595
972409,305578.25890164595
972423,305578.25890164595
972428,305578.25890164595
972438,305578.25890164595
972457,305578.25890164595
972463,305578.25890164595
972466,305578.25890164595
972471,305578.25890164595
972475,305578.25890164595
972507,305578.25890164595
972521,305578.25890164595
972525,305578.25890164595
972565,305578.25890164595
972580,305578.25890164595
972715,305578.25890164595
972769,305578.25890164595
972838,305578.25890164595
972842,305578.25890164595
972867,305578.25890164595
972923,305578.25890164595
973030,305578.25890164595
973244,305578.25890164595
973273,305578.25890164595
973296,305578.25890164595
973300,305578.25890164595
973304,305578.25890164595
973322,305578.25890164595
973360,305578.25890164595
973361,305578.25890164595
973392,305578.25890164595
973393,305578.25890164595
973399,305578.25890164595
973409,305578.25890164595
973625,305578.25890164595
973626,305578.25890164595
973674,305578.25890164595
973790,305578.25890164595
973799,305578.25890164595
973800,305578.25890164595
973808,305578.25890164595
973816,305578.25890164595
973848,305578.25890164595
973849,305578.25890164595
973850,305578.25890164595
973852,305578.25890164595
973913,305578.25890164595
973914,305578.25890164595
973919,305578.25890164595
973923,305578.25890164595
973931,305578.25890164595
973933,305578.25890164595
973936,305578.25890164595
973937,305578.25890164595
973938,305578.25890164595
973939,305578.25890164595
973974,305578.25890164595
973997,305578.25890164595
973998,305578.25890164595
974004,305578.25890164595
974009,305578.25890164595
974010,305578.25890164595
974011,305578.25890164595
974029,305578.25890164595
974044,305578.25890164595
974062,305578.25890164595
974122,305578.25890164595
974123,305578.25890164595
974125,305578.25890164595
974128,305578.25890164595
974129,305578.25890164595
974130,305578.25890164595
974132,305578.25890164595
974138,305578.25890164595
974182,305578.25890164595
974209,305578.25890164595
974288,305578.25890164595
974291,305578.25890164595
974321,305578.25890164595
974325,305578.25890164595
974329,305578.25890164595
974335,305578.25890164595
974337,305578.25890164595
974363,305578.25890164595
974365,305578.25890164595
974370,305578.25890164595
974406,305578.25890164595
974407,305578.25890164595
974432,305578.25890164595
974460,305578.25890164595
974472,305578.25890164595
974498,305578.25890164595
974527,305578.25890164595
974566,305578.25890164595
974570,305578.25890164595
974571,305578.25890164595
974605,305578.25890164595
974625,305578.25890164595
974627,305578.25890164595
974737,305578.25890164595
974748,305578.25890164595
974756,305578.25890164595
974802,305578.25890164595
974803,305578.25890164595
974848,305578.25890164595
974863,305578.25890164595
974957,305578.25890164595
974995,305578.25890164595
975004,305578.25890164595
975034,305578.25890164595
975045,305578.25890164595
975064,305578.25890164595
975094,305578.25890164595
975113,305578.25890164595
975121,305578.25890164595
975142,305578.25890164595
975189,305578.25890164595
975204,305578.25890164595
975684,305578.25890164595
975738,305578.25890164595
975893,305578.25890164595
975960,305578.25890164595
975965,305578.25890164595
975971,305578.25890164595
975973,305578.25890164595
976102,305578.25890164595
976136,305578.25890164595
976176,305578.25890164595
976194,305578.25890164595
976223,305578.25890164595
976790,305578.25890164595
976796,305578.25890164595
976831,305578.25890164595
976844,305578.25890164595
976846,305578.25890164595
976869,305578.25890164595
976876,305578.25890164595
976942,305578.25890164595
976948,305578.25890164595
977106,305578.25890164595
977126,305578.25890164595
977160,305578.25890164595
977222,305578.25890164595
977224,305578.25890164595
977232,305578.25890164595
977312,305578.25890164595
977316,305578.25890164595
977321,305578.25890164595
977324,305578.25890164595
977326,305578.25890164595
977344,305578.25890164595
977374,305578.25890164595
977376,305578.25890164595
977377,305578.25890164595
977379,305578.25890164595
977412,305578.25890164595
977458,305578.25890164595
977460,305578.25890164595
977464,305578.25890164595
977488,305578.25890164595
977506,305578.25890164595
977613,305578.25890164595
977650,305578.25890164595
977652,305578.25890164595
977653,305578.25890164595
977658,305578.25890164595
977661,305578.25890164595
977687,305578.25890164595
977726,305578.25890164595
977754,305578.25890164595
977778,305578.25890164595
977783,305578.25890164595
977790,305578.25890164595
977815,305578.25890164595
977816,305578.25890164595
977850,305578.25890164595
977854,305578.25890164595
977860,305578.25890164595
977892,305578.25890164595
977893,305578.25890164595
977908,305578.25890164595
977923,305578.25890164595
977960,305578.25890164595
977971,305578.25890164595
978147,305578.25890164595
978197,305578.25890164595
978202,305578.25890164595
978203,305578.25890164595
978279,305578.25890164595
978321,305578.25890164595
978322,305578.25890164595
978325,305578.25890164595
978329,305578.25890164595
978331,305578.25890164595
978334,305578.25890164595
978348,305578.25890164595
978375,305578.25890164595
978425,305578.25890164595
978427,305578.25890164595
978429,305578.25890164595
978432,305578.25890164595
978444,305578.25890164595
978449,305578.25890164595
978673,305578.25890164595
978695,305578.25890164595
978730,305578.25890164595
978731,305578.25890164595
978753,305578.25890164595
978765,305578.25890164595
978789,305578.25890164595
978795,305578.25890164595
978858,305578.25890164595
978906,305578.25890164595
978909,305578.25890164595
978910,305578.25890164595
978912,305578.25890164595
978935,305578.25890164595
978958,305578.25890164595
978959,305578.25890164595
978999,305578.25890164595
979014,305578.25890164595
979050,305578.25890164595
979051,305578.25890164595
979084,305578.25890164595
979101,305578.25890164595
979108,305578.25890164595
979121,305578.25890164595
979131,305578.25890164595
979175,305578.25890164595
979191,305578.25890164595
979243,305578.25890164595
979248,305578.25890164595
979249,305578.25890164595
979256,305578.25890164595
979279,305578.25890164595
979282,305578.25890164595
979283,305578.25890164595
979319,305578.25890164595
979358,305578.25890164595
979369,305578.25890164595
979393,305578.25890164595
979403,305578.25890164595
979443,305578.25890164595
979445,305578.25890164595
979447,305578.25890164595
979449,305578.25890164595
979453,305578.25890164595
979457,305578.25890164595
979458,305578.25890164595
979468,305578.25890164595
979551,305578.25890164595
979584,305578.25890164595
979587,305578.25890164595
979595,305578.25890164595
979642,305578.25890164595
979659,305578.25890164595
979665,305578.25890164595
979679,305578.25890164595
979743,305578.25890164595
979750,305578.25890164595
979751,305578.25890164595
979812,305578.25890164595
979832,305578.25890164595
979837,305578.25890164595
979853,305578.25890164595
979854,305578.25890164595
979931,305578.25890164595
980083,305578.25890164595
980197,305578.25890164595
980233,305578.25890164595
980239,305578.25890164595
980240,305578.25890164595
980273,305578.25890164595
980329,305578.25890164595
980330,305578.25890164595
980349,305578.25890164595
980411,305578.25890164595
980460,305578.25890164595
980526,305578.25890164595
980552,305578.25890164595
980564,305578.25890164595
980566,305578.25890164595
980601,305578.25890164595
980692,305578.25890164595
980751,305578.25890164595
980849,305578.25890164595
980863,305578.25890164595
980864,305578.25890164595
980867,305578.25890164595
980942,305578.25890164595
980981,305578.25890164595
981136,305578.25890164595
981167,305578.25890164595
981169,305578.25890164595
981268,305578.25890164595
981269,305578.25890164595
981270,305578.25890164595
981332,305578.25890164595
981380,305578.25890164595
981464,305578.25890164595
981671,305578.25890164595
981683,305578.25890164595
981684,305578.25890164595
981685,305578.25890164595
981689,305578.25890164595
981696,305578.25890164595
981697,305578.25890164595
981698,305578.25890164595
981699,305578.25890164595
981714,305578.25890164595
981742,305578.25890164595
981894,305578.25890164595
981947,305578.25890164595
982012,305578.25890164595
982055,305578.25890164595
982274,305578.25890164595
982285,305578.25890164595
983029,305578.25890164595
983030,305578.25890164595
983126,305578.25890164595
983170,305578.25890164595
983293,305578.25890164595
983294,305578.25890164595
983298,305578.25890164595
983374,305578.25890164595
983378,305578.25890164595
983651,305578.25890164595
983752,305578.25890164595
984096,305578.25890164595
984122,305578.25890164595
984320,305578.25890164595
984322,305578.25890164595
984733,305578.25890164595
984734,305578.25890164595
984768,305578.25890164595
984892,305578.25890164595
985039,305578.25890164595
985041,305578.25890164595
985042,305578.25890164595
985043,305578.25890164595
985119,305578.25890164595
985151,305578.25890164595
985154,305578.25890164595
985156,305578.25890164595
985159,305578.25890164595
985161,305578.25890164595
985165,305578.25890164595
985166,305578.25890164595
985167,305578.25890164595
985313,305578.25890164595
985320,305578.25890164595
985337,305578.25890164595
985364,305578.25890164595
985407,305578.25890164595
985520,305578.25890164595
985545,305578.25890164595
985670,305578.25890164595
985683,305578.25890164595
985684,305578.25890164595
985767,305578.25890164595
985811,305578.25890164595
985813,305578.25890164595
985814,305578.25890164595
985815,305578.25890164595
985818,305578.25890164595
985840,305578.25890164595
985841,305578.25890164595
985981,305578.25890164595
986056,305578.25890164595
986103,305578.25890164595
986115,305578.25890164595
986139,305578.25890164595
986207,305578.25890164595
986208,305578.25890164595
986212,305578.25890164595
986213,305578.25890164595
986214,305578.25890164595
986274,305578.25890164595
986275,305578.25890164595
986390,305578.25890164595
986417,305578.25890164595
986512,305578.25890164595
986616,305578.25890164595
986618,305578.25890164595
987237,305578.25890164595
987240,305578.25890164595
987247,305578.25890164595
987346,305578.25890164595
987563,305578.25890164595
987614,305578.25890164595
987631,305578.25890164595
987671,305578.25890164595
987844,305578.25890164595
987916,305578.25890164595
987959,305578.25890164595
988030,305578.25890164595
988085,305578.25890164595
988120,305578.25890164595
988128,305578.25890164595
988131,305578.25890164595
988330,305578.25890164595
988404,305578.25890164595
988522,305578.25890164595
988664,305578.25890164595
988763,305578.25890164595
988798,305578.25890164595
988844,305578.25890164595
988874,305578.25890164595
988876,305578.25890164595
988929,305578.25890164595
988942,305578.25890164595
988993,305578.25890164595
989061,305578.25890164595
989298,305578.25890164595
989301,305578.25890164595
989302,305578.25890164595
989305,305578.25890164595
989372,305578.25890164595
989373,305578.25890164595
989378,305578.25890164595
989379,305578.25890164595
989380,305578.25890164595
989419,305578.25890164595
989524,305578.25890164595
989588,305578.25890164595
989589,305578.25890164595
989592,305578.25890164595
989593,305578.25890164595
989666,305578.25890164595
989733,305578.25890164595
989814,305578.25890164595
989873,305578.25890164595
989876,305578.25890164595
989903,305578.25890164595
989933,305578.25890164595
989942,305578.25890164595
989988,305578.25890164595
989990,305578.25890164595
989996,305578.25890164595
990011,305578.25890164595
990133,305578.25890164595
990149,305578.25890164595
990150,305578.25890164595
990151,305578.25890164595
990152,305578.25890164595
990166,305578.25890164595
990272,305578.25890164595
990286,305578.25890164595
990330,305578.25890164595
991069,305578.25890164595
991073,305578.25890164595
991157,305578.25890164595
991199,305578.25890164595
991266,305578.25890164595
991272,305578.25890164595
991278,305578.25890164595
991349,305578.25890164595
991352,305578.25890164595
991425,305578.25890164595
991464,305578.25890164595
991467,305578.25890164595
991468,305578.25890164595
991469,305578.25890164595
991475,305578.25890164595
991477,305578.25890164595
991480,305578.25890164595
991487,305578.25890164595
991490,305578.25890164595
991616,305578.25890164595
991701,305578.25890164595
991703,305578.25890164595
991720,305578.25890164595
991738,305578.25890164595
991812,305578.25890164595
991825,305578.25890164595
991826,305578.25890164595
991832,305578.25890164595
991836,305578.25890164595
991895,305578.25890164595
991908,305578.25890164595
991913,305578.25890164595
991940,305578.25890164595
992565,305578.25890164595
992574,305578.25890164595
992717,305578.25890164595
992721,305578.25890164595
992722,305578.25890164595
992724,305578.25890164595
992726,305578.25890164595
992727,305578.25890164595
992728,305578.25890164595
992745,305578.25890164595
992746,305578.25890164595
992775,305578.25890164595
992783,305578.25890164595
992832,305578.25890164595
992874,305578.25890164595
992899,305578.25890164595
992904,305578.25890164595
992948,305578.25890164595
992977,305578.25890164595
992988,305578.25890164595
993216,305578.25890164595
993459,305578.25890164595
993468,305578.25890164595
993509,305578.25890164595
993527,305578.25890164595
994032,305578.25890164595
994088,305578.25890164595
994215,305578.25890164595
994299,305578.25890164595
994506,305578.25890164595
994507,305578.25890164595
994530,305578.25890164595
994764,305578.25890164595
994812,305578.25890164595
994814,305578.25890164595
994834,305578.25890164595
994906,305578.25890164595
994936,305578.25890164595
994956,305578.25890164595
994960,305578.25890164595
994983,305578.25890164595
994991,305578.25890164595
994995,305578.25890164595
995000,305578.25890164595
995001,305578.25890164595
995007,305578.25890164595
995008,305578.25890164595
995021,305578.25890164595
995031,305578.25890164595
995035,305578.25890164595
995036,305578.25890164595
995042,305578.25890164595
995044,305578.25890164595
995055,305578.25890164595
995057,305578.25890164595
995076,305578.25890164595
995118,305578.25890164595
995133,305578.25890164595
995142,305578.25890164595
995260,305578.25890164595
995313,305578.25890164595
995352,305578.25890164595
995366,305578.25890164595
995437,305578.25890164595
995479,305578.25890164595
995619,305578.25890164595
995646,305578.25890164595
995669,305578.25890164595
995780,305578.25890164595
995874,305578.25890164595
995916,305578.25890164595
995946,305578.25890164595
995947,305578.25890164595
995948,305578.25890164595
996053,305578.25890164595
996103,305578.25890164595
996178,305578.25890164595
996180,305578.25890164595
996184,305578.25890164595
996364,305578.25890164595
996473,305578.25890164595
996581,305578.25890164595
996796,305578.25890164595
996804,305578.25890164595
997041,305578.25890164595
997166,305578.25890164595
997167,305578.25890164595
997168,305578.25890164595
997186,305578.25890164595
997196,305578.25890164595
997244,305578.25890164595
997245,305578.25890164595
997392,305578.25890164595
997403,305578.25890164595
997443,305578.25890164595
997541,305578.25890164595
997542,305578.25890164595
997691,305578.25890164595
997755,305578.25890164595
997773,305578.25890164595
997774,305578.25890164595
997795,305578.25890164595
997808,305578.25890164595
997935,305578.25890164595
998092,305578.25890164595
998095,305578.25890164595
998098,305578.25890164595
998275,305578.25890164595
998276,305578.25890164595
998376,305578.25890164595
998498,305578.25890164595
998564,305578.25890164595
998567,305578.25890164595
998574,305578.25890164595
998575,305578.25890164595
998577,305578.25890164595
998615,305578.25890164595
998616,305578.25890164595
998620,305578.25890164595
998621,305578.25890164595
998622,305578.25890164595
998624,305578.25890164595
998645,305578.25890164595
998646,305578.25890164595
998649,305578.25890164595
998650,305578.25890164595
998651,305578.25890164595
998862,305578.25890164595
998925,305578.25890164595
999025,305578.25890164595
999050,305578.25890164595
999543,305578.25890164595
999625,305578.25890164595
999712,305578.25890164595
999754,305578.25890164595
999960,305578.25890164595
1000541,305578.25890164595
1000644,305578.25890164595
1000692,305578.25890164595
1000727,305578.25890164595
1001116,305578.25890164595
1001294,305578.25890164595
1001409,305578.25890164595
1001421,305578.25890164595
1001616,305578.25890164595
1001945,305578.25890164595
1001991,305578.25890164595
1002183,305578.25890164595
1002319,305578.25890164595
1002326,305578.25890164595
1002411,305578.25890164595
1002412,305578.25890164595
1002571,305578.25890164595
1002606,305578.25890164595
1002607,305578.25890164595
1002626,305578.25890164595
1002643,305578.25890164595
1002658,305578.25890164595
1002678,305578.25890164595
1002694,305578.25890164595
1002727,305578.25890164595
1002742,305578.25890164595
1002822,305578.25890164595
1002827,305578.25890164595
1002861,305578.25890164595
1002863,305578.25890164595
1002864,305578.25890164595
1002865,305578.25890164595
1003030,305578.25890164595
1003043,305578.25890164595
1003047,305578.25890164595
1003089,305578.25890164595
1003171,305578.25890164595
1003257,305578.25890164595
1003435,305578.25890164595
1003611,305578.25890164595
1003612,305578.25890164595
1003619,305578.25890164595
1003639,305578.25890164595
1003692,305578.25890164595
1003816,305578.25890164595
1003817,305578.25890164595
1003836,305578.25890164595
1003840,305578.25890164595
1003859,305578.25890164595
1003902,305578.25890164595
1003907,305578.25890164595
1003940,305578.25890164595
1003956,305578.25890164595
1003974,305578.25890164595
1003976,305578.25890164595
1003980,305578.25890164595
1003985,305578.25890164595
1003988,305578.25890164595
1004037,305578.25890164595
1004051,305578.25890164595
1004069,305578.25890164595
1004074,305578.25890164595
1004075,305578.25890164595
1004084,305578.25890164595
1004189,305578.25890164595
1004217,305578.25890164595
1004262,305578.25890164595
1004284,305578.25890164595
1004331,305578.25890164595
1004336,305578.25890164595
1004413,305578.25890164595
1004421,305578.25890164595
1004490,305578.25890164595
1004566,305578.25890164595
1004579,305578.25890164595
1004675,305578.25890164595
1004832,305578.25890164595
1004935,305578.25890164595
1005039,305578.25890164595
1005060,305578.25890164595
1005124,305578.25890164595
1005127,305578.25890164595
1005128,305578.25890164595
1005129,305578.25890164595
1005130,305578.25890164595
1005132,305578.25890164595
1005134,305578.25890164595
1005138,305578.25890164595
1005236,305578.25890164595
1005238,305578.25890164595
1005262,305578.25890164595
1005413,305578.25890164595
1005464,305578.25890164595
1005466,305578.25890164595
1005467,305578.25890164595
1005547,305578.25890164595
1005674,305578.25890164595
1005675,305578.25890164595
1005710,305578.25890164595
1005732,305578.25890164595
1005936,305578.25890164595
1005980,305578.25890164595
1005986,305578.25890164595
1005987,305578.25890164595
1006073,305578.25890164595
1006141,305578.25890164595
1006421,305578.25890164595
1006494,305578.25890164595
1006532,305578.25890164595
1006557,305578.25890164595
1006674,305578.25890164595
1006675,305578.25890164595
1006761,305578.25890164595
1006797,305578.25890164595
1006798,305578.25890164595
1006876,305578.25890164595
1006880,305578.25890164595
1006988,305578.25890164595
1007061,305578.25890164595
1007082,305578.25890164595
1007101,305578.25890164595
1007108,305578.25890164595
1007109,305578.25890164595
1007172,305578.25890164595
1007233,305578.25890164595
1007235,305578.25890164595
1007239,305578.25890164595
1007271,305578.25890164595
1007352,305578.25890164595
1007401,305578.25890164595
1007430,305578.25890164595
1007571,305578.25890164595
1007600,305578.25890164595
1007789,305578.25890164595
1007797,305578.25890164595
1007830,305578.25890164595
1007849,305578.25890164595
1007856,305578.25890164595
1007857,305578.25890164595
1007917,305578.25890164595
1007967,305578.25890164595
1007994,305578.25890164595
1008148,305578.25890164595
1008157,305578.25890164595
1008169,305578.25890164595
1008170,305578.25890164595
1008173,305578.25890164595
1008307,305578.25890164595
1008308,305578.25890164595
1008352,305578.25890164595
1008357,305578.25890164595
1008358,305578.25890164595
1008361,305578.25890164595
1008386,305578.25890164595
1008418,305578.25890164595
1008428,305578.25890164595
1008433,305578.25890164595
1008501,305578.25890164595
1008510,305578.25890164595
1008550,305578.25890164595
1008563,305578.25890164595
1008564,305578.25890164595
1008595,305578.25890164595
1008641,305578.25890164595
1008677,305578.25890164595
1008707,305578.25890164595
1008732,305578.25890164595
1008734,305578.25890164595
1008741,305578.25890164595
1008744,305578.25890164595
1008749,305578.25890164595
1008759,305578.25890164595
1008760,305578.25890164595
1008803,305578.25890164595
1008804,305578.25890164595
1008805,305578.25890164595
1008829,305578.25890164595
1008833,305578.25890164595
1008838,305578.25890164595
1008855,305578.25890164595
1008862,305578.25890164595
1008878,305578.25890164595
1008892,305578.25890164595
1008914,305578.25890164595
1008927,305578.25890164595
1008932,305578.25890164595
1009016,305578.25890164595
1009077,305578.25890164595
1009084,305578.25890164595
1009088,305578.25890164595
1009218,305578.25890164595
1009229,305578.25890164595
1009308,305578.25890164595
1009310,305578.25890164595
1009337,305578.25890164595
1009366,305578.25890164595
1009424,305578.25890164595
1009487,305578.25890164595
1009509,305578.25890164595
1009510,305578.25890164595
1009517,305578.25890164595
1009520,305578.25890164595
1009528,305578.25890164595
1009530,305578.25890164595
1009531,305578.25890164595
1009532,305578.25890164595
1009533,305578.25890164595
1009534,305578.25890164595
1009535,305578.25890164595
1009590,305578.25890164595
1009596,305578.25890164595
1009672,305578.25890164595
1009736,305578.25890164595
1009859,305578.25890164595
1009864,305578.25890164595
1009866,305578.25890164595
1009891,305578.25890164595
1009942,305578.25890164595
1009948,305578.25890164595
1009965,305578.25890164595
1009970,305578.25890164595
1010054,305578.25890164595
1010066,305578.25890164595
1010068,305578.25890164595
1010069,305578.25890164595
1010104,305578.25890164595
1010110,305578.25890164595
1010185,305578.25890164595
1010186,305578.25890164595
1010276,305578.25890164595
1010411,305578.25890164595
1010542,305578.25890164595
1010544,305578.25890164595
1010584,305578.25890164595
1010592,305578.25890164595
1010667,305578.25890164595
1010678,305578.25890164595
1010679,305578.25890164595
1010680,305578.25890164595
1010686,305578.25890164595
1010704,305578.25890164595
1010740,305578.25890164595
1010833,305578.25890164595
1010913,305578.25890164595
1010950,305578.25890164595
1010951,305578.25890164595
1010980,305578.25890164595
1010999,305578.25890164595
1011028,305578.25890164595
1011032,305578.25890164595
1011122,305578.25890164595
1011132,305578.25890164595
1011134,305578.25890164595
1011135,305578.25890164595
1011148,305578.25890164595
1011150,305578.25890164595
1011203,305578.25890164595
1011204,305578.25890164595
1011275,305578.25890164595
1011335,305578.25890164595
1011414,305578.25890164595
1011429,305578.25890164595
1011430,305578.25890164595
1011489,305578.25890164595
1011573,305578.25890164595
1011574,305578.25890164595
1011701,305578.25890164595
1011778,305578.25890164595
1011854,305578.25890164595
1011914,305578.25890164595
1012038,305578.25890164595
1012128,305578.25890164595
1012273,305578.25890164595
1012311,305578.25890164595
1012320,305578.25890164595
1012331,305578.25890164595
1012332,305578.25890164595
1012339,305578.25890164595
1012507,305578.25890164595
1012542,305578.25890164595
1012574,305578.25890164595
1012587,305578.25890164595
1012712,305578.25890164595
1012714,305578.25890164595
1012716,305578.25890164595
1012752,305578.25890164595
1012830,305578.25890164595
1012898,305578.25890164595
1012945,305578.25890164595
1013031,305578.25890164595
1013155,305578.25890164595
1013161,305578.25890164595
1013177,305578.25890164595
1013187,305578.25890164595
1013234,305578.25890164595
1013244,305578.25890164595
1013288,305578.25890164595
1013290,305578.25890164595
1013352,305578.25890164595
1013443,305578.25890164595
1013494,305578.25890164595
1013507,305578.25890164595
1013544,305578.25890164595
1013547,305578.25890164595
1013630,305578.25890164595
1013704,305578.25890164595
1013740,305578.25890164595
1013742,305578.25890164595
1013743,305578.25890164595
1013786,305578.25890164595
1013962,305578.25890164595
1014083,305578.25890164595
1014108,305578.25890164595
1014164,305578.25890164595
1014237,305578.25890164595
1014240,305578.25890164595
1014368,305578.25890164595
1014476,305578.25890164595
1014483,305578.25890164595
1014498,305578.25890164595
1014551,305578.25890164595
1014571,305578.25890164595
1014624,305578.25890164595
1014635,305578.25890164595
1014637,305578.25890164595
1014638,305578.25890164595
1014641,305578.25890164595
1014665,305578.25890164595
1014669,305578.25890164595
1014738,305578.25890164595
1014928,305578.25890164595
1014999,305578.25890164595
1015031,305578.25890164595
1015103,305578.25890164595
1015125,305578.25890164595
1015134,305578.25890164595
1015243,305578.25890164595
1015347,305578.25890164595
1015350,305578.25890164595
1015360,305578.25890164595
1015361,305578.25890164595
1015366,305578.25890164595
1015403,305578.25890164595
1015482,305578.25890164595
1015484,305578.25890164595
1015485,305578.25890164595
1015486,305578.25890164595
1015502,305578.25890164595
1015524,305578.25890164595
1015534,305578.25890164595
1015540,305578.25890164595
1015557,305578.25890164595
1015579,305578.25890164595
1015597,305578.25890164595
1015681,305578.25890164595
1015697,305578.25890164595
1015714,305578.25890164595
1015804,305578.25890164595
1015824,305578.25890164595
1015843,305578.25890164595
1015872,305578.25890164595
1015908,305578.25890164595
1015909,305578.25890164595
1015911,305578.25890164595
1015919,305578.25890164595
1015920,305578.25890164595
1016040,305578.25890164595
1016042,305578.25890164595
1016098,305578.25890164595
1016117,305578.25890164595
1016413,305578.25890164595
1016734,305578.25890164595
1016888,305578.25890164595
1016927,305578.25890164595
1017116,305578.25890164595
1017118,305578.25890164595
1017166,305578.25890164595
1017176,305578.25890164595
1017264,305578.25890164595
1017383,305578.25890164595
1017418,305578.25890164595
1017424,305578.25890164595
1017427,305578.25890164595
1017428,305578.25890164595
1017503,305578.25890164595
1017563,305578.25890164595
1017579,305578.25890164595
1017600,305578.25890164595
1017626,305578.25890164595
1017637,305578.25890164595
1017693,305578.25890164595
1017750,305578.25890164595
1017763,305578.25890164595
1017782,305578.25890164595
1017792,305578.25890164595
1017846,305578.25890164595
1017992,305578.25890164595
1017998,305578.25890164595
1018079,305578.25890164595
1018135,305578.25890164595
1018136,305578.25890164595
1018166,305578.25890164595
1018229,305578.25890164595
1018248,305578.25890164595
1018257,305578.25890164595
1018417,305578.25890164595
1018421,305578.25890164595
1018428,305578.25890164595
1018486,305578.25890164595
1018523,305578.25890164595
1018598,305578.25890164595
1018621,305578.25890164595
1018671,305578.25890164595
1018822,305578.25890164595
1018943,305578.25890164595
1019039,305578.25890164595
1019057,305578.25890164595
1019062,305578.25890164595
1019149,305578.25890164595
1019151,305578.25890164595
1019206,305578.25890164595
1019298,305578.25890164595
1019309,305578.25890164595
1019343,305578.25890164595
1019366,305578.25890164595
1019367,305578.25890164595
1019432,305578.25890164595
1019561,305578.25890164595
1019575,305578.25890164595
1019659,305578.25890164595
1019668,305578.25890164595
1019672,305578.25890164595
1019681,305578.25890164595
1019683,305578.25890164595
1019686,305578.25890164595
1019696,305578.25890164595
1019720,305578.25890164595
1019763,305578.25890164595
1019835,305578.25890164595
1019872,305578.25890164595
1019903,305578.25890164595
1019908,305578.25890164595
1019958,305578.25890164595
1020047,305578.25890164595
1020124,305578.25890164595
1020278,305578.25890164595
1020508,305578.25890164595
1020554,305578.25890164595
1020672,305578.25890164595
1020673,305578.25890164595
1020745,305578.25890164595
1020844,305578.25890164595
1021039,305578.25890164595
1021263,305578.25890164595
1021316,305578.25890164595
1021412,305578.25890164595
1021444,305578.25890164595
1021447,305578.25890164595
1021453,305578.25890164595
1021485,305578.25890164595
1021500,305578.25890164595
1021509,305578.25890164595
1021520,305578.25890164595
1021560,305578.25890164595
1021605,305578.25890164595
1021606,305578.25890164595
1021607,305578.25890164595
1021749,305578.25890164595
1021765,305578.25890164595
1021768,305578.25890164595
1021770,305578.25890164595
1021833,305578.25890164595
1021834,305578.25890164595
1021855,305578.25890164595
1021973,305578.25890164595
1022085,305578.25890164595
1022163,305578.25890164595
1022166,305578.25890164595
1022273,305578.25890164595
1022312,305578.25890164595
1022388,305578.25890164595
1022399,305578.25890164595
1022582,305578.25890164595
1022587,305578.25890164595
1022588,305578.25890164595
1022596,305578.25890164595
1022614,305578.25890164595
1022695,305578.25890164595
1022704,305578.25890164595
1022715,305578.25890164595
1022716,305578.25890164595
1022717,305578.25890164595
1022718,305578.25890164595
1022719,305578.25890164595
1022721,305578.25890164595
1022750,305578.25890164595
1022753,305578.25890164595
1022755,305578.25890164595
1022756,305578.25890164595
1022760,305578.25890164595
1022781,305578.25890164595
1022782,305578.25890164595
1022787,305578.25890164595
1022790,305578.25890164595
1022794,305578.25890164595
1022795,305578.25890164595
1022796,305578.25890164595
1022798,305578.25890164595
1022800,305578.25890164595
1022801,305578.25890164595
1022802,305578.25890164595
1022844,305578.25890164595
1022848,305578.25890164595
1022960,305578.25890164595
1023168,305578.25890164595
1023169,305578.25890164595
1023172,305578.25890164595
1023173,305578.25890164595
1023209,305578.25890164595
1023230,305578.25890164595
1023304,305578.25890164595
1023340,305578.25890164595
1023351,305578.25890164595
1023393,305578.25890164595
1023450,305578.25890164595
1023458,305578.25890164595
1023465,305578.25890164595
1023468,305578.25890164595
1023501,305578.25890164595
1023505,305578.25890164595
1023508,305578.25890164595
1023511,305578.25890164595
1023512,305578.25890164595
1023513,305578.25890164595
1023514,305578.25890164595
1023518,305578.25890164595
1023520,305578.25890164595
1023521,305578.25890164595
1023552,305578.25890164595
1023559,305578.25890164595
1023590,305578.25890164595
1023664,305578.25890164595
1023676,305578.25890164595
1023677,305578.25890164595
1023744,305578.25890164595
1023764,305578.25890164595
1023774,305578.25890164595
1024012,305578.25890164595
1024071,305578.25890164595
1024126,305578.25890164595
1024133,305578.25890164595
1024324,305578.25890164595
1024371,305578.25890164595
1024444,305578.25890164595
1024449,305578.25890164595
1024456,305578.25890164595
1024463,305578.25890164595
1024474,305578.25890164595
1024477,305578.25890164595
1024508,305578.25890164595
1024529,305578.25890164595
1024536,305578.25890164595
1024590,305578.25890164595
1024625,305578.25890164595
1024628,305578.25890164595
1024636,305578.25890164595
1062270,305578.25890164595
1062278,305578.25890164595
1062287,305578.25890164595
1062389,305578.25890164595
1062404,305578.25890164595
1062442,305578.25890164595
1062482,305578.25890164595
1062512,305578.25890164595
1062516,305578.25890164595
1062537,305578.25890164595
1062557,305578.25890164595
1062572,305578.25890164595
1062643,305578.25890164595
1062645,305578.25890164595
1062676,305578.25890164595
1062691,305578.25890164595
1062714,305578.25890164595
1062737,305578.25890164595
1062839,305578.25890164595
1062840,305578.25890164595
1062844,305578.25890164595
1062946,305578.25890164595
1062972,305578.25890164595
1062991,305578.25890164595
1063009,305578.25890164595
1063010,305578.25890164595
1063011,305578.25890164595
1063045,305578.25890164595
1063050,305578.25890164595
1063051,305578.25890164595
1063070,305578.25890164595
1063106,305578.25890164595
1063130,305578.25890164595
1063217,305578.25890164595
1063317,305578.25890164595
1063480,305578.25890164595
1063535,305578.25890164595
1063601,305578.25890164595
1063668,305578.25890164595
1063704,305578.25890164595
1063829,305578.25890164595
1063862,305578.25890164595
1063906,305578.25890164595
1063923,305578.25890164595
1064029,305578.25890164595
1064042,305578.25890164595
1064047,305578.25890164595
1064050,305578.25890164595
1064059,305578.25890164595
1064061,305578.25890164595
1064082,305578.25890164595
1064093,305578.25890164595
1064155,305578.25890164595
1064165,305578.25890164595
1064170,305578.25890164595
1064189,305578.25890164595
1064253,305578.25890164595
1064260,305578.25890164595
1064263,305578.25890164595
1064289,305578.25890164595
1064327,305578.25890164595
1064340,305578.25890164595
1064342,305578.25890164595
1064347,305578.25890164595
1064358,305578.25890164595
1064389,305578.25890164595
1064391,305578.25890164595
1064393,305578.25890164595
1064415,305578.25890164595
1064420,305578.25890164595
1064421,305578.25890164595
1064424,305578.25890164595
1064425,305578.25890164595
1064433,305578.25890164595
1064438,305578.25890164595
1064469,305578.25890164595
1064535,305578.25890164595
1064536,305578.25890164595
1064538,305578.25890164595
1064539,305578.25890164595
1064552,305578.25890164595
1064556,305578.25890164595
1064605,305578.25890164595
1064632,305578.25890164595
1064660,305578.25890164595
1064707,305578.25890164595
1064708,305578.25890164595
1064709,305578.25890164595
1064715,305578.25890164595
1064718,305578.25890164595
1064724,305578.25890164595
1064774,305578.25890164595
1064782,305578.25890164595
1064786,305578.25890164595
1064791,305578.25890164595
1064836,305578.25890164595
1064856,305578.25890164595
1064863,305578.25890164595
1064870,305578.25890164595
1064872,305578.25890164595
1064873,305578.25890164595
1064904,305578.25890164595
1064906,305578.25890164595
1064997,305578.25890164595
1064998,305578.25890164595
1065033,305578.25890164595
1065055,305578.25890164595
1065146,305578.25890164595
1065162,305578.25890164595
1065164,305578.25890164595
1065198,305578.25890164595
1065199,305578.25890164595
1065201,305578.25890164595
1065202,305578.25890164595
1065203,305578.25890164595
1065246,305578.25890164595
1065262,305578.25890164595
1065274,305578.25890164595
1065275,305578.25890164595
1065297,305578.25890164595
1065304,305578.25890164595
1065320,305578.25890164595
1065322,305578.25890164595
1065328,305578.25890164595
1065359,305578.25890164595
1065372,305578.25890164595
1065374,305578.25890164595
1065377,305578.25890164595
1065396,305578.25890164595
1065406,305578.25890164595
1065413,305578.25890164595
1065448,305578.25890164595
1065477,305578.25890164595
1065483,305578.25890164595
1065488,305578.25890164595
1065529,305578.25890164595
1065572,305578.25890164595
1065607,305578.25890164595
1065613,305578.25890164595
1065615,305578.25890164595
1065617,305578.25890164595
1065619,305578.25890164595
1065621,305578.25890164595
1065641,305578.25890164595
1065658,305578.25890164595
1065662,305578.25890164595
1065702,305578.25890164595
1065761,305578.25890164595
1065771,305578.25890164595
1065835,305578.25890164595
1065838,305578.25890164595
1065848,305578.25890164595
1065852,305578.25890164595
1065855,305578.25890164595
1065857,305578.25890164595
1065859,305578.25890164595
1065883,305578.25890164595
1065901,305578.25890164595
1065927,305578.25890164595
1065939,305578.25890164595
1065940,305578.25890164595
1065970,305578.25890164595
1065973,305578.25890164595
1066009,305578.25890164595
1066029,305578.25890164595
1066035,305578.25890164595
1066052,305578.25890164595
1066060,305578.25890164595
1066082,305578.25890164595
1066109,305578.25890164595
1066119,305578.25890164595
1066134,305578.25890164595
1066159,305578.25890164595
1066160,305578.25890164595
1066161,305578.25890164595
1066162,305578.25890164595
1066163,305578.25890164595
1066170,305578.25890164595
1066171,305578.25890164595
1066172,305578.25890164595
1066174,305578.25890164595
1066191,305578.25890164595
1066194,305578.25890164595
1066245,305578.25890164595
1066361,305578.25890164595
1066365,305578.25890164595
1066375,305578.25890164595
1066378,305578.25890164595
1066379,305578.25890164595
1066409,305578.25890164595
1066413,305578.25890164595
1066448,305578.25890164595
1066476,305578.25890164595
1066524,305578.25890164595
1066548,305578.25890164595
1066602,305578.25890164595
1066603,305578.25890164595
1066605,305578.25890164595
1066643,305578.25890164595
1066644,305578.25890164595
1066664,305578.25890164595
1066730,305578.25890164595
1066734,305578.25890164595
1066736,305578.25890164595
1066759,305578.25890164595
1066761,305578.25890164595
1066772,305578.25890164595
1066792,305578.25890164595
1066795,305578.25890164595
1066832,305578.25890164595
1066845,305578.25890164595
1066847,305578.25890164595
1066938,305578.25890164595
1066944,305578.25890164595
1066988,305578.25890164595
1066996,305578.25890164595
1067005,305578.25890164595
1067009,305578.25890164595
1067011,305578.25890164595
1067037,305578.25890164595
1067063,305578.25890164595
1067064,305578.25890164595
1067088,305578.25890164595
1067115,305578.25890164595
1067119,305578.25890164595
1067291,305578.25890164595
1067363,305578.25890164595
1067374,305578.25890164595
1067395,305578.25890164595
1067402,305578.25890164595
1067412,305578.25890164595
1067425,305578.25890164595
1067428,305578.25890164595
1067430,305578.25890164595
1067435,305578.25890164595
1067478,305578.25890164595
1067512,305578.25890164595
1067533,305578.25890164595
1067536,305578.25890164595
1067549,305578.25890164595
1067555,305578.25890164595
1067557,305578.25890164595
1067570,305578.25890164595
1067575,305578.25890164595
1067577,305578.25890164595
1067578,305578.25890164595
1067584,305578.25890164595
1067596,305578.25890164595
1067598,305578.25890164595
1067614,305578.25890164595
1067631,305578.25890164595
1067649,305578.25890164595
1067652,305578.25890164595
1067687,305578.25890164595
1067688,305578.25890164595
1067704,305578.25890164595
1067705,305578.25890164595
1067731,305578.25890164595
1067746,305578.25890164595
1067756,305578.25890164595
1067777,305578.25890164595
1067793,305578.25890164595
1067808,305578.25890164595
1067821,305578.25890164595
1067834,305578.25890164595
1067846,305578.25890164595
1067850,305578.25890164595
1067853,305578.25890164595
1067863,305578.25890164595
1067913,305578.25890164595
1067914,305578.25890164595
1067962,305578.25890164595
1067999,305578.25890164595
1068022,305578.25890164595
1068055,305578.25890164595
1068076,305578.25890164595
1068078,305578.25890164595
1068136,305578.25890164595
1068137,305578.25890164595
1068155,305578.25890164595
1068157,305578.25890164595
1068158,305578.25890164595
1068173,305578.25890164595
1068240,305578.25890164595
1068266,305578.25890164595
1068324,305578.25890164595
1068360,305578.25890164595
1068386,305578.25890164595
1068396,305578.25890164595
1068406,305578.25890164595
1068409,305578.25890164595
1068414,305578.25890164595
1068466,305578.25890164595
1068489,305578.25890164595
1068501,305578.25890164595
1068520,305578.25890164595
1068533,305578.25890164595
1068611,305578.25890164595
1068645,305578.25890164595
1068683,305578.25890164595
1068685,305578.25890164595
1068698,305578.25890164595
1068703,305578.25890164595
1068737,305578.25890164595
1068751,305578.25890164595
1068752,305578.25890164595
1068797,305578.25890164595
1068824,305578.25890164595
1068840,305578.25890164595
1068894,305578.25890164595
1068949,305578.25890164595
1068954,305578.25890164595
1068960,305578.25890164595
1069002,305578.25890164595
1069029,305578.25890164595
1069034,305578.25890164595
1069058,305578.25890164595
1069115,305578.25890164595
1069117,305578.25890164595
1069137,305578.25890164595
1069138,305578.25890164595
1069204,305578.25890164595
1069246,305578.25890164595
1069293,305578.25890164595
1069308,305578.25890164595
1069388,305578.25890164595
1069416,305578.25890164595
1069429,305578.25890164595
1069430,305578.25890164595
1069489,305578.25890164595
1069539,305578.25890164595
1069541,305578.25890164595
1069543,305578.25890164595
1069544,305578.25890164595
1069545,305578.25890164595
1069602,305578.25890164595
1069619,305578.25890164595
1069633,305578.25890164595
1069662,305578.25890164595
1069672,305578.25890164595
1069673,305578.25890164595
1069712,305578.25890164595
1069750,305578.25890164595
1069782,305578.25890164595
1069813,305578.25890164595
1069835,305578.25890164595
1069857,305578.25890164595
1069881,305578.25890164595
1069973,305578.25890164595
1069981,305578.25890164595
1069982,305578.25890164595
1070002,305578.25890164595
1070067,305578.25890164595
1070070,305578.25890164595
1070084,305578.25890164595
1070089,305578.25890164595
1070103,305578.25890164595
1070165,305578.25890164595
1070183,305578.25890164595
1070185,305578.25890164595
1070208,305578.25890164595
1070245,305578.25890164595
1070308,305578.25890164595
1070362,305578.25890164595
1070374,305578.25890164595
1070378,305578.25890164595
1070388,305578.25890164595
1070394,305578.25890164595
1070438,305578.25890164595
1070454,305578.25890164595
1070455,305578.25890164595
1070456,305578.25890164595
1070463,305578.25890164595
1070467,305578.25890164595
1070469,305578.25890164595
1070498,305578.25890164595
1070501,305578.25890164595
1070516,305578.25890164595
1070554,305578.25890164595
1070570,305578.25890164595
1070573,305578.25890164595
1070643,305578.25890164595
1070656,305578.25890164595
1070675,305578.25890164595
1070677,305578.25890164595
1070707,305578.25890164595
1070760,305578.25890164595
1070770,305578.25890164595
1070862,305578.25890164595
1070866,305578.25890164595
1070907,305578.25890164595
1070916,305578.25890164595
1071031,305578.25890164595
1071038,305578.25890164595
1071042,305578.25890164595
1071045,305578.25890164595
1071046,305578.25890164595
1071118,305578.25890164595
1071145,305578.25890164595
1071161,305578.25890164595
1071166,305578.25890164595
1071202,305578.25890164595
1071335,305578.25890164595
1071349,305578.25890164595
1071350,305578.25890164595
1071356,305578.25890164595
1071357,305578.25890164595
1071360,305578.25890164595
1071370,305578.25890164595
1071376,305578.25890164595
1071378,305578.25890164595
1071390,305578.25890164595
1071413,305578.25890164595
1071414,305578.25890164595
1071415,305578.25890164595
1071419,305578.25890164595
1071427,305578.25890164595
1071430,305578.25890164595
1071434,305578.25890164595
1071481,305578.25890164595
1071503,305578.25890164595
1071504,305578.25890164595
1071532,305578.25890164595
1071537,305578.25890164595
1071551,305578.25890164595
1071574,305578.25890164595
1071613,305578.25890164595
1071621,305578.25890164595
1071651,305578.25890164595
1071653,305578.25890164595
1071669,305578.25890164595
1071704,305578.25890164595
1071722,305578.25890164595
1071727,305578.25890164595
1071737,305578.25890164595
1071740,305578.25890164595
1071782,305578.25890164595
1071889,305578.25890164595
1071899,305578.25890164595
1071920,305578.25890164595
1071948,305578.25890164595
1071950,305578.25890164595
1071983,305578.25890164595
1071997,305578.25890164595
1072066,305578.25890164595
1072080,305578.25890164595
1072081,305578.25890164595
1072086,305578.25890164595
1072176,305578.25890164595
1072178,305578.25890164595
1072201,305578.25890164595
1072204,305578.25890164595
1072219,305578.25890164595
1072229,305578.25890164595
1072242,305578.25890164595
1072245,305578.25890164595
1072249,305578.25890164595
1072259,305578.25890164595
1072306,305578.25890164595
1072320,305578.25890164595
1072326,305578.25890164595
1072334,305578.25890164595
1072345,305578.25890164595
1072353,305578.25890164595
1072382,305578.25890164595
1072387,305578.25890164595
1072403,305578.25890164595
1072484,305578.25890164595
1072487,305578.25890164595
1072490,305578.25890164595
1072493,305578.25890164595
1072503,305578.25890164595
1072536,305578.25890164595
1072548,305578.25890164595
1072599,305578.25890164595
1072627,305578.25890164595
1072632,305578.25890164595
1072681,305578.25890164595
1072729,305578.25890164595
1072752,305578.25890164595
1072775,305578.25890164595
1072776,305578.25890164595
1072779,305578.25890164595
1072780,305578.25890164595
1072784,305578.25890164595
1072800,305578.25890164595
1072809,305578.25890164595
1072819,305578.25890164595
1072842,305578.25890164595
1072873,305578.25890164595
1072880,305578.25890164595
1072894,305578.25890164595
1072901,305578.25890164595
1072913,305578.25890164595
1072929,305578.25890164595
1072973,305578.25890164595
1073092,305578.25890164595
1073108,305578.25890164595
1073195,305578.25890164595
1073200,305578.25890164595
1073209,305578.25890164595
1073215,305578.25890164595
1073216,305578.25890164595
1073217,305578.25890164595
1073218,305578.25890164595
1073219,305578.25890164595
1073220,305578.25890164595
1073221,305578.25890164595
1073222,305578.25890164595
1073223,305578.25890164595
1073224,305578.25890164595
1073225,305578.25890164595
1073226,305578.25890164595
1073228,305578.25890164595
1073229,305578.25890164595
1073234,305578.25890164595
1073238,305578.25890164595
1073240,305578.25890164595
1073251,305578.25890164595
1073388,305578.25890164595
1073391,305578.25890164595
1073420,305578.25890164595
1073428,305578.25890164595
1073465,305578.25890164595
1073471,305578.25890164595
1073484,305578.25890164595
1073529,305578.25890164595
1073563,305578.25890164595
1073604,305578.25890164595
1073621,305578.25890164595
1073622,305578.25890164595
1073626,305578.25890164595
1073663,305578.25890164595
1073675,305578.25890164595
1073681,305578.25890164595
1073695,305578.25890164595
1073753,305578.25890164595
1073779,305578.25890164595
1073844,305578.25890164595
1073846,305578.25890164595
1074053,305578.25890164595
1074196,305578.25890164595
1074279,305578.25890164595
1074340,305578.25890164595
1074532,305578.25890164595
1074540,305578.25890164595
1074548,305578.25890164595
1074550,305578.25890164595
1074554,305578.25890164595
1074575,305578.25890164595
1074579,305578.25890164595
1074603,305578.25890164595
1074607,305578.25890164595
1074608,305578.25890164595
1074643,305578.25890164595
1074677,305578.25890164595
1074682,305578.25890164595
1074697,305578.25890164595
1074710,305578.25890164595
1074741,305578.25890164595
1074816,305578.25890164595
1074821,305578.25890164595
1074882,305578.25890164595
1074943,305578.25890164595
1074946,305578.25890164595
1074968,305578.25890164595
1074991,305578.25890164595
1075071,305578.25890164595
1075075,305578.25890164595
1075078,305578.25890164595
1075192,305578.25890164595
1075221,305578.25890164595
1075262,305578.25890164595
1075320,305578.25890164595
1075321,305578.25890164595
1075527,305578.25890164595
1075555,305578.25890164595
1075566,305578.25890164595
1075576,305578.25890164595
1075621,305578.25890164595
1075623,305578.25890164595
1075669,305578.25890164595
1075694,305578.25890164595
1075794,305578.25890164595
1075855,305578.25890164595
1075875,305578.25890164595
1075876,305578.25890164595
1075878,305578.25890164595
1075902,305578.25890164595
1075981,305578.25890164595
1076017,305578.25890164595
1076028,305578.25890164595
1076116,305578.25890164595
1076133,305578.25890164595
1076153,305578.25890164595
1076223,305578.25890164595
1076232,305578.25890164595
1076237,305578.25890164595
1076242,305578.25890164595
1076246,305578.25890164595
1076250,305578.25890164595
1076256,305578.25890164595
1076265,305578.25890164595
1076270,305578.25890164595
1076275,305578.25890164595
1076282,305578.25890164595
1076297,305578.25890164595
1076314,305578.25890164595
1076342,305578.25890164595
1076353,305578.25890164595
1076399,305578.25890164595
1076400,305578.25890164595
1076410,305578.25890164595
1076411,305578.25890164595
1076419,305578.25890164595
1076451,305578.25890164595
1076453,305578.25890164595
1076479,305578.25890164595
1076502,305578.25890164595
1076505,305578.25890164595
1076512,305578.25890164595
1076516,305578.25890164595
1076615,305578.25890164595
1076618,305578.25890164595
1076619,305578.25890164595
1076637,305578.25890164595
1076655,305578.25890164595
1076670,305578.25890164595
1076672,305578.25890164595
1076751,305578.25890164595
1076780,305578.25890164595
1076822,305578.25890164595
1076837,305578.25890164595
1076848,305578.25890164595
1076851,305578.25890164595
1076867,305578.25890164595
1076870,305578.25890164595
1076873,305578.25890164595
1076877,305578.25890164595
1076899,305578.25890164595
1076928,305578.25890164595
1076931,305578.25890164595
1077002,305578.25890164595
1077007,305578.25890164595
1077008,305578.25890164595
1077013,305578.25890164595
1077024,305578.25890164595
1077043,305578.25890164595
1077056,305578.25890164595
1077067,305578.25890164595
1077162,305578.25890164595
1077187,305578.25890164595
1077265,305578.25890164595
1077596,305578.25890164595
1077624,305578.25890164595
1077752,305578.25890164595
1077787,305578.25890164595
1077884,305578.25890164595
1078098,305578.25890164595
1078219,305578.25890164595
1078257,305578.25890164595
1078341,305578.25890164595
1078355,305578.25890164595
1078360,305578.25890164595
1078409,305578.25890164595
1078431,305578.25890164595
1078454,305578.25890164595
1078476,305578.25890164595
1078477,305578.25890164595
1078497,305578.25890164595
1078545,305578.25890164595
1078556,305578.25890164595
1078564,305578.25890164595
1078585,305578.25890164595
1078640,305578.25890164595
1078648,305578.25890164595
1078660,305578.25890164595
1078685,305578.25890164595
1078699,305578.25890164595
1078723,305578.25890164595
1078725,305578.25890164595
1078736,305578.25890164595
1078773,305578.25890164595
1078806,305578.25890164595
1078814,305578.25890164595
1078885,305578.25890164595
1078899,305578.25890164595
1078908,305578.25890164595
1078969,305578.25890164595
1079020,305578.25890164595
1079036,305578.25890164595
1079059,305578.25890164595
1079068,305578.25890164595
1079153,305578.25890164595
1079183,305578.25890164595
1079230,305578.25890164595
1079254,305578.25890164595
1079277,305578.25890164595
1079282,305578.25890164595
1079294,305578.25890164595
1079320,305578.25890164595
1079334,305578.25890164595
1079343,305578.25890164595
1079356,305578.25890164595
1079382,305578.25890164595
1079459,305578.25890164595
1079463,305578.25890164595
1079464,305578.25890164595
1079479,305578.25890164595
1079483,305578.25890164595
1079497,305578.25890164595
1079498,305578.25890164595
1079503,305578.25890164595
1079504,305578.25890164595
1079528,305578.25890164595
1079568,305578.25890164595
1079600,305578.25890164595
1079607,305578.25890164595
1079608,305578.25890164595
1079612,305578.25890164595
1079618,305578.25890164595
1079705,305578.25890164595
1079766,305578.25890164595
1079842,305578.25890164595
1079850,305578.25890164595
1079853,305578.25890164595
1079868,305578.25890164595
1079892,305578.25890164595
1079895,305578.25890164595
1079928,305578.25890164595
1079992,305578.25890164595
1079994,305578.25890164595
1079995,305578.25890164595
1080005,305578.25890164595
1080008,305578.25890164595
1080010,305578.25890164595
1080011,305578.25890164595
1080015,305578.25890164595
1080025,305578.25890164595
1080028,305578.25890164595
1080030,305578.25890164595
1080032,305578.25890164595
1080034,305578.25890164595
1080037,305578.25890164595
1080063,305578.25890164595
1080064,305578.25890164595
1080065,305578.25890164595
1080066,305578.25890164595
1080069,305578.25890164595
1080072,305578.25890164595
1080077,305578.25890164595
1080111,305578.25890164595
1080133,305578.25890164595
1080147,305578.25890164595
1080162,305578.25890164595
1080187,305578.25890164595
1080200,305578.25890164595
1080279,305578.25890164595
1080290,305578.25890164595
1080292,305578.25890164595
1080299,305578.25890164595
1080327,305578.25890164595
1080328,305578.25890164595
1080332,305578.25890164595
1080334,305578.25890164595
1080342,305578.25890164595
1080343,305578.25890164595
1080364,305578.25890164595
1080379,305578.25890164595
1080382,305578.25890164595
1080383,305578.25890164595
1080399,305578.25890164595
1080401,305578.25890164595
1080426,305578.25890164595
1080440,305578.25890164595
1080450,305578.25890164595
1080465,305578.25890164595
1080482,305578.25890164595
1080485,305578.25890164595
1080507,305578.25890164595
1080562,305578.25890164595
1080606,305578.25890164595
1080621,305578.25890164595
1080633,305578.25890164595
1080663,305578.25890164595
1080670,305578.25890164595
1080752,305578.25890164595
1080755,305578.25890164595
1080757,305578.25890164595
1080776,305578.25890164595
1080802,305578.25890164595
1080807,305578.25890164595
1080836,305578.25890164595
1080849,305578.25890164595
1080858,305578.25890164595
1080859,305578.25890164595
1080914,305578.25890164595
1080921,305578.25890164595
1080937,305578.25890164595
1080977,305578.25890164595
1080980,305578.25890164595
1080983,305578.25890164595
1081011,305578.25890164595
1081038,305578.25890164595
1081055,305578.25890164595
1081112,305578.25890164595
1081125,305578.25890164595
1081153,305578.25890164595
1081170,305578.25890164595
1081201,305578.25890164595
1081232,305578.25890164595
1081267,305578.25890164595
1081351,305578.25890164595
1081356,305578.25890164595
1081395,305578.25890164595
1081435,305578.25890164595
1081436,305578.25890164595
1081442,305578.25890164595
1081472,305578.25890164595
1081487,305578.25890164595
1081508,305578.25890164595
1081512,305578.25890164595
1081528,305578.25890164595
1081552,305578.25890164595
1081575,305578.25890164595
1081706,305578.25890164595
1081782,305578.25890164595
1081785,305578.25890164595
1081787,305578.25890164595
1081832,305578.25890164595
1081833,305578.25890164595
1081838,305578.25890164595
1081841,305578.25890164595
1081843,305578.25890164595
1081844,305578.25890164595
1081848,305578.25890164595
1081869,305578.25890164595
1081902,305578.25890164595
1081903,305578.25890164595
1081908,305578.25890164595
1081924,305578.25890164595
1081936,305578.25890164595
1081949,305578.25890164595
1081970,305578.25890164595
1082039,305578.25890164595
1082045,305578.25890164595
1082046,305578.25890164595
1082048,305578.25890164595
1082118,305578.25890164595
1082145,305578.25890164595
1082147,305578.25890164595
1082163,305578.25890164595
1082251,305578.25890164595
1082254,305578.25890164595
1082255,305578.25890164595
1082327,305578.25890164595
1082342,305578.25890164595
1082343,305578.25890164595
1082360,305578.25890164595
1082376,305578.25890164595
1082382,305578.25890164595
1082390,305578.25890164595
1082417,305578.25890164595
1082420,305578.25890164595
1082432,305578.25890164595
1082441,305578.25890164595
1082442,305578.25890164595
1082461,305578.25890164595
1082482,305578.25890164595
1082483,305578.25890164595
1082488,305578.25890164595
1082504,305578.25890164595
1082508,305578.25890164595
1082533,305578.25890164595
1082548,305578.25890164595
1082549,305578.25890164595
1082586,305578.25890164595
1082640,305578.25890164595
1082677,305578.25890164595
1082833,305578.25890164595
1082840,305578.25890164595
1082846,305578.25890164595
1082857,305578.25890164595
1082863,305578.25890164595
1082867,305578.25890164595
1082927,305578.25890164595
1082928,305578.25890164595
1082958,305578.25890164595
1083026,305578.25890164595
1083029,305578.25890164595
1083052,305578.25890164595
1083095,305578.25890164595
1083118,305578.25890164595
1083122,305578.25890164595
1083137,305578.25890164595
1083208,305578.25890164595
1083251,305578.25890164595
1083264,305578.25890164595
1083284,305578.25890164595
1083291,305578.25890164595
1083296,305578.25890164595
1083300,305578.25890164595
1083303,305578.25890164595
1083345,305578.25890164595
1083382,305578.25890164595
1083388,305578.25890164595
1083392,305578.25890164595
1083402,305578.25890164595
1083405,305578.25890164595
1083495,305578.25890164595
1083545,305578.25890164595
1086147,305578.25890164595
1086216,305578.25890164595
1086243,305578.25890164595
1086254,305578.25890164595
1086282,305578.25890164595
1086309,305578.25890164595
1086312,305578.25890164595
1086333,305578.25890164595
1086344,305578.25890164595
1086616,305578.25890164595
1086670,305578.25890164595
1086770,305578.25890164595
1086802,305578.25890164595
1086813,305578.25890164595
1086818,305578.25890164595
1086819,305578.25890164595
1086820,305578.25890164595
1086826,305578.25890164595
1086827,305578.25890164595
1086842,305578.25890164595
1086844,305578.25890164595
1086846,305578.25890164595
1086847,305578.25890164595
1086848,305578.25890164595
1086864,305578.25890164595
1086917,305578.25890164595
1086918,305578.25890164595
1086963,305578.25890164595
1086991,305578.25890164595
1086999,305578.25890164595
1087035,305578.25890164595
1087054,305578.25890164595
1087111,305578.25890164595
1087112,305578.25890164595
1087115,305578.25890164595
1087116,305578.25890164595
1087132,305578.25890164595
1087135,305578.25890164595
1087193,305578.25890164595
1087235,305578.25890164595
1087237,305578.25890164595
1087238,305578.25890164595
1087241,305578.25890164595
1087288,305578.25890164595
1087329,305578.25890164595
1087340,305578.25890164595
1087346,305578.25890164595
1087349,305578.25890164595
1087375,305578.25890164595
1087389,305578.25890164595
1087406,305578.25890164595
1087423,305578.25890164595
1087432,305578.25890164595
1093650,305578.25890164595
1093654,305578.25890164595
1093657,305578.25890164595
1093659,305578.25890164595
1093661,305578.25890164595
1093675,305578.25890164595
1093684,305578.25890164595
1093703,305578.25890164595
1093710,305578.25890164595
1093711,305578.25890164595
1093718,305578.25890164595
1093725,305578.25890164595
1093808,305578.25890164595
1093813,305578.25890164595
1093816,305578.25890164595
1093817,305578.25890164595
1093845,305578.25890164595
1093848,305578.25890164595
1093904,305578.25890164595
1093906,305578.25890164595
1093909,305578.25890164595
1093920,305578.25890164595
1093958,305578.25890164595
1093960,305578.25890164595
1094005,305578.25890164595
1094008,305578.25890164595
1094012,305578.25890164595
1094018,305578.25890164595
1094108,305578.25890164595
1094111,305578.25890164595
1094126,305578.25890164595
1094128,305578.25890164595
1094133,305578.25890164595
1094136,305578.25890164595
1094142,305578.25890164595
1094151,305578.25890164595
1094174,305578.25890164595
1094196,305578.25890164595
1094198,305578.25890164595
1094232,305578.25890164595
1094299,305578.25890164595
1094334,305578.25890164595
1094348,305578.25890164595
1094353,305578.25890164595
1094362,305578.25890164595
1094412,305578.25890164595
1094416,305578.25890164595
1094419,305578.25890164595
1094463,305578.25890164595
1094464,305578.25890164595
1094519,305578.25890164595
1094530,305578.25890164595
1094531,305578.25890164595
1094538,305578.25890164595
1094590,305578.25890164595
1094633,305578.25890164595
1094660,305578.25890164595
1094668,305578.25890164595
1094694,305578.25890164595
1094714,305578.25890164595
1094717,305578.25890164595
1094747,305578.25890164595
1094771,305578.25890164595
1094773,305578.25890164595
1094779,305578.25890164595
1094810,305578.25890164595
1094817,305578.25890164595
1094818,305578.25890164595
1094822,305578.25890164595
1094855,305578.25890164595
1094858,305578.25890164595
1094864,305578.25890164595
1094895,305578.25890164595
1094910,305578.25890164595
1094939,305578.25890164595
1094960,305578.25890164595
1095019,305578.25890164595
1095021,305578.25890164595
1095025,305578.25890164595
1095029,305578.25890164595
1095031,305578.25890164595
1095067,305578.25890164595
1095105,305578.25890164595
1095126,305578.25890164595
1095135,305578.25890164595
1095139,305578.25890164595
1095146,305578.25890164595
1095292,305578.25890164595
1095313,305578.25890164595
1095326,305578.25890164595
1095334,305578.25890164595
1095343,305578.25890164595
1095383,305578.25890164595
1095399,305578.25890164595
1095416,305578.25890164595
1095448,305578.25890164595
1095478,305578.25890164595
1095480,305578.25890164595
1095496,305578.25890164595
1095500,305578.25890164595
1095529,305578.25890164595
1095536,305578.25890164595
1095552,305578.25890164595
1095588,305578.25890164595
1095624,305578.25890164595
1095650,305578.25890164595
1095691,305578.25890164595
1095735,305578.25890164595
1095799,305578.25890164595
1095804,305578.25890164595
1095810,305578.25890164595
1095827,305578.25890164595
1095841,305578.25890164595
1095853,305578.25890164595
1095860,305578.25890164595
1095866,305578.25890164595
1095906,305578.25890164595
1095907,305578.25890164595
1095926,305578.25890164595
1095949,305578.25890164595
1096078,305578.25890164595
1096079,305578.25890164595
1096090,305578.25890164595
1096148,305578.25890164595
1096213,305578.25890164595
1096235,305578.25890164595
1096271,305578.25890164595
1096279,305578.25890164595
1096316,305578.25890164595
1096318,305578.25890164595
1096335,305578.25890164595
1096339,305578.25890164595
1096405,305578.25890164595
1096417,305578.25890164595
1096464,305578.25890164595
1096480,305578.25890164595
1096484,305578.25890164595
1096513,305578.25890164595
1096539,305578.25890164595
1096546,305578.25890164595
1096550,305578.25890164595
1096556,305578.25890164595
1096573,305578.25890164595
1096583,305578.25890164595
1096585,305578.25890164595
1096590,305578.25890164595
1096593,305578.25890164595
1096600,305578.25890164595
1096627,305578.25890164595
1096631,305578.25890164595
1096691,305578.25890164595
1096700,305578.25890164595
1096716,305578.25890164595
1096723,305578.25890164595
1096749,305578.25890164595
1096777,305578.25890164595
1096784,305578.25890164595
1096858,305578.25890164595
1096873,305578.25890164595
1096921,305578.25890164595
1096936,305578.25890164595
1096968,305578.25890164595
1096972,305578.25890164595
1097023,305578.25890164595
1097024,305578.25890164595
1097040,305578.25890164595
1097041,305578.25890164595
1097045,305578.25890164595
1097078,305578.25890164595
1097079,305578.25890164595
1097082,305578.25890164595
1097084,305578.25890164595
1097102,305578.25890164595
1097259,305578.25890164595
1097283,305578.25890164595
1097365,305578.25890164595
1097366,305578.25890164595
1097476,305578.25890164595
1097499,305578.25890164595
1097500,305578.25890164595
1097511,305578.25890164595
1097514,305578.25890164595
1097544,305578.25890164595
1097562,305578.25890164595
1097569,305578.25890164595
1097597,305578.25890164595
1097609,305578.25890164595
1097635,305578.25890164595
1097650,305578.25890164595
1097655,305578.25890164595
1097659,305578.25890164595
1097664,305578.25890164595
1097673,305578.25890164595
1097675,305578.25890164595
1097698,305578.25890164595
1097718,305578.25890164595
1097755,305578.25890164595
1097767,305578.25890164595
1097777,305578.25890164595
1097778,305578.25890164595
1097795,305578.25890164595
1097861,305578.25890164595
1097886,305578.25890164595
1097887,305578.25890164595
1097888,305578.25890164595
1097928,305578.25890164595
1097949,305578.25890164595
1097975,305578.25890164595
1097993,305578.25890164595
1097994,305578.25890164595
1098066,305578.25890164595
1098122,305578.25890164595
1098125,305578.25890164595
1098140,305578.25890164595
1098199,305578.25890164595
1098213,305578.25890164595
1098215,305578.25890164595
1098219,305578.25890164595
1098228,305578.25890164595
1098252,305578.25890164595
1098268,305578.25890164595
1098275,305578.25890164595
1098362,305578.25890164595
1098365,305578.25890164595
1098396,305578.25890164595
1098468,305578.25890164595
1098495,305578.25890164595
1098569,305578.25890164595
1098588,305578.25890164595
1098633,305578.25890164595
1098693,305578.25890164595
1098698,305578.25890164595
1098706,305578.25890164595
1098771,305578.25890164595
1098971,305578.25890164595
1098987,305578.25890164595
1098991,305578.25890164595
1098994,305578.25890164595
1099004,305578.25890164595
1099021,305578.25890164595
1099030,305578.25890164595
1099038,305578.25890164595
1099039,305578.25890164595
1099045,305578.25890164595
1099133,305578.25890164595
1099137,305578.25890164595
1099153,305578.25890164595
1099180,305578.25890164595
1099183,305578.25890164595
1099184,305578.25890164595
1099199,305578.25890164595
1099315,305578.25890164595
1099316,305578.25890164595
1099320,305578.25890164595
1099323,305578.25890164595
1099326,305578.25890164595
1099329,305578.25890164595
1099335,305578.25890164595
1099338,305578.25890164595
1099342,305578.25890164595
1099350,305578.25890164595
1099351,305578.25890164595
1099359,305578.25890164595
1099364,305578.25890164595
1099366,305578.25890164595
1099382,305578.25890164595
1099383,305578.25890164595
1099407,305578.25890164595
1099414,305578.25890164595
1099441,305578.25890164595
1099447,305578.25890164595
1099465,305578.25890164595
1099469,305578.25890164595
1099488,305578.25890164595
1099520,305578.25890164595
1099562,305578.25890164595
1099567,305578.25890164595
1099623,305578.25890164595
1099651,305578.25890164595
1099664,305578.25890164595
1099665,305578.25890164595
1099671,305578.25890164595
1099702,305578.25890164595
1099722,305578.25890164595
1099725,305578.25890164595
1099726,305578.25890164595
1099728,305578.25890164595
1099729,305578.25890164595
1099734,305578.25890164595
1099740,305578.25890164595
1099743,305578.25890164595
1099768,305578.25890164595
1099774,305578.25890164595
1099796,305578.25890164595
1099815,305578.25890164595
1099837,305578.25890164595
1099916,305578.25890164595
1099928,305578.25890164595
1099941,305578.25890164595
1099946,305578.25890164595
1099948,305578.25890164595
1099950,305578.25890164595
1099972,305578.25890164595
1099995,305578.25890164595
1099996,305578.25890164595
1100056,305578.25890164595
1100076,305578.25890164595
1100169,305578.25890164595
1100171,305578.25890164595
1100178,305578.25890164595
1100189,305578.25890164595
1100191,305578.25890164595
1100192,305578.25890164595
1100194,305578.25890164595
1100205,305578.25890164595
1100224,305578.25890164595
1100257,305578.25890164595
1100317,305578.25890164595
1100329,305578.25890164595
1100345,305578.25890164595
1100388,305578.25890164595
1100391,305578.25890164595
1100460,305578.25890164595
1100509,305578.25890164595
1100516,305578.25890164595
1100532,305578.25890164595
1100537,305578.25890164595
1100548,305578.25890164595
1100583,305578.25890164595
1100596,305578.25890164595
1100601,305578.25890164595
1100611,305578.25890164595
1100619,305578.25890164595
1100658,305578.25890164595
1100660,305578.25890164595
1100674,305578.25890164595
1100682,305578.25890164595
1100692,305578.25890164595
1100719,305578.25890164595
1100743,305578.25890164595
1100780,305578.25890164595
1100810,305578.25890164595
1100829,305578.25890164595
1100840,305578.25890164595
1100852,305578.25890164595
1100865,305578.25890164595
1100897,305578.25890164595
1100931,305578.25890164595
1100932,305578.25890164595
1100938,305578.25890164595
1100944,305578.25890164595
1100945,305578.25890164595
1100946,305578.25890164595
1100947,305578.25890164595
1100948,305578.25890164595
1100953,305578.25890164595
1100955,305578.25890164595
1100957,305578.25890164595
1100960,305578.25890164595
1100962,305578.25890164595
1100984,305578.25890164595
1100985,305578.25890164595
1101003,305578.25890164595
1101004,305578.25890164595
1101005,305578.25890164595
1101006,305578.25890164595
1101007,305578.25890164595
1101012,305578.25890164595
1101064,305578.25890164595
1101073,305578.25890164595
1101084,305578.25890164595
1101086,305578.25890164595
1101094,305578.25890164595
1101102,305578.25890164595
1101127,305578.25890164595
1101173,305578.25890164595
1101180,305578.25890164595
1101202,305578.25890164595
1101203,305578.25890164595
1101207,305578.25890164595
1101208,305578.25890164595
1101232,305578.25890164595
1101240,305578.25890164595
1101252,305578.25890164595
1101258,305578.25890164595
1101263,305578.25890164595
1101276,305578.25890164595
1101292,305578.25890164595
1101294,305578.25890164595
1101303,305578.25890164595
1101319,305578.25890164595
1101326,305578.25890164595
1101330,305578.25890164595
1101331,305578.25890164595
1101333,305578.25890164595
1101335,305578.25890164595
1101351,305578.25890164595
1101378,305578.25890164595
1101418,305578.25890164595
1101423,305578.25890164595
1101428,305578.25890164595
1101517,305578.25890164595
1101591,305578.25890164595
1101616,305578.25890164595
1101739,305578.25890164595
1101759,305578.25890164595
1101799,305578.25890164595
1101800,305578.25890164595
1101801,305578.25890164595
1101814,305578.25890164595
1101859,305578.25890164595
1101869,305578.25890164595
1101901,305578.25890164595
1101931,305578.25890164595
1101932,305578.25890164595
1101976,305578.25890164595
1102031,305578.25890164595
1102046,305578.25890164595
1102066,305578.25890164595
1102090,305578.25890164595
1102112,305578.25890164595
1102117,305578.25890164595
1102119,305578.25890164595
1102123,305578.25890164595
1102135,305578.25890164595
1102169,305578.25890164595
1102170,305578.25890164595
1102240,305578.25890164595
1102248,305578.25890164595
1102273,305578.25890164595
1102307,305578.25890164595
1102332,305578.25890164595
1102413,305578.25890164595
1102414,305578.25890164595
1102415,305578.25890164595
1102416,305578.25890164595
1102417,305578.25890164595
1102422,305578.25890164595
1102423,305578.25890164595
1102430,305578.25890164595
1102431,305578.25890164595
1102434,305578.25890164595
1102452,305578.25890164595
1102470,305578.25890164595
1102505,305578.25890164595
1102509,305578.25890164595
1102527,305578.25890164595
1102537,305578.25890164595
1102564,305578.25890164595
1102603,305578.25890164595
1102608,305578.25890164595
1102646,305578.25890164595
1102647,305578.25890164595
1102650,305578.25890164595
1102655,305578.25890164595
1102657,305578.25890164595
1102660,305578.25890164595
1102685,305578.25890164595
1102688,305578.25890164595
1102699,305578.25890164595
1102704,305578.25890164595
1102705,305578.25890164595
1102728,305578.25890164595
1102735,305578.25890164595
1102750,305578.25890164595
1102770,305578.25890164595
1102790,305578.25890164595
1102797,305578.25890164595
1102800,305578.25890164595
1102806,305578.25890164595
1102844,305578.25890164595
1102862,305578.25890164595
1102908,305578.25890164595
1102909,305578.25890164595
1102959,305578.25890164595
1102970,305578.25890164595
1102986,305578.25890164595
1103044,305578.25890164595
1103076,305578.25890164595
1103095,305578.25890164595
1103226,305578.25890164595
1103227,305578.25890164595
1103228,305578.25890164595
1103229,305578.25890164595
1103249,305578.25890164595
1103253,305578.25890164595
1103258,305578.25890164595
1103264,305578.25890164595
1103265,305578.25890164595
1103278,305578.25890164595
1103279,305578.25890164595
1103282,305578.25890164595
1103361,305578.25890164595
1103386,305578.25890164595
1103396,305578.25890164595
1103402,305578.25890164595
1103403,305578.25890164595
1103404,305578.25890164595
1103418,305578.25890164595
1103419,305578.25890164595
1103431,305578.25890164595
1103481,305578.25890164595
1103489,305578.25890164595
1103584,305578.25890164595
1103598,305578.25890164595
1103600,305578.25890164595
1103604,305578.25890164595
1103606,305578.25890164595
1103614,305578.25890164595
1103646,305578.25890164595
1103668,305578.25890164595
1103669,305578.25890164595
1103678,305578.25890164595
1103711,305578.25890164595
1103726,305578.25890164595
1103731,305578.25890164595
1103735,305578.25890164595
1103741,305578.25890164595
1103838,305578.25890164595
1103903,305578.25890164595
1103914,305578.25890164595
1103991,305578.25890164595
1103997,305578.25890164595
1104005,305578.25890164595
1104027,305578.25890164595
1104035,305578.25890164595
1104045,305578.25890164595
1104073,305578.25890164595
1104122,305578.25890164595
1104123,305578.25890164595
1104132,305578.25890164595
1104247,305578.25890164595
1104252,305578.25890164595
1104265,305578.25890164595
1104276,305578.25890164595
1104292,305578.25890164595
1104347,305578.25890164595
1104357,305578.25890164595
1104358,305578.25890164595
1104369,305578.25890164595
1104944,305578.25890164595
1104946,305578.25890164595
1104949,305578.25890164595
1104951,305578.25890164595
1104953,305578.25890164595
1104955,305578.25890164595
1104972,305578.25890164595
1105018,305578.25890164595
1105021,305578.25890164595
1105024,305578.25890164595
1105025,305578.25890164595
1105044,305578.25890164595
1105046,305578.25890164595
1105047,305578.25890164595
1105050,305578.25890164595
1105051,305578.25890164595
1105052,305578.25890164595
1105053,305578.25890164595
1105071,305578.25890164595
1105081,305578.25890164595
1105207,305578.25890164595
1105210,305578.25890164595
1105265,305578.25890164595
1105266,305578.25890164595
1105267,305578.25890164595
1105268,305578.25890164595
1105280,305578.25890164595
1105281,305578.25890164595
1105282,305578.25890164595
1105376,305578.25890164595
1105429,305578.25890164595
1105465,305578.25890164595
1105493,305578.25890164595
1105496,305578.25890164595
1105557,305578.25890164595
1105558,305578.25890164595
1105575,305578.25890164595
1105576,305578.25890164595
1105581,305578.25890164595
1105621,305578.25890164595
1105622,305578.25890164595
1105698,305578.25890164595
1105699,305578.25890164595
1105700,305578.25890164595
1105702,305578.25890164595
1105705,305578.25890164595
1105706,305578.25890164595
1105711,305578.25890164595
1105799,305578.25890164595
1105802,305578.25890164595
1105803,305578.25890164595
1105805,305578.25890164595
1105806,305578.25890164595
1105807,305578.25890164595
1105828,305578.25890164595
1105830,305578.25890164595
1105831,305578.25890164595
1105832,305578.25890164595
1105849,305578.25890164595
1105855,305578.25890164595
1105898,305578.25890164595
1105899,305578.25890164595
1105935,305578.25890164595
1105989,305578.25890164595
1106068,305578.25890164595
1106069,305578.25890164595
1106073,305578.25890164595
1106085,305578.25890164595
1106086,305578.25890164595
1106135,305578.25890164595
1106164,305578.25890164595
1106193,305578.25890164595
1106196,305578.25890164595
1106244,305578.25890164595
1106253,305578.25890164595
1106256,305578.25890164595
1106586,305578.25890164595
1106587,305578.25890164595
1106588,305578.25890164595
1106589,305578.25890164595
1106600,305578.25890164595
1106608,305578.25890164595
1106715,305578.25890164595
1106789,305578.25890164595
1106790,305578.25890164595
1106791,305578.25890164595
1106792,305578.25890164595
1106793,305578.25890164595
1106794,305578.25890164595
1106869,305578.25890164595
1106954,305578.25890164595
1107205,305578.25890164595
1107331,305578.25890164595
1107333,305578.25890164595
1107389,305578.25890164595
1107390,305578.25890164595
1107392,305578.25890164595
1107394,305578.25890164595
1107395,305578.25890164595
1107469,305578.25890164595
1107483,305578.25890164595
1107491,305578.25890164595
1107667,305578.25890164595
1107772,305578.25890164595
1107775,305578.25890164595
1107785,305578.25890164595
1107786,305578.25890164595
1107787,305578.25890164595
1202392,305578.25890164595
1202393,305578.25890164595
1202395,305578.25890164595
1202440,305578.25890164595
1202550,305578.25890164595
1202552,305578.25890164595
1202577,305578.25890164595
1202580,305578.25890164595
1202842,305578.25890164595
1202844,305578.25890164595
1202860,305578.25890164595
1202861,305578.25890164595
1202869,305578.25890164595
1202876,305578.25890164595
1202892,305578.25890164595
1202903,305578.25890164595
1214273,305578.25890164595
1214280,305578.25890164595
1214445,305578.25890164595
1214448,305578.25890164595
1214449,305578.25890164595
1214464,305578.25890164595
1214572,305578.25890164595
1214574,305578.25890164595
1214584,305578.25890164595
1214608,305578.25890164595
1214640,305578.25890164595
1214643,305578.25890164595
1214651,305578.25890164595
1214652,305578.25890164595
1214657,305578.25890164595
1214661,305578.25890164595
1214673,305578.25890164595
1214675,305578.25890164595
1214679,305578.25890164595
1214703,305578.25890164595
1215040,305578.25890164595
1215050,305578.25890164595
1215134,305578.25890164595
1215138,305578.25890164595
1215362,305578.25890164595
1215366,305578.25890164595
1215368,305578.25890164595
1215369,305578.25890164595
1215374,305578.25890164595
1215388,305578.25890164595
1215448,305578.25890164595
1215451,305578.25890164595
1215486,305578.25890164595
1215488,305578.25890164595
1215496,305578.25890164595
1215498,305578.25890164595
1215555,305578.25890164595
1215556,305578.25890164595
1215560,305578.25890164595
1215573,305578.25890164595
1215591,305578.25890164595
1215596,305578.25890164595
1215746,305578.25890164595
1215748,305578.25890164595
1215754,305578.25890164595
1215756,305578.25890164595
1215758,305578.25890164595
1215761,305578.25890164595
1215762,305578.25890164595
1215766,305578.25890164595
1215767,305578.25890164595
1215776,305578.25890164595
1215784,305578.25890164595
1215791,305578.25890164595
1215796,305578.25890164595
1215797,305578.25890164595
1215798,305578.25890164595
1215806,305578.25890164595
1215810,305578.25890164595
1216439,305578.25890164595
1217024,305578.25890164595
1217029,305578.25890164595
1217034,305578.25890164595
1217036,305578.25890164595
1217037,305578.25890164595
1217038,305578.25890164595
1217233,305578.25890164595
1217234,305578.25890164595
1217247,305578.25890164595
1217248,305578.25890164595
1217250,305578.25890164595
1217540,305578.25890164595
1217556,305578.25890164595
1217557,305578.25890164595
1217559,305578.25890164595
1217578,305578.25890164595
1217875,305578.25890164595
1217881,305578.25890164595
1219303,305578.25890164595
1219356,305578.25890164595
1219361,305578.25890164595
1219426,305578.25890164595
1219482,305578.25890164595
1219492,305578.25890164595
1219515,305578.25890164595
1219518,305578.25890164595
1219520,305578.25890164595
1219620,305578.25890164595
1219653,305578.25890164595
1219665,305578.25890164595
1219668,305578.25890164595
1219670,305578.25890164595
1219706,305578.25890164595
1219714,305578.25890164595
1219756,305578.25890164595
1220007,305578.25890164595
1220137,305578.25890164595
1220139,305578.25890164595
1220671,305578.25890164595
1220690,305578.25890164595
1220731,305578.25890164595
1220732,305578.25890164595
1220739,305578.25890164595
1222082,305578.25890164595
1222084,305578.25890164595
1222087,305578.25890164595
1222182,305578.25890164595
1222183,305578.25890164595
1222194,305578.25890164595
1222252,305578.25890164595
1223720,305578.25890164595
1223812,305578.25890164595
1223816,305578.25890164595
1223827,305578.25890164595
1223836,305578.25890164595
1223838,305578.25890164595
1223841,305578.25890164595
1223860,305578.25890164595
1223861,305578.25890164595
1223863,305578.25890164595
1223867,305578.25890164595
1223875,305578.25890164595
1223892,305578.25890164595
1223897,305578.25890164595
1224003,305578.25890164595
1224006,305578.25890164595
1224010,305578.25890164595
1224014,305578.25890164595
1224033,305578.25890164595
1224068,305578.25890164595
1224071,305578.25890164595
1224121,305578.25890164595
1224146,305578.25890164595
1224153,305578.25890164595
1224653,305578.25890164595
1224668,305578.25890164595
1224776,305578.25890164595
1224788,305578.25890164595
1225148,305578.25890164595
1225155,305578.25890164595
1225157,305578.25890164595
1225159,305578.25890164595
1225238,305578.25890164595
1225323,305578.25890164595
1225362,305578.25890164595
1225363,305578.25890164595
1225376,305578.25890164595
1225378,305578.25890164595
1225818,305578.25890164595
1226392,305578.25890164595
1226394,305578.25890164595
1226516,305578.25890164595
1226517,305578.25890164595
1226741,305578.25890164595
1226743,305578.25890164595
1226745,305578.25890164595
1226748,305578.25890164595
1226749,305578.25890164595
1226782,305578.25890164595
1226789,305578.25890164595
1226799,305578.25890164595
1226860,305578.25890164595
1226867,305578.25890164595
1226963,305578.25890164595
1227068,305578.25890164595
1227072,305578.25890164595
1227075,305578.25890164595
1227080,305578.25890164595
1227083,305578.25890164595
1227087,305578.25890164595
1227113,305578.25890164595
1227115,305578.25890164595
1227127,305578.25890164595
1227165,305578.25890164595
1227292,305578.25890164595
1227294,305578.25890164595
1227296,305578.25890164595
1227675,305578.25890164595
1227679,305578.25890164595
1227680,305578.25890164595
1227687,305578.25890164595
1227690,305578.25890164595
1227707,305578.25890164595
1227708,305578.25890164595
1227709,305578.25890164595
1227720,305578.25890164595
1227815,305578.25890164595
1227857,305578.25890164595
1227859,305578.25890164595
1227865,305578.25890164595
1227902,305578.25890164595
1227904,305578.25890164595
1227921,305578.25890164595
1227928,305578.25890164595
1227948,305578.25890164595
1227951,305578.25890164595
1228096,305578.25890164595
1228098,305578.25890164595
1228597,305578.25890164595
1228622,305578.25890164595
1228630,305578.25890164595
1228639,305578.25890164595
1228640,305578.25890164595
1228821,305578.25890164595
1228828,305578.25890164595
1228829,305578.25890164595
1228966,305578.25890164595
1228972,305578.25890164595
1228973,305578.25890164595
1228974,305578.25890164595
1228985,305578.25890164595
1229013,305578.25890164595
1229016,305578.25890164595
1229018,305578.25890164595
1229020,305578.25890164595
1229022,305578.25890164595
1229028,305578.25890164595
1229030,305578.25890164595
1229031,305578.25890164595
1229038,305578.25890164595
1229176,305578.25890164595
1229188,305578.25890164595
1229190,305578.25890164595
1229201,305578.25890164595
1229212,305578.25890164595
1229218,305578.25890164595
1229220,305578.25890164595
1229224,305578.25890164595
1229225,305578.25890164595
1229462,305578.25890164595
1229540,305578.25890164595
1229541,305578.25890164595
1229591,305578.25890164595
1229597,305578.25890164595
1229598,305578.25890164595
1230015,305578.25890164595
1230020,305578.25890164595
1230030,305578.25890164595
1230031,305578.25890164595
1230037,305578.25890164595
1230038,305578.25890164595
1230039,305578.25890164595
1230040,305578.25890164595
1230045,305578.25890164595
1230070,305578.25890164595
1231407,305578.25890164595
1231410,305578.25890164595
1231549,305578.25890164595
1231551,305578.25890164595
1231558,305578.25890164595
1231661,305578.25890164595
1231688,305578.25890164595
1231696,305578.25890164595
1231704,305578.25890164595
1231710,305578.25890164595
1231711,305578.25890164595
1231719,305578.25890164595
1231753,305578.25890164595
1231846,305578.25890164595
1231908,305578.25890164595
1231938,305578.25890164595
1231982,305578.25890164595
1232000,305578.25890164595
1232001,305578.25890164595
1232002,305578.25890164595
1232475,305578.25890164595
1232477,305578.25890164595
1232484,305578.25890164595
1232490,305578.25890164595
1232637,305578.25890164595
1232646,305578.25890164595
1232662,305578.25890164595
1233033,305578.25890164595
1233038,305578.25890164595
1233250,305578.25890164595
1233263,305578.25890164595
1233265,305578.25890164595
1233268,305578.25890164595
1233307,305578.25890164595
1233314,305578.25890164595
1233329,305578.25890164595
1233345,305578.25890164595
1233349,305578.25890164595
1233447,305578.25890164595
1233450,305578.25890164595
1233453,305578.25890164595
1233462,305578.25890164595
1233465,305578.25890164595
1233471,305578.25890164595
1233474,305578.25890164595
1233479,305578.25890164595
1233487,305578.25890164595
1233488,305578.25890164595
1233490,305578.25890164595
1233493,305578.25890164595
1233495,305578.25890164595
1233497,305578.25890164595
1233542,305578.25890164595
1233552,305578.25890164595
1233557,305578.25890164595
1233567,305578.25890164595
1233568,305578.25890164595
1233569,305578.25890164595
1233683,305578.25890164595
1233764,305578.25890164595
1233861,305578.25890164595
1233877,305578.25890164595
1233987,305578.25890164595
1233989,305578.25890164595
1234069,305578.25890164595
1234103,305578.25890164595
1234104,305578.25890164595
1234343,305578.25890164595
1234348,305578.25890164595
1234349,305578.25890164595
1234495,305578.25890164595
1234496,305578.25890164595
1234497,305578.25890164595
1234499,305578.25890164595
1234515,305578.25890164595
1234516,305578.25890164595
1234528,305578.25890164595
1234612,305578.25890164595
1234760,305578.25890164595
1234763,305578.25890164595
1234766,305578.25890164595
1234772,305578.25890164595
1234818,305578.25890164595
1235137,305578.25890164595
1235157,305578.25890164595
1235163,305578.25890164595
1235168,305578.25890164595
1235169,305578.25890164595
1235170,305578.25890164595
1235228,305578.25890164595
1235244,305578.25890164595
1235266,305578.25890164595
1235290,305578.25890164595
1235294,305578.25890164595
1235303,305578.25890164595
1235312,305578.25890164595
1235314,305578.25890164595
1235337,305578.25890164595
1235354,305578.25890164595
1235360,305578.25890164595
1235386,305578.25890164595
1235538,305578.25890164595
1235542,305578.25890164595
1235546,305578.25890164595
1235552,305578.25890164595
1235662,305578.25890164595
1235678,305578.25890164595
1235679,305578.25890164595
1235688,305578.25890164595
1235689,305578.25890164595
1235741,305578.25890164595
1235742,305578.25890164595
1235744,305578.25890164595
1235745,305578.25890164595
1235746,305578.25890164595
1235747,305578.25890164595
1235786,305578.25890164595
1235796,305578.25890164595
1235824,305578.25890164595
1235825,305578.25890164595
1235874,305578.25890164595
1235885,305578.25890164595
1235886,305578.25890164595
1235887,305578.25890164595
1235916,305578.25890164595
1235996,305578.25890164595
1235997,305578.25890164595
1236001,305578.25890164595
1236007,305578.25890164595
1236009,305578.25890164595
1236010,305578.25890164595
1236082,305578.25890164595
1236126,305578.25890164595
1236137,305578.25890164595
1236150,305578.25890164595
1236152,305578.25890164595
1236160,305578.25890164595
1236162,305578.25890164595
1236183,305578.25890164595
1236186,305578.25890164595
1236189,305578.25890164595
1236201,305578.25890164595
1236353,305578.25890164595
1236355,305578.25890164595
1236463,305578.25890164595
1236479,305578.25890164595
1236480,305578.25890164595
1236822,305578.25890164595
1236911,305578.25890164595
1236986,305578.25890164595
1236991,305578.25890164595
1236993,305578.25890164595
1237029,305578.25890164595
1237033,305578.25890164595
1237049,305578.25890164595
1237051,305578.25890164595
1237164,305578.25890164595
1237170,305578.25890164595
1237492,305578.25890164595
1237495,305578.25890164595
1237545,305578.25890164595
1237979,305578.25890164595
1237998,305578.25890164595
1238015,305578.25890164595
1238100,305578.25890164595
1238115,305578.25890164595
1238129,305578.25890164595
1238182,305578.25890164595
1238190,305578.25890164595
1238195,305578.25890164595
1238198,305578.25890164595
1238207,305578.25890164595
1238213,305578.25890164595
1238216,305578.25890164595
1238226,305578.25890164595
1238229,305578.25890164595
1238231,305578.25890164595
1238232,305578.25890164595
1238237,305578.25890164595
1238241,305578.25890164595
1238242,305578.25890164595
1238244,305578.25890164595
1238245,305578.25890164595
1238258,305578.25890164595
1238259,305578.25890164595
1238261,305578.25890164595
1238263,305578.25890164595
1238264,305578.25890164595
1238384,305578.25890164595
1238386,305578.25890164595
1238419,305578.25890164595
1238422,305578.25890164595
1238435,305578.25890164595
1238439,305578.25890164595
1238572,305578.25890164595
1238582,305578.25890164595
1238589,305578.25890164595
1238614,305578.25890164595
1238793,305578.25890164595
1238800,305578.25890164595
1238802,305578.25890164595
1238807,305578.25890164595
1238812,305578.25890164595
1238813,305578.25890164595
1238814,305578.25890164595
1238827,305578.25890164595
1238834,305578.25890164595
1238964,305578.25890164595
1238965,305578.25890164595
1239003,305578.25890164595
1239006,305578.25890164595
1239029,305578.25890164595
1239054,305578.25890164595
1239062,305578.25890164595
1239067,305578.25890164595
1239078,305578.25890164595
1239100,305578.25890164595
1239106,305578.25890164595
1239112,305578.25890164595
1239158,305578.25890164595
1239160,305578.25890164595
1239161,305578.25890164595
1239162,305578.25890164595
1239239,305578.25890164595
1239260,305578.25890164595
1239261,305578.25890164595
1239271,305578.25890164595
1239276,305578.25890164595
1239278,305578.25890164595
1239294,305578.25890164595
1239313,305578.25890164595
1239402,305578.25890164595
1239482,305578.25890164595
1239483,305578.25890164595
1239484,305578.25890164595
1239485,305578.25890164595
1239490,305578.25890164595
1239519,305578.25890164595
1239527,305578.25890164595
1239532,305578.25890164595
1239533,305578.25890164595
1239534,305578.25890164595
1239535,305578.25890164595
1239537,305578.25890164595
1239558,305578.25890164595
1239566,305578.25890164595
1239568,305578.25890164595
1239577,305578.25890164595
1239578,305578.25890164595
1239585,305578.25890164595
1239589,305578.25890164595
1239598,305578.25890164595
1239601,305578.25890164595
1239963,305578.25890164595
1239978,305578.25890164595
1239994,305578.25890164595
1240122,305578.25890164595
1240137,305578.25890164595
1240202,305578.25890164595
1240229,305578.25890164595
1240235,305578.25890164595
1240281,305578.25890164595
1240283,305578.25890164595
1240338,305578.25890164595
1240418,305578.25890164595
1240441,305578.25890164595
1240442,305578.25890164595
1240444,305578.25890164595
1240448,305578.25890164595
1240464,305578.25890164595
1240465,305578.25890164595
1240498,305578.25890164595
1240504,305578.25890164595
1240505,305578.25890164595
1240516,305578.25890164595
1240535,305578.25890164595
1240539,305578.25890164595
1240540,305578.25890164595
1240617,305578.25890164595
1240649,305578.25890164595
1240720,305578.25890164595
1240728,305578.25890164595
1240735,305578.25890164595
1240736,305578.25890164595
1240977,305578.25890164595
1240979,305578.25890164595
1241045,305578.25890164595
1241069,305578.25890164595
1241079,305578.25890164595
1241087,305578.25890164595
1241091,305578.25890164595
1241093,305578.25890164595
1241095,305578.25890164595
1241101,305578.25890164595
1241103,305578.25890164595
1241115,305578.25890164595
1241117,305578.25890164595
1241128,305578.25890164595
1241130,305578.25890164595
1241139,305578.25890164595
1241151,305578.25890164595
1241289,305578.25890164595
1241295,305578.25890164595
1241453,305578.25890164595
1241454,305578.25890164595
1241459,305578.25890164595
1241460,305578.25890164595
1241478,305578.25890164595
1241488,305578.25890164595
1241744,305578.25890164595
1241746,305578.25890164595
1241753,305578.25890164595
1241756,305578.25890164595
1241757,305578.25890164595
1241760,305578.25890164595
1241761,305578.25890164595
1241764,305578.25890164595
1241795,305578.25890164595
1241796,305578.25890164595
1241798,305578.25890164595
1241803,305578.25890164595
1241804,305578.25890164595
1241807,305578.25890164595
1241810,305578.25890164595
1241813,305578.25890164595
1241826,305578.25890164595
1241833,305578.25890164595
1241834,305578.25890164595
1241837,305578.25890164595
1241842,305578.25890164595
1241843,305578.25890164595
1241897,305578.25890164595
1241913,305578.25890164595
1241975,305578.25890164595
1241978,305578.25890164595
1241980,305578.25890164595
1241981,305578.25890164595
1241983,305578.25890164595
1242077,305578.25890164595
1242080,305578.25890164595
1242082,305578.25890164595
1242090,305578.25890164595
1242092,305578.25890164595
1242118,305578.25890164595
1242119,305578.25890164595
1242131,305578.25890164595
1242132,305578.25890164595
1242135,305578.25890164595
1242139,305578.25890164595
70723,371869.24615046586
71009,382491.2487600466
71030,374546.58862943575
71670,375028.5983351547
71671,375028.5983351547
71694,394521.15845717513
71697,371869.24615046586
71717,384455.37856962497
71727,377853.03695890756
71785,374546.58862943575
72264,365973.17128706386
72276,388052.59307600424
72325,371869.24615046586
72326,371869.24615046586
72327,388052.59307600424
72548,388052.59307600424
72571,382491.2487600466
72713,384321.6023400785
696861,374255.8224525282
696875,371869.24615046586
696882,374546.58862943575
