id,price
264893,137350.04
264899,134157.15
264910,134157.15
264915,137350.04
264919,135269.4
264928,134157.15
264932,380439.04
264935,380439.04
264939,137350.04
264944,380439.04
264954,134157.15
264955,134157.15
264969,322076.6
264978,137350.04
264983,137350.04
264984,137350.04
264985,134157.15
265031,380439.04
265032,380439.04
265058,137350.04
265066,134157.15
265068,137350.04
265069,147698.25
265070,138570.72
265077,134157.15
265090,334522.97
265094,380439.04
265101,134157.15
265102,135269.4
265105,380439.04
265106,135269.4
265108,135269.4
265115,134157.15
265147,135269.4
265152,380439.04
265153,380439.04
265170,134157.15
265176,380439.04
265187,137350.04
265189,137350.04
265198,134157.15
265225,147698.25
265233,147698.25
265237,135269.4
265253,212460.0
265280,212460.0
265287,176634.41
265293,211313.42
265296,214387.13
265307,212460.0
265308,212460.0
265312,173453.8
265313,176634.41
265314,211313.42
265315,212460.0
265320,206974.93
265333,211313.42
265346,206974.93
265351,214387.13
265356,211313.42
265357,176634.41
265358,206974.93
265363,211313.42
265369,173453.8
265372,212460.0
265402,214387.13
265406,173453.8
265420,212460.0
265436,173453.8
265438,211313.42
265442,212460.0
265449,212460.0
265452,212460.0
265455,206974.93
265461,214387.13
265465,212460.0
265481,174452.81
265488,212460.0
265501,173453.8
265514,212460.0
265515,211313.42
265516,208212.48
265517,206974.93
265526,206974.93
265533,212460.0
265539,212460.0
265543,173453.8
265544,175620.78
265556,177442.44
265559,173453.8
265561,173453.8
265584,176673.38
265586,177442.44
265587,177442.44
265588,173453.8
265593,176673.38
265596,176673.38
265607,177442.44
265608,177442.44
265610,176673.38
265613,173453.8
265653,173453.8
265663,176673.38
265669,173453.8
265675,176673.38
265699,176673.38
265701,173453.8
265703,173453.8
265704,173453.8
265743,173453.8
265748,177442.44
265759,176673.38
265795,173453.8
265797,173453.8
265805,176673.38
265806,177442.44
265810,176673.38
265819,177442.44
265820,176673.38
265833,176673.38
265834,176673.38
265843,319946.15
265851,319946.15
265862,259327.76
265864,306204.27
265869,264623.28
265887,319946.15
265907,264623.28
265913,259327.76
265921,261861.75
265923,339352.37
265925,319946.15
265957,334730.99
265958,267338.79
265960,264623.28
265963,261861.75
265969,267338.79
266004,267338.79
266028,353743.44
266029,263346.41
266032,261861.75
266034,261861.75
266055,259327.76
266075,264623.28
266077,264623.28
266080,334730.99
266093,267338.79
266094,353743.44
266100,261861.75
266116,261861.75
266129,178335.08
266144,259327.76
266160,259327.76
266165,210022.19
266196,210022.19
266199,249197.24
266202,261861.75
266210,210022.19
266211,259327.76
266213,249197.24
266218,177566.02
266219,249197.24
266220,178335.08
266234,259327.76
266241,210022.19
266248,210022.19
266251,177566.02
266256,174346.45
266259,178335.08
266274,263346.41
266275,176760.18
266276,177566.02
266279,207901.8
266280,259327.76
266281,210022.19
266299,249197.24
266300,259327.76
266305,174346.45
266314,210022.19
266315,177566.02
266329,259327.76
266332,173453.8
266350,173453.8
266368,173453.8
266375,173453.8
266381,173453.8
266382,173453.8
266393,173453.8
266394,173453.8
266402,173453.8
266406,177442.44
266423,173453.8
266424,173453.8
266438,173453.8
266454,173453.8
266463,173453.8
266465,177795.45
266479,173453.8
266480,173453.8
266485,173453.8
266486,173453.8
266496,173453.8
266508,173453.8
266510,173453.8
266511,173453.8
266512,173453.8
266514,173453.8
266517,173453.8
266539,173453.8
266542,173453.8
266545,173453.8
266548,173453.8
266550,173453.8
266556,173453.8
266559,173453.8
266565,173453.8
266568,173453.8
266569,173453.8
266575,173453.8
266580,173453.8
266581,173453.8
266582,173453.8
266583,173453.8
266602,210022.19
266606,212460.0
266618,214387.13
266619,210022.19
266620,212460.0
266624,210022.19
266626,211313.42
266662,211313.42
266667,210022.19
266668,214387.13
266677,261564.79
266681,214387.13
266682,210022.19
266690,210022.19
266694,210022.19
266695,210022.19
266698,241536.37
266699,227283.52
266727,210022.19
266729,259070.73
266731,210022.19
266732,261564.79
266740,251513.86
266744,212460.0
266748,246405.76
266768,212460.0
266770,177470.77
266771,210022.19
266778,221798.45
266779,244478.63
266781,212460.0
266785,210022.19
266809,214387.13
266819,244478.63
266821,214387.13
266824,212460.0
266830,210022.19
266831,214387.13
266845,214387.13
266846,177442.44
266847,177442.44
266851,177442.44
266858,176673.38
266859,177442.44
266862,177442.44
266863,176673.38
266864,176673.38
266872,177442.44
266875,177442.44
266877,177442.44
266882,177442.44
266883,177442.44
266886,176673.38
266918,177442.44
266919,177442.44
266920,177442.44
266953,177442.44
266954,177442.44
266955,175304.14
266957,177442.44
266965,177442.44
266966,177442.44
266969,177442.44
266984,152917.65
266989,177442.44
266990,177442.44
267015,177442.44
267016,177442.44
267017,177442.44
267018,177442.44
267019,177442.44
267020,177442.44
267025,175304.14
267028,176673.38
267041,177442.44
267054,177442.44
267082,177442.44
267084,177442.44
267085,177442.44
267103,173453.8
267104,173453.8
267106,173453.8
267113,173453.8
267126,173453.8
267128,173453.8
267131,173453.8
267138,173453.8
267147,173453.8
267153,173453.8
267154,173453.8
267171,173453.8
267173,173453.8
267188,173453.8
267198,173453.8
267199,173453.8
267218,212460.0
267220,212460.0
267221,212460.0
267245,214387.13
267247,212460.0
267248,214387.13
267249,214387.13
267253,211313.42
267269,214387.13
267271,212460.0
267274,212460.0
267281,212460.0
267303,214387.13
267305,212460.0
267306,212460.0
267307,212460.0
267309,214387.13
267311,212460.0
267312,211313.42
267315,214387.13
267331,214387.13
267338,214387.13
267342,212460.0
267344,214387.13
267346,214387.13
267366,214387.13
267369,214387.13
267371,212460.0
267375,214387.13
267376,212460.0
267379,206974.93
267381,212460.0
267382,211313.42
267407,214387.13
267422,208212.48
267424,214387.13
267428,214387.13
267431,214387.13
267434,209121.81
267437,214387.13
267438,214387.13
267439,212460.0
267440,214387.13
267441,214387.13
267443,214387.13
267460,212783.73
267463,212783.73
267494,212783.73
267510,214217.09
267515,215499.24
267520,212783.73
267522,212783.73
267523,212783.73
267524,210022.19
267544,212783.73
267546,212783.73
267551,215499.24
267553,217514.32
267563,212783.73
267584,212783.73
267585,212783.73
267587,212783.73
267598,212783.73
267602,215499.24
267614,212783.73
267617,215499.24
267619,212783.73
267620,212783.73
267623,212783.73
267627,211506.86
267633,210022.19
267644,217514.32
267667,163838.18
267738,163956.83
267740,159752.05
267743,145828.07
267778,155498.42
267779,163956.83
267799,152467.49
267800,159752.05
267814,152467.49
267816,152467.49
267833,152467.49
267834,155498.42
267836,152467.49
267847,143989.45
267858,137812.94
267891,149650.65
267896,137812.94
267899,140796.56
267900,140796.56
267902,143989.45
267908,137812.94
267924,140796.56
267933,140796.56
267936,158819.13
267939,143989.45
267941,150608.69
267942,140796.56
267967,140796.56
267970,149650.65
267980,140796.56
267990,149650.65
267992,138190.22
267994,143989.45
267995,143989.45
267999,140796.56
268003,150608.69
268020,145279.22
268033,140796.56
268041,159752.05
268056,177442.44
268067,177442.44
268070,177442.44
268071,177442.44
268121,140796.56
268144,177442.44
268145,177442.44
268147,173616.75
268149,164982.78
268150,173616.75
268157,177442.44
268159,149650.65
268161,149650.65
268175,177442.44
268189,160439.46
268208,177442.44
308905,214387.13
312310,334522.97
312331,176673.38
695165,210022.19
695166,210022.19
695170,140796.56
695176,140796.56
695178,177442.44
695181,177442.44
695183,177442.44
695185,259327.76
695196,212460.0
695203,173453.8
695205,210022.19
695207,145828.07
695236,173453.8
695238,173453.8
695252,173453.8
695257,173453.8
713635,220398.42
714108,220398.42
714284,220398.42
714645,220398.42
714753,220398.42
714863,220398.42
714924,220398.42
715132,220398.42
715405,220398.42
715433,220398.42
715694,220398.42
715746,220398.42
715898,220398.42
715902,220398.42
715996,220398.42
716065,220398.42
716097,220398.42
716329,220398.42
716360,220398.42
716377,220398.42
716484,220398.42
716541,220398.42
716634,220398.42
716888,220398.42
717017,220398.42
717109,220398.42
717307,220398.42
717459,220398.42
717524,220398.42
717568,220398.42
717688,220398.42
717690,220398.42
717797,220398.42
717829,220398.42
717945,220398.42
717983,220398.42
718276,220398.42
718584,220398.42
718617,220398.42
718717,220398.42
718867,220398.42
718943,220398.42
718997,220398.42
719116,220398.42
719132,220398.42
719287,220398.42
719579,220398.42
719846,220398.42
719893,220398.42
720041,220398.42
720088,220398.42
720180,220398.42
720249,220398.42
720261,220398.42
720293,220398.42
720364,220398.42
720455,220398.42
720564,220398.42
720679,220398.42
720725,220398.42
720817,220398.42
720854,220398.42
720920,220398.42
721130,220398.42
721266,220398.42
721531,220398.42
721844,220398.42
721882,220398.42
722050,220398.42
722151,220398.42
722225,220398.42
722264,220398.42
722516,220398.42
722520,220398.42
722594,220398.42
722649,220398.42
722769,220398.42
724397,220398.42
724457,220398.42
724486,220398.42
724488,220398.42
724574,220398.42
724620,220398.42
724674,220398.42
724767,220398.42
724786,220398.42
724908,220398.42
725124,220398.42
725211,220398.42
725280,220398.42
725364,220398.42
725393,220398.42
725425,220398.42
725455,220398.42
725547,220398.42
725814,220398.42
725829,220398.42
725999,220398.42
726088,220398.42
726214,220398.42
726348,220398.42
726542,220398.42
726620,220398.42
726910,220398.42
727068,220398.42
727229,220398.42
727458,220398.42
727699,220398.42
728077,220398.42
728089,220398.42
728272,220398.42
728553,220398.42
728592,220398.42
728640,220398.42
728663,220398.42
729105,220398.42
729267,220398.42
729622,220398.42
730128,220398.42
730298,220398.42
730619,220398.42
730712,220398.42
731061,220398.42
731131,220398.42
731142,220398.42
731240,220398.42
731527,220398.42
731655,220398.42
731841,220398.42
731925,220398.42
732382,220398.42
732568,220398.42
732810,220398.42
732969,220398.42
733029,220398.42
733077,220398.42
733091,220398.42
733208,220398.42
733226,220398.42
733230,220398.42
733238,220398.42
733347,220398.42
733542,220398.42
734153,220398.42
734154,220398.42
734176,220398.42
734212,220398.42
734217,220398.42
734258,220398.42
734334,220398.42
734397,220398.42
734666,220398.42
734674,220398.42
734675,220398.42
734724,220398.42
734919,220398.42
735058,220398.42
735319,220398.42
735691,220398.42
735730,220398.42
735875,220398.42
736019,220398.42
736274,220398.42
736752,220398.42
736842,220398.42
736845,220398.42
736880,220398.42
737208,220398.42
737501,220398.42
737652,220398.42
737722,220398.42
738039,220398.42
738057,220398.42
738082,220398.42
738665,220398.42
738841,220398.42
739007,220398.42
739075,220398.42
739255,220398.42
739492,220398.42
740378,220398.42
740535,220398.42
741340,220398.42
741408,220398.42
741684,220398.42
742269,220398.42
742430,220398.42
742608,220398.42
742744,220398.42
742791,220398.42
742826,220398.42
742881,220398.42
742899,220398.42
743231,220398.42
743527,220398.42
743534,220398.42
743562,220398.42
743664,220398.42
743926,220398.42
744027,220398.42
744337,220398.42
744508,220398.42
744690,220398.42
745006,220398.42
745047,220398.42
745193,220398.42
745245,220398.42
745515,220398.42
746017,220398.42
746053,220398.42
746265,220398.42
746355,220398.42
746375,220398.42
746382,220398.42
746483,220398.42
746772,220398.42
746949,220398.42
746954,220398.42
746984,220398.42
748310,220398.42
748476,220398.42
748712,220398.42
748736,220398.42
748773,220398.42
748803,220398.42
749336,220398.42
749657,220398.42
749755,220398.42
749845,220398.42
750054,220398.42
750136,220398.42
750580,220398.42
750771,220398.42
751301,220398.42
751365,220398.42
751450,220398.42
751496,220398.42
751560,220398.42
751799,220398.42
751846,220398.42
751847,220398.42
751897,220398.42
751958,220398.42
751960,220398.42
752204,220398.42
752309,220398.42
752365,220398.42
752608,220398.42
752648,220398.42
752691,220398.42
752814,220398.42
752877,220398.42
753069,220398.42
753118,220398.42
753224,220398.42
753227,220398.42
753248,220398.42
753391,220398.42
753482,220398.42
753516,220398.42
753532,220398.42
753563,220398.42
753651,220398.42
753842,220398.42
754089,220398.42
754090,220398.42
754125,220398.42
754506,220398.42
754620,220398.42
754630,220398.42
754802,220398.42
754861,220398.42
754927,220398.42
754936,220398.42
755034,220398.42
755072,220398.42
755075,220398.42
755879,220398.42
756141,220398.42
757137,220398.42
757268,220398.42
757525,220398.42
757552,220398.42
757671,220398.42
757699,220398.42
757723,220398.42
757778,220398.42
757807,220398.42
757810,220398.42
758073,220398.42
758157,220398.42
758385,220398.42
758409,220398.42
758503,220398.42
758531,220398.42
758589,220398.42
758722,220398.42
758785,220398.42
758793,220398.42
758855,220398.42
758943,220398.42
758961,220398.42
759020,220398.42
759066,220398.42
759073,220398.42
759076,220398.42
759330,220398.42
760184,220398.42
760381,220398.42
760382,220398.42
760545,220398.42
760920,220398.42
767749,220398.42
767766,220398.42
767960,220398.42
768051,220398.42
771578,220398.42
771667,220398.42
771785,220398.42
771860,220398.42
772094,220398.42
772238,220398.42
772563,220398.42
772956,220398.42
773061,220398.42
773111,220398.42
773288,220398.42
773498,220398.42
773599,220398.42
773705,220398.42
773905,220398.42
773965,220398.42
773973,220398.42
774075,220398.42
774236,220398.42
774296,220398.42
774423,220398.42
774558,220398.42
774559,220398.42
774858,220398.42
774859,220398.42
774860,220398.42
774861,220398.42
774863,220398.42
774864,220398.42
774865,220398.42
774866,220398.42
774870,220398.42
774874,220398.42
774908,220398.42
774914,220398.42
775168,220398.42
775205,220398.42
775210,220398.42
775320,220398.42
775438,220398.42
775442,220398.42
775443,220398.42
775444,220398.42
775445,220398.42
775447,220398.42
775448,220398.42
775554,220398.42
775555,220398.42
775586,220398.42
775612,220398.42
775729,220398.42
775785,220398.42
775911,220398.42
776126,220398.42
776220,220398.42
776281,220398.42
776537,220398.42
776718,220398.42
776786,220398.42
777092,220398.42
777265,220398.42
777365,220398.42
777442,220398.42
777610,220398.42
777612,220398.42
777763,220398.42
777818,220398.42
778020,220398.42
792324,220398.42
792630,220398.42
792713,220398.42
792725,220398.42
792887,220398.42
792939,220398.42
793005,220398.42
793008,220398.42
793066,220398.42
793127,220398.42
793161,220398.42
793409,220398.42
793475,220398.42
793537,220398.42
793642,220398.42
793661,220398.42
793768,220398.42
793977,220398.42
793978,220398.42
794009,220398.42
794521,220398.42
794522,220398.42
794646,220398.42
794657,220398.42
794681,220398.42
794957,220398.42
795043,220398.42
795214,220398.42
795458,220398.42
795504,220398.42
795614,220398.42
795689,220398.42
795690,220398.42
795749,220398.42
795780,220398.42
796046,220398.42
796093,220398.42
796230,220398.42
796239,220398.42
796407,220398.42
796414,220398.42
796526,220398.42
796611,220398.42
796612,220398.42
796693,220398.42
796941,220398.42
797000,220398.42
797301,220398.42
797320,220398.42
797501,220398.42
797556,220398.42
797602,220398.42
797607,220398.42
797650,220398.42
797759,220398.42
797840,220398.42
797920,220398.42
797955,220398.42
797986,220398.42
798122,220398.42
798154,220398.42
799016,220398.42
799634,220398.42
799788,220398.42
800114,220398.42
800138,220398.42
800424,220398.42
800449,220398.42
800510,220398.42
800532,220398.42
800541,220398.42
800609,220398.42
800668,220398.42
800744,220398.42
800866,220398.42
800903,220398.42
800916,220398.42
801752,220398.42
801804,220398.42
801847,220398.42
801858,220398.42
802128,220398.42
802258,220398.42
802295,220398.42
802341,220398.42
802386,220398.42
802424,220398.42
802445,220398.42
802668,220398.42
802700,220398.42
802704,220398.42
802728,220398.42
802910,220398.42
803292,220398.42
803311,220398.42
803329,220398.42
803374,220398.42
803536,220398.42
803639,220398.42
804024,220398.42
804212,220398.42
804231,220398.42
804291,220398.42
804531,220398.42
804598,220398.42
804627,220398.42
804631,220398.42
804637,220398.42
804655,220398.42
804744,220398.42
804766,220398.42
804807,220398.42
805014,220398.42
805098,220398.42
805194,220398.42
805373,220398.42
805394,220398.42
805486,220398.42
805500,220398.42
805630,220398.42
805757,220398.42
806068,220398.42
806144,220398.42
806361,220398.42
806422,220398.42
806448,220398.42
806622,220398.42
806748,220398.42
806977,220398.42
806994,220398.42
807158,220398.42
807182,220398.42
807185,220398.42
807247,220398.42
807280,220398.42
807366,220398.42
807797,220398.42
808029,220398.42
808116,220398.42
808193,220398.42
808317,220398.42
808398,220398.42
808402,220398.42
808665,220398.42
808694,220398.42
809040,220398.42
809598,220398.42
809658,220398.42
810178,220398.42
810217,220398.42
810247,220398.42
810250,220398.42
810315,220398.42
810593,220398.42
810694,220398.42
810750,220398.42
810752,220398.42
810823,220398.42
811013,220398.42
811014,220398.42
811029,220398.42
811033,220398.42
811079,220398.42
811149,220398.42
811154,220398.42
811318,220398.42
811572,220398.42
811752,220398.42
811825,220398.42
811863,220398.42
811890,220398.42
812013,220398.42
812020,220398.42
812190,220398.42
812277,220398.42
812281,220398.42
812496,220398.42
813366,220398.42
813513,220398.42
813541,220398.42
813723,220398.42
813854,220398.42
813900,220398.42
813905,220398.42
813991,220398.42
814439,220398.42
814562,220398.42
814741,220398.42
814748,220398.42
814792,220398.42
814808,220398.42
814955,220398.42
815240,220398.42
815395,220398.42
815501,220398.42
815512,220398.42
815573,220398.42
815588,220398.42
815670,220398.42
815688,220398.42
815690,220398.42
815696,220398.42
815763,220398.42
815988,220398.42
816064,220398.42
816242,220398.42
816290,220398.42
816334,220398.42
816744,220398.42
816890,220398.42
816995,220398.42
816999,220398.42
817070,220398.42
817184,220398.42
817220,220398.42
817222,220398.42
817335,220398.42
817398,220398.42
817401,220398.42
817469,220398.42
817478,220398.42
817485,220398.42
849254,220398.42
849335,220398.42
849583,220398.42
849628,220398.42
849715,220398.42
849938,220398.42
850070,220398.42
850071,220398.42
850074,220398.42
850143,220398.42
850650,220398.42
850688,220398.42
850706,220398.42
851200,220398.42
851362,220398.42
851404,220398.42
851791,220398.42
851810,220398.42
851844,220398.42
851885,220398.42
851929,220398.42
852009,220398.42
852060,220398.42
852108,220398.42
852166,220398.42
852210,220398.42
852356,220398.42
852727,220398.42
852786,220398.42
852794,220398.42
852798,220398.42
852811,220398.42
852983,220398.42
853152,220398.42
853212,220398.42
853308,220398.42
853360,220398.42
853400,220398.42
853448,220398.42
853547,220398.42
853738,220398.42
853999,220398.42
854058,220398.42
854206,220398.42
854316,220398.42
854372,220398.42
854548,220398.42
854627,220398.42
854717,220398.42
854804,220398.42
854850,220398.42
855254,220398.42
855290,220398.42
855591,220398.42
855835,220398.42
856006,220398.42
856174,220398.42
856192,220398.42
856247,220398.42
856511,220398.42
856637,220398.42
856638,220398.42
856646,220398.42
856699,220398.42
856869,220398.42
856903,220398.42
857014,220398.42
857021,220398.42
857337,220398.42
857466,220398.42
857561,220398.42
857715,220398.42
857930,220398.42
857933,220398.42
857984,220398.42
858020,220398.42
858115,220398.42
858187,220398.42
858284,220398.42
858313,220398.42
858343,220398.42
858367,220398.42
858368,220398.42
858391,220398.42
858467,220398.42
858620,220398.42
858789,220398.42
858910,220398.42
858923,220398.42
858925,220398.42
859089,220398.42
859208,220398.42
859213,220398.42
859448,220398.42
859735,220398.42
859737,220398.42
859952,220398.42
860006,220398.42
860132,220398.42
860301,220398.42
860323,220398.42
860335,220398.42
860364,220398.42
860502,220398.42
860548,220398.42
860582,220398.42
860748,220398.42
860775,220398.42
860948,220398.42
861031,220398.42
861333,220398.42
861384,220398.42
861474,220398.42
861714,220398.42
861731,220398.42
861732,220398.42
861737,220398.42
861820,220398.42
861885,220398.42
862030,220398.42
862188,220398.42
862261,220398.42
862281,220398.42
862618,220398.42
862788,220398.42
862799,220398.42
862968,220398.42
862970,220398.42
862972,220398.42
863013,220398.42
863030,220398.42
863134,220398.42
863308,220398.42
863598,220398.42
863775,220398.42
863870,220398.42
863876,220398.42
863878,220398.42
863962,220398.42
864003,220398.42
864031,220398.42
864076,220398.42
864259,220398.42
864264,220398.42
864392,220398.42
864413,220398.42
864696,220398.42
864957,220398.42
864967,220398.42
865059,220398.42
865088,220398.42
865172,220398.42
865294,220398.42
865295,220398.42
865397,220398.42
865837,220398.42
865915,220398.42
865988,220398.42
866170,220398.42
866219,220398.42
866221,220398.42
866233,220398.42
866670,220398.42
866690,220398.42
866710,220398.42
866832,220398.42
866953,220398.42
867179,220398.42
867437,220398.42
867463,220398.42
867734,220398.42
867910,220398.42
868080,220398.42
868188,220398.42
868288,220398.42
868374,220398.42
868833,220398.42
869107,220398.42
869128,220398.42
869129,220398.42
869138,220398.42
869231,220398.42
869299,220398.42
869366,220398.42
869499,220398.42
869632,220398.42
869658,220398.42
869693,220398.42
870083,220398.42
870420,220398.42
870666,220398.42
870737,220398.42
870738,220398.42
870742,220398.42
870773,220398.42
870921,220398.42
871140,220398.42
871143,220398.42
871239,220398.42
871264,220398.42
871783,220398.42
871887,220398.42
872186,220398.42
872351,220398.42
872453,220398.42
872615,220398.42
873114,220398.42
873126,220398.42
873173,220398.42
873306,220398.42
874035,220398.42
874087,220398.42
874106,220398.42
874111,220398.42
874132,220398.42
874172,220398.42
874299,220398.42
874301,220398.42
874678,220398.42
875005,220398.42
875040,220398.42
875084,220398.42
875343,220398.42
875373,220398.42
875694,220398.42
875715,220398.42
875883,220398.42
875956,220398.42
876188,220398.42
876243,220398.42
876248,220398.42
876298,220398.42
876348,220398.42
876525,220398.42
876573,220398.42
876658,220398.42
876802,220398.42
877045,220398.42
877057,220398.42
877061,220398.42
877082,220398.42
877159,220398.42
877356,220398.42
877405,220398.42
877586,220398.42
877678,220398.42
877695,220398.42
877858,220398.42
877986,220398.42
877992,220398.42
877993,220398.42
877999,220398.42
878136,220398.42
878160,220398.42
878162,220398.42
878163,220398.42
878164,220398.42
878185,220398.42
878259,220398.42
878329,220398.42
878421,220398.42
878447,220398.42
878983,220398.42
879011,220398.42
879025,220398.42
879202,220398.42
879262,220398.42
879410,220398.42
879445,220398.42
879490,220398.42
879704,220398.42
879837,220398.42
879874,220398.42
879899,220398.42
879907,220398.42
880010,220398.42
880022,220398.42
880054,220398.42
880204,220398.42
880277,220398.42
880443,220398.42
880473,220398.42
880481,220398.42
880488,220398.42
880535,220398.42
880552,220398.42
880554,220398.42
880659,220398.42
880698,220398.42
880710,220398.42
880760,220398.42
880910,220398.42
881195,220398.42
881204,220398.42
881269,220398.42
881271,220398.42
881536,220398.42
881648,220398.42
881673,220398.42
881944,220398.42
882063,220398.42
882221,220398.42
882324,220398.42
882337,220398.42
882438,220398.42
882778,220398.42
882904,220398.42
882962,220398.42
883438,220398.42
883576,220398.42
883600,220398.42
883704,220398.42
883831,220398.42
884093,220398.42
884099,220398.42
884231,220398.42
884499,220398.42
884561,220398.42
884563,220398.42
884654,220398.42
917473,220398.42
917675,220398.42
917724,220398.42
918021,220398.42
918033,220398.42
918035,220398.42
918495,220398.42
918508,220398.42
918559,220398.42
918632,220398.42
918906,220398.42
918909,220398.42
918921,220398.42
919282,220398.42
919294,220398.42
919346,220398.42
919348,220398.42
919349,220398.42
919389,220398.42
919475,220398.42
919477,220398.42
919478,220398.42
919577,220398.42
919708,220398.42
919726,220398.42
919736,220398.42
919757,220398.42
919778,220398.42
919891,220398.42
919997,220398.42
920012,220398.42
920013,220398.42
920137,220398.42
920258,220398.42
920314,220398.42
920322,220398.42
922004,220398.42
922014,220398.42
922214,220398.42
922244,220398.42
1024686,220398.42
1024698,220398.42
1024801,220398.42
1025018,220398.42
1025058,220398.42
1025061,220398.42
1025080,220398.42
1025173,220398.42
1025211,220398.42
1025298,220398.42
1025315,220398.42
1025346,220398.42
1025350,220398.42
1026050,220398.42
1026150,220398.42
1026439,220398.42
1026667,220398.42
1026670,220398.42
1026853,220398.42
1026857,220398.42
1027120,220398.42
1027152,220398.42
1027154,220398.42
1027285,220398.42
1027287,220398.42
1027289,220398.42
1027304,220398.42
1027312,220398.42
1027564,220398.42
1027908,220398.42
1028089,220398.42
1028529,220398.42
1028591,220398.42
1028658,220398.42
1028708,220398.42
1028749,220398.42
1028829,220398.42
1028874,220398.42
1029454,220398.42
1029472,220398.42
1029518,220398.42
1029744,220398.42
1029859,220398.42
1030059,220398.42
1030097,220398.42
1030101,220398.42
1030123,220398.42
1030203,220398.42
1030283,220398.42
1030444,220398.42
1030455,220398.42
1030459,220398.42
1030503,220398.42
1030736,220398.42
1030804,220398.42
1030937,220398.42
1031066,220398.42
1031181,220398.42
1031311,220398.42
1031478,220398.42
1031619,220398.42
1031690,220398.42
1031854,220398.42
1031858,220398.42
1031906,220398.42
1031920,220398.42
1031942,220398.42
1032259,220398.42
1032333,220398.42
1032385,220398.42
1032393,220398.42
1032599,220398.42
1032620,220398.42
1032637,220398.42
1032669,220398.42
1032731,220398.42
1032777,220398.42
1032887,220398.42
1032923,220398.42
1032932,220398.42
1033063,220398.42
1033091,220398.42
1033395,220398.42
1033445,220398.42
1033457,220398.42
1033533,220398.42
1033712,220398.42
1033894,220398.42
1033932,220398.42
1033937,220398.42
1033988,220398.42
1033989,220398.42
1034003,220398.42
1034012,220398.42
1034047,220398.42
1034062,220398.42
1034064,220398.42
1034065,220398.42
1034066,220398.42
1034068,220398.42
1034078,220398.42
1034088,220398.42
1034300,220398.42
1034363,220398.42
1034496,220398.42
1034605,220398.42
1034670,220398.42
1034716,220398.42
1034718,220398.42
1034778,220398.42
1034779,220398.42
1034803,220398.42
1034837,220398.42
1034944,220398.42
1035106,220398.42
1035111,220398.42
1035166,220398.42
1035490,220398.42
1035494,220398.42
1035524,220398.42
1035548,220398.42
1035564,220398.42
1035605,220398.42
1035785,220398.42
1035893,220398.42
1036037,220398.42
1036072,220398.42
1036103,220398.42
1036226,220398.42
1037508,220398.42
1037509,220398.42
1037613,220398.42
1037615,220398.42
1037616,220398.42
1037617,220398.42
1037619,220398.42
1037699,220398.42
1037850,220398.42
1037908,220398.42
1038175,220398.42
1038180,220398.42
1038183,220398.42
1038322,220398.42
1038432,220398.42
1038447,220398.42
1038448,220398.42
1038494,220398.42
1038509,220398.42
1038512,220398.42
1038516,220398.42
1038517,220398.42
1038532,220398.42
1038541,220398.42
1038551,220398.42
1038600,220398.42
1038788,220398.42
1038956,220398.42
1038957,220398.42
1039041,220398.42
1039176,220398.42
1039208,220398.42
1039427,220398.42
1039430,220398.42
1039434,220398.42
1039449,220398.42
1039523,220398.42
1039795,220398.42
1039810,220398.42
1039879,220398.42
1040038,220398.42
1040077,220398.42
1040154,220398.42
1040155,220398.42
1040245,220398.42
1040616,220398.42
1040659,220398.42
1040829,220398.42
1040841,220398.42
1041077,220398.42
1041312,220398.42
1041324,220398.42
1041354,220398.42
1041377,220398.42
1041469,220398.42
1041480,220398.42
1041501,220398.42
1041515,220398.42
1041815,220398.42
1041945,220398.42
1041997,220398.42
1042010,220398.42
1042250,220398.42
1042254,220398.42
1042365,220398.42
1042421,220398.42
1042710,220398.42
1043106,220398.42
1043116,220398.42
1043117,220398.42
1043349,220398.42
1043369,220398.42
1043413,220398.42
1043475,220398.42
1043480,220398.42
1043482,220398.42
1043492,220398.42
1043501,220398.42
1043542,220398.42
1043603,220398.42
1043620,220398.42
1043688,220398.42
1043779,220398.42
1043799,220398.42
1043891,220398.42
1043892,220398.42
1043945,220398.42
1044186,220398.42
1044193,220398.42
1044204,220398.42
1044205,220398.42
1044215,220398.42
1044236,220398.42
1044277,220398.42
1044296,220398.42
1044297,220398.42
1044356,220398.42
1044456,220398.42
1044496,220398.42
1044569,220398.42
1044700,220398.42
1044742,220398.42
1044802,220398.42
1044803,220398.42
1044813,220398.42
1044832,220398.42
1044867,220398.42
1045016,220398.42
1045148,220398.42
1045209,220398.42
1045223,220398.42
1045320,220398.42
1045323,220398.42
1045414,220398.42
1045572,220398.42
1045573,220398.42
1045595,220398.42
1045679,220398.42
1045724,220398.42
1045725,220398.42
1045730,220398.42
1045799,220398.42
1045886,220398.42
1045930,220398.42
1045955,220398.42
1045981,220398.42
1046127,220398.42
1046209,220398.42
1046212,220398.42
1046225,220398.42
1046231,220398.42
1046257,220398.42
1046283,220398.42
1046328,220398.42
1046331,220398.42
1046356,220398.42
1046430,220398.42
1046462,220398.42
1046488,220398.42
1046498,220398.42
1046576,220398.42
1046593,220398.42
1046597,220398.42
1046633,220398.42
1046719,220398.42
1046832,220398.42
1046844,220398.42
1046861,220398.42
1046862,220398.42
1046875,220398.42
1046947,220398.42
1046952,220398.42
1046992,220398.42
1047083,220398.42
1047115,220398.42
1047118,220398.42
1047172,220398.42
1047190,220398.42
1047193,220398.42
1047257,220398.42
1047273,220398.42
1047480,220398.42
1047498,220398.42
1047543,220398.42
1047617,220398.42
1047712,220398.42
1047901,220398.42
1047986,220398.42
1048124,220398.42
1048181,220398.42
1048203,220398.42
1048241,220398.42
1048292,220398.42
1048310,220398.42
1048513,220398.42
1048631,220398.42
1049174,220398.42
1049242,220398.42
1049249,220398.42
1049252,220398.42
1049305,220398.42
1049306,220398.42
1049317,220398.42
1049322,220398.42
1049326,220398.42
1049334,220398.42
1049336,220398.42
1049377,220398.42
1049418,220398.42
1049447,220398.42
1049476,220398.42
1049480,220398.42
1049490,220398.42
1049498,220398.42
1049499,220398.42
1049504,220398.42
1049505,220398.42
1049521,220398.42
1049551,220398.42
1049557,220398.42
1049586,220398.42
1049673,220398.42
1049674,220398.42
1049684,220398.42
1049721,220398.42
1049728,220398.42
1049744,220398.42
1049769,220398.42
1049783,220398.42
1049881,220398.42
1049888,220398.42
1049902,220398.42
1049929,220398.42
1050083,220398.42
1050117,220398.42
1050132,220398.42
1050134,220398.42
1050140,220398.42
1050208,220398.42
1050240,220398.42
1050279,220398.42
1050338,220398.42
1050362,220398.42
1050433,220398.42
1050457,220398.42
1050501,220398.42
1050574,220398.42
1050594,220398.42
1050656,220398.42
1050862,220398.42
1050863,220398.42
1050909,220398.42
1050939,220398.42
1050946,220398.42
1050995,220398.42
1051015,220398.42
1051038,220398.42
1051097,220398.42
1051130,220398.42
1051148,220398.42
1051151,220398.42
1051239,220398.42
1051244,220398.42
1051288,220398.42
1051313,220398.42
1051314,220398.42
1051354,220398.42
1051440,220398.42
1051504,220398.42
1051585,220398.42
1051651,220398.42
1051887,220398.42
1051929,220398.42
1052048,220398.42
1052213,220398.42
1052363,220398.42
1052422,220398.42
1052438,220398.42
1052484,220398.42
1052505,220398.42
1052581,220398.42
1052622,220398.42
1052708,220398.42
1052827,220398.42
1052838,220398.42
1052871,220398.42
1052891,220398.42
1053088,220398.42
1053226,220398.42
1053352,220398.42
1053730,220398.42
1053935,220398.42
1054083,220398.42
1054093,220398.42
1054179,220398.42
1054262,220398.42
1054334,220398.42
1054358,220398.42
1054564,220398.42
1054624,220398.42
1054633,220398.42
1054796,220398.42
1054801,220398.42
1054937,220398.42
1054961,220398.42
1055035,220398.42
1055041,220398.42
1055092,220398.42
1055135,220398.42
1055232,220398.42
1055233,220398.42
1055361,220398.42
1055407,220398.42
1055408,220398.42
1055462,220398.42
1055471,220398.42
1055681,220398.42
1055727,220398.42
1055783,220398.42
1055884,220398.42
1055885,220398.42
1055936,220398.42
1055950,220398.42
1055976,220398.42
1056019,220398.42
1056287,220398.42
1056414,220398.42
1056599,220398.42
1056744,220398.42
1056825,220398.42
1056826,220398.42
1056908,220398.42
1056914,220398.42
1056944,220398.42
1057065,220398.42
1057090,220398.42
1057091,220398.42
1057148,220398.42
1057149,220398.42
1057150,220398.42
1057151,220398.42
1057152,220398.42
1057153,220398.42
1057234,220398.42
1057297,220398.42
1057375,220398.42
1057507,220398.42
1057887,220398.42
1057947,220398.42
1057950,220398.42
1057955,220398.42
1057965,220398.42
1058044,220398.42
1058078,220398.42
1058101,220398.42
1058176,220398.42
1058333,220398.42
1058334,220398.42
1058599,220398.42
1058796,220398.42
1058801,220398.42
1058802,220398.42
1058822,220398.42
1058928,220398.42
1058931,220398.42
1059002,220398.42
1059048,220398.42
1059114,220398.42
1059119,220398.42
1059129,220398.42
1059188,220398.42
1059376,220398.42
1059388,220398.42
1059539,220398.42
1059545,220398.42
1059547,220398.42
1059555,220398.42
1059586,220398.42
1059624,220398.42
1059665,220398.42
1059675,220398.42
1059677,220398.42
1059748,220398.42
1059846,220398.42
1059865,220398.42
1059892,220398.42
1059967,220398.42
1059984,220398.42
1059989,220398.42
1060018,220398.42
1060098,220398.42
1060175,220398.42
1060194,220398.42
1060278,220398.42
1060355,220398.42
1060363,220398.42
1060389,220398.42
1060551,220398.42
1060564,220398.42
1060584,220398.42
1060585,220398.42
1060754,220398.42
1060785,220398.42
1060795,220398.42
1060797,220398.42
1060800,220398.42
1060854,220398.42
1060907,220398.42
1060916,220398.42
1060943,220398.42
1060944,220398.42
1061025,220398.42
1061064,220398.42
1061103,220398.42
1061329,220398.42
1061352,220398.42
1061419,220398.42
1061472,220398.42
1061474,220398.42
1061489,220398.42
1061521,220398.42
1061613,220398.42
1061628,220398.42
1061716,220398.42
1061773,220398.42
1061906,220398.42
1061981,220398.42
1062059,220398.42
1062062,220398.42
1062154,220398.42
1062179,220398.42
1062215,220398.42
1062231,220398.42
1062234,220398.42
1062235,220398.42
1062237,220398.42
1150057,220398.42
1150061,220398.42
1150062,220398.42
1150302,220398.42
1150304,220398.42
1150307,220398.42
1150308,220398.42
1150312,220398.42
1150313,220398.42
1150315,220398.42
1150318,220398.42
1150709,220398.42
1150711,220398.42
1150714,220398.42
1150716,220398.42
1150721,220398.42
1150722,220398.42
1150723,220398.42
1150727,220398.42
1150729,220398.42
1150732,220398.42
1150733,220398.42
1150739,220398.42
1150741,220398.42
1150744,220398.42
1150751,220398.42
1158788,220398.42
1158790,220398.42
1158794,220398.42
1158798,220398.42
1158802,220398.42
1158803,220398.42
1158804,220398.42
1158972,220398.42
1158973,220398.42
1158979,220398.42
1158980,220398.42
1158982,220398.42
1159208,220398.42
1159224,220398.42
1159254,220398.42
1159717,220398.42
1159725,220398.42
1159755,220398.42
1159756,220398.42
1159757,220398.42
1159758,220398.42
1159760,220398.42
1159762,220398.42
1159764,220398.42
1160340,220398.42
1160342,220398.42
1160347,220398.42
1160348,220398.42
1160352,220398.42
1160353,220398.42
1160357,220398.42
1160368,220398.42
1160370,220398.42
1160372,220398.42
1160628,220398.42
1160633,220398.42
1160635,220398.42
1160642,220398.42
1160644,220398.42
1160646,220398.42
1160651,220398.42
1160652,220398.42
1160659,220398.42
1160663,220398.42
1160877,220398.42
1160879,220398.42
1160881,220398.42
1160884,220398.42
1160887,220398.42
1160891,220398.42
1160892,220398.42
1160893,220398.42
1160897,220398.42
1160900,220398.42
1160901,220398.42
1160903,220398.42
1160909,220398.42
1160910,220398.42
1160913,220398.42
1160916,220398.42
1162333,220398.42
1162334,220398.42
1162374,220398.42
1162376,220398.42
1162380,220398.42
1162381,220398.42
1162382,220398.42
1162385,220398.42
1162386,220398.42
1162638,220398.42
1162639,220398.42
1162640,220398.42
1162641,220398.42
1162643,220398.42
1162707,220398.42
1162708,220398.42
1162764,220398.42
1162899,220398.42
1162918,220398.42
1162924,220398.42
1162925,220398.42
1162926,220398.42
1162927,220398.42
1163023,220398.42
1163027,220398.42
1163028,220398.42
1163039,220398.42
1163040,220398.42
1163042,220398.42
1163043,220398.42
1163044,220398.42
1163047,220398.42
1163050,220398.42
1163083,220398.42
1163086,220398.42
1163089,220398.42
1163090,220398.42
1163091,220398.42
1163092,220398.42
1163093,220398.42
1163095,220398.42
1163096,220398.42
1163264,220398.42
1163271,220398.42
1164020,220398.42
1164022,220398.42
1164028,220398.42
1164565,220398.42
1164567,220398.42
1164571,220398.42
1164576,220398.42
1164578,220398.42
1164580,220398.42
1164581,220398.42
1164582,220398.42
1164583,220398.42
1164617,220398.42
1164618,220398.42
1164622,220398.42
1164625,220398.42
1164627,220398.42
1164629,220398.42
1164911,220398.42
1164914,220398.42
1164916,220398.42
1164936,220398.42
1164938,220398.42
1164940,220398.42
1167361,220398.42
1167364,220398.42
1167369,220398.42
1167373,220398.42
1167374,220398.42
1167375,220398.42
1167383,220398.42
1167385,220398.42
1167387,220398.42
1167388,220398.42
1167392,220398.42
1167397,220398.42
1167398,220398.42
1167399,220398.42
1167401,220398.42
1167402,220398.42
1167403,220398.42
1167404,220398.42
1167405,220398.42
1167406,220398.42
1167407,220398.42
1167409,220398.42
1167410,220398.42
1167411,220398.42
1167412,220398.42
1167413,220398.42
1167414,220398.42
1167426,220398.42
1167429,220398.42
1167430,220398.42
1167431,220398.42
1167437,220398.42
1167439,220398.42
1171188,220398.42
1171191,220398.42
1171194,220398.42
1171195,220398.42
1171196,220398.42
1171200,220398.42
1171201,220398.42
1171203,220398.42
1171204,220398.42
1171205,220398.42
1171362,220398.42
1171367,220398.42
1172945,220398.42
1172952,220398.42
1173341,220398.42
1173343,220398.42
1173347,220398.42
1173351,220398.42
1173353,220398.42
1173355,220398.42
1173356,220398.42
1173358,220398.42
1173362,220398.42
1173364,220398.42
1174252,220398.42
1174253,220398.42
1174258,220398.42
1174265,220398.42
1174280,220398.42
1174393,220398.42
1174395,220398.42
1174396,220398.42
1174397,220398.42
1174398,220398.42
1174400,220398.42
1174404,220398.42
1174405,220398.42
1174407,220398.42
1174456,220398.42
1174460,220398.42
1174462,220398.42
1174465,220398.42
1174466,220398.42
1174468,220398.42
1174469,220398.42
1174471,220398.42
1174472,220398.42
1174473,220398.42
1174475,220398.42
1174491,220398.42
1174496,220398.42
1174501,220398.42
1174592,220398.42
1174593,220398.42
1174595,220398.42
1174596,220398.42
1174598,220398.42
1174599,220398.42
1174602,220398.42
1174607,220398.42
1174608,220398.42
1174732,220398.42
1174738,220398.42
1174742,220398.42
1174743,220398.42
1174748,220398.42
1175538,220398.42
1175539,220398.42
1175543,220398.42
1175547,220398.42
1175548,220398.42
1175550,220398.42
1176289,220398.42
1176758,220398.42
1176759,220398.42
1176764,220398.42
1176772,220398.42
1177110,220398.42
1177116,220398.42
1177118,220398.42
1177121,220398.42
1177122,220398.42
1177125,220398.42
1177822,220398.42
1178019,220398.42
1178024,220398.42
1179391,220398.42
1179392,220398.42
1179393,220398.42
1179512,220398.42
1179513,220398.42
1179516,220398.42
1179517,220398.42
1179518,220398.42
1179526,220398.42
1179527,220398.42
1179540,220398.42
1179542,220398.42
1179543,220398.42
1179546,220398.42
1179548,220398.42
1179552,220398.42
1179554,220398.42
1179555,220398.42
1179557,220398.42
1179944,220398.42
1179948,220398.42
1179949,220398.42
1179952,220398.42
1179953,220398.42
1179955,220398.42
1180044,220398.42
1180046,220398.42
1180047,220398.42
1180048,220398.42
1180049,220398.42
1180050,220398.42
1180051,220398.42
1180053,220398.42
1180054,220398.42
1180056,220398.42
1180060,220398.42
1180070,220398.42
1180073,220398.42
1180078,220398.42
1180080,220398.42
1180241,220398.42
1180242,220398.42
1180243,220398.42
1180251,220398.42
1180253,220398.42
1180254,220398.42
1180255,220398.42
1180257,220398.42
1180452,220398.42
1180461,220398.42
1180464,220398.42
1180465,220398.42
1180466,220398.42
1180467,220398.42
1180469,220398.42
1180471,220398.42
1180472,220398.42
1180474,220398.42
1180479,220398.42
1180481,220398.42
1180482,220398.42
1180484,220398.42
1180485,220398.42
1180487,220398.42
1180619,220398.42
1180622,220398.42
1180628,220398.42
1180629,220398.42
1180630,220398.42
1180701,220398.42
1180702,220398.42
1180704,220398.42
1180707,220398.42
1180708,220398.42
1180711,220398.42
1180712,220398.42
1180716,220398.42
1180717,220398.42
1180732,220398.42
1180733,220398.42
1180734,220398.42
1180735,220398.42
1180738,220398.42
1180739,220398.42
1180741,220398.42
1180743,220398.42
1180744,220398.42
1180748,220398.42
1180749,220398.42
1180770,220398.42
1180771,220398.42
1180774,220398.42
1180777,220398.42
1180938,220398.42
1180945,220398.42
1180951,220398.42
1180954,220398.42
1180967,220398.42
1180976,220398.42
1180977,220398.42
1181989,220398.42
1182023,220398.42
1182025,220398.42
1182026,220398.42
1182030,220398.42
1182033,220398.42
1182314,220398.42
1182315,220398.42
1182316,220398.42
1182317,220398.42
1182321,220398.42
1182322,220398.42
1182323,220398.42
1182628,220398.42
1182650,220398.42
1182652,220398.42
1182654,220398.42
1182655,220398.42
1182744,220398.42
1182745,220398.42
1182746,220398.42
1182748,220398.42
1182749,220398.42
1182754,220398.42
1182756,220398.42
1182757,220398.42
1183211,220398.42
1183213,220398.42
1183689,220398.42
1183690,220398.42
1183691,220398.42
1183692,220398.42
1184185,220398.42
1184271,220398.42
1184272,220398.42
1184678,220398.42
1184679,220398.42
1184680,220398.42
1184730,220398.42
1184731,220398.42
1184772,220398.42
1184775,220398.42
1184780,220398.42
1184783,220398.42
1184806,220398.42
1184809,220398.42
1184956,220398.42
1185123,220398.42
1185129,220398.42
1185141,220398.42
1185144,220398.42
1185145,220398.42
1185150,220398.42
1185316,220398.42
1185317,220398.42
1185326,220398.42
1185328,220398.42
1185330,220398.42
1185331,220398.42
1185722,220398.42
1185744,220398.42
1185746,220398.42
1185748,220398.42
1185818,220398.42
1185819,220398.42
1186256,220398.42
1186257,220398.42
1186258,220398.42
1186260,220398.42
1186261,220398.42
1186284,220398.42
1186288,220398.42
1186368,220398.42
1186370,220398.42
1186371,220398.42
1186373,220398.42
1186374,220398.42
1186376,220398.42
1186379,220398.42
1186380,220398.42
1186827,220398.42
1186830,220398.42
1186831,220398.42
1186832,220398.42
1186834,220398.42
1186835,220398.42
1186837,220398.42
1186840,220398.42
1187587,220398.42
1187625,220398.42
1187626,220398.42
1187628,220398.42
1187839,220398.42
1187840,220398.42
1187842,220398.42
1187843,220398.42
1187844,220398.42
1187851,220398.42
1187853,220398.42
1187854,220398.42
1188373,220398.42
1188428,220398.42
1188429,220398.42
1188430,220398.42
1188431,220398.42
1188439,220398.42
1188440,220398.42
1188442,220398.42
1188484,220398.42
1188485,220398.42
1188487,220398.42
1188488,220398.42
1188490,220398.42
1188493,220398.42
1188499,220398.42
1188519,220398.42
1188531,220398.42
1188535,220398.42
1188538,220398.42
1188539,220398.42
1188577,220398.42
1188578,220398.42
1188581,220398.42
1189583,220398.42
1189587,220398.42
1189590,220398.42
1189593,220398.42
1189594,220398.42
1189595,220398.42
1189596,220398.42
1189599,220398.42
1189600,220398.42
1189603,220398.42
1189605,220398.42
1189606,220398.42
1189610,220398.42
1189611,220398.42
1191966,220398.42
1191971,220398.42
1191972,220398.42
1192091,220398.42
1192096,220398.42
1192970,220398.42
1192973,220398.42
1193162,220398.42
1193163,220398.42
1193168,220398.42
1193169,220398.42
1193170,220398.42
1193171,220398.42
1193543,220398.42
1193676,220398.42
1193751,220398.42
1193761,220398.42
1193775,220398.42
1193777,220398.42
1193779,220398.42
1193782,220398.42
1193783,220398.42
1193836,220398.42
1193848,220398.42
1193849,220398.42
1193850,220398.42
1193855,220398.42
1193857,220398.42
1193859,220398.42
1193861,220398.42
1193862,220398.42
1193863,220398.42
1193864,220398.42
1193866,220398.42
1193915,220398.42
1193925,220398.42
1193927,220398.42
1193952,220398.42
1193953,220398.42
1193954,220398.42
1193955,220398.42
1193956,220398.42
1193957,220398.42
1194415,220398.42
1194922,220398.42
1194977,220398.42
1195222,220398.42
1195223,220398.42
1195224,220398.42
1195225,220398.42
1195425,220398.42
1195426,220398.42
1195432,220398.42
1195891,220398.42
1195892,220398.42
1195893,220398.42
1195900,220398.42
1195901,220398.42
1195903,220398.42
1196019,220398.42
1196842,220398.42
1196844,220398.42
1196847,220398.42
1196872,220398.42
1196892,220398.42
1196893,220398.42
1196894,220398.42
1196895,220398.42
1196904,220398.42
1196912,220398.42
1196913,220398.42
1196993,220398.42
1196994,220398.42
1196998,220398.42
1196999,220398.42
1197000,220398.42
1197002,220398.42
1197106,220398.42
1197107,220398.42
1197108,220398.42
1197166,220398.42
1197209,220398.42
1197214,220398.42
1197215,220398.42
1197216,220398.42
1197253,220398.42
1197256,220398.42
1197309,220398.42
1197311,220398.42
1197315,220398.42
1197316,220398.42
1197321,220398.42
1197322,220398.42
1197323,220398.42
1197324,220398.42
1197325,220398.42
1197326,220398.42
1197328,220398.42
1197329,220398.42
1197331,220398.42
1197345,220398.42
1197351,220398.42
1197462,220398.42
1197463,220398.42
1197465,220398.42
1197467,220398.42
1197469,220398.42
1197470,220398.42
1197502,220398.42
1197549,220398.42
1197570,220398.42
1197627,220398.42
1197672,220398.42
1197859,220398.42
1197860,220398.42
1197977,220398.42
1197978,220398.42
1198019,220398.42
1198021,220398.42
1198337,220398.42
1198358,220398.42
1198364,220398.42
1198365,220398.42
1198366,220398.42
1198367,220398.42
1198368,220398.42
1198369,220398.42
1198373,220398.42
1198446,220398.42
1198450,220398.42
1198451,220398.42
1198452,220398.42
1198453,220398.42
1198457,220398.42
1198621,220398.42
1198645,220398.42
1198649,220398.42
1198650,220398.42
1198664,220398.42
1198665,220398.42
1198669,220398.42
1198670,220398.42
1198671,220398.42
1198760,220398.42
1198766,220398.42
1198768,220398.42
1198771,220398.42
1198773,220398.42
715273,220398.42
717643,220398.42
720473,220398.42
722274,220398.42
722610,220398.42
722632,220398.42
724293,220398.42
724296,220398.42
724367,220398.42
724383,220398.42
724402,220398.42
724436,220398.42
724693,220398.42
725035,220398.42
726164,220398.42
728018,220398.42
728963,220398.42
730396,220398.42
730570,220398.42
732096,220398.42
732455,220398.42
733749,220398.42
739805,220398.42
762985,220398.42
765024,220398.42
766318,220398.42
767291,220398.42
768075,220398.42
768187,220398.42
768450,220398.42
768818,220398.42
775095,220398.42
777984,220398.42
780334,220398.42
782037,220398.42
783338,220398.42
788907,220398.42
791183,220398.42
791186,220398.42
800871,220398.42
805218,220398.42
808371,220398.42
810903,220398.42
813910,220398.42
814295,220398.42
816599,220398.42
817980,220398.42
818854,220398.42
821034,220398.42
822425,220398.42
823206,220398.42
823722,220398.42
824962,220398.42
827620,220398.42
829106,220398.42
829983,220398.42
835034,220398.42
835905,220398.42
836853,220398.42
836965,220398.42
837221,220398.42
837226,220398.42
837310,220398.42
837312,220398.42
837322,220398.42
837364,220398.42
837447,220398.42
837450,220398.42
837480,220398.42
837481,220398.42
837534,220398.42
837603,220398.42
837604,220398.42
837695,220398.42
837700,220398.42
838738,220398.42
838739,220398.42
838747,220398.42
839708,220398.42
839728,220398.42
839729,220398.42
839750,220398.42
839751,220398.42
839752,220398.42
839753,220398.42
839754,220398.42
839789,220398.42
839793,220398.42
839796,220398.42
840813,220398.42
843860,220398.42
844526,220398.42
844543,220398.42
844754,220398.42
846486,220398.42
847164,220398.42
848484,220398.42
936754,220398.42
937863,220398.42
937904,220398.42
938417,220398.42
938423,220398.42
938603,220398.42
938622,220398.42
939544,220398.42
940696,220398.42
942465,220398.42
942737,220398.42
943019,220398.42
943421,220398.42
945655,220398.42
947947,220398.42
949288,220398.42
952129,220398.42
952131,220398.42
952904,220398.42
953479,220398.42
954602,220398.42
954929,220398.42
955982,220398.42
958924,220398.42
959475,220398.42
960089,220398.42
960166,220398.42
961081,220398.42
961152,220398.42
961156,220398.42
963917,220398.42
963924,220398.42
963928,220398.42
964509,220398.42
965003,220398.42
967216,220398.42
967710,220398.42
967711,220398.42
967715,220398.42
968678,220398.42
969661,220398.42
970940,220398.42
971513,220398.42
972147,220398.42
972176,220398.42
972866,220398.42
974942,220398.42
974954,220398.42
976609,220398.42
978142,220398.42
978273,220398.42
978277,220398.42
978278,220398.42
978281,220398.42
978860,220398.42
979110,220398.42
979112,220398.42
979516,220398.42
980337,220398.42
980476,220398.42
982006,220398.42
983877,220398.42
983878,220398.42
983879,220398.42
985387,220398.42
985462,220398.42
985808,220398.42
986398,220398.42
987620,220398.42
988304,220398.42
988676,220398.42
989018,220398.42
995698,220398.42
995822,220398.42
1002393,220398.42
1003195,220398.42
1003292,220398.42
1003326,220398.42
1003655,220398.42
1003662,220398.42
1003847,220398.42
1006131,220398.42
1008419,220398.42
1008432,220398.42
1008509,220398.42
1008929,220398.42
1009457,220398.42
1010167,220398.42
1010251,220398.42
1010311,220398.42
1011035,220398.42
1011899,220398.42
1013203,220398.42
1013464,220398.42
1013942,220398.42
1014952,220398.42
1015519,220398.42
1018488,220398.42
1018565,220398.42
1018830,220398.42
1019163,220398.42
1019257,220398.42
1019258,220398.42
1022427,220398.42
1023024,220398.42
1024198,220398.42
1024386,220398.42
1024633,220398.42
1065813,220398.42
1066642,220398.42
1066903,220398.42
1068872,220398.42
1071707,220398.42
1072579,220398.42
1072606,220398.42
1073519,220398.42
1073733,220398.42
1074535,220398.42
1075895,220398.42
1076216,220398.42
1076517,220398.42
1076917,220398.42
1077573,220398.42
1078672,220398.42
1080081,220398.42
1080084,220398.42
1080177,220398.42
1080179,220398.42
1080180,220398.42
1080182,220398.42
1080646,220398.42
1081890,220398.42
1082838,220398.42
1082935,220398.42
1083177,220398.42
1083187,220398.42
1093683,220398.42
1094194,220398.42
1097426,220398.42
1098571,220398.42
1102741,220398.42
1102778,220398.42
1224860,220398.42
1224861,220398.42
1224864,220398.42
1224865,220398.42
1224868,220398.42
1224877,220398.42
1229111,220398.42
1229116,220398.42
1229118,220398.42
1235951,220398.42
1235954,220398.42
1236545,220398.42
1236554,220398.42
1236560,220398.42
1239168,220398.42
1239172,220398.42
1239175,220398.42
1239178,220398.42
1239179,220398.42
1239182,220398.42
1239184,220398.42
1241221,220398.42
1241227,220398.42
1241228,220398.42
96029,269353.87
96056,269353.87
96065,269353.87
96072,256689.37
96079,257128.38
96099,256689.37
96100,256689.37
96136,269353.87
96137,269353.87
96138,269353.87
96140,269353.87
96142,267338.79
96143,258329.54
96193,258329.54
96202,267338.79
96206,269353.87
96207,313886.52
96224,313886.52
96225,313886.52
96227,267338.79
96302,269353.87
96318,267338.79
96339,269353.87
96369,256689.37
96417,267338.79
96432,256689.37
96464,256689.37
96467,269353.87
96471,269353.87
96476,217514.32
96477,217514.32
96481,215499.24
96486,258329.54
96487,258329.54
96515,269353.87
96547,267338.79
96571,269353.87
96574,269353.87
96593,269353.87
96606,256689.37
96648,269353.87
96654,269353.87
96656,313886.52
96661,269353.87
96662,313886.52
96664,225927.13
96668,313886.52
96669,313886.52
96672,313886.52
96678,267338.79
96679,269353.87
96683,269353.87
96713,269353.87
96715,254674.29
96735,256689.37
96742,217514.32
96750,269353.87
96751,269353.87
96758,269353.87
96760,269353.87
96762,269353.87
96765,269353.87
96771,269353.87
96772,269353.87
96782,269353.87
96790,215499.24
96791,267338.79
96816,269353.87
96819,217514.32
96821,269353.87
96838,269353.87
96862,321050.76
96863,321050.76
96869,217514.32
96875,269353.87
96876,269353.87
96896,248293.13
96897,251958.78
96937,256689.37
96946,256689.37
96952,217514.32
96957,269353.87
96986,269353.87
96988,256689.37
96990,256689.37
97005,267338.79
97065,251958.78
97071,217514.32
97077,225927.13
97081,269353.87
97083,269353.87
97093,269353.87
97097,321050.76
97122,217514.32
97125,269353.87
97126,256689.37
97127,269353.87
97129,269353.87
97133,267338.79
97137,267338.79
97139,269353.87
97140,269353.87
97144,269353.87
97146,269353.87
97148,269353.87
97149,269353.87
97152,269353.87
97154,269353.87
97155,269353.87
97161,269353.87
97166,267338.79
97194,258329.54
97210,256689.37
97213,267338.79
97215,267338.79
97217,267338.79
97224,267338.79
97226,225927.13
97229,267338.79
97235,269353.87
97250,269353.87
97263,258329.54
97269,256689.37
97312,256689.37
97318,269353.87
97327,258329.54
97336,267338.79
97447,256689.37
97449,269353.87
97467,426607.55
97482,267338.79
97495,426607.55
97527,269353.87
97531,269353.87
97533,269353.87
97545,269353.87
97550,269353.87
97555,217514.32
97562,225927.13
97564,225927.13
97565,225927.13
97566,225927.13
97573,256689.37
97575,267338.79
97578,217514.32
97579,217514.32
97580,217514.32
97582,217514.32
97583,217514.32
97584,217514.32
97585,217514.32
97586,217514.32
97589,258329.54
97590,258329.54
97677,269353.87
97680,267338.79
97681,267338.79
97686,267338.79
97687,267338.79
97690,267338.79
97692,267338.79
97696,267338.79
97698,267338.79
97699,267338.79
97701,258329.54
97704,269353.87
97707,269353.87
97729,217514.32
97807,269353.87
97808,256689.37
97858,254674.29
97859,310136.63
97861,269353.87
97879,269353.87
97881,269353.87
97885,269353.87
97888,269353.87
97897,267338.79
97907,225927.13
97911,269353.87
97914,256689.37
97927,215499.24
97943,258329.54
97949,215499.24
97967,254674.29
97988,269353.87
97989,269353.87
97990,269353.87
97991,269353.87
97993,269353.87
97996,269353.87
97997,269353.87
97998,269353.87
97999,269353.87
98001,269353.87
98014,256689.37
98016,251958.78
98036,225927.13
98054,217514.32
98063,258329.54
98082,269353.87
98083,269353.87
98085,269353.87
98086,269353.87
98087,269353.87
98090,269353.87
98095,269353.87
98103,248293.13
98108,269353.87
98119,223912.05
98149,215499.24
98164,426607.55
98167,269353.87
98168,248293.13
98204,228764.46
98248,269353.87
98249,269353.87
98257,269353.87
98276,269353.87
98293,256689.37
98301,256689.37
98308,269353.87
98357,269353.87
98358,256689.37
98366,256689.37
98394,267338.79
98400,267338.79
98403,269353.87
98412,269353.87
98413,256689.37
98433,256689.37
98450,225927.13
98451,246278.05
98452,217514.32
98455,269353.87
98462,269353.87
98475,269353.87
98499,256689.37
98525,269353.87
98526,321050.76
98528,254674.29
98531,217514.32
98544,269353.87
98553,269353.87
98573,217514.32
98582,217514.32
98584,217514.32
98585,217514.32
98589,248293.13
98593,256689.37
98596,212783.73
98648,267338.79
98652,256689.37
98653,269353.87
98654,225927.13
98656,215499.24
98710,426607.55
98754,254674.29
98770,269353.87
98780,269353.87
98781,426607.55
98782,426607.55
98789,269353.87
98804,269353.87
98822,269353.87
98823,228764.46
98828,269353.87
98842,215499.24
98843,256689.37
98846,258329.54
98862,269353.87
98863,269353.87
98869,217514.32
98870,217514.32
98874,225927.13
98876,269353.87
98878,267338.79
98883,269353.87
98895,269353.87
98899,262677.76
98900,262677.76
98901,262677.76
98902,262677.76
98905,269353.87
98929,264623.28
98948,254674.29
98979,256689.37
99010,223912.05
99022,256689.37
99035,426607.55
99043,269353.87
99044,269353.87
99048,269353.87
99051,256689.37
99087,256689.37
99098,256689.37
99102,256689.37
99104,269353.87
99105,258329.54
99114,426607.55
99148,266056.64
99163,217514.32
99168,269353.87
99198,267338.79
99200,256689.37
99205,269353.87
99273,256314.46
99277,269353.87
99292,258329.54
99293,269353.87
99298,269353.87
99300,256689.37
99304,269353.87
99305,256689.37
99316,267338.79
99319,225927.13
99341,258329.54
99344,217514.32
99356,269353.87
99360,262677.76
99361,258329.54
99389,256689.37
99399,269353.87
99400,258329.54
99401,217514.32
99421,256689.37
99429,269353.87
99433,267338.79
99436,256689.37
99439,269353.87
99442,269353.87
99450,225927.13
99451,256689.37
99460,426607.55
99475,269353.87
99480,426607.55
99483,256689.37
99529,269353.87
99532,267338.79
99542,269353.87
99575,426607.55
99583,269353.87
99597,217514.32
99601,256689.37
99603,258329.54
99624,217514.32
99625,256689.37
99651,256689.37
99655,254674.29
99673,254674.29
99694,269353.87
99697,269353.87
99698,256689.37
99714,217514.32
99716,262677.76
99717,262677.76
99718,262677.76
99719,262677.76
99728,256689.37
99736,256689.37
99739,246773.96
99751,253598.95
99759,426607.55
99760,264623.28
99761,269353.87
99765,258329.54
99769,173550.61
99812,334522.97
99817,334522.97
99855,325346.5
99868,134157.15
99869,134157.15
99874,134157.15
99895,134157.15
99897,334522.97
99980,322076.6
99982,322076.6
99984,325346.5
99985,334522.97
99990,141136.93
99991,322076.6
100086,334522.97
100110,334522.97
100115,322076.6
100118,322076.6
100119,322076.6
100122,322076.6
100125,322076.6
100126,322076.6
100127,322076.6
100129,322076.6
100130,322076.6
100134,322076.6
100136,322076.6
100156,334522.97
100157,147698.25
100169,334522.97
100171,134157.15
100179,147698.25
100187,147698.25
100192,321109.57
100193,321109.57
100219,147698.25
100243,137350.04
100244,137350.04
100289,322076.6
100297,322076.6
100310,334522.97
100312,334522.97
100327,134157.15
100378,134157.15
100422,137350.04
100447,147698.25
100513,325346.5
100520,137350.04
100532,134157.15
100534,134157.15
100537,134157.15
100550,134157.15
100557,146096.52
100564,134157.15
100571,147698.25
100575,147698.25
100595,141136.93
100596,334522.97
100620,334522.97
100621,334522.97
100648,334522.97
100652,137350.04
100661,334522.97
100677,334522.97
100678,334522.97
100681,334522.97
100708,134157.15
100709,134157.15
100723,334522.97
100730,334522.97
100733,137350.04
100735,137350.04
100736,137350.04
100744,147698.25
100755,137350.04
100774,134157.15
100800,325346.5
100805,137350.04
100812,147698.25
100813,147698.25
100819,146871.74
100821,334522.97
100866,141136.93
100906,334522.97
100942,334522.97
100950,134157.15
101142,153162.86
101185,134157.15
101191,334522.97
101193,334522.97
101283,137350.04
101287,137350.04
101300,322076.6
101308,137350.04
101316,135269.4
101318,322076.6
101326,134157.15
101402,334522.97
101456,146871.74
101469,137350.04
101478,334522.97
101486,147698.25
101499,334522.97
101501,134157.15
101506,147698.25
101512,134157.15
101514,146871.74
101515,146871.74
101527,134157.15
101552,147698.25
101571,134157.15
101583,134157.15
101600,134157.15
101601,134157.15
101603,134157.15
101614,134157.15
101619,334522.97
101642,184097.07
101673,134157.15
101680,334522.97
101694,137350.04
101702,137350.04
101707,334522.97
101720,134157.15
101755,134157.15
101770,134157.15
101780,334522.97
101785,134157.15
101817,147698.25
101913,134157.15
101915,137350.04
101919,137350.04
101976,137350.04
101987,137350.04
102114,137350.04
102116,173550.61
102197,322076.6
102198,325346.5
102217,325346.5
102252,147698.25
102299,334522.97
102330,137350.04
102350,137350.04
102352,137350.04
102353,137350.04
102404,134157.15
102405,134157.15
102415,137350.04
102420,147698.25
102442,134157.15
102475,334522.97
102479,334522.97
102511,334522.97
102568,137350.04
102580,141136.93
102593,334522.97
102598,137350.04
102607,134157.15
102637,134157.15
102792,137350.04
102794,137350.04
102837,380439.04
102890,147698.25
102905,137350.04
102910,134157.15
102922,137350.04
102985,135269.4
103028,137350.04
103115,137350.04
103132,137350.04
103138,147698.25
103179,137350.04
103199,137350.04
103244,137350.04
103246,137350.04
103276,322076.6
103283,134157.15
103313,249851.92
103362,334522.97
103392,334522.97
103395,134157.15
103428,141136.93
103436,147698.25
103463,137350.04
103493,353743.44
103495,334522.97
103498,334522.97
103504,322076.6
103524,353743.44
103527,334522.97
103530,322076.6
103532,147698.25
103534,322076.6
103540,147698.25
103547,353743.44
103555,150037.46
103556,357916.15
103557,147698.25
103567,322076.6
103568,353743.44
103571,322076.6
103577,334730.99
103578,322076.6
103579,329761.48
103595,148161.15
103601,322076.6
103603,322076.6
103604,322076.6
103608,147698.25
103614,184097.07
103620,147698.25
103625,322076.6
103627,334730.99
103678,322076.6
103679,322076.6
103685,357916.15
103716,357916.15
103720,322076.6
103778,322076.6
103780,357916.15
103785,357916.15
103787,227601.45
103815,141873.41
103816,322076.6
103821,353743.44
103836,353743.44
103845,322076.6
103851,322076.6
103858,322076.6
103859,353743.44
103862,322076.6
103866,147698.25
103873,148161.15
103876,322076.6
103879,322076.6
103885,147698.25
103889,147698.25
103898,322076.6
103899,322076.6
103909,334730.99
103911,322076.6
103920,153162.86
103927,334730.99
103933,322076.6
103946,322076.6
103949,322076.6
103950,322076.6
103965,148161.15
103997,353743.44
104017,322076.6
104028,146096.52
104068,353743.44
104077,322076.6
104098,322076.6
104099,322076.6
104103,150037.46
104135,322076.6
104141,353743.44
104148,322076.6
104149,322076.6
104151,322076.6
104154,322076.6
104161,322076.6
104163,353743.44
104165,322076.6
104195,353743.44
104205,322076.6
104218,357916.15
104238,150037.46
104245,322076.6
104248,322076.6
104252,353743.44
104265,322076.6
104266,315482.98
104273,322076.6
104274,353743.44
104286,357916.15
104290,353743.44
104293,357916.15
104299,147698.25
104309,147698.25
104326,322076.6
104345,357916.15
104359,353743.44
104368,322076.6
104379,334522.97
104381,353743.44
104403,150037.46
104414,147698.25
104417,322076.6
104419,353743.44
104431,353743.44
104439,147698.25
104445,322076.6
104447,353743.44
104451,353743.44
104454,147698.25
104456,146096.52
104465,353743.44
104473,322076.6
104489,357916.15
104492,322076.6
104513,353743.44
104517,334730.99
104519,141873.41
104523,153162.86
104524,353743.44
104526,141873.41
104533,322076.6
104538,334730.99
104539,334730.99
104545,147698.25
104561,353743.44
104598,353743.44
104599,353743.44
104611,357916.15
104613,147698.25
104623,322076.6
104627,334522.97
104628,137350.04
104629,334522.97
104630,334522.97
104640,334522.97
104641,334522.97
104642,334522.97
104665,141873.41
104804,353743.44
104847,334522.97
104861,329761.48
104862,322076.6
104863,329761.48
104896,322076.6
104899,353743.44
104901,147698.25
104906,147698.25
104922,353743.44
104924,322076.6
104925,353743.44
104930,147698.25
104935,353743.44
104936,353743.44
104964,322076.6
104965,322076.6
104970,322076.6
104973,322076.6
104975,322076.6
104979,147698.25
104995,322076.6
104996,322076.6
104998,147698.25
104999,147698.25
105000,147698.25
105024,322076.6
105029,322076.6
105037,322076.6
105038,334522.97
105039,322076.6
105049,334522.97
105057,322076.6
105061,322076.6
105065,334730.99
105076,322076.6
105091,353743.44
105116,322076.6
105136,322076.6
105143,322076.6
105151,334522.97
105160,150037.46
105162,322076.6
105170,322076.6
105172,322076.6
105179,353743.44
105184,322076.6
105185,353743.44
105197,147698.25
105202,353743.44
105231,334522.97
105232,368931.83
105235,322076.6
105249,317107.08
105258,147698.25
105259,357916.15
105272,322076.6
105287,150037.46
105293,153162.86
105304,322076.6
105314,322076.6
105315,322076.6
105328,322076.6
105341,322076.6
105344,322076.6
105349,322076.6
105350,357916.15
105351,322076.6
105362,353743.44
105376,322076.6
105386,322076.6
105392,357916.15
105401,322076.6
105409,322076.6
105414,353743.44
105418,4426418.65
105419,353743.44
105425,322076.6
105440,322076.6
105447,150037.46
105448,150037.46
105452,334522.97
105463,322076.6
105464,322076.6
105465,322076.6
105524,322076.6
105526,147698.25
105531,353743.44
105536,334522.97
105557,357916.15
105633,322076.6
105635,322076.6
105637,353743.44
105674,322076.6
105681,353743.44
105703,322076.6
105704,322076.6
105705,322076.6
105706,334730.99
105711,329761.48
105712,329761.48
105719,322076.6
105728,353743.44
105734,353743.44
105735,322076.6
105745,353743.44
105749,334522.97
105764,353743.44
105765,334522.97
105768,322076.6
105772,322076.6
105778,322076.6
105779,322076.6
105785,353743.44
105790,322076.6
105806,322076.6
105827,353743.44
105831,334522.97
105845,322076.6
105848,322076.6
105852,353743.44
105865,334522.97
105874,322076.6
105906,322076.6
105910,334522.97
105915,148161.15
105929,155502.07
105945,353743.44
105946,322076.6
105947,154590.97
105948,322076.6
105954,322076.6
105990,322076.6
106000,353743.44
106016,322076.6
106030,150037.46
106034,322076.6
106035,150037.46
106040,357916.15
106074,147698.25
106139,353743.44
106142,322076.6
106155,322076.6
106168,353743.44
106177,334522.97
106183,322076.6
106184,353743.44
106185,322076.6
106201,322076.6
106215,322076.6
106233,322076.6
106235,334730.99
106236,322076.6
106239,322076.6
106241,357916.15
106242,357916.15
106243,353743.44
106254,322076.6
106259,150037.46
106263,322076.6
106281,353743.44
106282,357916.15
106292,353743.44
106294,322076.6
106343,137350.04
106356,322076.6
106359,322076.6
106360,353743.44
106362,322076.6
106390,150037.46
106391,353743.44
106398,353743.44
106442,147698.25
106449,322076.6
106456,322076.6
106458,353743.44
106467,322076.6
106512,322076.6
106522,322076.6
106565,334522.97
106572,322076.6
106579,322076.6
106587,322076.6
106591,322076.6
106599,334522.97
106604,4990441.96
106618,322076.6
106647,334522.97
106654,334522.97
106665,322076.6
106668,334522.97
106678,322076.6
106685,353743.44
106707,322076.6
106727,322076.6
106760,177442.44
106776,177442.44
106780,177442.44
106781,177442.44
106783,177442.44
106784,177442.44
106790,177442.44
106792,177442.44
106819,177442.44
106835,177442.44
106845,158638.35
106849,158638.35
106857,177442.44
106858,177442.44
106860,177442.44
106862,177442.44
106871,177442.44
106881,177442.44
106896,177442.44
106900,177442.44
106902,177442.44
106907,177442.44
106918,177442.44
106925,177442.44
106927,177442.44
106929,177442.44
106934,177442.44
106948,177442.44
106949,157861.09
106951,149650.65
106954,177442.44
106965,177442.44
106975,177442.44
106990,177442.44
106992,177442.44
107003,177442.44
107004,149650.65
107015,177442.44
107016,177442.44
107035,177442.44
107058,157861.09
107062,177442.44
107071,177442.44
107086,157861.09
107093,177442.44
107100,177442.44
107122,177442.44
107268,177442.44
107275,177442.44
107357,177442.44
107361,177442.44
107393,177442.44
107395,177442.44
107412,177442.44
107416,177442.44
107428,177442.44
107452,177442.44
107454,177442.44
107464,177442.44
107467,177442.44
107469,177442.44
107470,177442.44
107472,177442.44
107473,177442.44
107487,177442.44
107489,177442.44
107495,177442.44
107497,149650.65
107501,177442.44
107506,177442.44
107510,177442.44
107520,177442.44
107551,177442.44
107556,177442.44
107572,177442.44
107584,177442.44
107594,177442.44
107595,177442.44
107601,177442.44
107614,177442.44
107616,177442.44
107617,177442.44
107619,177442.44
107621,177442.44
107650,177442.44
107656,177442.44
107678,177442.44
107680,149650.65
107684,177442.44
107687,177442.44
107690,177442.44
107692,177442.44
107693,177442.44
107694,177442.44
107695,177442.44
107702,177442.44
107712,177442.44
107718,177442.44
107722,177442.44
107757,149650.65
107762,177442.44
107769,157861.09
107770,157861.09
107771,177442.44
107776,177442.44
107778,177442.44
107788,177442.44
107792,177442.44
107812,177442.44
107831,177442.44
107832,177442.44
107863,149650.65
107871,177442.44
107873,177442.44
107874,177442.44
107875,177442.44
107906,177442.44
107915,177442.44
107916,177442.44
107917,177442.44
107918,177442.44
107919,177442.44
107920,177442.44
107998,177442.44
108021,155390.38
108137,149650.65
108190,177442.44
108231,177442.44
108235,177442.44
108237,177442.44
108246,177442.44
108272,177442.44
108277,152917.65
108281,149650.65
108283,177442.44
108285,177442.44
108340,177442.44
108343,177442.44
108401,177442.44
108406,177442.44
108408,157861.09
108410,177442.44
108429,177442.44
108444,177442.44
108447,177442.44
108465,177442.44
108468,177442.44
108479,177442.44
108496,177442.44
108505,177442.44
108512,177442.44
108518,177442.44
108519,177442.44
108524,177442.44
108527,177442.44
108528,177442.44
108545,177442.44
108548,177442.44
108551,177442.44
108557,177442.44
108558,177442.44
108574,177442.44
108580,177442.44
108581,177442.44
108589,177442.44
108654,177442.44
108658,177442.44
108757,177442.44
108771,177442.44
108778,177442.44
108802,177442.44
108814,177442.44
108816,149650.65
108817,177442.44
108832,177442.44
108855,177442.44
108867,177442.44
108886,177442.44
108900,177442.44
108916,175304.14
108948,177442.44
108960,177442.44
108962,177442.44
108983,177442.44
108984,177442.44
108992,177442.44
108993,177442.44
109002,177442.44
109051,177442.44
109135,176673.38
109157,177442.44
109160,177442.44
109175,177442.44
109189,177442.44
109236,177442.44
109250,177442.44
109251,177442.44
109254,177442.44
109323,177442.44
109368,157861.09
109384,176673.38
109388,177442.44
109389,177442.44
109414,177442.44
109434,157861.09
109448,177442.44
109454,177442.44
109455,177442.44
109456,177442.44
109478,177442.44
109488,177442.44
109499,177442.44
109504,177442.44
109509,177442.44
109523,176673.38
109524,176673.38
109525,176673.38
109526,176673.38
109534,177442.44
109546,177442.44
109566,177442.44
109570,177442.44
109577,177442.44
109586,177442.44
109589,177442.44
109597,177442.44
109608,259327.76
109624,259327.76
109633,210022.19
109634,259327.76
109650,261861.75
109651,261861.75
109653,261861.75
109654,261861.75
109656,210022.19
109658,261861.75
109659,259327.76
109661,259327.76
109667,261861.75
109672,250837.41
109673,261861.75
109674,261861.75
109675,261861.75
109690,261861.75
109698,259327.76
109703,210022.19
109710,259327.76
109711,210022.19
109724,210022.19
109729,261861.75
109736,259327.76
109777,259327.76
109778,210022.19
109779,259327.76
109780,259327.76
109781,210022.19
109794,261861.75
109860,210022.19
109861,259327.76
109867,261861.75
109868,261861.75
109876,261861.75
109891,210022.19
109896,261861.75
109903,259327.76
109905,261861.75
109915,261861.75
109925,210022.19
109959,259327.76
109962,210022.19
109985,259327.76
109986,259327.76
110001,259327.76
110013,210022.19
110024,210022.19
110041,259327.76
110055,249197.24
110056,249197.24
110060,261861.75
110065,210022.19
110079,261861.75
110092,261861.75
110099,259327.76
110108,259327.76
110121,261861.75
110130,210022.19
110132,261861.75
110135,261861.75
110136,261861.75
110137,261861.75
110138,261861.75
110139,261861.75
110148,261861.75
110150,250837.41
110158,261861.75
110160,259327.76
110161,259327.76
110180,210022.19
110223,259327.76
110226,261861.75
110236,259327.76
110248,261861.75
110295,259327.76
110319,259327.76
110327,210022.19
110330,249197.24
110335,261861.75
110345,210022.19
110348,259327.76
110349,259327.76
110351,259327.76
110355,210022.19
110365,259327.76
110380,259327.76
110387,261861.75
110392,261861.75
110393,259327.76
110403,259327.76
110452,210022.19
110462,259327.76
110538,259327.76
110626,259327.76
110628,259327.76
110631,259327.76
110642,261861.75
110672,210022.19
110695,259327.76
110698,259327.76
110716,261861.75
110725,261861.75
110733,210022.19
110742,210022.19
110743,210022.19
110747,261861.75
110758,261861.75
110769,249197.24
110780,259327.76
110790,210022.19
110791,210022.19
110792,259327.76
110795,210022.19
110796,259327.76
110797,259327.76
110798,259327.76
110803,261861.75
110807,259327.76
110817,261861.75
110824,210022.19
110854,261861.75
110872,210022.19
110875,259327.76
110883,210022.19
110902,259327.76
110903,259327.76
110912,210022.19
110914,261861.75
110923,259327.76
110934,261861.75
110938,261861.75
110939,261861.75
110945,261861.75
110948,261861.75
110949,261861.75
110964,259327.76
110980,259327.76
110983,259327.76
110992,261861.75
110993,261861.75
110999,261861.75
111000,261861.75
111001,261861.75
111003,261861.75
111005,261861.75
111008,261861.75
111009,261861.75
111014,259327.76
111018,250837.41
111023,259327.76
111031,261861.75
111035,261861.75
111054,218435.0
111059,261861.75
111079,259327.76
111113,261861.75
111114,261861.75
111117,261861.75
111118,261861.75
111119,261861.75
111120,261861.75
111122,261861.75
111123,261861.75
111124,261861.75
111125,261861.75
111127,261861.75
111129,259327.76
111143,210022.19
111147,261861.75
111148,261861.75
111166,259327.76
111167,261861.75
111168,261861.75
111191,259327.76
111196,210022.19
111197,210022.19
111199,259327.76
111208,261861.75
111216,259327.76
111252,210022.19
111255,259327.76
111319,261861.75
111384,261861.75
111386,210022.19
111388,261861.75
111389,261861.75
111394,259327.76
111395,259327.76
111435,259327.76
111446,174346.45
111457,259327.76
111459,261861.75
111463,261861.75
111477,259327.76
111496,259327.76
111506,261861.75
111507,259327.76
111510,210022.19
111512,259327.76
111523,259327.76
111530,259327.76
111531,250837.41
111534,210022.19
111538,210022.19
111554,210022.19
111573,261861.75
111590,261861.75
111598,261861.75
111608,261861.75
111611,210022.19
111621,210022.19
111628,261861.75
111629,261861.75
111633,259327.76
111636,261861.75
111637,261861.75
111658,261861.75
111665,259327.76
111697,261861.75
111703,261861.75
111774,259327.76
111775,261861.75
111820,259327.76
111839,180325.72
111846,261861.75
111850,261861.75
111856,259327.76
111860,261861.75
111865,176760.18
111883,250837.41
111884,250837.41
111885,250837.41
111894,250837.41
111915,261861.75
111924,259327.76
111939,261861.75
111954,259327.76
111965,259327.76
111970,261861.75
111976,259327.76
111987,261861.75
111988,261861.75
112051,259327.76
112063,261861.75
112068,259327.76
112075,259327.76
112157,261861.75
112162,261861.75
112163,261861.75
112227,250837.41
112230,261861.75
112247,259327.76
112271,259327.76
112297,210022.19
112315,259327.76
112335,217514.32
112353,217514.32
112355,409428.7
112367,351655.46
112375,225927.13
112378,225927.13
112388,292363.59
112412,236867.26
112424,363143.68
112431,271703.01
112465,217514.32
112466,217514.32
112474,217514.32
112486,285902.98
112510,352932.83
112511,352932.83
112512,292363.59
112657,256689.37
112663,256689.37
112673,285902.98
112680,351655.46
112681,217514.32
112694,409428.7
112696,292363.59
112713,292363.59
112716,236867.26
112718,236867.26
112720,292363.59
112726,292363.59
112744,292363.59
112748,292363.59
112755,285902.98
112757,409428.7
112780,351655.46
112793,508066.79
112796,256689.37
112816,229076.03
112822,380940.66
112823,380940.66
112825,380940.66
112828,426607.55
112851,363143.68
112872,295710.35
112874,315062.37
112921,363143.68
112925,380940.66
112926,292363.59
112928,380940.66
112929,380940.66
112930,380940.66
112933,363143.68
112938,234829.82
112960,292363.59
112963,292363.59
112970,292363.59
112974,409428.7
112986,352932.83
112987,352932.83
113022,292363.59
113037,389804.99
113109,292363.59
113113,380940.66
113114,380940.66
113163,351655.46
113169,352932.83
113181,228990.02
113206,351655.46
113207,351655.46
113230,352932.83
113231,426607.55
113246,352932.83
113248,352932.83
113313,217514.32
113314,217514.32
113315,217514.32
113320,292363.59
113322,292363.59
113323,292363.59
113326,292363.59
113329,292363.59
113465,315062.37
113468,225927.13
113478,292363.59
113488,284260.32
113491,217514.32
113503,351655.46
113552,222857.48
113568,217514.32
113608,292363.59
113613,352932.83
113616,285902.98
113617,285902.98
113630,292363.59
113644,285902.98
113645,285902.98
113657,426607.55
113662,426607.55
113668,237254.34
113703,292363.59
113704,292363.59
113706,426607.55
113711,352932.83
113750,388527.63
113752,351655.46
113762,315062.37
113804,380940.66
113809,363143.68
113813,352932.83
113831,352932.83
113871,271703.01
113884,292363.59
113888,351655.46
113890,351655.46
113909,236867.26
113922,315062.37
113950,380940.66
113957,302415.28
113995,238861.78
114001,236867.26
114002,236867.26
114007,352932.83
114030,292363.59
114031,292363.59
114139,352932.83
114172,225927.13
114187,284260.32
114200,351655.46
114204,352932.83
114217,352932.83
114242,278738.74
114253,220767.78
114266,292363.59
114276,292363.59
114334,292363.59
114335,292363.59
114336,292363.59
114337,228990.02
114377,236102.63
114379,426607.55
114396,380940.66
114401,352932.83
114405,352932.83
114407,352932.83
114431,380940.66
114432,380940.66
114440,292363.59
114449,271703.01
114454,292363.59
114458,389804.99
114461,292363.59
114468,363143.68
114560,292363.59
114619,352932.83
114634,351655.46
114649,223035.89
114650,217514.32
114658,285902.98
114661,380322.53
114676,351655.46
114684,363143.68
114688,299545.1
114690,302415.28
114698,426607.55
114702,292363.59
114711,321832.95
114717,292363.59
114721,351655.46
114728,275407.33
114732,351655.46
114736,278738.74
114748,292363.59
114764,426607.55
114780,292363.59
114781,217514.32
114790,285902.98
114804,292363.59
114809,363143.68
114812,241700.91
114816,292363.59
114839,285902.98
114847,285902.98
114884,363143.68
114886,388527.63
114887,388527.63
114893,409428.7
114904,137350.04
114941,134620.04
114950,137350.04
114969,146871.74
114993,137350.04
114997,137350.04
115004,147698.25
115020,137350.04
115025,137350.04
115027,137350.04
115078,137350.04
115080,137350.04
115081,137350.04
115082,137350.04
115085,137350.04
115086,137350.04
115087,137350.04
115088,137350.04
115093,146871.74
115098,137350.04
115099,137350.04
115100,137350.04
115178,134157.15
115179,134157.15
115181,134157.15
115243,146871.74
115261,137350.04
115279,137350.04
115316,137350.04
115318,137350.04
115360,137350.04
115394,135269.4
115403,137350.04
115408,137350.04
115412,134157.15
115417,134157.15
115418,137350.04
115422,134157.15
115479,147698.25
115480,147698.25
115481,147698.25
115482,147698.25
115483,147698.25
115485,147698.25
115488,147698.25
115505,137350.04
115506,137350.04
115507,137350.04
115508,137350.04
115509,137350.04
115510,137350.04
115511,137350.04
115512,137350.04
115514,137350.04
115515,137350.04
115516,137350.04
115517,137350.04
115528,137350.04
115536,137350.04
115537,137350.04
115538,137350.04
115539,137350.04
115541,137350.04
115542,137350.04
115543,137350.04
115544,137350.04
115545,137350.04
115548,137350.04
115551,137350.04
115552,137350.04
115553,137350.04
115554,137350.04
115555,137350.04
115559,137350.04
115597,137350.04
115598,137350.04
115642,137350.04
115652,137350.04
115780,137350.04
115818,134157.15
115896,134157.15
115898,134157.15
115900,134157.15
115902,134157.15
115910,147698.25
115927,135269.4
115980,147698.25
115983,141136.93
116008,137350.04
116056,137350.04
116064,137350.04
116065,137350.04
116066,137350.04
116067,137350.04
116068,137350.04
116069,137350.04
116071,137350.04
116072,137350.04
116094,137350.04
116099,134157.15
116105,137350.04
116152,147698.25
116154,147698.25
116173,137350.04
116174,137350.04
116175,137350.04
116176,137350.04
116178,137350.04
116179,137350.04
116189,137350.04
116190,137350.04
116196,137350.04
116197,137350.04
116198,137350.04
116199,137350.04
116205,137350.04
116269,137350.04
116350,137350.04
116434,137350.04
116435,135269.4
116446,137350.04
116471,137350.04
116501,137350.04
116506,137350.04
116507,137350.04
116508,137350.04
116509,137350.04
116547,137350.04
116562,137350.04
116581,137350.04
116634,137350.04
116635,137350.04
116661,137350.04
116675,134620.04
116690,137350.04
116706,137350.04
116787,134157.15
116890,137350.04
116909,137350.04
116920,140796.56
116926,175304.14
116932,141383.11
116934,158819.13
116937,145397.02
116940,145397.02
116941,145397.02
116942,145397.02
116944,145397.02
116945,153419.43
116947,145279.22
116948,145279.22
116950,155390.38
116957,175304.14
116958,175304.14
116959,175304.14
116960,143989.45
116981,137812.94
116988,143989.45
116992,143989.45
117046,175304.14
117055,141383.11
117076,140796.56
117077,140796.56
117078,140796.56
117093,151783.93
117127,141383.11
117128,141383.11
117137,150986.61
117140,175304.14
117145,155390.38
117174,153419.43
117188,155390.38
117201,175304.14
117212,151783.93
117216,141383.11
117220,141383.11
117222,141383.11
117224,141383.11
117225,141383.11
117226,141383.11
117227,140796.56
117232,141383.11
117236,143989.45
117238,151783.93
117239,140796.56
117245,143989.45
117246,175304.14
117247,175304.14
117253,175304.14
117263,145279.22
117265,158819.13
117272,140796.56
117275,145959.09
117278,137812.94
117288,175304.14
117290,143989.45
117313,150608.69
117317,143989.45
117318,143989.45
117325,143989.45
117326,143989.45
117328,143989.45
117331,137812.94
117333,137812.94
117335,137812.94
117345,137812.94
117346,137812.94
117349,140796.56
117359,141383.11
117365,141383.11
117374,177442.44
117416,143989.45
117511,141383.11
117513,140796.56
117514,143989.45
117589,141383.11
117619,141383.11
117632,150608.69
117680,140796.56
117682,140796.56
117688,140796.56
117714,143989.45
117716,138190.22
117718,140796.56
117719,138190.22
117746,143989.45
117750,140796.56
117752,143989.45
117759,178335.08
117772,143989.45
117777,155390.38
117785,143989.45
117788,143989.45
117796,150182.19
117797,156348.43
117803,141383.11
117808,143989.45
117810,150608.69
117821,175304.14
117846,175304.14
117847,175304.14
117848,175304.14
117849,175304.14
117850,175304.14
117851,175304.14
117853,141002.85
117875,150608.69
117888,149650.65
117900,136601.96
117903,155892.17
117906,143989.45
117917,140796.56
117918,150608.69
117919,150608.69
117925,143989.45
117927,150608.69
117931,143989.45
117935,149650.65
117945,175304.14
117953,153419.43
117956,137812.94
117964,143989.45
117965,143989.45
117966,143989.45
117967,143989.45
117968,143989.45
117969,143989.45
117970,143989.45
117974,143989.45
117984,143989.45
117999,140796.56
118001,175304.14
118006,143989.45
118010,149650.65
118020,175304.14
118023,156851.41
118027,140796.56
118030,149650.65
118048,141383.11
118049,143989.45
118056,143989.45
118060,151783.93
118061,143989.45
118062,177442.44
118067,140796.56
118091,141383.11
118094,141383.11
118095,140796.56
118096,141383.11
118097,141383.11
118098,141383.11
118099,140796.56
118100,141383.11
118101,141383.11
118104,143989.45
118109,137350.04
118116,141383.11
118118,141383.11
118125,175304.14
118126,175304.14
118130,175304.14
118132,175304.14
118133,175304.14
118141,175304.14
118148,145279.22
118149,145279.22
118151,140796.56
118157,156348.43
118163,141908.81
118165,144212.62
118168,175304.14
118169,175304.14
118170,175304.14
118178,175304.14
118180,150608.69
118182,150608.69
118186,143741.8
118192,155390.38
118196,140796.56
118198,150037.46
118209,141908.81
118218,143989.45
118229,137812.94
118230,137812.94
118244,141383.11
118250,140796.56
118255,177442.44
118316,143989.45
118319,141383.11
118320,141383.11
118323,177442.44
118437,177442.44
118449,158819.13
118461,156348.43
118491,140796.56
118511,140796.56
118533,136601.96
118555,142629.54
118562,141383.11
118575,143989.45
118578,156851.41
118589,143989.45
118590,143989.45
118612,143989.45
118617,143989.45
118627,142629.54
118637,143989.45
118646,140796.56
118647,140796.56
118650,151783.93
118659,156348.43
118668,175304.14
118669,137812.94
118701,140796.56
118704,175304.14
118826,140796.56
118866,159140.14
118867,143989.45
118869,143989.45
118870,141383.11
118871,141383.11
118872,141383.11
118881,158362.87
118893,175304.14
118894,143989.45
118897,175304.14
118899,143989.45
118908,143989.45
118923,155390.38
118944,150608.69
118965,175304.14
118987,156348.43
119087,143989.45
119092,149650.65
119098,175304.14
119099,175304.14
119143,140796.56
119180,143989.45
119190,140796.56
119207,137812.94
119217,175304.14
119236,178335.08
119246,178335.08
119247,194014.87
119248,155599.6
119251,177442.44
119252,177442.44
119255,178335.08
119259,178335.08
119262,259327.76
119264,178335.08
119275,178335.08
119284,178335.08
119285,178335.08
119291,177442.44
119294,177442.44
119305,177442.44
119306,177670.28
119311,259327.76
119326,151783.93
119328,178335.08
119334,178335.08
119338,178335.08
119341,178335.08
119343,175041.06
119345,177442.44
119346,177442.44
119348,177442.44
119351,178335.08
119374,178335.08
119389,154510.25
119397,154510.25
119398,154510.25
119401,154510.25
119402,178335.08
119403,154510.25
119406,178335.08
119446,156851.41
119505,154510.25
119514,154510.25
119515,154510.25
119516,154510.25
119529,177442.44
119549,154510.25
119561,177442.44
119562,162322.56
119567,154510.25
119572,259327.76
119573,178335.08
119574,178335.08
119575,178335.08
119590,178335.08
119591,178335.08
119605,257207.36
119606,257207.36
119608,259327.76
119609,259327.76
119611,259327.76
119613,259327.76
119621,178335.08
119637,259327.76
119641,178335.08
119647,178335.08
119648,178335.08
119649,178335.08
119650,259327.76
119656,178335.08
119657,178335.08
119658,178335.08
119673,177442.44
119676,177442.44
119680,177442.44
119683,178335.08
119685,259327.76
119703,259327.76
119709,178335.08
119712,178335.08
119724,178335.08
119731,178335.08
119733,178335.08
119735,178335.08
119748,177670.28
119750,177670.28
119754,178335.08
119759,178335.08
119765,192984.66
119768,178335.08
119770,178335.08
119771,178335.08
119792,178335.08
119794,178335.08
119796,178335.08
119798,153073.7
119804,178335.08
119809,178335.08
119811,153073.7
119813,178335.08
119821,178335.08
119824,178335.08
119825,178335.08
119826,178335.08
119830,178335.08
119831,178335.08
119832,178335.08
119833,178335.08
119834,178335.08
119835,178335.08
119842,178335.08
119847,156851.41
119848,178335.08
119857,178335.08
119871,178335.08
119872,178335.08
119873,178335.08
119876,178335.08
119884,259327.76
119931,178335.08
119932,178335.08
119933,178335.08
119934,178335.08
119937,178335.08
119938,178335.08
119939,178335.08
119944,178335.08
120014,156851.41
120072,178335.08
120077,178335.08
120105,178335.08
120107,178335.08
120111,178335.08
120124,156851.41
120132,259327.76
120133,154510.25
120141,178335.08
120165,259327.76
120166,259327.76
120169,178335.08
120176,194014.87
120177,194014.87
120180,178335.08
120181,178335.08
120193,178335.08
120194,178335.08
120196,178335.08
120205,178335.08
120206,178335.08
120207,259327.76
120208,259327.76
120218,194014.87
120223,259327.76
120231,156851.41
120261,178335.08
120262,178335.08
120263,178335.08
120269,178335.08
120273,178335.08
120279,178335.08
120295,156851.41
120298,259327.76
120302,177670.28
120304,177670.28
120305,177670.28
120306,177670.28
120311,177670.28
120312,177670.28
120314,178335.08
120320,177442.44
120326,178335.08
120327,151783.93
120337,151783.93
120338,151783.93
120339,151783.93
120348,178335.08
120349,178335.08
120350,178335.08
120363,153073.7
120365,178335.08
120371,177442.44
120372,177442.44
120378,259327.76
120381,259327.76
120383,178335.08
120385,176673.38
120414,154510.25
120415,154510.25
120417,178335.08
120419,178335.08
120421,178335.08
120499,160462.91
120500,169220.56
120501,259327.76
120515,178335.08
120516,178335.08
120545,178335.08
120548,178335.08
120561,178335.08
120562,178335.08
120564,178335.08
120569,259327.76
120590,259327.76
120591,259327.76
120592,154510.25
120593,178335.08
120596,178335.08
120597,151783.93
120608,178335.08
120609,178335.08
120614,259327.76
120615,259327.76
120616,259327.76
120629,259327.76
120642,194014.87
120643,178335.08
120646,194014.87
120672,259327.76
120675,155599.6
120676,178335.08
120678,259327.76
120687,178335.08
120688,178335.08
120689,178335.08
120691,178335.08
120692,178335.08
120702,178335.08
120715,177670.28
120720,177670.28
120735,259327.76
120743,177442.44
120744,259327.76
120745,178335.08
120749,178335.08
120756,162322.56
120769,178335.08
120803,177442.44
120810,178335.08
120822,178335.08
120832,194014.87
120833,194014.87
120844,259327.76
120851,178335.08
120886,178335.08
120887,178335.08
120895,259327.76
120903,177442.44
120905,178335.08
120906,178335.08
120910,259327.76
120916,178335.08
120918,178335.08
120920,178335.08
120922,178335.08
120924,178335.08
120925,178335.08
120926,178335.08
120960,178335.08
120970,178335.08
120976,178335.08
121014,259327.76
121019,259327.76
121021,178335.08
121025,259327.76
121030,210022.19
121038,210022.19
121041,212783.73
121042,217514.32
121043,217514.32
121045,217514.32
121046,217514.32
121047,217514.32
121048,217514.32
121049,217514.32
121050,217514.32
121051,217514.32
121061,212783.73
121062,212783.73
121064,212783.73
121068,212783.73
121070,212783.73
121085,212783.73
121097,210022.19
121150,212783.73
121158,212783.73
121159,210022.19
121169,212783.73
121172,210022.19
121187,212783.73
121189,215499.24
121192,212783.73
121193,212783.73
121195,215499.24
121204,212783.73
121208,211506.86
121210,212783.73
121219,217514.32
121224,212783.73
121235,217514.32
121236,217514.32
121238,217514.32
121239,217514.32
121240,217514.32
121241,217514.32
121242,217514.32
121243,217514.32
121244,212783.73
121246,212783.73
121249,210022.19
121251,212783.73
121256,215499.24
121257,215499.24
121258,215499.24
121264,212783.73
121265,212783.73
121270,217514.32
121274,210022.19
121280,215499.24
121282,217514.32
121283,212783.73
121286,212783.73
121295,217514.32
121296,210022.19
121299,210022.19
121300,212783.73
121301,212783.73
121307,210022.19
121308,211506.86
121311,217514.32
121315,212783.73
121320,210022.19
121321,217514.32
121323,212783.73
121324,212783.73
121331,212783.73
121333,212783.73
121335,212783.73
121337,210022.19
121338,210022.19
121339,210022.19
121343,211506.86
121346,212783.73
121347,212783.73
121348,212783.73
121350,212783.73
121351,212783.73
121352,212783.73
121364,212783.73
121365,212783.73
121373,212783.73
121375,211506.86
121376,210022.19
121377,212783.73
121385,212783.73
121397,210022.19
121400,212783.73
121402,212783.73
121408,212783.73
121444,210022.19
121452,210022.19
121455,212783.73
121538,212783.73
121544,210022.19
121597,212783.73
121647,210022.19
121688,210022.19
121697,210022.19
121707,212783.73
121708,212783.73
121710,210022.19
121716,210022.19
121723,210022.19
121739,210022.19
121742,210022.19
121746,210022.19
121751,212783.73
121756,215499.24
121757,214217.09
121765,215499.24
121766,215499.24
121767,215499.24
121771,217514.32
121777,212783.73
121781,210022.19
121787,212783.73
121788,210022.19
121793,217514.32
121802,210022.19
121807,212783.73
121822,217514.32
121824,212783.73
121825,212783.73
121826,212783.73
121829,210022.19
121843,212783.73
121847,215499.24
121848,215499.24
121849,217514.32
121850,217514.32
121854,212783.73
121857,212783.73
121868,212783.73
121878,217514.32
121884,210022.19
121892,212783.73
121899,210022.19
121900,210022.19
121901,210022.19
121909,217514.32
121923,212783.73
121927,212783.73
121930,212783.73
121932,212783.73
121935,212783.73
121941,212783.73
121944,212783.73
121948,212783.73
121954,210022.19
121964,215499.24
121966,212783.73
121970,210022.19
121984,212783.73
121993,212783.73
122033,210022.19
122036,212783.73
122044,210022.19
122165,217514.32
122166,217514.32
122167,212783.73
122168,212783.73
122169,212783.73
122195,212783.73
122197,215499.24
122214,210022.19
122219,211506.86
122225,215499.24
122241,212783.73
122249,212783.73
122262,210022.19
122277,212783.73
122282,210022.19
122294,212783.73
122299,211506.86
122302,210022.19
122311,212783.73
122313,212783.73
122315,211506.86
122318,210022.19
122321,210022.19
122322,210022.19
122323,212783.73
122330,212783.73
122331,212783.73
122332,212783.73
122333,212783.73
122337,210022.19
122340,212783.73
122347,211506.86
122350,212783.73
122351,214217.09
122362,212783.73
122370,215499.24
122371,215499.24
122373,215499.24
122377,215499.24
122382,215499.24
122398,212783.73
122404,217514.32
122405,212783.73
122410,215499.24
122411,210022.19
122412,212783.73
122434,210022.19
122442,210022.19
122454,212783.73
122458,212783.73
122459,212783.73
122467,212783.73
122472,212783.73
122474,212783.73
122475,210022.19
122500,210022.19
122559,210022.19
122560,212783.73
122561,212783.73
122586,212783.73
122599,212783.73
122602,210022.19
122614,212783.73
122616,212783.73
122622,210022.19
122637,215499.24
122644,215499.24
122647,212783.73
122665,215499.24
122667,215499.24
122669,212783.73
122687,212783.73
122695,212783.73
122699,212783.73
122701,212783.73
122703,212783.73
122744,210022.19
122752,212783.73
122762,210022.19
122768,212783.73
122783,212783.73
122784,212783.73
122787,212783.73
122788,212783.73
122792,210022.19
122881,212783.73
122882,212783.73
122900,173453.8
122901,173453.8
122902,173453.8
122903,173453.8
122904,173453.8
122909,176673.38
122927,175867.54
122928,175867.54
122929,175867.54
122932,175867.54
122934,175867.54
122935,175867.54
122947,175867.54
122969,176673.38
122987,176673.38
123070,176673.38
123079,176673.38
123083,176673.38
123092,173453.8
123093,173453.8
123094,173453.8
123095,173453.8
123129,173453.8
123153,176673.38
123165,173453.8
123176,176673.38
123196,176673.38
123248,173453.8
123310,175867.54
123311,175867.54
123312,175867.54
123323,175867.54
123325,175867.54
123326,175867.54
123327,175867.54
123328,175867.54
123331,175867.54
123335,175867.54
123338,175867.54
123400,173453.8
123480,177442.44
123558,173453.8
123572,176673.38
123576,173453.8
123579,176673.38
123580,176673.38
123588,173453.8
123592,173453.8
123595,176673.38
123605,175867.54
123612,176673.38
123620,173453.8
123623,173453.8
123624,173453.8
123657,173453.8
123658,173453.8
123686,173453.8
123734,176673.38
123749,173453.8
123759,173453.8
123760,176673.38
123767,177442.44
123768,177442.44
123808,173453.8
123815,176673.38
123825,173453.8
123835,177442.44
123868,175867.54
123869,175867.54
123870,175867.54
123874,175867.54
123877,175867.54
123892,177442.44
123898,173453.8
123900,177442.44
123903,176673.38
123905,176673.38
124032,176673.38
124034,173453.8
124036,176673.38
124038,176673.38
124039,176673.38
124044,176673.38
124059,173453.8
124070,173453.8
124071,173453.8
124072,173453.8
124073,173453.8
124074,173453.8
124094,173453.8
124096,176673.38
124109,176673.38
124118,176673.38
124125,175867.54
124138,176673.38
124178,176673.38
124187,176673.38
124197,177442.44
124213,176673.38
124214,175867.54
124228,176673.38
124263,173453.8
124339,177442.44
124357,177442.44
124364,177442.44
124380,177442.44
124392,173453.8
124494,173453.8
124500,176673.38
124536,176673.38
124537,176673.38
124540,177442.44
124548,176673.38
124597,176673.38
124642,177442.44
124646,176673.38
124648,176673.38
124662,175867.54
124688,264623.28
124693,251958.78
124707,264623.28
124714,261861.75
124716,264623.28
124731,263346.41
124737,267338.79
124747,264623.28
124759,261861.75
124777,264623.28
124787,264623.28
124796,261861.75
124799,264623.28
124813,261861.75
124819,264623.28
124894,264623.28
124915,264623.28
124962,264623.28
124978,264623.28
124993,264623.28
125005,264623.28
125014,261861.75
125016,264623.28
125020,264623.28
125023,261861.75
125027,264623.28
125044,264623.28
125045,264623.28
125046,261861.75
125050,264623.28
125072,264623.28
125073,264623.28
125086,261861.75
125100,267338.79
125117,264623.28
125118,264623.28
125120,264623.28
125125,261861.75
125130,264623.28
125134,264623.28
125136,264623.28
125141,264623.28
125188,267338.79
125200,264623.28
125203,264623.28
125204,264623.28
125275,261861.75
125291,264623.28
125317,264623.28
125332,264623.28
125345,264623.28
125351,264623.28
125357,264623.28
125359,261861.75
125375,264623.28
125380,264623.28
125404,261861.75
125406,267338.79
125422,264623.28
125431,264623.28
125433,253598.95
125434,261861.75
125435,261861.75
125444,267338.79
125466,264623.28
125506,267338.79
125546,263346.41
125554,267338.79
125568,261861.75
125569,261861.75
125573,264623.28
125579,264623.28
125581,261861.75
125583,264623.28
125587,249197.24
125596,249197.24
125618,264623.28
125621,264623.28
125632,261861.75
125639,267338.79
125642,264623.28
125645,261861.75
125694,264623.28
125695,267338.79
125696,267338.79
125714,261861.75
125716,267338.79
125727,261861.75
125734,257947.17
125736,263346.41
125739,264623.28
125744,267338.79
125756,264623.28
125764,267338.79
125766,264623.28
125776,264623.28
125777,264623.28
125783,264623.28
125784,264623.28
125791,264623.28
125822,267338.79
125824,264623.28
125828,249197.24
125829,250837.41
125841,264623.28
309591,258329.54
309611,223035.89
309613,267338.79
309658,269353.87
309661,269353.87
309667,269353.87
309669,269353.87
309678,250681.91
309692,269353.87
309700,217514.32
309707,269353.87
309714,269353.87
309731,254674.29
309734,217514.32
309735,256689.37
309770,334522.97
309817,261861.75
309819,211506.86
320845,261861.75
320872,261861.75
320929,261861.75
320931,261861.75
320932,261861.75
320937,261861.75
320938,261861.75
320940,261861.75
320948,261861.75
320950,261861.75
320954,261861.75
320969,263346.41
320974,263346.41
320998,261861.75
321002,261861.75
321004,261861.75
321023,259327.76
321055,261861.75
321067,261861.75
321080,261861.75
321083,261861.75
321122,261861.75
321127,261861.75
321128,261861.75
321229,261861.75
321231,261861.75
321249,261861.75
321250,261861.75
321258,261861.75
321259,261861.75
321260,261861.75
321262,261861.75
321270,261861.75
321272,261861.75
321278,264623.28
321286,261861.75
321288,261861.75
321289,261861.75
321307,261861.75
321311,261861.75
321316,261861.75
321317,261861.75
321318,261861.75
321319,261861.75
321321,261861.75
321322,261861.75
321323,261861.75
321324,261861.75
321340,263346.41
321346,263346.41
321352,261861.75
321392,261861.75
321393,261861.75
321399,261861.75
321407,261861.75
321428,263346.41
321429,261861.75
321431,261861.75
321455,261861.75
321463,261861.75
321480,263346.41
321540,261861.75
321551,261861.75
321559,261861.75
321561,261861.75
321567,263346.41
321568,261861.75
321570,261861.75
321573,261861.75
321574,261861.75
321575,261861.75
321577,261861.75
321581,261861.75
321582,261861.75
321583,261861.75
321595,261861.75
321616,261861.75
321656,263346.41
321674,263346.41
321677,261861.75
321730,261861.75
321734,261861.75
321736,261861.75
321737,261861.75
321739,259327.76
321747,264623.28
321749,261861.75
321757,263346.41
321758,263346.41
321762,261861.75
321817,261861.75
321831,261861.75
321834,261861.75
321874,261861.75
321877,261861.75
321883,261861.75
321903,261861.75
321918,261861.75
321940,261861.75
321942,261861.75
321949,314828.01
321950,319946.15
321960,306204.27
321961,306204.27
321965,259327.76
321975,339352.37
321980,321378.49
321989,259327.76
321990,339352.37
322003,151783.93
322025,259327.76
322027,328144.47
322029,319946.15
322038,339352.37
322041,366397.84
322042,334730.99
322045,325610.48
322046,325610.48
322092,259327.76
322107,319946.15
322110,334730.99
322111,259327.76
322112,259327.76
322114,259327.76
322115,259327.76
322116,319946.15
322119,259327.76
322121,339352.37
322132,325610.48
322133,325610.48
322144,339352.37
322156,340784.7
322181,151783.93
322197,319946.15
322220,366397.84
322244,259327.76
322256,259327.76
322271,325610.48
322281,314828.01
322300,306204.27
322304,306204.27
322310,151783.93
322330,319946.15
322332,319946.15
322335,259327.76
322339,259327.76
322360,339352.37
322362,259327.76
322436,340784.7
322445,334730.99
322476,366397.84
322494,151737.83
322500,259327.76
322501,259327.76
322505,259327.76
322517,319946.15
322518,334730.99
322526,366397.84
322527,319946.15
322531,321378.49
322533,339352.37
322534,353743.44
322536,353743.44
322548,259327.76
322553,259327.76
322579,334730.99
322583,339352.37
322591,366397.84
322610,319946.15
322620,259327.76
322630,259327.76
322645,261861.75
322651,334730.99
322653,339352.37
322671,339352.37
322695,304654.13
322712,321378.49
322715,150037.46
322732,259327.76
322741,306204.27
322744,339352.37
322757,325610.48
322769,319946.15
322786,259327.76
322789,341886.36
322800,175887.18
322807,151783.93
322808,259327.76
322810,339352.37
322816,319946.15
322833,325610.48
322871,259327.76
322980,259327.76
322981,319946.15
322983,259327.76
322984,259327.76
322985,259327.76
322986,259327.76
322987,259327.76
322990,259327.76
323000,259327.76
323002,261861.75
323011,325610.48
323013,366397.84
323017,353743.44
323032,259327.76
323066,259327.76
323069,339352.37
323077,339352.37
323085,319946.15
323088,328144.47
323101,339352.37
323102,319946.15
323122,319946.15
323169,151783.93
323189,259327.76
323192,151783.93
323194,259327.76
323197,339352.37
323198,259327.76
323233,339352.37
323254,261861.75
323308,321378.49
323310,325610.48
323318,259327.76
323325,319946.15
323330,339352.37
323339,304654.13
323342,319946.15
323349,259327.76
323382,151783.93
323396,339352.37
323403,319946.15
323412,339352.37
323413,259327.76
323421,334730.99
323425,151783.93
323433,340784.7
323434,174140.71
323446,259327.76
323459,259327.76
323487,259327.76
323518,340784.7
323536,259327.76
323549,321378.49
323552,259327.76
323608,259327.76
323617,259327.76
323622,366397.84
323629,339352.37
323656,261861.75
323664,151783.93
323668,339352.37
323678,259327.76
323703,259327.76
323710,319946.15
323722,334730.99
323723,366397.84
323780,259327.76
323792,259327.76
323831,261861.75
323894,412121.58
323911,259327.76
323917,259327.76
323926,259327.76
323944,259327.76
324001,259327.76
324006,259327.76
324023,259327.76
324032,259327.76
324058,261861.75
324078,261861.75
324079,259327.76
324118,259327.76
324146,259327.76
324152,259327.76
324158,525335.78
324160,485094.72
324236,504358.29
324287,739228.19
324306,676628.04
324371,695235.4
324381,353743.44
324395,469832.85
324415,664017.49
324417,479249.28
324418,479249.28
324454,356277.43
324455,356277.43
324497,353743.44
324557,695235.4
324596,525335.78
324605,664017.49
324608,739228.19
324616,353743.44
324628,695235.4
324634,676628.04
324666,353743.44
324716,469832.85
324721,645410.13
324723,510073.91
324784,485094.72
324797,676628.04
324814,368931.83
324819,353743.44
324846,664017.49
324904,552875.69
324941,525335.78
325010,664017.49
325044,695235.4
325045,368931.83
695288,177442.44
695340,140796.56
695354,149849.59
695495,145828.07
695510,137350.04
695519,334522.97
695520,334522.97
695565,177442.44
695596,177442.44
695610,177442.44
695611,177442.44
695614,177442.44
695615,177442.44
695631,173616.75
695794,259327.76
695813,217514.32
695828,261861.75
695877,261861.75
696061,217514.32
696119,217514.32
696129,360807.31
696183,210022.19
696223,334522.97
696268,178335.08
696269,178335.08
696272,178335.08
696273,178335.08
696329,178335.08
696334,178335.08
696336,178335.08
696337,178335.08
696338,178335.08
696339,178335.08
696340,178335.08
696352,178335.08
696357,178335.08
696508,210022.19
696512,210022.19
696609,210022.19
696610,210022.19
696645,173453.8
712644,220398.42
712653,220398.42
712676,220398.42
712685,220398.42
712690,220398.42
712692,220398.42
712748,220398.42
712750,220398.42
712751,220398.42
712768,220398.42
712776,220398.42
712780,220398.42
712788,220398.42
712794,220398.42
712816,220398.42
712817,220398.42
712818,220398.42
712823,220398.42
712835,220398.42
712852,220398.42
712858,220398.42
712871,220398.42
712880,220398.42
712881,220398.42
712890,220398.42
712901,220398.42
712917,220398.42
712999,220398.42
713027,220398.42
713050,220398.42
713084,220398.42
713098,220398.42
713109,220398.42
713127,220398.42
713151,220398.42
713157,220398.42
713159,220398.42
713160,220398.42
713169,220398.42
713182,220398.42
713190,220398.42
713192,220398.42
713197,220398.42
713213,220398.42
713216,220398.42
713247,220398.42
713251,220398.42
713264,220398.42
713309,220398.42
713319,220398.42
713341,220398.42
713350,220398.42
713375,220398.42
713391,220398.42
713394,220398.42
713420,220398.42
713421,220398.42
713429,220398.42
713432,220398.42
713434,220398.42
713437,220398.42
713469,220398.42
713476,220398.42
713477,220398.42
713501,220398.42
713507,220398.42
713536,220398.42
713544,220398.42
713560,220398.42
713580,220398.42
713651,220398.42
713656,220398.42
713740,220398.42
713800,220398.42
713801,220398.42
713806,220398.42
713820,220398.42
713823,220398.42
713847,220398.42
713864,220398.42
713866,220398.42
713868,220398.42
713878,220398.42
713881,220398.42
713897,220398.42
713934,220398.42
713939,220398.42
713950,220398.42
713991,220398.42
713993,220398.42
714003,220398.42
714017,220398.42
714021,220398.42
714026,220398.42
714064,220398.42
714174,220398.42
714196,220398.42
714262,220398.42
714353,220398.42
714369,220398.42
714374,220398.42
714385,220398.42
714393,220398.42
714398,220398.42
714412,220398.42
714415,220398.42
714417,220398.42
714430,220398.42
714507,220398.42
714555,220398.42
714586,220398.42
714587,220398.42
714609,220398.42
714636,220398.42
714676,220398.42
714689,220398.42
714713,220398.42
714721,220398.42
714725,220398.42
714774,220398.42
714784,220398.42
714821,220398.42
714833,220398.42
714858,220398.42
714864,220398.42
714871,220398.42
714874,220398.42
714890,220398.42
714911,220398.42
714930,220398.42
714957,220398.42
714970,220398.42
715017,220398.42
715034,220398.42
715036,220398.42
715051,220398.42
715078,220398.42
715080,220398.42
715127,220398.42
715142,220398.42
715176,220398.42
715189,220398.42
715195,220398.42
715196,220398.42
715264,220398.42
715291,220398.42
715295,220398.42
715297,220398.42
715305,220398.42
715309,220398.42
715319,220398.42
715321,220398.42
715381,220398.42
715383,220398.42
715402,220398.42
715413,220398.42
715440,220398.42
715490,220398.42
715496,220398.42
715529,220398.42
715546,220398.42
715580,220398.42
715584,220398.42
715594,220398.42
715611,220398.42
715628,220398.42
715643,220398.42
715645,220398.42
715666,220398.42
715669,220398.42
715756,220398.42
715761,220398.42
715771,220398.42
715775,220398.42
715779,220398.42
715783,220398.42
715789,220398.42
715799,220398.42
715801,220398.42
715802,220398.42
715816,220398.42
715819,220398.42
715854,220398.42
715885,220398.42
715904,220398.42
715909,220398.42
715926,220398.42
715960,220398.42
715975,220398.42
715987,220398.42
715991,220398.42
716004,220398.42
716016,220398.42
716034,220398.42
716036,220398.42
716062,220398.42
716088,220398.42
716090,220398.42
716098,220398.42
716112,220398.42
716122,220398.42
716135,220398.42
716165,220398.42
716198,220398.42
716225,220398.42
716229,220398.42
716230,220398.42
716233,220398.42
716243,220398.42
716251,220398.42
716252,220398.42
716270,220398.42
716289,220398.42
716355,220398.42
716367,220398.42
716371,220398.42
716379,220398.42
716381,220398.42
716388,220398.42
716430,220398.42
716437,220398.42
716439,220398.42
716453,220398.42
716459,220398.42
716475,220398.42
716495,220398.42
716516,220398.42
716564,220398.42
716566,220398.42
716646,220398.42
716652,220398.42
716677,220398.42
716680,220398.42
716696,220398.42
716716,220398.42
716750,220398.42
716759,220398.42
716761,220398.42
716822,220398.42
716839,220398.42
716905,220398.42
716942,220398.42
716964,220398.42
717008,220398.42
717022,220398.42
717046,220398.42
717110,220398.42
717123,220398.42
717146,220398.42
717179,220398.42
717184,220398.42
717187,220398.42
717188,220398.42
717189,220398.42
717195,220398.42
717197,220398.42
717227,220398.42
717270,220398.42
717303,220398.42
717333,220398.42
717335,220398.42
717342,220398.42
717358,220398.42
717374,220398.42
717386,220398.42
717417,220398.42
717491,220398.42
717502,220398.42
717549,220398.42
717570,220398.42
717574,220398.42
717602,220398.42
717626,220398.42
717630,220398.42
717635,220398.42
717641,220398.42
717648,220398.42
717652,220398.42
717689,220398.42
717727,220398.42
717783,220398.42
717808,220398.42
717824,220398.42
717869,220398.42
717986,220398.42
717995,220398.42
717997,220398.42
717999,220398.42
718069,220398.42
718109,220398.42
718113,220398.42
718134,220398.42
718135,220398.42
718144,220398.42
718171,220398.42
718212,220398.42
718229,220398.42
718242,220398.42
718310,220398.42
718329,220398.42
718331,220398.42
718349,220398.42
718436,220398.42
718506,220398.42
718581,220398.42
718620,220398.42
718648,220398.42
718653,220398.42
718675,220398.42
718683,220398.42
718696,220398.42
718697,220398.42
718773,220398.42
718786,220398.42
718806,220398.42
718811,220398.42
718812,220398.42
718841,220398.42
718869,220398.42
718891,220398.42
718902,220398.42
718919,220398.42
718930,220398.42
718970,220398.42
719018,220398.42
719060,220398.42
719062,220398.42
719065,220398.42
719076,220398.42
719091,220398.42
719120,220398.42
719146,220398.42
719186,220398.42
719188,220398.42
719197,220398.42
719201,220398.42
719203,220398.42
719208,220398.42
719210,220398.42
719216,220398.42
719224,220398.42
719246,220398.42
719258,220398.42
719300,220398.42
719334,220398.42
719360,220398.42
719377,220398.42
719415,220398.42
719424,220398.42
719429,220398.42
719445,220398.42
719446,220398.42
719469,220398.42
719503,220398.42
719537,220398.42
719593,220398.42
719616,220398.42
719642,220398.42
719655,220398.42
719693,220398.42
719720,220398.42
719747,220398.42
719748,220398.42
719754,220398.42
719784,220398.42
719794,220398.42
719802,220398.42
719806,220398.42
719810,220398.42
719812,220398.42
719828,220398.42
719833,220398.42
719882,220398.42
719895,220398.42
719909,220398.42
719971,220398.42
720043,220398.42
720108,220398.42
720119,220398.42
720163,220398.42
720166,220398.42
720188,220398.42
720194,220398.42
720274,220398.42
720292,220398.42
720296,220398.42
720304,220398.42
720323,220398.42
720342,220398.42
720348,220398.42
720379,220398.42
720386,220398.42
720388,220398.42
720393,220398.42
720398,220398.42
720403,220398.42
720409,220398.42
720440,220398.42
720450,220398.42
720481,220398.42
720530,220398.42
720534,220398.42
720549,220398.42
720550,220398.42
720609,220398.42
720629,220398.42
720646,220398.42
720649,220398.42
720659,220398.42
720745,220398.42
720753,220398.42
720789,220398.42
720879,220398.42
720899,220398.42
720909,220398.42
720925,220398.42
720932,220398.42
720950,220398.42
720956,220398.42
720964,220398.42
720970,220398.42
720997,220398.42
721019,220398.42
721074,220398.42
721104,220398.42
721128,220398.42
721132,220398.42
721135,220398.42
721138,220398.42
721169,220398.42
721241,220398.42
721303,220398.42
721327,220398.42
721355,220398.42
721380,220398.42
721384,220398.42
721403,220398.42
721426,220398.42
721462,220398.42
721473,220398.42
721548,220398.42
721568,220398.42
721574,220398.42
721579,220398.42
721598,220398.42
721634,220398.42
721647,220398.42
721701,220398.42
721727,220398.42
721746,220398.42
721751,220398.42
721773,220398.42
721806,220398.42
721859,220398.42
721869,220398.42
721922,220398.42
722035,220398.42
722036,220398.42
722125,220398.42
722131,220398.42
722173,220398.42
722181,220398.42
722212,220398.42
722250,220398.42
722257,220398.42
722262,220398.42
722278,220398.42
722288,220398.42
722289,220398.42
722312,220398.42
722332,220398.42
722333,220398.42
722344,220398.42
722356,220398.42
722360,220398.42
722388,220398.42
722430,220398.42
722458,220398.42
722486,220398.42
722515,220398.42
722557,220398.42
722582,220398.42
722592,220398.42
722603,220398.42
722611,220398.42
722612,220398.42
722613,220398.42
722617,220398.42
722639,220398.42
722669,220398.42
722794,220398.42
722805,220398.42
722979,220398.42
722991,220398.42
722996,220398.42
723017,220398.42
723054,220398.42
723133,220398.42
723238,220398.42
723261,220398.42
723269,220398.42
723341,220398.42
723364,220398.42
723370,220398.42
723418,220398.42
723439,220398.42
723497,220398.42
723503,220398.42
723527,220398.42
723559,220398.42
723569,220398.42
723575,220398.42
723590,220398.42
723636,220398.42
723646,220398.42
723662,220398.42
723694,220398.42
723703,220398.42
723705,220398.42
723726,220398.42
723746,220398.42
723756,220398.42
723769,220398.42
723775,220398.42
723789,220398.42
723793,220398.42
723826,220398.42
723846,220398.42
723856,220398.42
723936,220398.42
723944,220398.42
723996,220398.42
724017,220398.42
724019,220398.42
724048,220398.42
724049,220398.42
724059,220398.42
724070,220398.42
724209,220398.42
724225,220398.42
724230,220398.42
724234,220398.42
724247,220398.42
724249,220398.42
724273,220398.42
724294,220398.42
724309,220398.42
724315,220398.42
724343,220398.42
724348,220398.42
724352,220398.42
724357,220398.42
724385,220398.42
724424,220398.42
724532,220398.42
724560,220398.42
724606,220398.42
724640,220398.42
724671,220398.42
724797,220398.42
724820,220398.42
724847,220398.42
724947,220398.42
724960,220398.42
724977,220398.42
724987,220398.42
725073,220398.42
725121,220398.42
725177,220398.42
725180,220398.42
725186,220398.42
725367,220398.42
725435,220398.42
725481,220398.42
725560,220398.42
725581,220398.42
725620,220398.42
725646,220398.42
725648,220398.42
725681,220398.42
725683,220398.42
725741,220398.42
725753,220398.42
725778,220398.42
725811,220398.42
725875,220398.42
725997,220398.42
726011,220398.42
726050,220398.42
726064,220398.42
726121,220398.42
726144,220398.42
726145,220398.42
726174,220398.42
726332,220398.42
726351,220398.42
726359,220398.42
726443,220398.42
726459,220398.42
726460,220398.42
726461,220398.42
726470,220398.42
726488,220398.42
726491,220398.42
726518,220398.42
726642,220398.42
726643,220398.42
726678,220398.42
726698,220398.42
726797,220398.42
726850,220398.42
726887,220398.42
726898,220398.42
726904,220398.42
726915,220398.42
726976,220398.42
727014,220398.42
727021,220398.42
727064,220398.42
727101,220398.42
727114,220398.42
727129,220398.42
727142,220398.42
727160,220398.42
727168,220398.42
727178,220398.42
727188,220398.42
727198,220398.42
727202,220398.42
727275,220398.42
727322,220398.42
727334,220398.42
727345,220398.42
727359,220398.42
727364,220398.42
727433,220398.42
727438,220398.42
727490,220398.42
727503,220398.42
727540,220398.42
727542,220398.42
727585,220398.42
727593,220398.42
727615,220398.42
727627,220398.42
727655,220398.42
727691,220398.42
727694,220398.42
727811,220398.42
727895,220398.42
728058,220398.42
728078,220398.42
728243,220398.42
728309,220398.42
728352,220398.42
728363,220398.42
728364,220398.42
728431,220398.42
728500,220398.42
728503,220398.42
728529,220398.42
728582,220398.42
728586,220398.42
728694,220398.42
728709,220398.42
728713,220398.42
728796,220398.42
728798,220398.42
728926,220398.42
728950,220398.42
728966,220398.42
728985,220398.42
729017,220398.42
729075,220398.42
729111,220398.42
729119,220398.42
729136,220398.42
729148,220398.42
729174,220398.42
729177,220398.42
729181,220398.42
729203,220398.42
729210,220398.42
729226,220398.42
729265,220398.42
729341,220398.42
729380,220398.42
729400,220398.42
729445,220398.42
729455,220398.42
729464,220398.42
729510,220398.42
729514,220398.42
729528,220398.42
729536,220398.42
729540,220398.42
729554,220398.42
729607,220398.42
729608,220398.42
729625,220398.42
729641,220398.42
729644,220398.42
729663,220398.42
729721,220398.42
729768,220398.42
729773,220398.42
729782,220398.42
729789,220398.42
729812,220398.42
729831,220398.42
729845,220398.42
729990,220398.42
730059,220398.42
730106,220398.42
730114,220398.42
730131,220398.42
730151,220398.42
730265,220398.42
730294,220398.42
730332,220398.42
730363,220398.42
730414,220398.42
730524,220398.42
730596,220398.42
730640,220398.42
730686,220398.42
730881,220398.42
730894,220398.42
730939,220398.42
731035,220398.42
731059,220398.42
731100,220398.42
731187,220398.42
731206,220398.42
731217,220398.42
731226,220398.42
731245,220398.42
731327,220398.42
731364,220398.42
731419,220398.42
731420,220398.42
731429,220398.42
731450,220398.42
731474,220398.42
731507,220398.42
731508,220398.42
731588,220398.42
731696,220398.42
731757,220398.42
731801,220398.42
731833,220398.42
731851,220398.42
731874,220398.42
732027,220398.42
732100,220398.42
732211,220398.42
732262,220398.42
732403,220398.42
732408,220398.42
732440,220398.42
732456,220398.42
732495,220398.42
732512,220398.42
732513,220398.42
732518,220398.42
732657,220398.42
732818,220398.42
732911,220398.42
732929,220398.42
732954,220398.42
732965,220398.42
732970,220398.42
732998,220398.42
733071,220398.42
733086,220398.42
733135,220398.42
733209,220398.42
733485,220398.42
733560,220398.42
733655,220398.42
733708,220398.42
733722,220398.42
733753,220398.42
733774,220398.42
733855,220398.42
733856,220398.42
733903,220398.42
733907,220398.42
733919,220398.42
734011,220398.42
734023,220398.42
734094,220398.42
734149,220398.42
734159,220398.42
734160,220398.42
734181,220398.42
734275,220398.42
734658,220398.42
734708,220398.42
734725,220398.42
734836,220398.42
735000,220398.42
735007,220398.42
735055,220398.42
735124,220398.42
735158,220398.42
735189,220398.42
735216,220398.42
735230,220398.42
735232,220398.42
735250,220398.42
735298,220398.42
735355,220398.42
735484,220398.42
735490,220398.42
735491,220398.42
735493,220398.42
735505,220398.42
735533,220398.42
735555,220398.42
735561,220398.42
735562,220398.42
735614,220398.42
735627,220398.42
735634,220398.42
735698,220398.42
735797,220398.42
735802,220398.42
735891,220398.42
735983,220398.42
736002,220398.42
736030,220398.42
736051,220398.42
736089,220398.42
736143,220398.42
736169,220398.42
736175,220398.42
736225,220398.42
736311,220398.42
736320,220398.42
736337,220398.42
736397,220398.42
736443,220398.42
736489,220398.42
736635,220398.42
736651,220398.42
736721,220398.42
736740,220398.42
736799,220398.42
736983,220398.42
737015,220398.42
737075,220398.42
737150,220398.42
737209,220398.42
737263,220398.42
737285,220398.42
737397,220398.42
737458,220398.42
737514,220398.42
737665,220398.42
737976,220398.42
738028,220398.42
738143,220398.42
738160,220398.42
738192,220398.42
738314,220398.42
738320,220398.42
738381,220398.42
738406,220398.42
738433,220398.42
738489,220398.42
738491,220398.42
738574,220398.42
738723,220398.42
738880,220398.42
738920,220398.42
739033,220398.42
739042,220398.42
739182,220398.42
739254,220398.42
739359,220398.42
739360,220398.42
739364,220398.42
739430,220398.42
739497,220398.42
739563,220398.42
739581,220398.42
739670,220398.42
739702,220398.42
739717,220398.42
739824,220398.42
740070,220398.42
740158,220398.42
740377,220398.42
740499,220398.42
740572,220398.42
740609,220398.42
740798,220398.42
740914,220398.42
740915,220398.42
740917,220398.42
740932,220398.42
740974,220398.42
740993,220398.42
740998,220398.42
741000,220398.42
741002,220398.42
741008,220398.42
741036,220398.42
741047,220398.42
741111,220398.42
741171,220398.42
741174,220398.42
741203,220398.42
741205,220398.42
741232,220398.42
741270,220398.42
741294,220398.42
741312,220398.42
741313,220398.42
741329,220398.42
741401,220398.42
741416,220398.42
741433,220398.42
741457,220398.42
741533,220398.42
741591,220398.42
741682,220398.42
741699,220398.42
741808,220398.42
741810,220398.42
741811,220398.42
741813,220398.42
741824,220398.42
741842,220398.42
741844,220398.42
741999,220398.42
742049,220398.42
742278,220398.42
742444,220398.42
742500,220398.42
742512,220398.42
742534,220398.42
742552,220398.42
742592,220398.42
742595,220398.42
742813,220398.42
742839,220398.42
743024,220398.42
743072,220398.42
743084,220398.42
743131,220398.42
743197,220398.42
743226,220398.42
743233,220398.42
743243,220398.42
743310,220398.42
743424,220398.42
743645,220398.42
743678,220398.42
743689,220398.42
743736,220398.42
743938,220398.42
744009,220398.42
744134,220398.42
744142,220398.42
744196,220398.42
744806,220398.42
744824,220398.42
744870,220398.42
744879,220398.42
744924,220398.42
745039,220398.42
745099,220398.42
745109,220398.42
745286,220398.42
745287,220398.42
745364,220398.42
745581,220398.42
745614,220398.42
745630,220398.42
745696,220398.42
745726,220398.42
745763,220398.42
745819,220398.42
745898,220398.42
745924,220398.42
745960,220398.42
746269,220398.42
746297,220398.42
746353,220398.42
746361,220398.42
746390,220398.42
746450,220398.42
746513,220398.42
746565,220398.42
746720,220398.42
746732,220398.42
746769,220398.42
746790,220398.42
746846,220398.42
746847,220398.42
746901,220398.42
747013,220398.42
747015,220398.42
747085,220398.42
747090,220398.42
747139,220398.42
747310,220398.42
747474,220398.42
747521,220398.42
747537,220398.42
747736,220398.42
747743,220398.42
747759,220398.42
747810,220398.42
747995,220398.42
748013,220398.42
748040,220398.42
748058,220398.42
748060,220398.42
748073,220398.42
748106,220398.42
748145,220398.42
748150,220398.42
748172,220398.42
748287,220398.42
748308,220398.42
748311,220398.42
748429,220398.42
748523,220398.42
748544,220398.42
748713,220398.42
748836,220398.42
748845,220398.42
748856,220398.42
748895,220398.42
748962,220398.42
749165,220398.42
749218,220398.42
749232,220398.42
749255,220398.42
749452,220398.42
749483,220398.42
749497,220398.42
749502,220398.42
749504,220398.42
749521,220398.42
749571,220398.42
749671,220398.42
749821,220398.42
749975,220398.42
750049,220398.42
750155,220398.42
750174,220398.42
750408,220398.42
750418,220398.42
750441,220398.42
750475,220398.42
750559,220398.42
750579,220398.42
750669,220398.42
750683,220398.42
750740,220398.42
750956,220398.42
751319,220398.42
751352,220398.42
751396,220398.42
751416,220398.42
751421,220398.42
751442,220398.42
751459,220398.42
751587,220398.42
751714,220398.42
751886,220398.42
751971,220398.42
752242,220398.42
752254,220398.42
752310,220398.42
752576,220398.42
752705,220398.42
752895,220398.42
752914,220398.42
752994,220398.42
753036,220398.42
753099,220398.42
753188,220398.42
753196,220398.42
753234,220398.42
753289,220398.42
753295,220398.42
753297,220398.42
753387,220398.42
753393,220398.42
753395,220398.42
753397,220398.42
753399,220398.42
753402,220398.42
753404,220398.42
753405,220398.42
753406,220398.42
753602,220398.42
753948,220398.42
754108,220398.42
754112,220398.42
754292,220398.42
754384,220398.42
754763,220398.42
754978,220398.42
754995,220398.42
755014,220398.42
755055,220398.42
755065,220398.42
755138,220398.42
755226,220398.42
755447,220398.42
755448,220398.42
755575,220398.42
755674,220398.42
755809,220398.42
755892,220398.42
756308,220398.42
756620,220398.42
756836,220398.42
757366,220398.42
757425,220398.42
757539,220398.42
757668,220398.42
757758,220398.42
757792,220398.42
757925,220398.42
757991,220398.42
758122,220398.42
758135,220398.42
758325,220398.42
758344,220398.42
758410,220398.42
758601,220398.42
758674,220398.42
758911,220398.42
759246,220398.42
759339,220398.42
759621,220398.42
759656,220398.42
759823,220398.42
759982,220398.42
760071,220398.42
760135,220398.42
760172,220398.42
760262,220398.42
760514,220398.42
760522,220398.42
760523,220398.42
760607,220398.42
760760,220398.42
760878,220398.42
761015,220398.42
761078,220398.42
761137,220398.42
761182,220398.42
761221,220398.42
761226,220398.42
761245,220398.42
761273,220398.42
761281,220398.42
761297,220398.42
761298,220398.42
761312,220398.42
761418,220398.42
761437,220398.42
761449,220398.42
761451,220398.42
761462,220398.42
761597,220398.42
761616,220398.42
761631,220398.42
761638,220398.42
761660,220398.42
761662,220398.42
761734,220398.42
761737,220398.42
761773,220398.42
761775,220398.42
761781,220398.42
761783,220398.42
761870,220398.42
761928,220398.42
762020,220398.42
762104,220398.42
762106,220398.42
762135,220398.42
762140,220398.42
762146,220398.42
762260,220398.42
762277,220398.42
762395,220398.42
762467,220398.42
762485,220398.42
762509,220398.42
762528,220398.42
762572,220398.42
762642,220398.42
762673,220398.42
762782,220398.42
762792,220398.42
762828,220398.42
762848,220398.42
762862,220398.42
762894,220398.42
762903,220398.42
762924,220398.42
762929,220398.42
762937,220398.42
762941,220398.42
762951,220398.42
762959,220398.42
762965,220398.42
762986,220398.42
763016,220398.42
763021,220398.42
763034,220398.42
763065,220398.42
763068,220398.42
763073,220398.42
763090,220398.42
763152,220398.42
763153,220398.42
763212,220398.42
763270,220398.42
763279,220398.42
763299,220398.42
763300,220398.42
763314,220398.42
763332,220398.42
763333,220398.42
763334,220398.42
763337,220398.42
763338,220398.42
763348,220398.42
763349,220398.42
763351,220398.42
763389,220398.42
763421,220398.42
763424,220398.42
763429,220398.42
763431,220398.42
763433,220398.42
763435,220398.42
763438,220398.42
763439,220398.42
763446,220398.42
763447,220398.42
763448,220398.42
763449,220398.42
763450,220398.42
763452,220398.42
763453,220398.42
763454,220398.42
763457,220398.42
763458,220398.42
763460,220398.42
763464,220398.42
763466,220398.42
763528,220398.42
763572,220398.42
763575,220398.42
763576,220398.42
763591,220398.42
763627,220398.42
763628,220398.42
763629,220398.42
763631,220398.42
763633,220398.42
763634,220398.42
763653,220398.42
763684,220398.42
763733,220398.42
763744,220398.42
763764,220398.42
763781,220398.42
763788,220398.42
763797,220398.42
763842,220398.42
763856,220398.42
763925,220398.42
763942,220398.42
764037,220398.42
764042,220398.42
764044,220398.42
764047,220398.42
764052,220398.42
764103,220398.42
764132,220398.42
764192,220398.42
764215,220398.42
764263,220398.42
764332,220398.42
764347,220398.42
764361,220398.42
764368,220398.42
764413,220398.42
764414,220398.42
764496,220398.42
764544,220398.42
764737,220398.42
764777,220398.42
764797,220398.42
764822,220398.42
764827,220398.42
764828,220398.42
764836,220398.42
764862,220398.42
764907,220398.42
764910,220398.42
764922,220398.42
764946,220398.42
764999,220398.42
765049,220398.42
765056,220398.42
765097,220398.42
765112,220398.42
765115,220398.42
765282,220398.42
765294,220398.42
765352,220398.42
765358,220398.42
765365,220398.42
765396,220398.42
765440,220398.42
765475,220398.42
765494,220398.42
765496,220398.42
765520,220398.42
765527,220398.42
765571,220398.42
765572,220398.42
765599,220398.42
765625,220398.42
765669,220398.42
765676,220398.42
765686,220398.42
765756,220398.42
765760,220398.42
765768,220398.42
765786,220398.42
765832,220398.42
765840,220398.42
765853,220398.42
765854,220398.42
765869,220398.42
765883,220398.42
765884,220398.42
765913,220398.42
765938,220398.42
766020,220398.42
766039,220398.42
766052,220398.42
766076,220398.42
766102,220398.42
766103,220398.42
766106,220398.42
766110,220398.42
766114,220398.42
766137,220398.42
766140,220398.42
766142,220398.42
766151,220398.42
766163,220398.42
766185,220398.42
766212,220398.42
766222,220398.42
766225,220398.42
766250,220398.42
766251,220398.42
766253,220398.42
766259,220398.42
766272,220398.42
766300,220398.42
766328,220398.42
766392,220398.42
766404,220398.42
766416,220398.42
766459,220398.42
766463,220398.42
766464,220398.42
766479,220398.42
766501,220398.42
766550,220398.42
766648,220398.42
766782,220398.42
766785,220398.42
766808,220398.42
766824,220398.42
766883,220398.42
766891,220398.42
766923,220398.42
766951,220398.42
766977,220398.42
766984,220398.42
766998,220398.42
767008,220398.42
767009,220398.42
767047,220398.42
767056,220398.42
767092,220398.42
767132,220398.42
767229,220398.42
767253,220398.42
767260,220398.42
767290,220398.42
767319,220398.42
767321,220398.42
767366,220398.42
767405,220398.42
767407,220398.42
767409,220398.42
767414,220398.42
767465,220398.42
767487,220398.42
767512,220398.42
767558,220398.42
767705,220398.42
767856,220398.42
768002,220398.42
768343,220398.42
768717,220398.42
768790,220398.42
768981,220398.42
769002,220398.42
769155,220398.42
769216,220398.42
769226,220398.42
769575,220398.42
769599,220398.42
769768,220398.42
769812,220398.42
769898,220398.42
769957,220398.42
770294,220398.42
770295,220398.42
770484,220398.42
770520,220398.42
770523,220398.42
770558,220398.42
770682,220398.42
770744,220398.42
770751,220398.42
770765,220398.42
770777,220398.42
770786,220398.42
770972,220398.42
771112,220398.42
771113,220398.42
771117,220398.42
771118,220398.42
771333,220398.42
771397,220398.42
771816,220398.42
771858,220398.42
772028,220398.42
772107,220398.42
772213,220398.42
772214,220398.42
774481,220398.42
774546,220398.42
774699,220398.42
774950,220398.42
775137,220398.42
775139,220398.42
775393,220398.42
775537,220398.42
775560,220398.42
775652,220398.42
775907,220398.42
776742,220398.42
776780,220398.42
776781,220398.42
776783,220398.42
776981,220398.42
777103,220398.42
777106,220398.42
777107,220398.42
777108,220398.42
777110,220398.42
777117,220398.42
777118,220398.42
777121,220398.42
777123,220398.42
777125,220398.42
777210,220398.42
777453,220398.42
777462,220398.42
777464,220398.42
777489,220398.42
777572,220398.42
778274,220398.42
778564,220398.42
778634,220398.42
778678,220398.42
778689,220398.42
778791,220398.42
778830,220398.42
778851,220398.42
778906,220398.42
778948,220398.42
778949,220398.42
778952,220398.42
778953,220398.42
778956,220398.42
778970,220398.42
778976,220398.42
779003,220398.42
779077,220398.42
779114,220398.42
779141,220398.42
779149,220398.42
779215,220398.42
779288,220398.42
779384,220398.42
779391,220398.42
779392,220398.42
779393,220398.42
779705,220398.42
779738,220398.42
779782,220398.42
779867,220398.42
779904,220398.42
779938,220398.42
779977,220398.42
779984,220398.42
780002,220398.42
780020,220398.42
780073,220398.42
780093,220398.42
780095,220398.42
780214,220398.42
780253,220398.42
780353,220398.42
780376,220398.42
780395,220398.42
780419,220398.42
780420,220398.42
780421,220398.42
780564,220398.42
780596,220398.42
780669,220398.42
780694,220398.42
780702,220398.42
780715,220398.42
780724,220398.42
780846,220398.42
780856,220398.42
780863,220398.42
780900,220398.42
780951,220398.42
781145,220398.42
781275,220398.42
781371,220398.42
781416,220398.42
781559,220398.42
781563,220398.42
781572,220398.42
781698,220398.42
781700,220398.42
781825,220398.42
781843,220398.42
781844,220398.42
781845,220398.42
781846,220398.42
781854,220398.42
781859,220398.42
781860,220398.42
781866,220398.42
781946,220398.42
781982,220398.42
782181,220398.42
782201,220398.42
782394,220398.42
782416,220398.42
782443,220398.42
782452,220398.42
782561,220398.42
782627,220398.42
782642,220398.42
782665,220398.42
782671,220398.42
782675,220398.42
782693,220398.42
782705,220398.42
782706,220398.42
782708,220398.42
782717,220398.42
782722,220398.42
782761,220398.42
782782,220398.42
782785,220398.42
782849,220398.42
782946,220398.42
783038,220398.42
783051,220398.42
783056,220398.42
783125,220398.42
783130,220398.42
783231,220398.42
783260,220398.42
783421,220398.42
783512,220398.42
783559,220398.42
783604,220398.42
783607,220398.42
783636,220398.42
783654,220398.42
783811,220398.42
783914,220398.42
783951,220398.42
783978,220398.42
783979,220398.42
784000,220398.42
784012,220398.42
784167,220398.42
784275,220398.42
784431,220398.42
784568,220398.42
784570,220398.42
784737,220398.42
784762,220398.42
784768,220398.42
784842,220398.42
785009,220398.42
785082,220398.42
785261,220398.42
785408,220398.42
785455,220398.42
785514,220398.42
785588,220398.42
785808,220398.42
785820,220398.42
785970,220398.42
785973,220398.42
786182,220398.42
786183,220398.42
786346,220398.42
786447,220398.42
786450,220398.42
786451,220398.42
786452,220398.42
786456,220398.42
786457,220398.42
786484,220398.42
786521,220398.42
786587,220398.42
786628,220398.42
786831,220398.42
786859,220398.42
787068,220398.42
787151,220398.42
787208,220398.42
787215,220398.42
787216,220398.42
787276,220398.42
787281,220398.42
787289,220398.42
787291,220398.42
787331,220398.42
787343,220398.42
787361,220398.42
787369,220398.42
787382,220398.42
787385,220398.42
787401,220398.42
787405,220398.42
787411,220398.42
787454,220398.42
787485,220398.42
787486,220398.42
787489,220398.42
787490,220398.42
787528,220398.42
787529,220398.42
787533,220398.42
787535,220398.42
787538,220398.42
787555,220398.42
787614,220398.42
787634,220398.42
787684,220398.42
787868,220398.42
788008,220398.42
788356,220398.42
788577,220398.42
788645,220398.42
788730,220398.42
788820,220398.42
788990,220398.42
788994,220398.42
789179,220398.42
789327,220398.42
789333,220398.42
789339,220398.42
789374,220398.42
789389,220398.42
789555,220398.42
789568,220398.42
789619,220398.42
789638,220398.42
789709,220398.42
789843,220398.42
789881,220398.42
789964,220398.42
789966,220398.42
790026,220398.42
790038,220398.42
790115,220398.42
790170,220398.42
790184,220398.42
790414,220398.42
790625,220398.42
790725,220398.42
790798,220398.42
790912,220398.42
790918,220398.42
790939,220398.42
791067,220398.42
791077,220398.42
791182,220398.42
791219,220398.42
791221,220398.42
791296,220398.42
791314,220398.42
791379,220398.42
791445,220398.42
791581,220398.42
791589,220398.42
791600,220398.42
791608,220398.42
791617,220398.42
791813,220398.42
791869,220398.42
791870,220398.42
792315,220398.42
792695,220398.42
793171,220398.42
793172,220398.42
793391,220398.42
793620,220398.42
793722,220398.42
793967,220398.42
794344,220398.42
794498,220398.42
794573,220398.42
794576,220398.42
794897,220398.42
794968,220398.42
796060,220398.42
796252,220398.42
796300,220398.42
796537,220398.42
796582,220398.42
797433,220398.42
797488,220398.42
797489,220398.42
797540,220398.42
797866,220398.42
798010,220398.42
798026,220398.42
799178,220398.42
799179,220398.42
799190,220398.42
799234,220398.42
799315,220398.42
799472,220398.42
799498,220398.42
799561,220398.42
799652,220398.42
799732,220398.42
800022,220398.42
800237,220398.42
800456,220398.42
800963,220398.42
801193,220398.42
801250,220398.42
801281,220398.42
801487,220398.42
801497,220398.42
801503,220398.42
801504,220398.42
801727,220398.42
801954,220398.42
802096,220398.42
802163,220398.42
802196,220398.42
802200,220398.42
802270,220398.42
802271,220398.42
802331,220398.42
802349,220398.42
802375,220398.42
802688,220398.42
803023,220398.42
803138,220398.42
803310,220398.42
803839,220398.42
803941,220398.42
804236,220398.42
804237,220398.42
804318,220398.42
804335,220398.42
804516,220398.42
804572,220398.42
804611,220398.42
804663,220398.42
804859,220398.42
805515,220398.42
805577,220398.42
806450,220398.42
806493,220398.42
806508,220398.42
806655,220398.42
806775,220398.42
806865,220398.42
806936,220398.42
806937,220398.42
807537,220398.42
807824,220398.42
807826,220398.42
808024,220398.42
808123,220398.42
808180,220398.42
808340,220398.42
808644,220398.42
808647,220398.42
809443,220398.42
809444,220398.42
809711,220398.42
810556,220398.42
810560,220398.42
810574,220398.42
810705,220398.42
811018,220398.42
811028,220398.42
811104,220398.42
811659,220398.42
811817,220398.42
811944,220398.42
812472,220398.42
812587,220398.42
812588,220398.42
812762,220398.42
812914,220398.42
813322,220398.42
813323,220398.42
813324,220398.42
813361,220398.42
813430,220398.42
813750,220398.42
813797,220398.42
813800,220398.42
814059,220398.42
814159,220398.42
814247,220398.42
814306,220398.42
814308,220398.42
814310,220398.42
814313,220398.42
814338,220398.42
814378,220398.42
814381,220398.42
814390,220398.42
814448,220398.42
814449,220398.42
815043,220398.42
815287,220398.42
815582,220398.42
815585,220398.42
815640,220398.42
816479,220398.42
816525,220398.42
816552,220398.42
816589,220398.42
816592,220398.42
816594,220398.42
816608,220398.42
816611,220398.42
816676,220398.42
816679,220398.42
816850,220398.42
816967,220398.42
816968,220398.42
816969,220398.42
816972,220398.42
816974,220398.42
817091,220398.42
817550,220398.42
817647,220398.42
817658,220398.42
817662,220398.42
817752,220398.42
817883,220398.42
817978,220398.42
818057,220398.42
818059,220398.42
818170,220398.42
818217,220398.42
818229,220398.42
818316,220398.42
818405,220398.42
818412,220398.42
818488,220398.42
818498,220398.42
818519,220398.42
818520,220398.42
818601,220398.42
818620,220398.42
818629,220398.42
818668,220398.42
818906,220398.42
818951,220398.42
818981,220398.42
819022,220398.42
819052,220398.42
819088,220398.42
819090,220398.42
819154,220398.42
819224,220398.42
819477,220398.42
819505,220398.42
819532,220398.42
819599,220398.42
819624,220398.42
819689,220398.42
819690,220398.42
819694,220398.42
819729,220398.42
819737,220398.42
819839,220398.42
819946,220398.42
820010,220398.42
820047,220398.42
820221,220398.42
820343,220398.42
820369,220398.42
820444,220398.42
820485,220398.42
820520,220398.42
820534,220398.42
820549,220398.42
820550,220398.42
820560,220398.42
820576,220398.42
820608,220398.42
820640,220398.42
820668,220398.42
820672,220398.42
820758,220398.42
820763,220398.42
820797,220398.42
820936,220398.42
821001,220398.42
821049,220398.42
821050,220398.42
821087,220398.42
821251,220398.42
821372,220398.42
821381,220398.42
821423,220398.42
821616,220398.42
821664,220398.42
821715,220398.42
821753,220398.42
821791,220398.42
821800,220398.42
821820,220398.42
821825,220398.42
821826,220398.42
821876,220398.42
821888,220398.42
821895,220398.42
822024,220398.42
822169,220398.42
822190,220398.42
822347,220398.42
822354,220398.42
822421,220398.42
822422,220398.42
822432,220398.42
822445,220398.42
822453,220398.42
822456,220398.42
822457,220398.42
822552,220398.42
822622,220398.42
822624,220398.42
822635,220398.42
822656,220398.42
822684,220398.42
822688,220398.42
822777,220398.42
822785,220398.42
822858,220398.42
822880,220398.42
822882,220398.42
822883,220398.42
822930,220398.42
823118,220398.42
823126,220398.42
823190,220398.42
823243,220398.42
823305,220398.42
823338,220398.42
823411,220398.42
823441,220398.42
823596,220398.42
823639,220398.42
823761,220398.42
823773,220398.42
823798,220398.42
823815,220398.42
823830,220398.42
823846,220398.42
823949,220398.42
823958,220398.42
824041,220398.42
824138,220398.42
824141,220398.42
824236,220398.42
824250,220398.42
824261,220398.42
824528,220398.42
824533,220398.42
824564,220398.42
824568,220398.42
824571,220398.42
824575,220398.42
824602,220398.42
824686,220398.42
824788,220398.42
824810,220398.42
824857,220398.42
824886,220398.42
824906,220398.42
825094,220398.42
825107,220398.42
825186,220398.42
825386,220398.42
825462,220398.42
825470,220398.42
825472,220398.42
825473,220398.42
825700,220398.42
825862,220398.42
825950,220398.42
826171,220398.42
826173,220398.42
826309,220398.42
826322,220398.42
826408,220398.42
826453,220398.42
826522,220398.42
826555,220398.42
826607,220398.42
826650,220398.42
826863,220398.42
826864,220398.42
826881,220398.42
826893,220398.42
826896,220398.42
826968,220398.42
826977,220398.42
827191,220398.42
827214,220398.42
827230,220398.42
827234,220398.42
827325,220398.42
827359,220398.42
827399,220398.42
827481,220398.42
827619,220398.42
827688,220398.42
827711,220398.42
827954,220398.42
828025,220398.42
828031,220398.42
828082,220398.42
828144,220398.42
828174,220398.42
828265,220398.42
828273,220398.42
828285,220398.42
828351,220398.42
828477,220398.42
828604,220398.42
828623,220398.42
828718,220398.42
828750,220398.42
828793,220398.42
828812,220398.42
828827,220398.42
828862,220398.42
828965,220398.42
829067,220398.42
829087,220398.42
829171,220398.42
829240,220398.42
829278,220398.42
829282,220398.42
829293,220398.42
829295,220398.42
829318,220398.42
829322,220398.42
829336,220398.42
829344,220398.42
829351,220398.42
829359,220398.42
829367,220398.42
829372,220398.42
829378,220398.42
829383,220398.42
829389,220398.42
829390,220398.42
829395,220398.42
829413,220398.42
829417,220398.42
829419,220398.42
829599,220398.42
829600,220398.42
829612,220398.42
829673,220398.42
829767,220398.42
829883,220398.42
829947,220398.42
830002,220398.42
830122,220398.42
830143,220398.42
830151,220398.42
830160,220398.42
830199,220398.42
830245,220398.42
830262,220398.42
830265,220398.42
830279,220398.42
830280,220398.42
830333,220398.42
830384,220398.42
830410,220398.42
830446,220398.42
830448,220398.42
830535,220398.42
830581,220398.42
830587,220398.42
830702,220398.42
830731,220398.42
830739,220398.42
830764,220398.42
830772,220398.42
830774,220398.42
830971,220398.42
831037,220398.42
831091,220398.42
831105,220398.42
831106,220398.42
831112,220398.42
831247,220398.42
831261,220398.42
831269,220398.42
831321,220398.42
831459,220398.42
831529,220398.42
831628,220398.42
831792,220398.42
831881,220398.42
831882,220398.42
831883,220398.42
831884,220398.42
831910,220398.42
831944,220398.42
831946,220398.42
831947,220398.42
831949,220398.42
831950,220398.42
831960,220398.42
831961,220398.42
831974,220398.42
832022,220398.42
832156,220398.42
832213,220398.42
832254,220398.42
832261,220398.42
832343,220398.42
832367,220398.42
832436,220398.42
832439,220398.42
832460,220398.42
832470,220398.42
832511,220398.42
832513,220398.42
832624,220398.42
832707,220398.42
832726,220398.42
832780,220398.42
832924,220398.42
832953,220398.42
833013,220398.42
833045,220398.42
833051,220398.42
833052,220398.42
833055,220398.42
833056,220398.42
833057,220398.42
833058,220398.42
833091,220398.42
833216,220398.42
833233,220398.42
833350,220398.42
833459,220398.42
833510,220398.42
833525,220398.42
833527,220398.42
833554,220398.42
833634,220398.42
833668,220398.42
833688,220398.42
833789,220398.42
833827,220398.42
833846,220398.42
833858,220398.42
833886,220398.42
833925,220398.42
833968,220398.42
834026,220398.42
834042,220398.42
834049,220398.42
834113,220398.42
834265,220398.42
834280,220398.42
834315,220398.42
834335,220398.42
834341,220398.42
834343,220398.42
834348,220398.42
834350,220398.42
834391,220398.42
834443,220398.42
834451,220398.42
834514,220398.42
834613,220398.42
834616,220398.42
834623,220398.42
834662,220398.42
834702,220398.42
834746,220398.42
834751,220398.42
834764,220398.42
834785,220398.42
834788,220398.42
834836,220398.42
834858,220398.42
834903,220398.42
834917,220398.42
834959,220398.42
835037,220398.42
835090,220398.42
835122,220398.42
835129,220398.42
835137,220398.42
835262,220398.42
835290,220398.42
835307,220398.42
835336,220398.42
835361,220398.42
835388,220398.42
835459,220398.42
835465,220398.42
835522,220398.42
835523,220398.42
835635,220398.42
835651,220398.42
835661,220398.42
835673,220398.42
835692,220398.42
835759,220398.42
835813,220398.42
835814,220398.42
835816,220398.42
835884,220398.42
835965,220398.42
836013,220398.42
836041,220398.42
836103,220398.42
836173,220398.42
836254,220398.42
836316,220398.42
836341,220398.42
836417,220398.42
836550,220398.42
836555,220398.42
836556,220398.42
836559,220398.42
836561,220398.42
836562,220398.42
836563,220398.42
836564,220398.42
836566,220398.42
836735,220398.42
836782,220398.42
836821,220398.42
837005,220398.42
837092,220398.42
837095,220398.42
837197,220398.42
837467,220398.42
837506,220398.42
837521,220398.42
837550,220398.42
837592,220398.42
837618,220398.42
837632,220398.42
837642,220398.42
837658,220398.42
837769,220398.42
837779,220398.42
837784,220398.42
837831,220398.42
837832,220398.42
837836,220398.42
837961,220398.42
838054,220398.42
838186,220398.42
838254,220398.42
838257,220398.42
838287,220398.42
838374,220398.42
838443,220398.42
838471,220398.42
838609,220398.42
838636,220398.42
838681,220398.42
838696,220398.42
838729,220398.42
838745,220398.42
838778,220398.42
838834,220398.42
838840,220398.42
839042,220398.42
839134,220398.42
839179,220398.42
839299,220398.42
839328,220398.42
839358,220398.42
839379,220398.42
839481,220398.42
839688,220398.42
839804,220398.42
839807,220398.42
839857,220398.42
839875,220398.42
839896,220398.42
839906,220398.42
839907,220398.42
839912,220398.42
839923,220398.42
839964,220398.42
840015,220398.42
840075,220398.42
840137,220398.42
840187,220398.42
840267,220398.42
840277,220398.42
840279,220398.42
840282,220398.42
840284,220398.42
840287,220398.42
840313,220398.42
840333,220398.42
840334,220398.42
840337,220398.42
840425,220398.42
840558,220398.42
840569,220398.42
840632,220398.42
840829,220398.42
840859,220398.42
840895,220398.42
840951,220398.42
841008,220398.42
841041,220398.42
841075,220398.42
841077,220398.42
841273,220398.42
841289,220398.42
841313,220398.42
841337,220398.42
841354,220398.42
841376,220398.42
841400,220398.42
841446,220398.42
841484,220398.42
841515,220398.42
841521,220398.42
841536,220398.42
841557,220398.42
841585,220398.42
841696,220398.42
841763,220398.42
841803,220398.42
841851,220398.42
841869,220398.42
841984,220398.42
842034,220398.42
842041,220398.42
842044,220398.42
842056,220398.42
842219,220398.42
842222,220398.42
842243,220398.42
842245,220398.42
842350,220398.42
842357,220398.42
842459,220398.42
842460,220398.42
842623,220398.42
842624,220398.42
842791,220398.42
842797,220398.42
842808,220398.42
842868,220398.42
842953,220398.42
842960,220398.42
843026,220398.42
843041,220398.42
843066,220398.42
843070,220398.42
843072,220398.42
843183,220398.42
843192,220398.42
843194,220398.42
843197,220398.42
843201,220398.42
843205,220398.42
843339,220398.42
843353,220398.42
843397,220398.42
843417,220398.42
843468,220398.42
843471,220398.42
843505,220398.42
843512,220398.42
843536,220398.42
843564,220398.42
843575,220398.42
843622,220398.42
843737,220398.42
843742,220398.42
843767,220398.42
843770,220398.42
843784,220398.42
843794,220398.42
843797,220398.42
843906,220398.42
843914,220398.42
843942,220398.42
843943,220398.42
843979,220398.42
843980,220398.42
843993,220398.42
844008,220398.42
844035,220398.42
844085,220398.42
844097,220398.42
844104,220398.42
844109,220398.42
844110,220398.42
844126,220398.42
844162,220398.42
844165,220398.42
844198,220398.42
844211,220398.42
844233,220398.42
844310,220398.42
844316,220398.42
844329,220398.42
844338,220398.42
844468,220398.42
844503,220398.42
844536,220398.42
844539,220398.42
844564,220398.42
844590,220398.42
844617,220398.42
844640,220398.42
844716,220398.42
844747,220398.42
844748,220398.42
844755,220398.42
844762,220398.42
844789,220398.42
844804,220398.42
844846,220398.42
844847,220398.42
844849,220398.42
844855,220398.42
844856,220398.42
844857,220398.42
844862,220398.42
844886,220398.42
844915,220398.42
844925,220398.42
844991,220398.42
844993,220398.42
845024,220398.42
845033,220398.42
845082,220398.42
845083,220398.42
845096,220398.42
845106,220398.42
845107,220398.42
845121,220398.42
845124,220398.42
845155,220398.42
845166,220398.42
845183,220398.42
845217,220398.42
845244,220398.42
845251,220398.42
845344,220398.42
845370,220398.42
845397,220398.42
845405,220398.42
845471,220398.42
845486,220398.42
845528,220398.42
845534,220398.42
845545,220398.42
845594,220398.42
845685,220398.42
845705,220398.42
845720,220398.42
845802,220398.42
845879,220398.42
845943,220398.42
845962,220398.42
846140,220398.42
846147,220398.42
846152,220398.42
846284,220398.42
846499,220398.42
846556,220398.42
846559,220398.42
846573,220398.42
846575,220398.42
846768,220398.42
846871,220398.42
846968,220398.42
847095,220398.42
847100,220398.42
847161,220398.42
847191,220398.42
847227,220398.42
847230,220398.42
847306,220398.42
847476,220398.42
847537,220398.42
847657,220398.42
847727,220398.42
847766,220398.42
847773,220398.42
847809,220398.42
847861,220398.42
847892,220398.42
847917,220398.42
847950,220398.42
848039,220398.42
848093,220398.42
848095,220398.42
848112,220398.42
848157,220398.42
848164,220398.42
848302,220398.42
848330,220398.42
848365,220398.42
848375,220398.42
848386,220398.42
848437,220398.42
848493,220398.42
848543,220398.42
848549,220398.42
848623,220398.42
848661,220398.42
848707,220398.42
848775,220398.42
848843,220398.42
848978,220398.42
848989,220398.42
849002,220398.42
849024,220398.42
849047,220398.42
849062,220398.42
849064,220398.42
936612,220398.42
936685,220398.42
936696,220398.42
936725,220398.42
936735,220398.42
936772,220398.42
936806,220398.42
936808,220398.42
936854,220398.42
936871,220398.42
936899,220398.42
936915,220398.42
936923,220398.42
936950,220398.42
936973,220398.42
937001,220398.42
937003,220398.42
937056,220398.42
937090,220398.42
937110,220398.42
937130,220398.42
937183,220398.42
937255,220398.42
937276,220398.42
937318,220398.42
937335,220398.42
937337,220398.42
937358,220398.42
937360,220398.42
937362,220398.42
937390,220398.42
937462,220398.42
937472,220398.42
937477,220398.42
937493,220398.42
937518,220398.42
937519,220398.42
937555,220398.42
937658,220398.42
937662,220398.42
937663,220398.42
937665,220398.42
937676,220398.42
937694,220398.42
937735,220398.42
937740,220398.42
937751,220398.42
937776,220398.42
937780,220398.42
937812,220398.42
937813,220398.42
937943,220398.42
938043,220398.42
938056,220398.42
938064,220398.42
938068,220398.42
938080,220398.42
938114,220398.42
938187,220398.42
938204,220398.42
938206,220398.42
938209,220398.42
938212,220398.42
938232,220398.42
938233,220398.42
938349,220398.42
938350,220398.42
938351,220398.42
938354,220398.42
938361,220398.42
938362,220398.42
938363,220398.42
938433,220398.42
938579,220398.42
938635,220398.42
938636,220398.42
938637,220398.42
938639,220398.42
938651,220398.42
938670,220398.42
938703,220398.42
938705,220398.42
938715,220398.42
938733,220398.42
938812,220398.42
938814,220398.42
938894,220398.42
938913,220398.42
938938,220398.42
938957,220398.42
938990,220398.42
939010,220398.42
939028,220398.42
939075,220398.42
939121,220398.42
939133,220398.42
939146,220398.42
939224,220398.42
939227,220398.42
939256,220398.42
939297,220398.42
939305,220398.42
939310,220398.42
939349,220398.42
939360,220398.42
939392,220398.42
939400,220398.42
939409,220398.42
939411,220398.42
939414,220398.42
939420,220398.42
939421,220398.42
939438,220398.42
939494,220398.42
939496,220398.42
939497,220398.42
939501,220398.42
939587,220398.42
939589,220398.42
939629,220398.42
939636,220398.42
939645,220398.42
939650,220398.42
939666,220398.42
939669,220398.42
939711,220398.42
939877,220398.42
939886,220398.42
939890,220398.42
939892,220398.42
939905,220398.42
939930,220398.42
939935,220398.42
939960,220398.42
939964,220398.42
939970,220398.42
940066,220398.42
940094,220398.42
940095,220398.42
940096,220398.42
940118,220398.42
940138,220398.42
940168,220398.42
940172,220398.42
940240,220398.42
940262,220398.42
940282,220398.42
940283,220398.42
940336,220398.42
940389,220398.42
940487,220398.42
940552,220398.42
940571,220398.42
940579,220398.42
940602,220398.42
940627,220398.42
940735,220398.42
940740,220398.42
940742,220398.42
940767,220398.42
940788,220398.42
940807,220398.42
940855,220398.42
940868,220398.42
940875,220398.42
940876,220398.42
940890,220398.42
940950,220398.42
941026,220398.42
941059,220398.42
941089,220398.42
941112,220398.42
941121,220398.42
941123,220398.42
941146,220398.42
941344,220398.42
941346,220398.42
941369,220398.42
941370,220398.42
941373,220398.42
941384,220398.42
941500,220398.42
941524,220398.42
941554,220398.42
941713,220398.42
941780,220398.42
941782,220398.42
941786,220398.42
941790,220398.42
941791,220398.42
941792,220398.42
941793,220398.42
941797,220398.42
941798,220398.42
941801,220398.42
941810,220398.42
941826,220398.42
941843,220398.42
941862,220398.42
941864,220398.42
941867,220398.42
941875,220398.42
941876,220398.42
941881,220398.42
941883,220398.42
941884,220398.42
941891,220398.42
941919,220398.42
941959,220398.42
942057,220398.42
942070,220398.42
942098,220398.42
942103,220398.42
942105,220398.42
942106,220398.42
942109,220398.42
942111,220398.42
942113,220398.42
942115,220398.42
942116,220398.42
942130,220398.42
942139,220398.42
942145,220398.42
942168,220398.42
942177,220398.42
942181,220398.42
942196,220398.42
942210,220398.42
942217,220398.42
942275,220398.42
942370,220398.42
942375,220398.42
942383,220398.42
942415,220398.42
942422,220398.42
942463,220398.42
942469,220398.42
942480,220398.42
942488,220398.42
942583,220398.42
942628,220398.42
942635,220398.42
942636,220398.42
942651,220398.42
942653,220398.42
942655,220398.42
942657,220398.42
942741,220398.42
942753,220398.42
942779,220398.42
942802,220398.42
942843,220398.42
942844,220398.42
942890,220398.42
942964,220398.42
942968,220398.42
942969,220398.42
942985,220398.42
942989,220398.42
942990,220398.42
943022,220398.42
943032,220398.42
943039,220398.42
943044,220398.42
943112,220398.42
943140,220398.42
943141,220398.42
943143,220398.42
943145,220398.42
943149,220398.42
943167,220398.42
943193,220398.42
943238,220398.42
943352,220398.42
943368,220398.42
943373,220398.42
943397,220398.42
943398,220398.42
943402,220398.42
943412,220398.42
943473,220398.42
943478,220398.42
943482,220398.42
943484,220398.42
943489,220398.42
943497,220398.42
943503,220398.42
943504,220398.42
943505,220398.42
943592,220398.42
943684,220398.42
943693,220398.42
943696,220398.42
943698,220398.42
943699,220398.42
943750,220398.42
943756,220398.42
943782,220398.42
943783,220398.42
943810,220398.42
943821,220398.42
943822,220398.42
943872,220398.42
943889,220398.42
943928,220398.42
943939,220398.42
943944,220398.42
943953,220398.42
943954,220398.42
943955,220398.42
943960,220398.42
943964,220398.42
943968,220398.42
943969,220398.42
943985,220398.42
944000,220398.42
944002,220398.42
944018,220398.42
944025,220398.42
944030,220398.42
944101,220398.42
944105,220398.42
944256,220398.42
944265,220398.42
944289,220398.42
944295,220398.42
944305,220398.42
944306,220398.42
944312,220398.42
944341,220398.42
944342,220398.42
944347,220398.42
944360,220398.42
944384,220398.42
944425,220398.42
944434,220398.42
944435,220398.42
944436,220398.42
944442,220398.42
944552,220398.42
944568,220398.42
944662,220398.42
944671,220398.42
944683,220398.42
944887,220398.42
944902,220398.42
944906,220398.42
944913,220398.42
944921,220398.42
944935,220398.42
944942,220398.42
944943,220398.42
944955,220398.42
944967,220398.42
945015,220398.42
945046,220398.42
945082,220398.42
945116,220398.42
945151,220398.42
945180,220398.42
945181,220398.42
945182,220398.42
945273,220398.42
945283,220398.42
945305,220398.42
945332,220398.42
945388,220398.42
945444,220398.42
945448,220398.42
945453,220398.42
945454,220398.42
945470,220398.42
945495,220398.42
945498,220398.42
945505,220398.42
945513,220398.42
945554,220398.42
945590,220398.42
945627,220398.42
945628,220398.42
945629,220398.42
945630,220398.42
945749,220398.42
945790,220398.42
945801,220398.42
945838,220398.42
945839,220398.42
945840,220398.42
945843,220398.42
945880,220398.42
945900,220398.42
945901,220398.42
945902,220398.42
945903,220398.42
945940,220398.42
945942,220398.42
945945,220398.42
945946,220398.42
945952,220398.42
945965,220398.42
945967,220398.42
945997,220398.42
945998,220398.42
946016,220398.42
946307,220398.42
946318,220398.42
946327,220398.42
946351,220398.42
946358,220398.42
946373,220398.42
946376,220398.42
946385,220398.42
946386,220398.42
946397,220398.42
946398,220398.42
946401,220398.42
946403,220398.42
946433,220398.42
946446,220398.42
946447,220398.42
946448,220398.42
946462,220398.42
946463,220398.42
946492,220398.42
946496,220398.42
946540,220398.42
946541,220398.42
946591,220398.42
946601,220398.42
946638,220398.42
946640,220398.42
946653,220398.42
946678,220398.42
946687,220398.42
946688,220398.42
946689,220398.42
946716,220398.42
946732,220398.42
946738,220398.42
946746,220398.42
946779,220398.42
946784,220398.42
946788,220398.42
946820,220398.42
946836,220398.42
946870,220398.42
946873,220398.42
946896,220398.42
946944,220398.42
946972,220398.42
946973,220398.42
947007,220398.42
947031,220398.42
947057,220398.42
947141,220398.42
947176,220398.42
947187,220398.42
947206,220398.42
947216,220398.42
947274,220398.42
947300,220398.42
947332,220398.42
947383,220398.42
947395,220398.42
947405,220398.42
947436,220398.42
947473,220398.42
947495,220398.42
947530,220398.42
947537,220398.42
947552,220398.42
947564,220398.42
947584,220398.42
947625,220398.42
947677,220398.42
947689,220398.42
947698,220398.42
947699,220398.42
947700,220398.42
947701,220398.42
947702,220398.42
947725,220398.42
947743,220398.42
947833,220398.42
947872,220398.42
947881,220398.42
947930,220398.42
947977,220398.42
948034,220398.42
948036,220398.42
948039,220398.42
948066,220398.42
948107,220398.42
948115,220398.42
948121,220398.42
948137,220398.42
948148,220398.42
948306,220398.42
948339,220398.42
948361,220398.42
948386,220398.42
948387,220398.42
948388,220398.42
948423,220398.42
948470,220398.42
948479,220398.42
948484,220398.42
948486,220398.42
948598,220398.42
948607,220398.42
948629,220398.42
948630,220398.42
948631,220398.42
948632,220398.42
948633,220398.42
948641,220398.42
948643,220398.42
948651,220398.42
948652,220398.42
948675,220398.42
948740,220398.42
948743,220398.42
948744,220398.42
948745,220398.42
948774,220398.42
948789,220398.42
948807,220398.42
948808,220398.42
948809,220398.42
948813,220398.42
948816,220398.42
948819,220398.42
948830,220398.42
948870,220398.42
948912,220398.42
948941,220398.42
949105,220398.42
949143,220398.42
949144,220398.42
949147,220398.42
949248,220398.42
949250,220398.42
949278,220398.42
949283,220398.42
949293,220398.42
949340,220398.42
949379,220398.42
949426,220398.42
949427,220398.42
949428,220398.42
949431,220398.42
949443,220398.42
949474,220398.42
949492,220398.42
949501,220398.42
949517,220398.42
949518,220398.42
949519,220398.42
949529,220398.42
949544,220398.42
949545,220398.42
949584,220398.42
949592,220398.42
949593,220398.42
949627,220398.42
949651,220398.42
949661,220398.42
949762,220398.42
949815,220398.42
949827,220398.42
949858,220398.42
949933,220398.42
949934,220398.42
949943,220398.42
949960,220398.42
950036,220398.42
950037,220398.42
950038,220398.42
950039,220398.42
950044,220398.42
950060,220398.42
950088,220398.42
950194,220398.42
950227,220398.42
950234,220398.42
950303,220398.42
950339,220398.42
950374,220398.42
950378,220398.42
950382,220398.42
950385,220398.42
950489,220398.42
950576,220398.42
950581,220398.42
950583,220398.42
950584,220398.42
950585,220398.42
950607,220398.42
950630,220398.42
950634,220398.42
950664,220398.42
950671,220398.42
950686,220398.42
950746,220398.42
950751,220398.42
950916,220398.42
951001,220398.42
951065,220398.42
951129,220398.42
951162,220398.42
951195,220398.42
951200,220398.42
951201,220398.42
951405,220398.42
951412,220398.42
951454,220398.42
951460,220398.42
951463,220398.42
951471,220398.42
951553,220398.42
951564,220398.42
951646,220398.42
951663,220398.42
951687,220398.42
951692,220398.42
951704,220398.42
951780,220398.42
951782,220398.42
951915,220398.42
951963,220398.42
951975,220398.42
951988,220398.42
952013,220398.42
952025,220398.42
952036,220398.42
952096,220398.42
952268,220398.42
952271,220398.42
952273,220398.42
952448,220398.42
952466,220398.42
952537,220398.42
952541,220398.42
952545,220398.42
952546,220398.42
952566,220398.42
952651,220398.42
952689,220398.42
952699,220398.42
952773,220398.42
952778,220398.42
952818,220398.42
952900,220398.42
952916,220398.42
953005,220398.42
953024,220398.42
953047,220398.42
953057,220398.42
953161,220398.42
953163,220398.42
953176,220398.42
953177,220398.42
953181,220398.42
953182,220398.42
953227,220398.42
953228,220398.42
953237,220398.42
953293,220398.42
953325,220398.42
953326,220398.42
953330,220398.42
953375,220398.42
953481,220398.42
953486,220398.42
953512,220398.42
953552,220398.42
953564,220398.42
953626,220398.42
953702,220398.42
953744,220398.42
953778,220398.42
953795,220398.42
953797,220398.42
953857,220398.42
953894,220398.42
953920,220398.42
953922,220398.42
953931,220398.42
953965,220398.42
954066,220398.42
954138,220398.42
954190,220398.42
954216,220398.42
954292,220398.42
954302,220398.42
954319,220398.42
954351,220398.42
954413,220398.42
954419,220398.42
954452,220398.42
954503,220398.42
954505,220398.42
954535,220398.42
954548,220398.42
954563,220398.42
954578,220398.42
954584,220398.42
954608,220398.42
954615,220398.42
954627,220398.42
954649,220398.42
954700,220398.42
954717,220398.42
954721,220398.42
954735,220398.42
954747,220398.42
954762,220398.42
954787,220398.42
954809,220398.42
954828,220398.42
954831,220398.42
954867,220398.42
954868,220398.42
954880,220398.42
954892,220398.42
954911,220398.42
954926,220398.42
954928,220398.42
954955,220398.42
954963,220398.42
954972,220398.42
954992,220398.42
955082,220398.42
955110,220398.42
955132,220398.42
955142,220398.42
955152,220398.42
955153,220398.42
955160,220398.42
955162,220398.42
955164,220398.42
955189,220398.42
955190,220398.42
955207,220398.42
955287,220398.42
955308,220398.42
955309,220398.42
955361,220398.42
955376,220398.42
955429,220398.42
955444,220398.42
955445,220398.42
955456,220398.42
955502,220398.42
955525,220398.42
955528,220398.42
955541,220398.42
955557,220398.42
955562,220398.42
955575,220398.42
955601,220398.42
955609,220398.42
955639,220398.42
955664,220398.42
955682,220398.42
955700,220398.42
955727,220398.42
955782,220398.42
955786,220398.42
955801,220398.42
955815,220398.42
955864,220398.42
955926,220398.42
955932,220398.42
955939,220398.42
955961,220398.42
955974,220398.42
955994,220398.42
956001,220398.42
956005,220398.42
956031,220398.42
956035,220398.42
956036,220398.42
956038,220398.42
956042,220398.42
956044,220398.42
956046,220398.42
956050,220398.42
956051,220398.42
956130,220398.42
956137,220398.42
956144,220398.42
956156,220398.42
956187,220398.42
956223,220398.42
956246,220398.42
956263,220398.42
956304,220398.42
956308,220398.42
956488,220398.42
956523,220398.42
956535,220398.42
956556,220398.42
956558,220398.42
956600,220398.42
956627,220398.42
956631,220398.42
956661,220398.42
956687,220398.42
956694,220398.42
956767,220398.42
956774,220398.42
956907,220398.42
956962,220398.42
956966,220398.42
957053,220398.42
957065,220398.42
957149,220398.42
957192,220398.42
957242,220398.42
957408,220398.42
957420,220398.42
957421,220398.42
957444,220398.42
957446,220398.42
957539,220398.42
957550,220398.42
957566,220398.42
957573,220398.42
957608,220398.42
957648,220398.42
957674,220398.42
957675,220398.42
957676,220398.42
957679,220398.42
957684,220398.42
957685,220398.42
957687,220398.42
957699,220398.42
957708,220398.42
957709,220398.42
957720,220398.42
957724,220398.42
957725,220398.42
957749,220398.42
957758,220398.42
957793,220398.42
957840,220398.42
957852,220398.42
957875,220398.42
957955,220398.42
957967,220398.42
957971,220398.42
957987,220398.42
958016,220398.42
958019,220398.42
958038,220398.42
958045,220398.42
958063,220398.42
958116,220398.42
958119,220398.42
958190,220398.42
958198,220398.42
958259,220398.42
958270,220398.42
958285,220398.42
958288,220398.42
958345,220398.42
958383,220398.42
958422,220398.42
958425,220398.42
958428,220398.42
958430,220398.42
958447,220398.42
958454,220398.42
958455,220398.42
958456,220398.42
958493,220398.42
958512,220398.42
958516,220398.42
958517,220398.42
958519,220398.42
958526,220398.42
958527,220398.42
958533,220398.42
958535,220398.42
958538,220398.42
958565,220398.42
958569,220398.42
958570,220398.42
958572,220398.42
958601,220398.42
958657,220398.42
958666,220398.42
958667,220398.42
958671,220398.42
958675,220398.42
958676,220398.42
958679,220398.42
958693,220398.42
958694,220398.42
958697,220398.42
958698,220398.42
958705,220398.42
958707,220398.42
958770,220398.42
958783,220398.42
958791,220398.42
958792,220398.42
958793,220398.42
958797,220398.42
958799,220398.42
958831,220398.42
958839,220398.42
958896,220398.42
958898,220398.42
958985,220398.42
959021,220398.42
959030,220398.42
959031,220398.42
959060,220398.42
959112,220398.42
959114,220398.42
959117,220398.42
959118,220398.42
959121,220398.42
959122,220398.42
959123,220398.42
959124,220398.42
959125,220398.42
959126,220398.42
959128,220398.42
959129,220398.42
959130,220398.42
959131,220398.42
959133,220398.42
959134,220398.42
959142,220398.42
959153,220398.42
959154,220398.42
959166,220398.42
959224,220398.42
959227,220398.42
959265,220398.42
959323,220398.42
959324,220398.42
959357,220398.42
959362,220398.42
959394,220398.42
959419,220398.42
959433,220398.42
959451,220398.42
959466,220398.42
959468,220398.42
959469,220398.42
959476,220398.42
959683,220398.42
959723,220398.42
959725,220398.42
959726,220398.42
959728,220398.42
959741,220398.42
959742,220398.42
959743,220398.42
959744,220398.42
959757,220398.42
959759,220398.42
959940,220398.42
959967,220398.42
960018,220398.42
960029,220398.42
960058,220398.42
960091,220398.42
960118,220398.42
960163,220398.42
960165,220398.42
960169,220398.42
960226,220398.42
960235,220398.42
960241,220398.42
960274,220398.42
960275,220398.42
960284,220398.42
960286,220398.42
960287,220398.42
960289,220398.42
960290,220398.42
960310,220398.42
960340,220398.42
960362,220398.42
960393,220398.42
960410,220398.42
960431,220398.42
960451,220398.42
960478,220398.42
960529,220398.42
960530,220398.42
960581,220398.42
960597,220398.42
960598,220398.42
960634,220398.42
960687,220398.42
960863,220398.42
960913,220398.42
960931,220398.42
960946,220398.42
960947,220398.42
960983,220398.42
961006,220398.42
961035,220398.42
961042,220398.42
961048,220398.42
961123,220398.42
961141,220398.42
961143,220398.42
961183,220398.42
961216,220398.42
961226,220398.42
961246,220398.42
961256,220398.42
961289,220398.42
961337,220398.42
961387,220398.42
961389,220398.42
961395,220398.42
961408,220398.42
961419,220398.42
961420,220398.42
961421,220398.42
961452,220398.42
961461,220398.42
961478,220398.42
961488,220398.42
961489,220398.42
961522,220398.42
961530,220398.42
961548,220398.42
961574,220398.42
961601,220398.42
961605,220398.42
961608,220398.42
961609,220398.42
961699,220398.42
961715,220398.42
961768,220398.42
961788,220398.42
961789,220398.42
961790,220398.42
961791,220398.42
961792,220398.42
961817,220398.42
961822,220398.42
961854,220398.42
961872,220398.42
961877,220398.42
961882,220398.42
962051,220398.42
962065,220398.42
962066,220398.42
962080,220398.42
962082,220398.42
962083,220398.42
962090,220398.42
962109,220398.42
962116,220398.42
962141,220398.42
962144,220398.42
962159,220398.42
962160,220398.42
962165,220398.42
962176,220398.42
962178,220398.42
962179,220398.42
962180,220398.42
962181,220398.42
962182,220398.42
962184,220398.42
962186,220398.42
962217,220398.42
962219,220398.42
962225,220398.42
962235,220398.42
962236,220398.42
962263,220398.42
962287,220398.42
962316,220398.42
962319,220398.42
962336,220398.42
962412,220398.42
962416,220398.42
962419,220398.42
962438,220398.42
962448,220398.42
962501,220398.42
962520,220398.42
962546,220398.42
962551,220398.42
962559,220398.42
962567,220398.42
962572,220398.42
962579,220398.42
962585,220398.42
962586,220398.42
962591,220398.42
962592,220398.42
962630,220398.42
962635,220398.42
962677,220398.42
962728,220398.42
962755,220398.42
962778,220398.42
962796,220398.42
962835,220398.42
962839,220398.42
962845,220398.42
962907,220398.42
962922,220398.42
963001,220398.42
963003,220398.42
963019,220398.42
963020,220398.42
963022,220398.42
963023,220398.42
963041,220398.42
963049,220398.42
963118,220398.42
963122,220398.42
963130,220398.42
963165,220398.42
963199,220398.42
963205,220398.42
963229,220398.42
963313,220398.42
963314,220398.42
963319,220398.42
963325,220398.42
963327,220398.42
963340,220398.42
963362,220398.42
963366,220398.42
963375,220398.42
963378,220398.42
963381,220398.42
963447,220398.42
963472,220398.42
963488,220398.42
963490,220398.42
963539,220398.42
963651,220398.42
963676,220398.42
963682,220398.42
963837,220398.42
963857,220398.42
963905,220398.42
963929,220398.42
963960,220398.42
963971,220398.42
963973,220398.42
963986,220398.42
964018,220398.42
964048,220398.42
964049,220398.42
964055,220398.42
964098,220398.42
964135,220398.42
964156,220398.42
964157,220398.42
964171,220398.42
964207,220398.42
964208,220398.42
964209,220398.42
964271,220398.42
964304,220398.42
964312,220398.42
964314,220398.42
964333,220398.42
964369,220398.42
964488,220398.42
964527,220398.42
964570,220398.42
964580,220398.42
964591,220398.42
964592,220398.42
964593,220398.42
964595,220398.42
964622,220398.42
964625,220398.42
964642,220398.42
964705,220398.42
964813,220398.42
964839,220398.42
964849,220398.42
964911,220398.42
964984,220398.42
964997,220398.42
965033,220398.42
965053,220398.42
965089,220398.42
965099,220398.42
965116,220398.42
965131,220398.42
965145,220398.42
965153,220398.42
965176,220398.42
965182,220398.42
965184,220398.42
965201,220398.42
965216,220398.42
965242,220398.42
965260,220398.42
965262,220398.42
965305,220398.42
965315,220398.42
965320,220398.42
965321,220398.42
965322,220398.42
965324,220398.42
965325,220398.42
965326,220398.42
965341,220398.42
965342,220398.42
965346,220398.42
965349,220398.42
965438,220398.42
965466,220398.42
965474,220398.42
965499,220398.42
965515,220398.42
965560,220398.42
965648,220398.42
965688,220398.42
965717,220398.42
965754,220398.42
965792,220398.42
965794,220398.42
965821,220398.42
965856,220398.42
965860,220398.42
965954,220398.42
965967,220398.42
965968,220398.42
965975,220398.42
965981,220398.42
965989,220398.42
965993,220398.42
966015,220398.42
966059,220398.42
966070,220398.42
966074,220398.42
966123,220398.42
966139,220398.42
966205,220398.42
966220,220398.42
966221,220398.42
966238,220398.42
966269,220398.42
966276,220398.42
966385,220398.42
966397,220398.42
966400,220398.42
966406,220398.42
966407,220398.42
966413,220398.42
966548,220398.42
966549,220398.42
966562,220398.42
966579,220398.42
966639,220398.42
966650,220398.42
966654,220398.42
966664,220398.42
966674,220398.42
966692,220398.42
966729,220398.42
966732,220398.42
966736,220398.42
966737,220398.42
966740,220398.42
966773,220398.42
966776,220398.42
966777,220398.42
966785,220398.42
966863,220398.42
966867,220398.42
966884,220398.42
967014,220398.42
967027,220398.42
967032,220398.42
967048,220398.42
967051,220398.42
967073,220398.42
967078,220398.42
967082,220398.42
967103,220398.42
967105,220398.42
967112,220398.42
967117,220398.42
967166,220398.42
967193,220398.42
967213,220398.42
967243,220398.42
967255,220398.42
967256,220398.42
967274,220398.42
967362,220398.42
967411,220398.42
967424,220398.42
967430,220398.42
967440,220398.42
967447,220398.42
967477,220398.42
967478,220398.42
967479,220398.42
967480,220398.42
967481,220398.42
967482,220398.42
967517,220398.42
967546,220398.42
967589,220398.42
967639,220398.42
967656,220398.42
967666,220398.42
967726,220398.42
967727,220398.42
967768,220398.42
967803,220398.42
967816,220398.42
967891,220398.42
967966,220398.42
967985,220398.42
967996,220398.42
968019,220398.42
968035,220398.42
968063,220398.42
968149,220398.42
968159,220398.42
968186,220398.42
968187,220398.42
968188,220398.42
968215,220398.42
968217,220398.42
968228,220398.42
968232,220398.42
968238,220398.42
968240,220398.42
968277,220398.42
968292,220398.42
968333,220398.42
968353,220398.42
968365,220398.42
968442,220398.42
968487,220398.42
968527,220398.42
968535,220398.42
968598,220398.42
968605,220398.42
968628,220398.42
968631,220398.42
968633,220398.42
968723,220398.42
968786,220398.42
968788,220398.42
968812,220398.42
968839,220398.42
968898,220398.42
968899,220398.42
968907,220398.42
968908,220398.42
968942,220398.42
968974,220398.42
968981,220398.42
968986,220398.42
968991,220398.42
969006,220398.42
969040,220398.42
969050,220398.42
969082,220398.42
969083,220398.42
969126,220398.42
969168,220398.42
969211,220398.42
969215,220398.42
969216,220398.42
969312,220398.42
969313,220398.42
969332,220398.42
969338,220398.42
969382,220398.42
969384,220398.42
969386,220398.42
969420,220398.42
969432,220398.42
969434,220398.42
969465,220398.42
969484,220398.42
969486,220398.42
969510,220398.42
969529,220398.42
969551,220398.42
969572,220398.42
969592,220398.42
969597,220398.42
969753,220398.42
969763,220398.42
969791,220398.42
969793,220398.42
969821,220398.42
969838,220398.42
969862,220398.42
969873,220398.42
969882,220398.42
969889,220398.42
969891,220398.42
969926,220398.42
969928,220398.42
969929,220398.42
969933,220398.42
969954,220398.42
970078,220398.42
970079,220398.42
970210,220398.42
970216,220398.42
970312,220398.42
970329,220398.42
970398,220398.42
970400,220398.42
970401,220398.42
970404,220398.42
970405,220398.42
970412,220398.42
970427,220398.42
970442,220398.42
970459,220398.42
970491,220398.42
970585,220398.42
970587,220398.42
970654,220398.42
970657,220398.42
970705,220398.42
970711,220398.42
970714,220398.42
970728,220398.42
970764,220398.42
970771,220398.42
970786,220398.42
970817,220398.42
970868,220398.42
970888,220398.42
970947,220398.42
970961,220398.42
970980,220398.42
970988,220398.42
971011,220398.42
971020,220398.42
971029,220398.42
971033,220398.42
971083,220398.42
971088,220398.42
971102,220398.42
971111,220398.42
971160,220398.42
971222,220398.42
971235,220398.42
971238,220398.42
971248,220398.42
971264,220398.42
971332,220398.42
971401,220398.42
971433,220398.42
971445,220398.42
971483,220398.42
971505,220398.42
971510,220398.42
971557,220398.42
971558,220398.42
971561,220398.42
971563,220398.42
971591,220398.42
971615,220398.42
971627,220398.42
971633,220398.42
971661,220398.42
971666,220398.42
971673,220398.42
971685,220398.42
971688,220398.42
971731,220398.42
971733,220398.42
971748,220398.42
971779,220398.42
971780,220398.42
971794,220398.42
971800,220398.42
971828,220398.42
971852,220398.42
971853,220398.42
971869,220398.42
971893,220398.42
971896,220398.42
971941,220398.42
971953,220398.42
971973,220398.42
971981,220398.42
972061,220398.42
972062,220398.42
972118,220398.42
972189,220398.42
972259,220398.42
972279,220398.42
972291,220398.42
972303,220398.42
972341,220398.42
972396,220398.42
972409,220398.42
972423,220398.42
972428,220398.42
972438,220398.42
972457,220398.42
972463,220398.42
972466,220398.42
972471,220398.42
972475,220398.42
972507,220398.42
972521,220398.42
972525,220398.42
972565,220398.42
972580,220398.42
972715,220398.42
972769,220398.42
972838,220398.42
972842,220398.42
972867,220398.42
972923,220398.42
973030,220398.42
973244,220398.42
973273,220398.42
973296,220398.42
973300,220398.42
973304,220398.42
973322,220398.42
973360,220398.42
973361,220398.42
973392,220398.42
973393,220398.42
973399,220398.42
973409,220398.42
973625,220398.42
973626,220398.42
973674,220398.42
973790,220398.42
973799,220398.42
973800,220398.42
973808,220398.42
973816,220398.42
973848,220398.42
973849,220398.42
973850,220398.42
973852,220398.42
973913,220398.42
973914,220398.42
973919,220398.42
973923,220398.42
973931,220398.42
973933,220398.42
973936,220398.42
973937,220398.42
973938,220398.42
973939,220398.42
973974,220398.42
973997,220398.42
973998,220398.42
974004,220398.42
974009,220398.42
974010,220398.42
974011,220398.42
974029,220398.42
974044,220398.42
974062,220398.42
974122,220398.42
974123,220398.42
974125,220398.42
974128,220398.42
974129,220398.42
974130,220398.42
974132,220398.42
974138,220398.42
974182,220398.42
974209,220398.42
974288,220398.42
974291,220398.42
974321,220398.42
974325,220398.42
974329,220398.42
974335,220398.42
974337,220398.42
974363,220398.42
974365,220398.42
974370,220398.42
974406,220398.42
974407,220398.42
974432,220398.42
974460,220398.42
974472,220398.42
974498,220398.42
974527,220398.42
974566,220398.42
974570,220398.42
974571,220398.42
974605,220398.42
974625,220398.42
974627,220398.42
974737,220398.42
974748,220398.42
974756,220398.42
974802,220398.42
974803,220398.42
974848,220398.42
974863,220398.42
974957,220398.42
974995,220398.42
975004,220398.42
975034,220398.42
975045,220398.42
975064,220398.42
975094,220398.42
975113,220398.42
975121,220398.42
975142,220398.42
975189,220398.42
975204,220398.42
975684,220398.42
975738,220398.42
975893,220398.42
975960,220398.42
975965,220398.42
975971,220398.42
975973,220398.42
976102,220398.42
976136,220398.42
976176,220398.42
976194,220398.42
976223,220398.42
976790,220398.42
976796,220398.42
976831,220398.42
976844,220398.42
976846,220398.42
976869,220398.42
976876,220398.42
976942,220398.42
976948,220398.42
977106,220398.42
977126,220398.42
977160,220398.42
977222,220398.42
977224,220398.42
977232,220398.42
977312,220398.42
977316,220398.42
977321,220398.42
977324,220398.42
977326,220398.42
977344,220398.42
977374,220398.42
977376,220398.42
977377,220398.42
977379,220398.42
977412,220398.42
977458,220398.42
977460,220398.42
977464,220398.42
977488,220398.42
977506,220398.42
977613,220398.42
977650,220398.42
977652,220398.42
977653,220398.42
977658,220398.42
977661,220398.42
977687,220398.42
977726,220398.42
977754,220398.42
977778,220398.42
977783,220398.42
977790,220398.42
977815,220398.42
977816,220398.42
977850,220398.42
977854,220398.42
977860,220398.42
977892,220398.42
977893,220398.42
977908,220398.42
977923,220398.42
977960,220398.42
977971,220398.42
978147,220398.42
978197,220398.42
978202,220398.42
978203,220398.42
978279,220398.42
978321,220398.42
978322,220398.42
978325,220398.42
978329,220398.42
978331,220398.42
978334,220398.42
978348,220398.42
978375,220398.42
978425,220398.42
978427,220398.42
978429,220398.42
978432,220398.42
978444,220398.42
978449,220398.42
978673,220398.42
978695,220398.42
978730,220398.42
978731,220398.42
978753,220398.42
978765,220398.42
978789,220398.42
978795,220398.42
978858,220398.42
978906,220398.42
978909,220398.42
978910,220398.42
978912,220398.42
978935,220398.42
978958,220398.42
978959,220398.42
978999,220398.42
979014,220398.42
979050,220398.42
979051,220398.42
979084,220398.42
979101,220398.42
979108,220398.42
979121,220398.42
979131,220398.42
979175,220398.42
979191,220398.42
979243,220398.42
979248,220398.42
979249,220398.42
979256,220398.42
979279,220398.42
979282,220398.42
979283,220398.42
979319,220398.42
979358,220398.42
979369,220398.42
979393,220398.42
979403,220398.42
979443,220398.42
979445,220398.42
979447,220398.42
979449,220398.42
979453,220398.42
979457,220398.42
979458,220398.42
979468,220398.42
979551,220398.42
979584,220398.42
979587,220398.42
979595,220398.42
979642,220398.42
979659,220398.42
979665,220398.42
979679,220398.42
979743,220398.42
979750,220398.42
979751,220398.42
979812,220398.42
979832,220398.42
979837,220398.42
979853,220398.42
979854,220398.42
979931,220398.42
980083,220398.42
980197,220398.42
980233,220398.42
980239,220398.42
980240,220398.42
980273,220398.42
980329,220398.42
980330,220398.42
980349,220398.42
980411,220398.42
980460,220398.42
980526,220398.42
980552,220398.42
980564,220398.42
980566,220398.42
980601,220398.42
980692,220398.42
980751,220398.42
980849,220398.42
980863,220398.42
980864,220398.42
980867,220398.42
980942,220398.42
980981,220398.42
981136,220398.42
981167,220398.42
981169,220398.42
981268,220398.42
981269,220398.42
981270,220398.42
981332,220398.42
981380,220398.42
981464,220398.42
981671,220398.42
981683,220398.42
981684,220398.42
981685,220398.42
981689,220398.42
981696,220398.42
981697,220398.42
981698,220398.42
981699,220398.42
981714,220398.42
981742,220398.42
981894,220398.42
981947,220398.42
982012,220398.42
982055,220398.42
982274,220398.42
982285,220398.42
983029,220398.42
983030,220398.42
983126,220398.42
983170,220398.42
983293,220398.42
983294,220398.42
983298,220398.42
983374,220398.42
983378,220398.42
983651,220398.42
983752,220398.42
984096,220398.42
984122,220398.42
984320,220398.42
984322,220398.42
984733,220398.42
984734,220398.42
984768,220398.42
984892,220398.42
985039,220398.42
985041,220398.42
985042,220398.42
985043,220398.42
985119,220398.42
985151,220398.42
985154,220398.42
985156,220398.42
985159,220398.42
985161,220398.42
985165,220398.42
985166,220398.42
985167,220398.42
985313,220398.42
985320,220398.42
985337,220398.42
985364,220398.42
985407,220398.42
985520,220398.42
985545,220398.42
985670,220398.42
985683,220398.42
985684,220398.42
985767,220398.42
985811,220398.42
985813,220398.42
985814,220398.42
985815,220398.42
985818,220398.42
985840,220398.42
985841,220398.42
985981,220398.42
986056,220398.42
986103,220398.42
986115,220398.42
986139,220398.42
986207,220398.42
986208,220398.42
986212,220398.42
986213,220398.42
986214,220398.42
986274,220398.42
986275,220398.42
986390,220398.42
986417,220398.42
986512,220398.42
986616,220398.42
986618,220398.42
987237,220398.42
987240,220398.42
987247,220398.42
987346,220398.42
987563,220398.42
987614,220398.42
987631,220398.42
987671,220398.42
987844,220398.42
987916,220398.42
987959,220398.42
988030,220398.42
988085,220398.42
988120,220398.42
988128,220398.42
988131,220398.42
988330,220398.42
988404,220398.42
988522,220398.42
988664,220398.42
988763,220398.42
988798,220398.42
988844,220398.42
988874,220398.42
988876,220398.42
988929,220398.42
988942,220398.42
988993,220398.42
989061,220398.42
989298,220398.42
989301,220398.42
989302,220398.42
989305,220398.42
989372,220398.42
989373,220398.42
989378,220398.42
989379,220398.42
989380,220398.42
989419,220398.42
989524,220398.42
989588,220398.42
989589,220398.42
989592,220398.42
989593,220398.42
989666,220398.42
989733,220398.42
989814,220398.42
989873,220398.42
989876,220398.42
989903,220398.42
989933,220398.42
989942,220398.42
989988,220398.42
989990,220398.42
989996,220398.42
990011,220398.42
990133,220398.42
990149,220398.42
990150,220398.42
990151,220398.42
990152,220398.42
990166,220398.42
990272,220398.42
990286,220398.42
990330,220398.42
991069,220398.42
991073,220398.42
991157,220398.42
991199,220398.42
991266,220398.42
991272,220398.42
991278,220398.42
991349,220398.42
991352,220398.42
991425,220398.42
991464,220398.42
991467,220398.42
991468,220398.42
991469,220398.42
991475,220398.42
991477,220398.42
991480,220398.42
991487,220398.42
991490,220398.42
991616,220398.42
991701,220398.42
991703,220398.42
991720,220398.42
991738,220398.42
991812,220398.42
991825,220398.42
991826,220398.42
991832,220398.42
991836,220398.42
991895,220398.42
991908,220398.42
991913,220398.42
991940,220398.42
992565,220398.42
992574,220398.42
992717,220398.42
992721,220398.42
992722,220398.42
992724,220398.42
992726,220398.42
992727,220398.42
992728,220398.42
992745,220398.42
992746,220398.42
992775,220398.42
992783,220398.42
992832,220398.42
992874,220398.42
992899,220398.42
992904,220398.42
992948,220398.42
992977,220398.42
992988,220398.42
993216,220398.42
993459,220398.42
993468,220398.42
993509,220398.42
993527,220398.42
994032,220398.42
994088,220398.42
994215,220398.42
994299,220398.42
994506,220398.42
994507,220398.42
994530,220398.42
994764,220398.42
994812,220398.42
994814,220398.42
994834,220398.42
994906,220398.42
994936,220398.42
994956,220398.42
994960,220398.42
994983,220398.42
994991,220398.42
994995,220398.42
995000,220398.42
995001,220398.42
995007,220398.42
995008,220398.42
995021,220398.42
995031,220398.42
995035,220398.42
995036,220398.42
995042,220398.42
995044,220398.42
995055,220398.42
995057,220398.42
995076,220398.42
995118,220398.42
995133,220398.42
995142,220398.42
995260,220398.42
995313,220398.42
995352,220398.42
995366,220398.42
995437,220398.42
995479,220398.42
995619,220398.42
995646,220398.42
995669,220398.42
995780,220398.42
995874,220398.42
995916,220398.42
995946,220398.42
995947,220398.42
995948,220398.42
996053,220398.42
996103,220398.42
996178,220398.42
996180,220398.42
996184,220398.42
996364,220398.42
996473,220398.42
996581,220398.42
996796,220398.42
996804,220398.42
997041,220398.42
997166,220398.42
997167,220398.42
997168,220398.42
997186,220398.42
997196,220398.42
997244,220398.42
997245,220398.42
997392,220398.42
997403,220398.42
997443,220398.42
997541,220398.42
997542,220398.42
997691,220398.42
997755,220398.42
997773,220398.42
997774,220398.42
997795,220398.42
997808,220398.42
997935,220398.42
998092,220398.42
998095,220398.42
998098,220398.42
998275,220398.42
998276,220398.42
998376,220398.42
998498,220398.42
998564,220398.42
998567,220398.42
998574,220398.42
998575,220398.42
998577,220398.42
998615,220398.42
998616,220398.42
998620,220398.42
998621,220398.42
998622,220398.42
998624,220398.42
998645,220398.42
998646,220398.42
998649,220398.42
998650,220398.42
998651,220398.42
998862,220398.42
998925,220398.42
999025,220398.42
999050,220398.42
999543,220398.42
999625,220398.42
999712,220398.42
999754,220398.42
999960,220398.42
1000541,220398.42
1000644,220398.42
1000692,220398.42
1000727,220398.42
1001116,220398.42
1001294,220398.42
1001409,220398.42
1001421,220398.42
1001616,220398.42
1001945,220398.42
1001991,220398.42
1002183,220398.42
1002319,220398.42
1002326,220398.42
1002411,220398.42
1002412,220398.42
1002571,220398.42
1002606,220398.42
1002607,220398.42
1002626,220398.42
1002643,220398.42
1002658,220398.42
1002678,220398.42
1002694,220398.42
1002727,220398.42
1002742,220398.42
1002822,220398.42
1002827,220398.42
1002861,220398.42
1002863,220398.42
1002864,220398.42
1002865,220398.42
1003030,220398.42
1003043,220398.42
1003047,220398.42
1003089,220398.42
1003171,220398.42
1003257,220398.42
1003435,220398.42
1003611,220398.42
1003612,220398.42
1003619,220398.42
1003639,220398.42
1003692,220398.42
1003816,220398.42
1003817,220398.42
1003836,220398.42
1003840,220398.42
1003859,220398.42
1003902,220398.42
1003907,220398.42
1003940,220398.42
1003956,220398.42
1003974,220398.42
1003976,220398.42
1003980,220398.42
1003985,220398.42
1003988,220398.42
1004037,220398.42
1004051,220398.42
1004069,220398.42
1004074,220398.42
1004075,220398.42
1004084,220398.42
1004189,220398.42
1004217,220398.42
1004262,220398.42
1004284,220398.42
1004331,220398.42
1004336,220398.42
1004413,220398.42
1004421,220398.42
1004490,220398.42
1004566,220398.42
1004579,220398.42
1004675,220398.42
1004832,220398.42
1004935,220398.42
1005039,220398.42
1005060,220398.42
1005124,220398.42
1005127,220398.42
1005128,220398.42
1005129,220398.42
1005130,220398.42
1005132,220398.42
1005134,220398.42
1005138,220398.42
1005236,220398.42
1005238,220398.42
1005262,220398.42
1005413,220398.42
1005464,220398.42
1005466,220398.42
1005467,220398.42
1005547,220398.42
1005674,220398.42
1005675,220398.42
1005710,220398.42
1005732,220398.42
1005936,220398.42
1005980,220398.42
1005986,220398.42
1005987,220398.42
1006073,220398.42
1006141,220398.42
1006421,220398.42
1006494,220398.42
1006532,220398.42
1006557,220398.42
1006674,220398.42
1006675,220398.42
1006761,220398.42
1006797,220398.42
1006798,220398.42
1006876,220398.42
1006880,220398.42
1006988,220398.42
1007061,220398.42
1007082,220398.42
1007101,220398.42
1007108,220398.42
1007109,220398.42
1007172,220398.42
1007233,220398.42
1007235,220398.42
1007239,220398.42
1007271,220398.42
1007352,220398.42
1007401,220398.42
1007430,220398.42
1007571,220398.42
1007600,220398.42
1007789,220398.42
1007797,220398.42
1007830,220398.42
1007849,220398.42
1007856,220398.42
1007857,220398.42
1007917,220398.42
1007967,220398.42
1007994,220398.42
1008148,220398.42
1008157,220398.42
1008169,220398.42
1008170,220398.42
1008173,220398.42
1008307,220398.42
1008308,220398.42
1008352,220398.42
1008357,220398.42
1008358,220398.42
1008361,220398.42
1008386,220398.42
1008418,220398.42
1008428,220398.42
1008433,220398.42
1008501,220398.42
1008510,220398.42
1008550,220398.42
1008563,220398.42
1008564,220398.42
1008595,220398.42
1008641,220398.42
1008677,220398.42
1008707,220398.42
1008732,220398.42
1008734,220398.42
1008741,220398.42
1008744,220398.42
1008749,220398.42
1008759,220398.42
1008760,220398.42
1008803,220398.42
1008804,220398.42
1008805,220398.42
1008829,220398.42
1008833,220398.42
1008838,220398.42
1008855,220398.42
1008862,220398.42
1008878,220398.42
1008892,220398.42
1008914,220398.42
1008927,220398.42
1008932,220398.42
1009016,220398.42
1009077,220398.42
1009084,220398.42
1009088,220398.42
1009218,220398.42
1009229,220398.42
1009308,220398.42
1009310,220398.42
1009337,220398.42
1009366,220398.42
1009424,220398.42
1009487,220398.42
1009509,220398.42
1009510,220398.42
1009517,220398.42
1009520,220398.42
1009528,220398.42
1009530,220398.42
1009531,220398.42
1009532,220398.42
1009533,220398.42
1009534,220398.42
1009535,220398.42
1009590,220398.42
1009596,220398.42
1009672,220398.42
1009736,220398.42
1009859,220398.42
1009864,220398.42
1009866,220398.42
1009891,220398.42
1009942,220398.42
1009948,220398.42
1009965,220398.42
1009970,220398.42
1010054,220398.42
1010066,220398.42
1010068,220398.42
1010069,220398.42
1010104,220398.42
1010110,220398.42
1010185,220398.42
1010186,220398.42
1010276,220398.42
1010411,220398.42
1010542,220398.42
1010544,220398.42
1010584,220398.42
1010592,220398.42
1010667,220398.42
1010678,220398.42
1010679,220398.42
1010680,220398.42
1010686,220398.42
1010704,220398.42
1010740,220398.42
1010833,220398.42
1010913,220398.42
1010950,220398.42
1010951,220398.42
1010980,220398.42
1010999,220398.42
1011028,220398.42
1011032,220398.42
1011122,220398.42
1011132,220398.42
1011134,220398.42
1011135,220398.42
1011148,220398.42
1011150,220398.42
1011203,220398.42
1011204,220398.42
1011275,220398.42
1011335,220398.42
1011414,220398.42
1011429,220398.42
1011430,220398.42
1011489,220398.42
1011573,220398.42
1011574,220398.42
1011701,220398.42
1011778,220398.42
1011854,220398.42
1011914,220398.42
1012038,220398.42
1012128,220398.42
1012273,220398.42
1012311,220398.42
1012320,220398.42
1012331,220398.42
1012332,220398.42
1012339,220398.42
1012507,220398.42
1012542,220398.42
1012574,220398.42
1012587,220398.42
1012712,220398.42
1012714,220398.42
1012716,220398.42
1012752,220398.42
1012830,220398.42
1012898,220398.42
1012945,220398.42
1013031,220398.42
1013155,220398.42
1013161,220398.42
1013177,220398.42
1013187,220398.42
1013234,220398.42
1013244,220398.42
1013288,220398.42
1013290,220398.42
1013352,220398.42
1013443,220398.42
1013494,220398.42
1013507,220398.42
1013544,220398.42
1013547,220398.42
1013630,220398.42
1013704,220398.42
1013740,220398.42
1013742,220398.42
1013743,220398.42
1013786,220398.42
1013962,220398.42
1014083,220398.42
1014108,220398.42
1014164,220398.42
1014237,220398.42
1014240,220398.42
1014368,220398.42
1014476,220398.42
1014483,220398.42
1014498,220398.42
1014551,220398.42
1014571,220398.42
1014624,220398.42
1014635,220398.42
1014637,220398.42
1014638,220398.42
1014641,220398.42
1014665,220398.42
1014669,220398.42
1014738,220398.42
1014928,220398.42
1014999,220398.42
1015031,220398.42
1015103,220398.42
1015125,220398.42
1015134,220398.42
1015243,220398.42
1015347,220398.42
1015350,220398.42
1015360,220398.42
1015361,220398.42
1015366,220398.42
1015403,220398.42
1015482,220398.42
1015484,220398.42
1015485,220398.42
1015486,220398.42
1015502,220398.42
1015524,220398.42
1015534,220398.42
1015540,220398.42
1015557,220398.42
1015579,220398.42
1015597,220398.42
1015681,220398.42
1015697,220398.42
1015714,220398.42
1015804,220398.42
1015824,220398.42
1015843,220398.42
1015872,220398.42
1015908,220398.42
1015909,220398.42
1015911,220398.42
1015919,220398.42
1015920,220398.42
1016040,220398.42
1016042,220398.42
1016098,220398.42
1016117,220398.42
1016413,220398.42
1016734,220398.42
1016888,220398.42
1016927,220398.42
1017116,220398.42
1017118,220398.42
1017166,220398.42
1017176,220398.42
1017264,220398.42
1017383,220398.42
1017418,220398.42
1017424,220398.42
1017427,220398.42
1017428,220398.42
1017503,220398.42
1017563,220398.42
1017579,220398.42
1017600,220398.42
1017626,220398.42
1017637,220398.42
1017693,220398.42
1017750,220398.42
1017763,220398.42
1017782,220398.42
1017792,220398.42
1017846,220398.42
1017992,220398.42
1017998,220398.42
1018079,220398.42
1018135,220398.42
1018136,220398.42
1018166,220398.42
1018229,220398.42
1018248,220398.42
1018257,220398.42
1018417,220398.42
1018421,220398.42
1018428,220398.42
1018486,220398.42
1018523,220398.42
1018598,220398.42
1018621,220398.42
1018671,220398.42
1018822,220398.42
1018943,220398.42
1019039,220398.42
1019057,220398.42
1019062,220398.42
1019149,220398.42
1019151,220398.42
1019206,220398.42
1019298,220398.42
1019309,220398.42
1019343,220398.42
1019366,220398.42
1019367,220398.42
1019432,220398.42
1019561,220398.42
1019575,220398.42
1019659,220398.42
1019668,220398.42
1019672,220398.42
1019681,220398.42
1019683,220398.42
1019686,220398.42
1019696,220398.42
1019720,220398.42
1019763,220398.42
1019835,220398.42
1019872,220398.42
1019903,220398.42
1019908,220398.42
1019958,220398.42
1020047,220398.42
1020124,220398.42
1020278,220398.42
1020508,220398.42
1020554,220398.42
1020672,220398.42
1020673,220398.42
1020745,220398.42
1020844,220398.42
1021039,220398.42
1021263,220398.42
1021316,220398.42
1021412,220398.42
1021444,220398.42
1021447,220398.42
1021453,220398.42
1021485,220398.42
1021500,220398.42
1021509,220398.42
1021520,220398.42
1021560,220398.42
1021605,220398.42
1021606,220398.42
1021607,220398.42
1021749,220398.42
1021765,220398.42
1021768,220398.42
1021770,220398.42
1021833,220398.42
1021834,220398.42
1021855,220398.42
1021973,220398.42
1022085,220398.42
1022163,220398.42
1022166,220398.42
1022273,220398.42
1022312,220398.42
1022388,220398.42
1022399,220398.42
1022582,220398.42
1022587,220398.42
1022588,220398.42
1022596,220398.42
1022614,220398.42
1022695,220398.42
1022704,220398.42
1022715,220398.42
1022716,220398.42
1022717,220398.42
1022718,220398.42
1022719,220398.42
1022721,220398.42
1022750,220398.42
1022753,220398.42
1022755,220398.42
1022756,220398.42
1022760,220398.42
1022781,220398.42
1022782,220398.42
1022787,220398.42
1022790,220398.42
1022794,220398.42
1022795,220398.42
1022796,220398.42
1022798,220398.42
1022800,220398.42
1022801,220398.42
1022802,220398.42
1022844,220398.42
1022848,220398.42
1022960,220398.42
1023168,220398.42
1023169,220398.42
1023172,220398.42
1023173,220398.42
1023209,220398.42
1023230,220398.42
1023304,220398.42
1023340,220398.42
1023351,220398.42
1023393,220398.42
1023450,220398.42
1023458,220398.42
1023465,220398.42
1023468,220398.42
1023501,220398.42
1023505,220398.42
1023508,220398.42
1023511,220398.42
1023512,220398.42
1023513,220398.42
1023514,220398.42
1023518,220398.42
1023520,220398.42
1023521,220398.42
1023552,220398.42
1023559,220398.42
1023590,220398.42
1023664,220398.42
1023676,220398.42
1023677,220398.42
1023744,220398.42
1023764,220398.42
1023774,220398.42
1024012,220398.42
1024071,220398.42
1024126,220398.42
1024133,220398.42
1024324,220398.42
1024371,220398.42
1024444,220398.42
1024449,220398.42
1024456,220398.42
1024463,220398.42
1024474,220398.42
1024477,220398.42
1024508,220398.42
1024529,220398.42
1024536,220398.42
1024590,220398.42
1024625,220398.42
1024628,220398.42
1024636,220398.42
1062270,220398.42
1062278,220398.42
1062287,220398.42
1062389,220398.42
1062404,220398.42
1062442,220398.42
1062482,220398.42
1062512,220398.42
1062516,220398.42
1062537,220398.42
1062557,220398.42
1062572,220398.42
1062643,220398.42
1062645,220398.42
1062676,220398.42
1062691,220398.42
1062714,220398.42
1062737,220398.42
1062839,220398.42
1062840,220398.42
1062844,220398.42
1062946,220398.42
1062972,220398.42
1062991,220398.42
1063009,220398.42
1063010,220398.42
1063011,220398.42
1063045,220398.42
1063050,220398.42
1063051,220398.42
1063070,220398.42
1063106,220398.42
1063130,220398.42
1063217,220398.42
1063317,220398.42
1063480,220398.42
1063535,220398.42
1063601,220398.42
1063668,220398.42
1063704,220398.42
1063829,220398.42
1063862,220398.42
1063906,220398.42
1063923,220398.42
1064029,220398.42
1064042,220398.42
1064047,220398.42
1064050,220398.42
1064059,220398.42
1064061,220398.42
1064082,220398.42
1064093,220398.42
1064155,220398.42
1064165,220398.42
1064170,220398.42
1064189,220398.42
1064253,220398.42
1064260,220398.42
1064263,220398.42
1064289,220398.42
1064327,220398.42
1064340,220398.42
1064342,220398.42
1064347,220398.42
1064358,220398.42
1064389,220398.42
1064391,220398.42
1064393,220398.42
1064415,220398.42
1064420,220398.42
1064421,220398.42
1064424,220398.42
1064425,220398.42
1064433,220398.42
1064438,220398.42
1064469,220398.42
1064535,220398.42
1064536,220398.42
1064538,220398.42
1064539,220398.42
1064552,220398.42
1064556,220398.42
1064605,220398.42
1064632,220398.42
1064660,220398.42
1064707,220398.42
1064708,220398.42
1064709,220398.42
1064715,220398.42
1064718,220398.42
1064724,220398.42
1064774,220398.42
1064782,220398.42
1064786,220398.42
1064791,220398.42
1064836,220398.42
1064856,220398.42
1064863,220398.42
1064870,220398.42
1064872,220398.42
1064873,220398.42
1064904,220398.42
1064906,220398.42
1064997,220398.42
1064998,220398.42
1065033,220398.42
1065055,220398.42
1065146,220398.42
1065162,220398.42
1065164,220398.42
1065198,220398.42
1065199,220398.42
1065201,220398.42
1065202,220398.42
1065203,220398.42
1065246,220398.42
1065262,220398.42
1065274,220398.42
1065275,220398.42
1065297,220398.42
1065304,220398.42
1065320,220398.42
1065322,220398.42
1065328,220398.42
1065359,220398.42
1065372,220398.42
1065374,220398.42
1065377,220398.42
1065396,220398.42
1065406,220398.42
1065413,220398.42
1065448,220398.42
1065477,220398.42
1065483,220398.42
1065488,220398.42
1065529,220398.42
1065572,220398.42
1065607,220398.42
1065613,220398.42
1065615,220398.42
1065617,220398.42
1065619,220398.42
1065621,220398.42
1065641,220398.42
1065658,220398.42
1065662,220398.42
1065702,220398.42
1065761,220398.42
1065771,220398.42
1065835,220398.42
1065838,220398.42
1065848,220398.42
1065852,220398.42
1065855,220398.42
1065857,220398.42
1065859,220398.42
1065883,220398.42
1065901,220398.42
1065927,220398.42
1065939,220398.42
1065940,220398.42
1065970,220398.42
1065973,220398.42
1066009,220398.42
1066029,220398.42
1066035,220398.42
1066052,220398.42
1066060,220398.42
1066082,220398.42
1066109,220398.42
1066119,220398.42
1066134,220398.42
1066159,220398.42
1066160,220398.42
1066161,220398.42
1066162,220398.42
1066163,220398.42
1066170,220398.42
1066171,220398.42
1066172,220398.42
1066174,220398.42
1066191,220398.42
1066194,220398.42
1066245,220398.42
1066361,220398.42
1066365,220398.42
1066375,220398.42
1066378,220398.42
1066379,220398.42
1066409,220398.42
1066413,220398.42
1066448,220398.42
1066476,220398.42
1066524,220398.42
1066548,220398.42
1066602,220398.42
1066603,220398.42
1066605,220398.42
1066643,220398.42
1066644,220398.42
1066664,220398.42
1066730,220398.42
1066734,220398.42
1066736,220398.42
1066759,220398.42
1066761,220398.42
1066772,220398.42
1066792,220398.42
1066795,220398.42
1066832,220398.42
1066845,220398.42
1066847,220398.42
1066938,220398.42
1066944,220398.42
1066988,220398.42
1066996,220398.42
1067005,220398.42
1067009,220398.42
1067011,220398.42
1067037,220398.42
1067063,220398.42
1067064,220398.42
1067088,220398.42
1067115,220398.42
1067119,220398.42
1067291,220398.42
1067363,220398.42
1067374,220398.42
1067395,220398.42
1067402,220398.42
1067412,220398.42
1067425,220398.42
1067428,220398.42
1067430,220398.42
1067435,220398.42
1067478,220398.42
1067512,220398.42
1067533,220398.42
1067536,220398.42
1067549,220398.42
1067555,220398.42
1067557,220398.42
1067570,220398.42
1067575,220398.42
1067577,220398.42
1067578,220398.42
1067584,220398.42
1067596,220398.42
1067598,220398.42
1067614,220398.42
1067631,220398.42
1067649,220398.42
1067652,220398.42
1067687,220398.42
1067688,220398.42
1067704,220398.42
1067705,220398.42
1067731,220398.42
1067746,220398.42
1067756,220398.42
1067777,220398.42
1067793,220398.42
1067808,220398.42
1067821,220398.42
1067834,220398.42
1067846,220398.42
1067850,220398.42
1067853,220398.42
1067863,220398.42
1067913,220398.42
1067914,220398.42
1067962,220398.42
1067999,220398.42
1068022,220398.42
1068055,220398.42
1068076,220398.42
1068078,220398.42
1068136,220398.42
1068137,220398.42
1068155,220398.42
1068157,220398.42
1068158,220398.42
1068173,220398.42
1068240,220398.42
1068266,220398.42
1068324,220398.42
1068360,220398.42
1068386,220398.42
1068396,220398.42
1068406,220398.42
1068409,220398.42
1068414,220398.42
1068466,220398.42
1068489,220398.42
1068501,220398.42
1068520,220398.42
1068533,220398.42
1068611,220398.42
1068645,220398.42
1068683,220398.42
1068685,220398.42
1068698,220398.42
1068703,220398.42
1068737,220398.42
1068751,220398.42
1068752,220398.42
1068797,220398.42
1068824,220398.42
1068840,220398.42
1068894,220398.42
1068949,220398.42
1068954,220398.42
1068960,220398.42
1069002,220398.42
1069029,220398.42
1069034,220398.42
1069058,220398.42
1069115,220398.42
1069117,220398.42
1069137,220398.42
1069138,220398.42
1069204,220398.42
1069246,220398.42
1069293,220398.42
1069308,220398.42
1069388,220398.42
1069416,220398.42
1069429,220398.42
1069430,220398.42
1069489,220398.42
1069539,220398.42
1069541,220398.42
1069543,220398.42
1069544,220398.42
1069545,220398.42
1069602,220398.42
1069619,220398.42
1069633,220398.42
1069662,220398.42
1069672,220398.42
1069673,220398.42
1069712,220398.42
1069750,220398.42
1069782,220398.42
1069813,220398.42
1069835,220398.42
1069857,220398.42
1069881,220398.42
1069973,220398.42
1069981,220398.42
1069982,220398.42
1070002,220398.42
1070067,220398.42
1070070,220398.42
1070084,220398.42
1070089,220398.42
1070103,220398.42
1070165,220398.42
1070183,220398.42
1070185,220398.42
1070208,220398.42
1070245,220398.42
1070308,220398.42
1070362,220398.42
1070374,220398.42
1070378,220398.42
1070388,220398.42
1070394,220398.42
1070438,220398.42
1070454,220398.42
1070455,220398.42
1070456,220398.42
1070463,220398.42
1070467,220398.42
1070469,220398.42
1070498,220398.42
1070501,220398.42
1070516,220398.42
1070554,220398.42
1070570,220398.42
1070573,220398.42
1070643,220398.42
1070656,220398.42
1070675,220398.42
1070677,220398.42
1070707,220398.42
1070760,220398.42
1070770,220398.42
1070862,220398.42
1070866,220398.42
1070907,220398.42
1070916,220398.42
1071031,220398.42
1071038,220398.42
1071042,220398.42
1071045,220398.42
1071046,220398.42
1071118,220398.42
1071145,220398.42
1071161,220398.42
1071166,220398.42
1071202,220398.42
1071335,220398.42
1071349,220398.42
1071350,220398.42
1071356,220398.42
1071357,220398.42
1071360,220398.42
1071370,220398.42
1071376,220398.42
1071378,220398.42
1071390,220398.42
1071413,220398.42
1071414,220398.42
1071415,220398.42
1071419,220398.42
1071427,220398.42
1071430,220398.42
1071434,220398.42
1071481,220398.42
1071503,220398.42
1071504,220398.42
1071532,220398.42
1071537,220398.42
1071551,220398.42
1071574,220398.42
1071613,220398.42
1071621,220398.42
1071651,220398.42
1071653,220398.42
1071669,220398.42
1071704,220398.42
1071722,220398.42
1071727,220398.42
1071737,220398.42
1071740,220398.42
1071782,220398.42
1071889,220398.42
1071899,220398.42
1071920,220398.42
1071948,220398.42
1071950,220398.42
1071983,220398.42
1071997,220398.42
1072066,220398.42
1072080,220398.42
1072081,220398.42
1072086,220398.42
1072176,220398.42
1072178,220398.42
1072201,220398.42
1072204,220398.42
1072219,220398.42
1072229,220398.42
1072242,220398.42
1072245,220398.42
1072249,220398.42
1072259,220398.42
1072306,220398.42
1072320,220398.42
1072326,220398.42
1072334,220398.42
1072345,220398.42
1072353,220398.42
1072382,220398.42
1072387,220398.42
1072403,220398.42
1072484,220398.42
1072487,220398.42
1072490,220398.42
1072493,220398.42
1072503,220398.42
1072536,220398.42
1072548,220398.42
1072599,220398.42
1072627,220398.42
1072632,220398.42
1072681,220398.42
1072729,220398.42
1072752,220398.42
1072775,220398.42
1072776,220398.42
1072779,220398.42
1072780,220398.42
1072784,220398.42
1072800,220398.42
1072809,220398.42
1072819,220398.42
1072842,220398.42
1072873,220398.42
1072880,220398.42
1072894,220398.42
1072901,220398.42
1072913,220398.42
1072929,220398.42
1072973,220398.42
1073092,220398.42
1073108,220398.42
1073195,220398.42
1073200,220398.42
1073209,220398.42
1073215,220398.42
1073216,220398.42
1073217,220398.42
1073218,220398.42
1073219,220398.42
1073220,220398.42
1073221,220398.42
1073222,220398.42
1073223,220398.42
1073224,220398.42
1073225,220398.42
1073226,220398.42
1073228,220398.42
1073229,220398.42
1073234,220398.42
1073238,220398.42
1073240,220398.42
1073251,220398.42
1073388,220398.42
1073391,220398.42
1073420,220398.42
1073428,220398.42
1073465,220398.42
1073471,220398.42
1073484,220398.42
1073529,220398.42
1073563,220398.42
1073604,220398.42
1073621,220398.42
1073622,220398.42
1073626,220398.42
1073663,220398.42
1073675,220398.42
1073681,220398.42
1073695,220398.42
1073753,220398.42
1073779,220398.42
1073844,220398.42
1073846,220398.42
1074053,220398.42
1074196,220398.42
1074279,220398.42
1074340,220398.42
1074532,220398.42
1074540,220398.42
1074548,220398.42
1074550,220398.42
1074554,220398.42
1074575,220398.42
1074579,220398.42
1074603,220398.42
1074607,220398.42
1074608,220398.42
1074643,220398.42
1074677,220398.42
1074682,220398.42
1074697,220398.42
1074710,220398.42
1074741,220398.42
1074816,220398.42
1074821,220398.42
1074882,220398.42
1074943,220398.42
1074946,220398.42
1074968,220398.42
1074991,220398.42
1075071,220398.42
1075075,220398.42
1075078,220398.42
1075192,220398.42
1075221,220398.42
1075262,220398.42
1075320,220398.42
1075321,220398.42
1075527,220398.42
1075555,220398.42
1075566,220398.42
1075576,220398.42
1075621,220398.42
1075623,220398.42
1075669,220398.42
1075694,220398.42
1075794,220398.42
1075855,220398.42
1075875,220398.42
1075876,220398.42
1075878,220398.42
1075902,220398.42
1075981,220398.42
1076017,220398.42
1076028,220398.42
1076116,220398.42
1076133,220398.42
1076153,220398.42
1076223,220398.42
1076232,220398.42
1076237,220398.42
1076242,220398.42
1076246,220398.42
1076250,220398.42
1076256,220398.42
1076265,220398.42
1076270,220398.42
1076275,220398.42
1076282,220398.42
1076297,220398.42
1076314,220398.42
1076342,220398.42
1076353,220398.42
1076399,220398.42
1076400,220398.42
1076410,220398.42
1076411,220398.42
1076419,220398.42
1076451,220398.42
1076453,220398.42
1076479,220398.42
1076502,220398.42
1076505,220398.42
1076512,220398.42
1076516,220398.42
1076615,220398.42
1076618,220398.42
1076619,220398.42
1076637,220398.42
1076655,220398.42
1076670,220398.42
1076672,220398.42
1076751,220398.42
1076780,220398.42
1076822,220398.42
1076837,220398.42
1076848,220398.42
1076851,220398.42
1076867,220398.42
1076870,220398.42
1076873,220398.42
1076877,220398.42
1076899,220398.42
1076928,220398.42
1076931,220398.42
1077002,220398.42
1077007,220398.42
1077008,220398.42
1077013,220398.42
1077024,220398.42
1077043,220398.42
1077056,220398.42
1077067,220398.42
1077162,220398.42
1077187,220398.42
1077265,220398.42
1077596,220398.42
1077624,220398.42
1077752,220398.42
1077787,220398.42
1077884,220398.42
1078098,220398.42
1078219,220398.42
1078257,220398.42
1078341,220398.42
1078355,220398.42
1078360,220398.42
1078409,220398.42
1078431,220398.42
1078454,220398.42
1078476,220398.42
1078477,220398.42
1078497,220398.42
1078545,220398.42
1078556,220398.42
1078564,220398.42
1078585,220398.42
1078640,220398.42
1078648,220398.42
1078660,220398.42
1078685,220398.42
1078699,220398.42
1078723,220398.42
1078725,220398.42
1078736,220398.42
1078773,220398.42
1078806,220398.42
1078814,220398.42
1078885,220398.42
1078899,220398.42
1078908,220398.42
1078969,220398.42
1079020,220398.42
1079036,220398.42
1079059,220398.42
1079068,220398.42
1079153,220398.42
1079183,220398.42
1079230,220398.42
1079254,220398.42
1079277,220398.42
1079282,220398.42
1079294,220398.42
1079320,220398.42
1079334,220398.42
1079343,220398.42
1079356,220398.42
1079382,220398.42
1079459,220398.42
1079463,220398.42
1079464,220398.42
1079479,220398.42
1079483,220398.42
1079497,220398.42
1079498,220398.42
1079503,220398.42
1079504,220398.42
1079528,220398.42
1079568,220398.42
1079600,220398.42
1079607,220398.42
1079608,220398.42
1079612,220398.42
1079618,220398.42
1079705,220398.42
1079766,220398.42
1079842,220398.42
1079850,220398.42
1079853,220398.42
1079868,220398.42
1079892,220398.42
1079895,220398.42
1079928,220398.42
1079992,220398.42
1079994,220398.42
1079995,220398.42
1080005,220398.42
1080008,220398.42
1080010,220398.42
1080011,220398.42
1080015,220398.42
1080025,220398.42
1080028,220398.42
1080030,220398.42
1080032,220398.42
1080034,220398.42
1080037,220398.42
1080063,220398.42
1080064,220398.42
1080065,220398.42
1080066,220398.42
1080069,220398.42
1080072,220398.42
1080077,220398.42
1080111,220398.42
1080133,220398.42
1080147,220398.42
1080162,220398.42
1080187,220398.42
1080200,220398.42
1080279,220398.42
1080290,220398.42
1080292,220398.42
1080299,220398.42
1080327,220398.42
1080328,220398.42
1080332,220398.42
1080334,220398.42
1080342,220398.42
1080343,220398.42
1080364,220398.42
1080379,220398.42
1080382,220398.42
1080383,220398.42
1080399,220398.42
1080401,220398.42
1080426,220398.42
1080440,220398.42
1080450,220398.42
1080465,220398.42
1080482,220398.42
1080485,220398.42
1080507,220398.42
1080562,220398.42
1080606,220398.42
1080621,220398.42
1080633,220398.42
1080663,220398.42
1080670,220398.42
1080752,220398.42
1080755,220398.42
1080757,220398.42
1080776,220398.42
1080802,220398.42
1080807,220398.42
1080836,220398.42
1080849,220398.42
1080858,220398.42
1080859,220398.42
1080914,220398.42
1080921,220398.42
1080937,220398.42
1080977,220398.42
1080980,220398.42
1080983,220398.42
1081011,220398.42
1081038,220398.42
1081055,220398.42
1081112,220398.42
1081125,220398.42
1081153,220398.42
1081170,220398.42
1081201,220398.42
1081232,220398.42
1081267,220398.42
1081351,220398.42
1081356,220398.42
1081395,220398.42
1081435,220398.42
1081436,220398.42
1081442,220398.42
1081472,220398.42
1081487,220398.42
1081508,220398.42
1081512,220398.42
1081528,220398.42
1081552,220398.42
1081575,220398.42
1081706,220398.42
1081782,220398.42
1081785,220398.42
1081787,220398.42
1081832,220398.42
1081833,220398.42
1081838,220398.42
1081841,220398.42
1081843,220398.42
1081844,220398.42
1081848,220398.42
1081869,220398.42
1081902,220398.42
1081903,220398.42
1081908,220398.42
1081924,220398.42
1081936,220398.42
1081949,220398.42
1081970,220398.42
1082039,220398.42
1082045,220398.42
1082046,220398.42
1082048,220398.42
1082118,220398.42
1082145,220398.42
1082147,220398.42
1082163,220398.42
1082251,220398.42
1082254,220398.42
1082255,220398.42
1082327,220398.42
1082342,220398.42
1082343,220398.42
1082360,220398.42
1082376,220398.42
1082382,220398.42
1082390,220398.42
1082417,220398.42
1082420,220398.42
1082432,220398.42
1082441,220398.42
1082442,220398.42
1082461,220398.42
1082482,220398.42
1082483,220398.42
1082488,220398.42
1082504,220398.42
1082508,220398.42
1082533,220398.42
1082548,220398.42
1082549,220398.42
1082586,220398.42
1082640,220398.42
1082677,220398.42
1082833,220398.42
1082840,220398.42
1082846,220398.42
1082857,220398.42
1082863,220398.42
1082867,220398.42
1082927,220398.42
1082928,220398.42
1082958,220398.42
1083026,220398.42
1083029,220398.42
1083052,220398.42
1083095,220398.42
1083118,220398.42
1083122,220398.42
1083137,220398.42
1083208,220398.42
1083251,220398.42
1083264,220398.42
1083284,220398.42
1083291,220398.42
1083296,220398.42
1083300,220398.42
1083303,220398.42
1083345,220398.42
1083382,220398.42
1083388,220398.42
1083392,220398.42
1083402,220398.42
1083405,220398.42
1083495,220398.42
1083545,220398.42
1086147,220398.42
1086216,220398.42
1086243,220398.42
1086254,220398.42
1086282,220398.42
1086309,220398.42
1086312,220398.42
1086333,220398.42
1086344,220398.42
1086616,220398.42
1086670,220398.42
1086770,220398.42
1086802,220398.42
1086813,220398.42
1086818,220398.42
1086819,220398.42
1086820,220398.42
1086826,220398.42
1086827,220398.42
1086842,220398.42
1086844,220398.42
1086846,220398.42
1086847,220398.42
1086848,220398.42
1086864,220398.42
1086917,220398.42
1086918,220398.42
1086963,220398.42
1086991,220398.42
1086999,220398.42
1087035,220398.42
1087054,220398.42
1087111,220398.42
1087112,220398.42
1087115,220398.42
1087116,220398.42
1087132,220398.42
1087135,220398.42
1087193,220398.42
1087235,220398.42
1087237,220398.42
1087238,220398.42
1087241,220398.42
1087288,220398.42
1087329,220398.42
1087340,220398.42
1087346,220398.42
1087349,220398.42
1087375,220398.42
1087389,220398.42
1087406,220398.42
1087423,220398.42
1087432,220398.42
1093650,220398.42
1093654,220398.42
1093657,220398.42
1093659,220398.42
1093661,220398.42
1093675,220398.42
1093684,220398.42
1093703,220398.42
1093710,220398.42
1093711,220398.42
1093718,220398.42
1093725,220398.42
1093808,220398.42
1093813,220398.42
1093816,220398.42
1093817,220398.42
1093845,220398.42
1093848,220398.42
1093904,220398.42
1093906,220398.42
1093909,220398.42
1093920,220398.42
1093958,220398.42
1093960,220398.42
1094005,220398.42
1094008,220398.42
1094012,220398.42
1094018,220398.42
1094108,220398.42
1094111,220398.42
1094126,220398.42
1094128,220398.42
1094133,220398.42
1094136,220398.42
1094142,220398.42
1094151,220398.42
1094174,220398.42
1094196,220398.42
1094198,220398.42
1094232,220398.42
1094299,220398.42
1094334,220398.42
1094348,220398.42
1094353,220398.42
1094362,220398.42
1094412,220398.42
1094416,220398.42
1094419,220398.42
1094463,220398.42
1094464,220398.42
1094519,220398.42
1094530,220398.42
1094531,220398.42
1094538,220398.42
1094590,220398.42
1094633,220398.42
1094660,220398.42
1094668,220398.42
1094694,220398.42
1094714,220398.42
1094717,220398.42
1094747,220398.42
1094771,220398.42
1094773,220398.42
1094779,220398.42
1094810,220398.42
1094817,220398.42
1094818,220398.42
1094822,220398.42
1094855,220398.42
1094858,220398.42
1094864,220398.42
1094895,220398.42
1094910,220398.42
1094939,220398.42
1094960,220398.42
1095019,220398.42
1095021,220398.42
1095025,220398.42
1095029,220398.42
1095031,220398.42
1095067,220398.42
1095105,220398.42
1095126,220398.42
1095135,220398.42
1095139,220398.42
1095146,220398.42
1095292,220398.42
1095313,220398.42
1095326,220398.42
1095334,220398.42
1095343,220398.42
1095383,220398.42
1095399,220398.42
1095416,220398.42
1095448,220398.42
1095478,220398.42
1095480,220398.42
1095496,220398.42
1095500,220398.42
1095529,220398.42
1095536,220398.42
1095552,220398.42
1095588,220398.42
1095624,220398.42
1095650,220398.42
1095691,220398.42
1095735,220398.42
1095799,220398.42
1095804,220398.42
1095810,220398.42
1095827,220398.42
1095841,220398.42
1095853,220398.42
1095860,220398.42
1095866,220398.42
1095906,220398.42
1095907,220398.42
1095926,220398.42
1095949,220398.42
1096078,220398.42
1096079,220398.42
1096090,220398.42
1096148,220398.42
1096213,220398.42
1096235,220398.42
1096271,220398.42
1096279,220398.42
1096316,220398.42
1096318,220398.42
1096335,220398.42
1096339,220398.42
1096405,220398.42
1096417,220398.42
1096464,220398.42
1096480,220398.42
1096484,220398.42
1096513,220398.42
1096539,220398.42
1096546,220398.42
1096550,220398.42
1096556,220398.42
1096573,220398.42
1096583,220398.42
1096585,220398.42
1096590,220398.42
1096593,220398.42
1096600,220398.42
1096627,220398.42
1096631,220398.42
1096691,220398.42
1096700,220398.42
1096716,220398.42
1096723,220398.42
1096749,220398.42
1096777,220398.42
1096784,220398.42
1096858,220398.42
1096873,220398.42
1096921,220398.42
1096936,220398.42
1096968,220398.42
1096972,220398.42
1097023,220398.42
1097024,220398.42
1097040,220398.42
1097041,220398.42
1097045,220398.42
1097078,220398.42
1097079,220398.42
1097082,220398.42
1097084,220398.42
1097102,220398.42
1097259,220398.42
1097283,220398.42
1097365,220398.42
1097366,220398.42
1097476,220398.42
1097499,220398.42
1097500,220398.42
1097511,220398.42
1097514,220398.42
1097544,220398.42
1097562,220398.42
1097569,220398.42
1097597,220398.42
1097609,220398.42
1097635,220398.42
1097650,220398.42
1097655,220398.42
1097659,220398.42
1097664,220398.42
1097673,220398.42
1097675,220398.42
1097698,220398.42
1097718,220398.42
1097755,220398.42
1097767,220398.42
1097777,220398.42
1097778,220398.42
1097795,220398.42
1097861,220398.42
1097886,220398.42
1097887,220398.42
1097888,220398.42
1097928,220398.42
1097949,220398.42
1097975,220398.42
1097993,220398.42
1097994,220398.42
1098066,220398.42
1098122,220398.42
1098125,220398.42
1098140,220398.42
1098199,220398.42
1098213,220398.42
1098215,220398.42
1098219,220398.42
1098228,220398.42
1098252,220398.42
1098268,220398.42
1098275,220398.42
1098362,220398.42
1098365,220398.42
1098396,220398.42
1098468,220398.42
1098495,220398.42
1098569,220398.42
1098588,220398.42
1098633,220398.42
1098693,220398.42
1098698,220398.42
1098706,220398.42
1098771,220398.42
1098971,220398.42
1098987,220398.42
1098991,220398.42
1098994,220398.42
1099004,220398.42
1099021,220398.42
1099030,220398.42
1099038,220398.42
1099039,220398.42
1099045,220398.42
1099133,220398.42
1099137,220398.42
1099153,220398.42
1099180,220398.42
1099183,220398.42
1099184,220398.42
1099199,220398.42
1099315,220398.42
1099316,220398.42
1099320,220398.42
1099323,220398.42
1099326,220398.42
1099329,220398.42
1099335,220398.42
1099338,220398.42
1099342,220398.42
1099350,220398.42
1099351,220398.42
1099359,220398.42
1099364,220398.42
1099366,220398.42
1099382,220398.42
1099383,220398.42
1099407,220398.42
1099414,220398.42
1099441,220398.42
1099447,220398.42
1099465,220398.42
1099469,220398.42
1099488,220398.42
1099520,220398.42
1099562,220398.42
1099567,220398.42
1099623,220398.42
1099651,220398.42
1099664,220398.42
1099665,220398.42
1099671,220398.42
1099702,220398.42
1099722,220398.42
1099725,220398.42
1099726,220398.42
1099728,220398.42
1099729,220398.42
1099734,220398.42
1099740,220398.42
1099743,220398.42
1099768,220398.42
1099774,220398.42
1099796,220398.42
1099815,220398.42
1099837,220398.42
1099916,220398.42
1099928,220398.42
1099941,220398.42
1099946,220398.42
1099948,220398.42
1099950,220398.42
1099972,220398.42
1099995,220398.42
1099996,220398.42
1100056,220398.42
1100076,220398.42
1100169,220398.42
1100171,220398.42
1100178,220398.42
1100189,220398.42
1100191,220398.42
1100192,220398.42
1100194,220398.42
1100205,220398.42
1100224,220398.42
1100257,220398.42
1100317,220398.42
1100329,220398.42
1100345,220398.42
1100388,220398.42
1100391,220398.42
1100460,220398.42
1100509,220398.42
1100516,220398.42
1100532,220398.42
1100537,220398.42
1100548,220398.42
1100583,220398.42
1100596,220398.42
1100601,220398.42
1100611,220398.42
1100619,220398.42
1100658,220398.42
1100660,220398.42
1100674,220398.42
1100682,220398.42
1100692,220398.42
1100719,220398.42
1100743,220398.42
1100780,220398.42
1100810,220398.42
1100829,220398.42
1100840,220398.42
1100852,220398.42
1100865,220398.42
1100897,220398.42
1100931,220398.42
1100932,220398.42
1100938,220398.42
1100944,220398.42
1100945,220398.42
1100946,220398.42
1100947,220398.42
1100948,220398.42
1100953,220398.42
1100955,220398.42
1100957,220398.42
1100960,220398.42
1100962,220398.42
1100984,220398.42
1100985,220398.42
1101003,220398.42
1101004,220398.42
1101005,220398.42
1101006,220398.42
1101007,220398.42
1101012,220398.42
1101064,220398.42
1101073,220398.42
1101084,220398.42
1101086,220398.42
1101094,220398.42
1101102,220398.42
1101127,220398.42
1101173,220398.42
1101180,220398.42
1101202,220398.42
1101203,220398.42
1101207,220398.42
1101208,220398.42
1101232,220398.42
1101240,220398.42
1101252,220398.42
1101258,220398.42
1101263,220398.42
1101276,220398.42
1101292,220398.42
1101294,220398.42
1101303,220398.42
1101319,220398.42
1101326,220398.42
1101330,220398.42
1101331,220398.42
1101333,220398.42
1101335,220398.42
1101351,220398.42
1101378,220398.42
1101418,220398.42
1101423,220398.42
1101428,220398.42
1101517,220398.42
1101591,220398.42
1101616,220398.42
1101739,220398.42
1101759,220398.42
1101799,220398.42
1101800,220398.42
1101801,220398.42
1101814,220398.42
1101859,220398.42
1101869,220398.42
1101901,220398.42
1101931,220398.42
1101932,220398.42
1101976,220398.42
1102031,220398.42
1102046,220398.42
1102066,220398.42
1102090,220398.42
1102112,220398.42
1102117,220398.42
1102119,220398.42
1102123,220398.42
1102135,220398.42
1102169,220398.42
1102170,220398.42
1102240,220398.42
1102248,220398.42
1102273,220398.42
1102307,220398.42
1102332,220398.42
1102413,220398.42
1102414,220398.42
1102415,220398.42
1102416,220398.42
1102417,220398.42
1102422,220398.42
1102423,220398.42
1102430,220398.42
1102431,220398.42
1102434,220398.42
1102452,220398.42
1102470,220398.42
1102505,220398.42
1102509,220398.42
1102527,220398.42
1102537,220398.42
1102564,220398.42
1102603,220398.42
1102608,220398.42
1102646,220398.42
1102647,220398.42
1102650,220398.42
1102655,220398.42
1102657,220398.42
1102660,220398.42
1102685,220398.42
1102688,220398.42
1102699,220398.42
1102704,220398.42
1102705,220398.42
1102728,220398.42
1102735,220398.42
1102750,220398.42
1102770,220398.42
1102790,220398.42
1102797,220398.42
1102800,220398.42
1102806,220398.42
1102844,220398.42
1102862,220398.42
1102908,220398.42
1102909,220398.42
1102959,220398.42
1102970,220398.42
1102986,220398.42
1103044,220398.42
1103076,220398.42
1103095,220398.42
1103226,220398.42
1103227,220398.42
1103228,220398.42
1103229,220398.42
1103249,220398.42
1103253,220398.42
1103258,220398.42
1103264,220398.42
1103265,220398.42
1103278,220398.42
1103279,220398.42
1103282,220398.42
1103361,220398.42
1103386,220398.42
1103396,220398.42
1103402,220398.42
1103403,220398.42
1103404,220398.42
1103418,220398.42
1103419,220398.42
1103431,220398.42
1103481,220398.42
1103489,220398.42
1103584,220398.42
1103598,220398.42
1103600,220398.42
1103604,220398.42
1103606,220398.42
1103614,220398.42
1103646,220398.42
1103668,220398.42
1103669,220398.42
1103678,220398.42
1103711,220398.42
1103726,220398.42
1103731,220398.42
1103735,220398.42
1103741,220398.42
1103838,220398.42
1103903,220398.42
1103914,220398.42
1103991,220398.42
1103997,220398.42
1104005,220398.42
1104027,220398.42
1104035,220398.42
1104045,220398.42
1104073,220398.42
1104122,220398.42
1104123,220398.42
1104132,220398.42
1104247,220398.42
1104252,220398.42
1104265,220398.42
1104276,220398.42
1104292,220398.42
1104347,220398.42
1104357,220398.42
1104358,220398.42
1104369,220398.42
1104944,220398.42
1104946,220398.42
1104949,220398.42
1104951,220398.42
1104953,220398.42
1104955,220398.42
1104972,220398.42
1105018,220398.42
1105021,220398.42
1105024,220398.42
1105025,220398.42
1105044,220398.42
1105046,220398.42
1105047,220398.42
1105050,220398.42
1105051,220398.42
1105052,220398.42
1105053,220398.42
1105071,220398.42
1105081,220398.42
1105207,220398.42
1105210,220398.42
1105265,220398.42
1105266,220398.42
1105267,220398.42
1105268,220398.42
1105280,220398.42
1105281,220398.42
1105282,220398.42
1105376,220398.42
1105429,220398.42
1105465,220398.42
1105493,220398.42
1105496,220398.42
1105557,220398.42
1105558,220398.42
1105575,220398.42
1105576,220398.42
1105581,220398.42
1105621,220398.42
1105622,220398.42
1105698,220398.42
1105699,220398.42
1105700,220398.42
1105702,220398.42
1105705,220398.42
1105706,220398.42
1105711,220398.42
1105799,220398.42
1105802,220398.42
1105803,220398.42
1105805,220398.42
1105806,220398.42
1105807,220398.42
1105828,220398.42
1105830,220398.42
1105831,220398.42
1105832,220398.42
1105849,220398.42
1105855,220398.42
1105898,220398.42
1105899,220398.42
1105935,220398.42
1105989,220398.42
1106068,220398.42
1106069,220398.42
1106073,220398.42
1106085,220398.42
1106086,220398.42
1106135,220398.42
1106164,220398.42
1106193,220398.42
1106196,220398.42
1106244,220398.42
1106253,220398.42
1106256,220398.42
1106586,220398.42
1106587,220398.42
1106588,220398.42
1106589,220398.42
1106600,220398.42
1106608,220398.42
1106715,220398.42
1106789,220398.42
1106790,220398.42
1106791,220398.42
1106792,220398.42
1106793,220398.42
1106794,220398.42
1106869,220398.42
1106954,220398.42
1107205,220398.42
1107331,220398.42
1107333,220398.42
1107389,220398.42
1107390,220398.42
1107392,220398.42
1107394,220398.42
1107395,220398.42
1107469,220398.42
1107483,220398.42
1107491,220398.42
1107667,220398.42
1107772,220398.42
1107775,220398.42
1107785,220398.42
1107786,220398.42
1107787,220398.42
1202392,220398.42
1202393,220398.42
1202395,220398.42
1202440,220398.42
1202550,220398.42
1202552,220398.42
1202577,220398.42
1202580,220398.42
1202842,220398.42
1202844,220398.42
1202860,220398.42
1202861,220398.42
1202869,220398.42
1202876,220398.42
1202892,220398.42
1202903,220398.42
1214273,220398.42
1214280,220398.42
1214445,220398.42
1214448,220398.42
1214449,220398.42
1214464,220398.42
1214572,220398.42
1214574,220398.42
1214584,220398.42
1214608,220398.42
1214640,220398.42
1214643,220398.42
1214651,220398.42
1214652,220398.42
1214657,220398.42
1214661,220398.42
1214673,220398.42
1214675,220398.42
1214679,220398.42
1214703,220398.42
1215040,220398.42
1215050,220398.42
1215134,220398.42
1215138,220398.42
1215362,220398.42
1215366,220398.42
1215368,220398.42
1215369,220398.42
1215374,220398.42
1215388,220398.42
1215448,220398.42
1215451,220398.42
1215486,220398.42
1215488,220398.42
1215496,220398.42
1215498,220398.42
1215555,220398.42
1215556,220398.42
1215560,220398.42
1215573,220398.42
1215591,220398.42
1215596,220398.42
1215746,220398.42
1215748,220398.42
1215754,220398.42
1215756,220398.42
1215758,220398.42
1215761,220398.42
1215762,220398.42
1215766,220398.42
1215767,220398.42
1215776,220398.42
1215784,220398.42
1215791,220398.42
1215796,220398.42
1215797,220398.42
1215798,220398.42
1215806,220398.42
1215810,220398.42
1216439,220398.42
1217024,220398.42
1217029,220398.42
1217034,220398.42
1217036,220398.42
1217037,220398.42
1217038,220398.42
1217233,220398.42
1217234,220398.42
1217247,220398.42
1217248,220398.42
1217250,220398.42
1217540,220398.42
1217556,220398.42
1217557,220398.42
1217559,220398.42
1217578,220398.42
1217875,220398.42
1217881,220398.42
1219303,220398.42
1219356,220398.42
1219361,220398.42
1219426,220398.42
1219482,220398.42
1219492,220398.42
1219515,220398.42
1219518,220398.42
1219520,220398.42
1219620,220398.42
1219653,220398.42
1219665,220398.42
1219668,220398.42
1219670,220398.42
1219706,220398.42
1219714,220398.42
1219756,220398.42
1220007,220398.42
1220137,220398.42
1220139,220398.42
1220671,220398.42
1220690,220398.42
1220731,220398.42
1220732,220398.42
1220739,220398.42
1222082,220398.42
1222084,220398.42
1222087,220398.42
1222182,220398.42
1222183,220398.42
1222194,220398.42
1222252,220398.42
1223720,220398.42
1223812,220398.42
1223816,220398.42
1223827,220398.42
1223836,220398.42
1223838,220398.42
1223841,220398.42
1223860,220398.42
1223861,220398.42
1223863,220398.42
1223867,220398.42
1223875,220398.42
1223892,220398.42
1223897,220398.42
1224003,220398.42
1224006,220398.42
1224010,220398.42
1224014,220398.42
1224033,220398.42
1224068,220398.42
1224071,220398.42
1224121,220398.42
1224146,220398.42
1224153,220398.42
1224653,220398.42
1224668,220398.42
1224776,220398.42
1224788,220398.42
1225148,220398.42
1225155,220398.42
1225157,220398.42
1225159,220398.42
1225238,220398.42
1225323,220398.42
1225362,220398.42
1225363,220398.42
1225376,220398.42
1225378,220398.42
1225818,220398.42
1226392,220398.42
1226394,220398.42
1226516,220398.42
1226517,220398.42
1226741,220398.42
1226743,220398.42
1226745,220398.42
1226748,220398.42
1226749,220398.42
1226782,220398.42
1226789,220398.42
1226799,220398.42
1226860,220398.42
1226867,220398.42
1226963,220398.42
1227068,220398.42
1227072,220398.42
1227075,220398.42
1227080,220398.42
1227083,220398.42
1227087,220398.42
1227113,220398.42
1227115,220398.42
1227127,220398.42
1227165,220398.42
1227292,220398.42
1227294,220398.42
1227296,220398.42
1227675,220398.42
1227679,220398.42
1227680,220398.42
1227687,220398.42
1227690,220398.42
1227707,220398.42
1227708,220398.42
1227709,220398.42
1227720,220398.42
1227815,220398.42
1227857,220398.42
1227859,220398.42
1227865,220398.42
1227902,220398.42
1227904,220398.42
1227921,220398.42
1227928,220398.42
1227948,220398.42
1227951,220398.42
1228096,220398.42
1228098,220398.42
1228597,220398.42
1228622,220398.42
1228630,220398.42
1228639,220398.42
1228640,220398.42
1228821,220398.42
1228828,220398.42
1228829,220398.42
1228966,220398.42
1228972,220398.42
1228973,220398.42
1228974,220398.42
1228985,220398.42
1229013,220398.42
1229016,220398.42
1229018,220398.42
1229020,220398.42
1229022,220398.42
1229028,220398.42
1229030,220398.42
1229031,220398.42
1229038,220398.42
1229176,220398.42
1229188,220398.42
1229190,220398.42
1229201,220398.42
1229212,220398.42
1229218,220398.42
1229220,220398.42
1229224,220398.42
1229225,220398.42
1229462,220398.42
1229540,220398.42
1229541,220398.42
1229591,220398.42
1229597,220398.42
1229598,220398.42
1230015,220398.42
1230020,220398.42
1230030,220398.42
1230031,220398.42
1230037,220398.42
1230038,220398.42
1230039,220398.42
1230040,220398.42
1230045,220398.42
1230070,220398.42
1231407,220398.42
1231410,220398.42
1231549,220398.42
1231551,220398.42
1231558,220398.42
1231661,220398.42
1231688,220398.42
1231696,220398.42
1231704,220398.42
1231710,220398.42
1231711,220398.42
1231719,220398.42
1231753,220398.42
1231846,220398.42
1231908,220398.42
1231938,220398.42
1231982,220398.42
1232000,220398.42
1232001,220398.42
1232002,220398.42
1232475,220398.42
1232477,220398.42
1232484,220398.42
1232490,220398.42
1232637,220398.42
1232646,220398.42
1232662,220398.42
1233033,220398.42
1233038,220398.42
1233250,220398.42
1233263,220398.42
1233265,220398.42
1233268,220398.42
1233307,220398.42
1233314,220398.42
1233329,220398.42
1233345,220398.42
1233349,220398.42
1233447,220398.42
1233450,220398.42
1233453,220398.42
1233462,220398.42
1233465,220398.42
1233471,220398.42
1233474,220398.42
1233479,220398.42
1233487,220398.42
1233488,220398.42
1233490,220398.42
1233493,220398.42
1233495,220398.42
1233497,220398.42
1233542,220398.42
1233552,220398.42
1233557,220398.42
1233567,220398.42
1233568,220398.42
1233569,220398.42
1233683,220398.42
1233764,220398.42
1233861,220398.42
1233877,220398.42
1233987,220398.42
1233989,220398.42
1234069,220398.42
1234103,220398.42
1234104,220398.42
1234343,220398.42
1234348,220398.42
1234349,220398.42
1234495,220398.42
1234496,220398.42
1234497,220398.42
1234499,220398.42
1234515,220398.42
1234516,220398.42
1234528,220398.42
1234612,220398.42
1234760,220398.42
1234763,220398.42
1234766,220398.42
1234772,220398.42
1234818,220398.42
1235137,220398.42
1235157,220398.42
1235163,220398.42
1235168,220398.42
1235169,220398.42
1235170,220398.42
1235228,220398.42
1235244,220398.42
1235266,220398.42
1235290,220398.42
1235294,220398.42
1235303,220398.42
1235312,220398.42
1235314,220398.42
1235337,220398.42
1235354,220398.42
1235360,220398.42
1235386,220398.42
1235538,220398.42
1235542,220398.42
1235546,220398.42
1235552,220398.42
1235662,220398.42
1235678,220398.42
1235679,220398.42
1235688,220398.42
1235689,220398.42
1235741,220398.42
1235742,220398.42
1235744,220398.42
1235745,220398.42
1235746,220398.42
1235747,220398.42
1235786,220398.42
1235796,220398.42
1235824,220398.42
1235825,220398.42
1235874,220398.42
1235885,220398.42
1235886,220398.42
1235887,220398.42
1235916,220398.42
1235996,220398.42
1235997,220398.42
1236001,220398.42
1236007,220398.42
1236009,220398.42
1236010,220398.42
1236082,220398.42
1236126,220398.42
1236137,220398.42
1236150,220398.42
1236152,220398.42
1236160,220398.42
1236162,220398.42
1236183,220398.42
1236186,220398.42
1236189,220398.42
1236201,220398.42
1236353,220398.42
1236355,220398.42
1236463,220398.42
1236479,220398.42
1236480,220398.42
1236822,220398.42
1236911,220398.42
1236986,220398.42
1236991,220398.42
1236993,220398.42
1237029,220398.42
1237033,220398.42
1237049,220398.42
1237051,220398.42
1237164,220398.42
1237170,220398.42
1237492,220398.42
1237495,220398.42
1237545,220398.42
1237979,220398.42
1237998,220398.42
1238015,220398.42
1238100,220398.42
1238115,220398.42
1238129,220398.42
1238182,220398.42
1238190,220398.42
1238195,220398.42
1238198,220398.42
1238207,220398.42
1238213,220398.42
1238216,220398.42
1238226,220398.42
1238229,220398.42
1238231,220398.42
1238232,220398.42
1238237,220398.42
1238241,220398.42
1238242,220398.42
1238244,220398.42
1238245,220398.42
1238258,220398.42
1238259,220398.42
1238261,220398.42
1238263,220398.42
1238264,220398.42
1238384,220398.42
1238386,220398.42
1238419,220398.42
1238422,220398.42
1238435,220398.42
1238439,220398.42
1238572,220398.42
1238582,220398.42
1238589,220398.42
1238614,220398.42
1238793,220398.42
1238800,220398.42
1238802,220398.42
1238807,220398.42
1238812,220398.42
1238813,220398.42
1238814,220398.42
1238827,220398.42
1238834,220398.42
1238964,220398.42
1238965,220398.42
1239003,220398.42
1239006,220398.42
1239029,220398.42
1239054,220398.42
1239062,220398.42
1239067,220398.42
1239078,220398.42
1239100,220398.42
1239106,220398.42
1239112,220398.42
1239158,220398.42
1239160,220398.42
1239161,220398.42
1239162,220398.42
1239239,220398.42
1239260,220398.42
1239261,220398.42
1239271,220398.42
1239276,220398.42
1239278,220398.42
1239294,220398.42
1239313,220398.42
1239402,220398.42
1239482,220398.42
1239483,220398.42
1239484,220398.42
1239485,220398.42
1239490,220398.42
1239519,220398.42
1239527,220398.42
1239532,220398.42
1239533,220398.42
1239534,220398.42
1239535,220398.42
1239537,220398.42
1239558,220398.42
1239566,220398.42
1239568,220398.42
1239577,220398.42
1239578,220398.42
1239585,220398.42
1239589,220398.42
1239598,220398.42
1239601,220398.42
1239963,220398.42
1239978,220398.42
1239994,220398.42
1240122,220398.42
1240137,220398.42
1240202,220398.42
1240229,220398.42
1240235,220398.42
1240281,220398.42
1240283,220398.42
1240338,220398.42
1240418,220398.42
1240441,220398.42
1240442,220398.42
1240444,220398.42
1240448,220398.42
1240464,220398.42
1240465,220398.42
1240498,220398.42
1240504,220398.42
1240505,220398.42
1240516,220398.42
1240535,220398.42
1240539,220398.42
1240540,220398.42
1240617,220398.42
1240649,220398.42
1240720,220398.42
1240728,220398.42
1240735,220398.42
1240736,220398.42
1240977,220398.42
1240979,220398.42
1241045,220398.42
1241069,220398.42
1241079,220398.42
1241087,220398.42
1241091,220398.42
1241093,220398.42
1241095,220398.42
1241101,220398.42
1241103,220398.42
1241115,220398.42
1241117,220398.42
1241128,220398.42
1241130,220398.42
1241139,220398.42
1241151,220398.42
1241289,220398.42
1241295,220398.42
1241453,220398.42
1241454,220398.42
1241459,220398.42
1241460,220398.42
1241478,220398.42
1241488,220398.42
1241744,220398.42
1241746,220398.42
1241753,220398.42
1241756,220398.42
1241757,220398.42
1241760,220398.42
1241761,220398.42
1241764,220398.42
1241795,220398.42
1241796,220398.42
1241798,220398.42
1241803,220398.42
1241804,220398.42
1241807,220398.42
1241810,220398.42
1241813,220398.42
1241826,220398.42
1241833,220398.42
1241834,220398.42
1241837,220398.42
1241842,220398.42
1241843,220398.42
1241897,220398.42
1241913,220398.42
1241975,220398.42
1241978,220398.42
1241980,220398.42
1241981,220398.42
1241983,220398.42
1242077,220398.42
1242080,220398.42
1242082,220398.42
1242090,220398.42
1242092,220398.42
1242118,220398.42
1242119,220398.42
1242131,220398.42
1242132,220398.42
1242135,220398.42
1242139,220398.42
70723,137350.04
71009,353743.44
71030,173453.8
71670,176673.38
71671,176673.38
71694,261861.75
71697,137350.04
71717,261861.75
71727,176673.38
71785,173453.8
72264,605754.74
72276,246278.05
72325,147698.25
72326,134157.15
72327,258329.54
72548,256689.37
72571,366397.84
72713,177442.44
696861,173616.75
696875,134157.15
696882,175345.46
