id,price
264893,386219.8033602804
264899,374224.5085571993
264910,381393.58231202065
264915,379050.729605459
264919,375497.49281039095
264928,374224.5085571993
264932,505007.57610972616
264935,505007.57610972616
264939,379050.729605459
264944,505007.57610972616
264954,375497.49281039095
264955,375497.49281039095
264969,413935.1775734795
264978,381579.3662234985
264983,379050.729605459
264984,382847.4241998021
264985,374224.5085571993
265031,505007.57610972616
265032,505007.57610972616
265058,379050.729605459
265066,374224.5085571993
265068,2088439.9421200275
265069,381579.3662234985
265070,508560.8129047941
265077,374224.5085571993
265090,413935.1775734795
265094,505007.57610972616
265101,374224.5085571993
265102,375497.49281039095
265105,505007.57610972616
265106,375497.49281039095
265108,375497.49281039095
265115,375497.49281039095
265147,375497.49281039095
265152,505007.57610972616
265153,505007.57610972616
265170,374224.5085571993
265176,505007.57610972616
265187,381579.3662234985
265189,381579.3662234985
265198,381393.58231202065
265225,386219.8033602804
265233,386219.8033602804
265237,375497.49281039095
265253,372824.7814603534
265280,375036.9829704761
265287,371321.75099829456
265293,431034.8738059149
265296,387608.0913939931
265307,387608.0913939931
265308,431034.8738059149
265312,373533.9525084172
265313,369664.2545406168
265314,375036.9829704761
265315,506350.22821066255
265320,431382.91640169005
265333,372824.7814603534
265346,431382.91640169005
265351,375036.9829704761
265356,375036.9829704761
265357,362951.1131097377
265358,431382.91640169005
265363,403780.6277734796
265369,371321.75099829456
265372,380491.3721640959
265402,375036.9829704761
265406,373533.9525084172
265420,375036.9829704761
265436,373533.9525084172
265438,368515.9031840961
265442,375036.9829704761
265449,375036.9829704761
265452,387608.0913939931
265455,361785.1681584593
265461,387608.0913939931
265465,375036.9829704761
265481,374383.85870146495
265488,385067.76396837516
265501,420938.32194857456
265514,600720.585903797
265515,380491.3721640959
265516,385067.76396837516
265517,372824.7814603534
265526,375036.9829704761
265533,375036.9829704761
265539,375036.9829704761
265543,373533.9525084172
265544,369664.2545406168
265556,354126.2750675923
265559,360735.44728412206
265561,354308.8020774116
265584,360724.54800467024
265586,373775.2564068581
265587,373775.2564068581
265588,366286.5318699416
265593,360724.54800467024
265596,354126.2750675923
265607,432386.8761663306
265608,354126.2750675923
265610,356683.5103910938
265613,360735.44728412206
265653,373317.7260500833
265663,356683.5103910938
265669,379527.81193135044
265675,354126.2750675923
265699,354126.2750675923
265701,358130.9439517501
265703,358650.6322397052
265704,358650.6322397052
265743,358650.6322397052
265748,372286.0559221203
265759,356683.5103910938
265795,374905.96504531987
265797,360735.44728412206
265805,360724.54800467024
265806,373775.2564068581
265810,354126.2750675923
265819,372286.0559221203
265820,356683.5103910938
265833,356683.5103910938
265834,354126.2750675923
265843,409411.9731149203
265851,448507.8249938094
265862,409411.9731149203
265864,409411.9731149203
265869,376979.61694300576
265887,448507.8249938094
265907,380983.31607902417
265913,379454.2145806536
265921,391027.48316295096
265923,401741.55855656514
265925,409411.9731149203
265957,530066.6287244678
265958,381897.8848884569
265960,378582.9345908695
265963,434982.2424105914
265969,379102.6865058972
266004,446811.98435000883
266028,408179.6349896446
266029,377509.8268188473
266032,386576.42971527675
266034,379454.2145806536
266055,386576.42971527675
266075,383783.6370890463
266077,383783.6370890463
266080,530066.6287244678
266093,379102.6865058972
266094,412533.07298167766
266100,380726.25915229344
266116,383905.26802832785
266129,362606.4479179897
266144,394569.53282667237
266160,365729.65620632435
266165,394340.9648296309
266196,396425.7798740478
266199,371733.9894270288
266202,371733.9894270288
266210,396425.7798740478
266211,394569.53282667237
266213,376185.04287470295
266218,361509.73143935343
266219,371733.9894270288
266220,361509.73143935343
266234,394569.53282667237
266241,375806.4277834158
266248,394340.9648296309
266251,361509.73143935343
266256,363398.18310239597
266259,361509.73143935343
266274,377509.8268188473
266275,362606.4479179897
266276,361509.73143935343
266279,454717.4467083628
266280,371733.9894270288
266281,372189.0703908038
266299,371733.9894270288
266300,394569.53282667237
266305,363398.18310239597
266314,380206.4564929767
266315,361509.73143935343
266329,394569.53282667237
266332,368111.4512592785
266350,358718.5822702551
266368,354813.5015409149
266375,358718.5822702551
266381,358718.5822702551
266382,358718.5822702551
266393,358718.5822702551
266394,342273.9464150024
266402,365442.47584594117
266406,278409.51028439
266423,360282.13769640046
266424,358718.5822702551
266438,358718.5822702551
266454,357482.4769542521
266463,358718.5822702551
266465,801109.3685062514
266479,358718.5822702551
266480,358718.5822702551
266485,342273.9464150024
266486,358718.5822702551
266496,358718.5822702551
266508,358718.5822702551
266510,358718.5822702551
266511,358718.5822702551
266512,366155.69641472114
266514,342273.9464150024
266517,358718.5822702551
266539,342273.9464150024
266542,360282.13769640046
266545,358718.5822702551
266548,358718.5822702551
266550,358718.5822702551
266556,358718.5822702551
266559,358718.5822702551
266565,358718.5822702551
266568,358718.5822702551
266569,358718.5822702551
266575,360282.13769640046
266580,366155.69641472114
266581,365442.47584594117
266582,365442.47584594117
266583,366155.69641472114
266602,364848.9065581334
266606,369515.12924192863
266618,369515.12924192863
266619,364848.9065581334
266620,369515.12924192863
266624,406149.46248892474
266626,369515.12924192863
266662,367707.1139016665
266667,406149.46248892474
266668,369515.12924192863
266677,373658.296331791
266681,369515.12924192863
266682,403397.44649159216
266690,405205.4618318543
266694,403397.44649159216
266695,403397.44649159216
266698,369515.12924192863
266699,369515.12924192863
266727,364848.9065581334
266729,370652.5624674234
266731,405205.4618318543
266732,372177.86506020254
266740,372946.99747016514
266744,369515.12924192863
266748,374449.2570617665
266768,369515.12924192863
266770,371443.96700810624
266771,405205.4618318543
266778,367707.1139016665
266779,374449.2570617665
266781,369515.12924192863
266785,403397.44649159216
266809,369515.12924192863
266819,374449.2570617665
266821,369515.12924192863
266824,369515.12924192863
266830,405205.4618318543
266831,369515.12924192863
266845,369515.12924192863
266846,361482.37248538085
266847,356683.5103910938
266851,369128.58511035127
266858,357956.4946442854
266859,356683.5103910938
266862,357956.4946442854
266863,356683.5103910938
266864,357956.4946442854
266872,369128.58511035127
266875,356683.5103910938
266877,356683.5103910938
266882,361482.37248538085
266883,369702.6818791414
266886,356683.5103910938
266918,356683.5103910938
266919,361482.37248538085
266920,361482.37248538085
266953,356683.5103910938
266954,356683.5103910938
266955,412559.3468676444
266957,361482.37248538085
266965,356683.5103910938
266966,361482.37248538085
266969,361482.37248538085
266984,368604.5876200039
266989,369128.58511035127
266990,359651.91193644033
267015,360724.54800467024
267016,360724.54800467024
267017,360724.54800467024
267018,356683.5103910938
267019,359651.91193644033
267020,359651.91193644033
267025,412559.3468676444
267028,356683.5103910938
267041,359651.91193644033
267054,360724.54800467024
267082,361482.37248538085
267084,360724.54800467024
267085,365523.4100989572
267103,360282.13769640046
267104,360282.13769640046
267106,381970.27190946706
267113,374383.85870146495
267126,383564.7335063163
267128,367012.8727220372
267131,367012.8727220372
267138,386105.0609319343
267147,360282.13769640046
267153,381970.27190946706
267154,381970.27190946706
267171,374383.85870146495
267173,386105.0609319343
267188,374383.85870146495
267198,374383.85870146495
267199,374383.85870146495
267218,371167.28500267566
267220,371248.65735783795
267221,363088.4840352182
267245,371167.28500267566
267247,371167.28500267566
267248,372777.46399595356
267249,370933.7554035407
267253,371167.28500267566
267269,371167.28500267566
267271,372824.7814603534
267274,371167.28500267566
267281,375036.9829704761
267303,371167.28500267566
267305,375036.9829704761
267306,371248.65735783795
267307,371167.28500267566
267309,363088.4840352182
267311,372824.7814603534
267312,371167.28500267566
267315,372591.25186121854
267331,375036.9829704761
267338,370933.7554035407
267342,372824.7814603534
267344,371167.28500267566
267346,374803.45337134117
267366,372591.25186121854
267369,371167.28500267566
267371,371167.28500267566
267375,370933.7554035407
267376,371167.28500267566
267379,371167.28500267566
267381,371248.65735783795
267382,372824.7814603534
267407,374803.45337134117
267422,371167.28500267566
267424,371248.65735783795
267428,371167.28500267566
267431,371015.12775870296
267434,371167.28500267566
267437,370933.7554035407
267438,363088.4840352182
267439,371248.65735783795
267440,371015.12775870296
267441,372306.66253478924
267443,372824.7814603534
267460,316359.1227598427
267463,376889.98084172077
267494,273366.3838947557
267510,299122.03622215515
267515,296718.6241721218
267520,277158.43759921944
267522,317658.0923620466
267523,376889.98084172077
267524,359765.1830432843
267544,275486.4696819555
267546,562562.9276292125
267551,335140.89868451166
267553,289489.01257011737
267563,340743.2690126188
267584,316359.1227598427
267585,564234.8955464764
267587,291767.0541292853
267598,310691.5978341736
267602,299641.78813718277
267614,313756.4841100791
267617,371407.5026371104
267619,320781.1379558128
267620,293439.02204654913
267623,291767.0541292853
267627,342107.51677335525
267633,351718.0225955169
267644,278317.9539375922
267667,711350.6921047596
267738,703969.5425155201
267740,686850.3249574798
267743,721793.3708106965
267778,686850.3249574798
267779,677507.8353324111
267799,781937.163408441
267800,686850.3249574798
267814,812790.5192815098
267816,686850.3249574798
267833,658416.6545072944
267834,686850.3249574798
267836,686850.3249574798
267847,373430.8086682636
267858,373430.8086682636
267891,368604.5876200039
267896,373430.8086682636
267899,368604.5876200039
267900,368604.5876200039
267902,373430.8086682636
267908,373430.8086682636
267924,368604.5876200039
267933,368604.5876200039
267936,421182.26251024724
267939,373430.8086682636
267941,377227.5032626067
267942,368604.5876200039
267967,368604.5876200039
267970,368604.5876200039
267980,368604.5876200039
267990,368604.5876200039
267992,368604.5876200039
267994,377227.5032626067
267995,377227.5032626067
267999,368604.5876200039
268003,377227.5032626067
268020,377227.5032626067
268033,368604.5876200039
268041,669615.4044911716
268056,531018.0786105995
268067,354126.2750675923
268070,563174.5921642598
268071,354126.2750675923
268121,400579.694452715
268144,423409.83926562103
268145,588848.3769907103
268147,435191.9640752867
268149,598354.8796641701
268150,435191.9640752867
268157,842336.6007130514
268159,400579.694452715
268161,384802.1136892436
268175,365523.4100989572
268189,441518.5469096393
268208,361217.3637080861
308905,370933.7554035407
312310,413935.1775734795
312331,360724.54800467024
695165,498929.4334204365
695166,360493.98846506886
695170,368604.5876200039
695176,410287.6262661206
695178,356683.5103910938
695181,362755.3567385725
695183,369128.58511035127
695185,367380.5514349958
695196,369515.12924192863
695203,369664.2545406168
695205,400330.86060338805
695207,672831.2239087613
695236,360735.44728412206
695238,364640.5280134624
695252,369664.2545406168
695257,366204.08343960764
713635,377946.2361911451
714108,377946.2361911451
714284,377946.2361911451
714645,377946.2361911451
714753,377946.2361911451
714863,377946.2361911451
714924,377946.2361911451
715132,377946.2361911451
715405,377946.2361911451
715433,377946.2361911451
715694,377946.2361911451
715746,377946.2361911451
715898,377946.2361911451
715902,377946.2361911451
715996,377946.2361911451
716065,377946.2361911451
716097,377946.2361911451
716329,377946.2361911451
716360,377946.2361911451
716377,377946.2361911451
716484,377946.2361911451
716541,377946.2361911451
716634,377946.2361911451
716888,377946.2361911451
717017,377946.2361911451
717109,377946.2361911451
717307,377946.2361911451
717459,377946.2361911451
717524,377946.2361911451
717568,377946.2361911451
717688,377946.2361911451
717690,377946.2361911451
717797,377946.2361911451
717829,377946.2361911451
717945,377946.2361911451
717983,377946.2361911451
718276,377946.2361911451
718584,377946.2361911451
718617,377946.2361911451
718717,377946.2361911451
718867,377946.2361911451
718943,377946.2361911451
718997,377946.2361911451
719116,377946.2361911451
719132,377946.2361911451
719287,377946.2361911451
719579,377946.2361911451
719846,377946.2361911451
719893,377946.2361911451
720041,377946.2361911451
720088,377946.2361911451
720180,377946.2361911451
720249,377946.2361911451
720261,377946.2361911451
720293,377946.2361911451
720364,377946.2361911451
720455,377946.2361911451
720564,377946.2361911451
720679,377946.2361911451
720725,377946.2361911451
720817,377946.2361911451
720854,377946.2361911451
720920,377946.2361911451
721130,377946.2361911451
721266,377946.2361911451
721531,377946.2361911451
721844,377946.2361911451
721882,377946.2361911451
722050,377946.2361911451
722151,377946.2361911451
722225,377946.2361911451
722264,377946.2361911451
722516,377946.2361911451
722520,377946.2361911451
722594,377946.2361911451
722649,377946.2361911451
722769,377946.2361911451
724397,377946.2361911451
724457,377946.2361911451
724486,377946.2361911451
724488,377946.2361911451
724574,377946.2361911451
724620,377946.2361911451
724674,377946.2361911451
724767,377946.2361911451
724786,377946.2361911451
724908,377946.2361911451
725124,377946.2361911451
725211,377946.2361911451
725280,377946.2361911451
725364,377946.2361911451
725393,377946.2361911451
725425,377946.2361911451
725455,377946.2361911451
725547,377946.2361911451
725814,377946.2361911451
725829,377946.2361911451
725999,377946.2361911451
726088,377946.2361911451
726214,377946.2361911451
726348,377946.2361911451
726542,377946.2361911451
726620,377946.2361911451
726910,377946.2361911451
727068,377946.2361911451
727229,377946.2361911451
727458,377946.2361911451
727699,377946.2361911451
728077,377946.2361911451
728089,377946.2361911451
728272,377946.2361911451
728553,377946.2361911451
728592,377946.2361911451
728640,377946.2361911451
728663,377946.2361911451
729105,377946.2361911451
729267,377946.2361911451
729622,377946.2361911451
730128,377946.2361911451
730298,377946.2361911451
730619,377946.2361911451
730712,377946.2361911451
731061,377946.2361911451
731131,377946.2361911451
731142,377946.2361911451
731240,377946.2361911451
731527,377946.2361911451
731655,377946.2361911451
731841,377946.2361911451
731925,377946.2361911451
732382,377946.2361911451
732568,377946.2361911451
732810,377946.2361911451
732969,377946.2361911451
733029,377946.2361911451
733077,377946.2361911451
733091,377946.2361911451
733208,377946.2361911451
733226,377946.2361911451
733230,377946.2361911451
733238,377946.2361911451
733347,377946.2361911451
733542,377946.2361911451
734153,377946.2361911451
734154,377946.2361911451
734176,377946.2361911451
734212,377946.2361911451
734217,377946.2361911451
734258,377946.2361911451
734334,377946.2361911451
734397,377946.2361911451
734666,377946.2361911451
734674,377946.2361911451
734675,377946.2361911451
734724,377946.2361911451
734919,377946.2361911451
735058,377946.2361911451
735319,377946.2361911451
735691,377946.2361911451
735730,377946.2361911451
735875,377946.2361911451
736019,377946.2361911451
736274,377946.2361911451
736752,377946.2361911451
736842,377946.2361911451
736845,377946.2361911451
736880,377946.2361911451
737208,377946.2361911451
737501,377946.2361911451
737652,377946.2361911451
737722,377946.2361911451
738039,377946.2361911451
738057,377946.2361911451
738082,377946.2361911451
738665,377946.2361911451
738841,377946.2361911451
739007,377946.2361911451
739075,377946.2361911451
739255,377946.2361911451
739492,377946.2361911451
740378,377946.2361911451
740535,377946.2361911451
741340,377946.2361911451
741408,377946.2361911451
741684,377946.2361911451
742269,377946.2361911451
742430,377946.2361911451
742608,377946.2361911451
742744,377946.2361911451
742791,377946.2361911451
742826,377946.2361911451
742881,377946.2361911451
742899,377946.2361911451
743231,377946.2361911451
743527,377946.2361911451
743534,377946.2361911451
743562,377946.2361911451
743664,377946.2361911451
743926,377946.2361911451
744027,377946.2361911451
744337,377946.2361911451
744508,377946.2361911451
744690,377946.2361911451
745006,377946.2361911451
745047,377946.2361911451
745193,377946.2361911451
745245,377946.2361911451
745515,377946.2361911451
746017,377946.2361911451
746053,377946.2361911451
746265,377946.2361911451
746355,377946.2361911451
746375,377946.2361911451
746382,377946.2361911451
746483,377946.2361911451
746772,377946.2361911451
746949,377946.2361911451
746954,377946.2361911451
746984,377946.2361911451
748310,377946.2361911451
748476,377946.2361911451
748712,377946.2361911451
748736,377946.2361911451
748773,377946.2361911451
748803,377946.2361911451
749336,377946.2361911451
749657,377946.2361911451
749755,377946.2361911451
749845,377946.2361911451
750054,377946.2361911451
750136,377946.2361911451
750580,377946.2361911451
750771,377946.2361911451
751301,377946.2361911451
751365,377946.2361911451
751450,377946.2361911451
751496,377946.2361911451
751560,377946.2361911451
751799,377946.2361911451
751846,377946.2361911451
751847,377946.2361911451
751897,377946.2361911451
751958,377946.2361911451
751960,377946.2361911451
752204,377946.2361911451
752309,377946.2361911451
752365,377946.2361911451
752608,377946.2361911451
752648,377946.2361911451
752691,377946.2361911451
752814,377946.2361911451
752877,377946.2361911451
753069,377946.2361911451
753118,377946.2361911451
753224,377946.2361911451
753227,377946.2361911451
753248,377946.2361911451
753391,377946.2361911451
753482,377946.2361911451
753516,377946.2361911451
753532,377946.2361911451
753563,377946.2361911451
753651,377946.2361911451
753842,377946.2361911451
754089,377946.2361911451
754090,377946.2361911451
754125,377946.2361911451
754506,377946.2361911451
754620,377946.2361911451
754630,377946.2361911451
754802,377946.2361911451
754861,377946.2361911451
754927,377946.2361911451
754936,377946.2361911451
755034,377946.2361911451
755072,377946.2361911451
755075,377946.2361911451
755879,377946.2361911451
756141,377946.2361911451
757137,377946.2361911451
757268,377946.2361911451
757525,377946.2361911451
757552,377946.2361911451
757671,377946.2361911451
757699,377946.2361911451
757723,377946.2361911451
757778,377946.2361911451
757807,377946.2361911451
757810,377946.2361911451
758073,377946.2361911451
758157,377946.2361911451
758385,377946.2361911451
758409,377946.2361911451
758503,377946.2361911451
758531,377946.2361911451
758589,377946.2361911451
758722,377946.2361911451
758785,377946.2361911451
758793,377946.2361911451
758855,377946.2361911451
758943,377946.2361911451
758961,377946.2361911451
759020,377946.2361911451
759066,377946.2361911451
759073,377946.2361911451
759076,377946.2361911451
759330,377946.2361911451
760184,377946.2361911451
760381,377946.2361911451
760382,377946.2361911451
760545,377946.2361911451
760920,377946.2361911451
767749,377946.2361911451
767766,377946.2361911451
767960,377946.2361911451
768051,377946.2361911451
771578,377946.2361911451
771667,377946.2361911451
771785,377946.2361911451
771860,377946.2361911451
772094,377946.2361911451
772238,377946.2361911451
772563,377946.2361911451
772956,377946.2361911451
773061,377946.2361911451
773111,377946.2361911451
773288,377946.2361911451
773498,377946.2361911451
773599,377946.2361911451
773705,377946.2361911451
773905,377946.2361911451
773965,377946.2361911451
773973,377946.2361911451
774075,377946.2361911451
774236,377946.2361911451
774296,377946.2361911451
774423,377946.2361911451
774558,377946.2361911451
774559,377946.2361911451
774858,377946.2361911451
774859,377946.2361911451
774860,377946.2361911451
774861,377946.2361911451
774863,377946.2361911451
774864,377946.2361911451
774865,377946.2361911451
774866,377946.2361911451
774870,377946.2361911451
774874,377946.2361911451
774908,377946.2361911451
774914,377946.2361911451
775168,377946.2361911451
775205,377946.2361911451
775210,377946.2361911451
775320,377946.2361911451
775438,377946.2361911451
775442,377946.2361911451
775443,377946.2361911451
775444,377946.2361911451
775445,377946.2361911451
775447,377946.2361911451
775448,377946.2361911451
775554,377946.2361911451
775555,377946.2361911451
775586,377946.2361911451
775612,377946.2361911451
775729,377946.2361911451
775785,377946.2361911451
775911,377946.2361911451
776126,377946.2361911451
776220,377946.2361911451
776281,377946.2361911451
776537,377946.2361911451
776718,377946.2361911451
776786,377946.2361911451
777092,377946.2361911451
777265,377946.2361911451
777365,377946.2361911451
777442,377946.2361911451
777610,377946.2361911451
777612,377946.2361911451
777763,377946.2361911451
777818,377946.2361911451
778020,377946.2361911451
792324,377946.2361911451
792630,377946.2361911451
792713,377946.2361911451
792725,377946.2361911451
792887,377946.2361911451
792939,377946.2361911451
793005,377946.2361911451
793008,377946.2361911451
793066,377946.2361911451
793127,377946.2361911451
793161,377946.2361911451
793409,377946.2361911451
793475,377946.2361911451
793537,377946.2361911451
793642,377946.2361911451
793661,377946.2361911451
793768,377946.2361911451
793977,377946.2361911451
793978,377946.2361911451
794009,377946.2361911451
794521,377946.2361911451
794522,377946.2361911451
794646,377946.2361911451
794657,377946.2361911451
794681,377946.2361911451
794957,377946.2361911451
795043,377946.2361911451
795214,377946.2361911451
795458,377946.2361911451
795504,377946.2361911451
795614,377946.2361911451
795689,377946.2361911451
795690,377946.2361911451
795749,377946.2361911451
795780,377946.2361911451
796046,377946.2361911451
796093,377946.2361911451
796230,377946.2361911451
796239,377946.2361911451
796407,377946.2361911451
796414,377946.2361911451
796526,377946.2361911451
796611,377946.2361911451
796612,377946.2361911451
796693,377946.2361911451
796941,377946.2361911451
797000,377946.2361911451
797301,377946.2361911451
797320,377946.2361911451
797501,377946.2361911451
797556,377946.2361911451
797602,377946.2361911451
797607,377946.2361911451
797650,377946.2361911451
797759,377946.2361911451
797840,377946.2361911451
797920,377946.2361911451
797955,377946.2361911451
797986,377946.2361911451
798122,377946.2361911451
798154,377946.2361911451
799016,377946.2361911451
799634,377946.2361911451
799788,377946.2361911451
800114,377946.2361911451
800138,377946.2361911451
800424,377946.2361911451
800449,377946.2361911451
800510,377946.2361911451
800532,377946.2361911451
800541,377946.2361911451
800609,377946.2361911451
800668,377946.2361911451
800744,377946.2361911451
800866,377946.2361911451
800903,377946.2361911451
800916,377946.2361911451
801752,377946.2361911451
801804,377946.2361911451
801847,377946.2361911451
801858,377946.2361911451
802128,377946.2361911451
802258,377946.2361911451
802295,377946.2361911451
802341,377946.2361911451
802386,377946.2361911451
802424,377946.2361911451
802445,377946.2361911451
802668,377946.2361911451
802700,377946.2361911451
802704,377946.2361911451
802728,377946.2361911451
802910,377946.2361911451
803292,377946.2361911451
803311,377946.2361911451
803329,377946.2361911451
803374,377946.2361911451
803536,377946.2361911451
803639,377946.2361911451
804024,377946.2361911451
804212,377946.2361911451
804231,377946.2361911451
804291,377946.2361911451
804531,377946.2361911451
804598,377946.2361911451
804627,377946.2361911451
804631,377946.2361911451
804637,377946.2361911451
804655,377946.2361911451
804744,377946.2361911451
804766,377946.2361911451
804807,377946.2361911451
805014,377946.2361911451
805098,377946.2361911451
805194,377946.2361911451
805373,377946.2361911451
805394,377946.2361911451
805486,377946.2361911451
805500,377946.2361911451
805630,377946.2361911451
805757,377946.2361911451
806068,377946.2361911451
806144,377946.2361911451
806361,377946.2361911451
806422,377946.2361911451
806448,377946.2361911451
806622,377946.2361911451
806748,377946.2361911451
806977,377946.2361911451
806994,377946.2361911451
807158,377946.2361911451
807182,377946.2361911451
807185,377946.2361911451
807247,377946.2361911451
807280,377946.2361911451
807366,377946.2361911451
807797,377946.2361911451
808029,377946.2361911451
808116,377946.2361911451
808193,377946.2361911451
808317,377946.2361911451
808398,377946.2361911451
808402,377946.2361911451
808665,377946.2361911451
808694,377946.2361911451
809040,377946.2361911451
809598,377946.2361911451
809658,377946.2361911451
810178,377946.2361911451
810217,377946.2361911451
810247,377946.2361911451
810250,377946.2361911451
810315,377946.2361911451
810593,377946.2361911451
810694,377946.2361911451
810750,377946.2361911451
810752,377946.2361911451
810823,377946.2361911451
811013,377946.2361911451
811014,377946.2361911451
811029,377946.2361911451
811033,377946.2361911451
811079,377946.2361911451
811149,377946.2361911451
811154,377946.2361911451
811318,377946.2361911451
811572,377946.2361911451
811752,377946.2361911451
811825,377946.2361911451
811863,377946.2361911451
811890,377946.2361911451
812013,377946.2361911451
812020,377946.2361911451
812190,377946.2361911451
812277,377946.2361911451
812281,377946.2361911451
812496,377946.2361911451
813366,377946.2361911451
813513,377946.2361911451
813541,377946.2361911451
813723,377946.2361911451
813854,377946.2361911451
813900,377946.2361911451
813905,377946.2361911451
813991,377946.2361911451
814439,377946.2361911451
814562,377946.2361911451
814741,377946.2361911451
814748,377946.2361911451
814792,377946.2361911451
814808,377946.2361911451
814955,377946.2361911451
815240,377946.2361911451
815395,377946.2361911451
815501,377946.2361911451
815512,377946.2361911451
815573,377946.2361911451
815588,377946.2361911451
815670,377946.2361911451
815688,377946.2361911451
815690,377946.2361911451
815696,377946.2361911451
815763,377946.2361911451
815988,377946.2361911451
816064,377946.2361911451
816242,377946.2361911451
816290,377946.2361911451
816334,377946.2361911451
816744,377946.2361911451
816890,377946.2361911451
816995,377946.2361911451
816999,377946.2361911451
817070,377946.2361911451
817184,377946.2361911451
817220,377946.2361911451
817222,377946.2361911451
817335,377946.2361911451
817398,377946.2361911451
817401,377946.2361911451
817469,377946.2361911451
817478,377946.2361911451
817485,377946.2361911451
849254,377946.2361911451
849335,377946.2361911451
849583,377946.2361911451
849628,377946.2361911451
849715,377946.2361911451
849938,377946.2361911451
850070,377946.2361911451
850071,377946.2361911451
850074,377946.2361911451
850143,377946.2361911451
850650,377946.2361911451
850688,377946.2361911451
850706,377946.2361911451
851200,377946.2361911451
851362,377946.2361911451
851404,377946.2361911451
851791,377946.2361911451
851810,377946.2361911451
851844,377946.2361911451
851885,377946.2361911451
851929,377946.2361911451
852009,377946.2361911451
852060,377946.2361911451
852108,377946.2361911451
852166,377946.2361911451
852210,377946.2361911451
852356,377946.2361911451
852727,377946.2361911451
852786,377946.2361911451
852794,377946.2361911451
852798,377946.2361911451
852811,377946.2361911451
852983,377946.2361911451
853152,377946.2361911451
853212,377946.2361911451
853308,377946.2361911451
853360,377946.2361911451
853400,377946.2361911451
853448,377946.2361911451
853547,377946.2361911451
853738,377946.2361911451
853999,377946.2361911451
854058,377946.2361911451
854206,377946.2361911451
854316,377946.2361911451
854372,377946.2361911451
854548,377946.2361911451
854627,377946.2361911451
854717,377946.2361911451
854804,377946.2361911451
854850,377946.2361911451
855254,377946.2361911451
855290,377946.2361911451
855591,377946.2361911451
855835,377946.2361911451
856006,377946.2361911451
856174,377946.2361911451
856192,377946.2361911451
856247,377946.2361911451
856511,377946.2361911451
856637,377946.2361911451
856638,377946.2361911451
856646,377946.2361911451
856699,377946.2361911451
856869,377946.2361911451
856903,377946.2361911451
857014,377946.2361911451
857021,377946.2361911451
857337,377946.2361911451
857466,377946.2361911451
857561,377946.2361911451
857715,377946.2361911451
857930,377946.2361911451
857933,377946.2361911451
857984,377946.2361911451
858020,377946.2361911451
858115,377946.2361911451
858187,377946.2361911451
858284,377946.2361911451
858313,377946.2361911451
858343,377946.2361911451
858367,377946.2361911451
858368,377946.2361911451
858391,377946.2361911451
858467,377946.2361911451
858620,377946.2361911451
858789,377946.2361911451
858910,377946.2361911451
858923,377946.2361911451
858925,377946.2361911451
859089,377946.2361911451
859208,377946.2361911451
859213,377946.2361911451
859448,377946.2361911451
859735,377946.2361911451
859737,377946.2361911451
859952,377946.2361911451
860006,377946.2361911451
860132,377946.2361911451
860301,377946.2361911451
860323,377946.2361911451
860335,377946.2361911451
860364,377946.2361911451
860502,377946.2361911451
860548,377946.2361911451
860582,377946.2361911451
860748,377946.2361911451
860775,377946.2361911451
860948,377946.2361911451
861031,377946.2361911451
861333,377946.2361911451
861384,377946.2361911451
861474,377946.2361911451
861714,377946.2361911451
861731,377946.2361911451
861732,377946.2361911451
861737,377946.2361911451
861820,377946.2361911451
861885,377946.2361911451
862030,377946.2361911451
862188,377946.2361911451
862261,377946.2361911451
862281,377946.2361911451
862618,377946.2361911451
862788,377946.2361911451
862799,377946.2361911451
862968,377946.2361911451
862970,377946.2361911451
862972,377946.2361911451
863013,377946.2361911451
863030,377946.2361911451
863134,377946.2361911451
863308,377946.2361911451
863598,377946.2361911451
863775,377946.2361911451
863870,377946.2361911451
863876,377946.2361911451
863878,377946.2361911451
863962,377946.2361911451
864003,377946.2361911451
864031,377946.2361911451
864076,377946.2361911451
864259,377946.2361911451
864264,377946.2361911451
864392,377946.2361911451
864413,377946.2361911451
864696,377946.2361911451
864957,377946.2361911451
864967,377946.2361911451
865059,377946.2361911451
865088,377946.2361911451
865172,377946.2361911451
865294,377946.2361911451
865295,377946.2361911451
865397,377946.2361911451
865837,377946.2361911451
865915,377946.2361911451
865988,377946.2361911451
866170,377946.2361911451
866219,377946.2361911451
866221,377946.2361911451
866233,377946.2361911451
866670,377946.2361911451
866690,377946.2361911451
866710,377946.2361911451
866832,377946.2361911451
866953,377946.2361911451
867179,377946.2361911451
867437,377946.2361911451
867463,377946.2361911451
867734,377946.2361911451
867910,377946.2361911451
868080,377946.2361911451
868188,377946.2361911451
868288,377946.2361911451
868374,377946.2361911451
868833,377946.2361911451
869107,377946.2361911451
869128,377946.2361911451
869129,377946.2361911451
869138,377946.2361911451
869231,377946.2361911451
869299,377946.2361911451
869366,377946.2361911451
869499,377946.2361911451
869632,377946.2361911451
869658,377946.2361911451
869693,377946.2361911451
870083,377946.2361911451
870420,377946.2361911451
870666,377946.2361911451
870737,377946.2361911451
870738,377946.2361911451
870742,377946.2361911451
870773,377946.2361911451
870921,377946.2361911451
871140,377946.2361911451
871143,377946.2361911451
871239,377946.2361911451
871264,377946.2361911451
871783,377946.2361911451
871887,377946.2361911451
872186,377946.2361911451
872351,377946.2361911451
872453,377946.2361911451
872615,377946.2361911451
873114,377946.2361911451
873126,377946.2361911451
873173,377946.2361911451
873306,377946.2361911451
874035,377946.2361911451
874087,377946.2361911451
874106,377946.2361911451
874111,377946.2361911451
874132,377946.2361911451
874172,377946.2361911451
874299,377946.2361911451
874301,377946.2361911451
874678,377946.2361911451
875005,377946.2361911451
875040,377946.2361911451
875084,377946.2361911451
875343,377946.2361911451
875373,377946.2361911451
875694,377946.2361911451
875715,377946.2361911451
875883,377946.2361911451
875956,377946.2361911451
876188,377946.2361911451
876243,377946.2361911451
876248,377946.2361911451
876298,377946.2361911451
876348,377946.2361911451
876525,377946.2361911451
876573,377946.2361911451
876658,377946.2361911451
876802,377946.2361911451
877045,377946.2361911451
877057,377946.2361911451
877061,377946.2361911451
877082,377946.2361911451
877159,377946.2361911451
877356,377946.2361911451
877405,377946.2361911451
877586,377946.2361911451
877678,377946.2361911451
877695,377946.2361911451
877858,377946.2361911451
877986,377946.2361911451
877992,377946.2361911451
877993,377946.2361911451
877999,377946.2361911451
878136,377946.2361911451
878160,377946.2361911451
878162,377946.2361911451
878163,377946.2361911451
878164,377946.2361911451
878185,377946.2361911451
878259,377946.2361911451
878329,377946.2361911451
878421,377946.2361911451
878447,377946.2361911451
878983,377946.2361911451
879011,377946.2361911451
879025,377946.2361911451
879202,377946.2361911451
879262,377946.2361911451
879410,377946.2361911451
879445,377946.2361911451
879490,377946.2361911451
879704,377946.2361911451
879837,377946.2361911451
879874,377946.2361911451
879899,377946.2361911451
879907,377946.2361911451
880010,377946.2361911451
880022,377946.2361911451
880054,377946.2361911451
880204,377946.2361911451
880277,377946.2361911451
880443,377946.2361911451
880473,377946.2361911451
880481,377946.2361911451
880488,377946.2361911451
880535,377946.2361911451
880552,377946.2361911451
880554,377946.2361911451
880659,377946.2361911451
880698,377946.2361911451
880710,377946.2361911451
880760,377946.2361911451
880910,377946.2361911451
881195,377946.2361911451
881204,377946.2361911451
881269,377946.2361911451
881271,377946.2361911451
881536,377946.2361911451
881648,377946.2361911451
881673,377946.2361911451
881944,377946.2361911451
882063,377946.2361911451
882221,377946.2361911451
882324,377946.2361911451
882337,377946.2361911451
882438,377946.2361911451
882778,377946.2361911451
882904,377946.2361911451
882962,377946.2361911451
883438,377946.2361911451
883576,377946.2361911451
883600,377946.2361911451
883704,377946.2361911451
883831,377946.2361911451
884093,377946.2361911451
884099,377946.2361911451
884231,377946.2361911451
884499,377946.2361911451
884561,377946.2361911451
884563,377946.2361911451
884654,377946.2361911451
917473,377946.2361911451
917675,377946.2361911451
917724,377946.2361911451
918021,377946.2361911451
918033,377946.2361911451
918035,377946.2361911451
918495,377946.2361911451
918508,377946.2361911451
918559,377946.2361911451
918632,377946.2361911451
918906,377946.2361911451
918909,377946.2361911451
918921,377946.2361911451
919282,377946.2361911451
919294,377946.2361911451
919346,377946.2361911451
919348,377946.2361911451
919349,377946.2361911451
919389,377946.2361911451
919475,377946.2361911451
919477,377946.2361911451
919478,377946.2361911451
919577,377946.2361911451
919708,377946.2361911451
919726,377946.2361911451
919736,377946.2361911451
919757,377946.2361911451
919778,377946.2361911451
919891,377946.2361911451
919997,377946.2361911451
920012,377946.2361911451
920013,377946.2361911451
920137,377946.2361911451
920258,377946.2361911451
920314,377946.2361911451
920322,377946.2361911451
922004,377946.2361911451
922014,377946.2361911451
922214,377946.2361911451
922244,377946.2361911451
1024686,377946.2361911451
1024698,377946.2361911451
1024801,377946.2361911451
1025018,377946.2361911451
1025058,377946.2361911451
1025061,377946.2361911451
1025080,377946.2361911451
1025173,377946.2361911451
1025211,377946.2361911451
1025298,377946.2361911451
1025315,377946.2361911451
1025346,377946.2361911451
1025350,377946.2361911451
1026050,377946.2361911451
1026150,377946.2361911451
1026439,377946.2361911451
1026667,377946.2361911451
1026670,377946.2361911451
1026853,377946.2361911451
1026857,377946.2361911451
1027120,377946.2361911451
1027152,377946.2361911451
1027154,377946.2361911451
1027285,377946.2361911451
1027287,377946.2361911451
1027289,377946.2361911451
1027304,377946.2361911451
1027312,377946.2361911451
1027564,377946.2361911451
1027908,377946.2361911451
1028089,377946.2361911451
1028529,377946.2361911451
1028591,377946.2361911451
1028658,377946.2361911451
1028708,377946.2361911451
1028749,377946.2361911451
1028829,377946.2361911451
1028874,377946.2361911451
1029454,377946.2361911451
1029472,377946.2361911451
1029518,377946.2361911451
1029744,377946.2361911451
1029859,377946.2361911451
1030059,377946.2361911451
1030097,377946.2361911451
1030101,377946.2361911451
1030123,377946.2361911451
1030203,377946.2361911451
1030283,377946.2361911451
1030444,377946.2361911451
1030455,377946.2361911451
1030459,377946.2361911451
1030503,377946.2361911451
1030736,377946.2361911451
1030804,377946.2361911451
1030937,377946.2361911451
1031066,377946.2361911451
1031181,377946.2361911451
1031311,377946.2361911451
1031478,377946.2361911451
1031619,377946.2361911451
1031690,377946.2361911451
1031854,377946.2361911451
1031858,377946.2361911451
1031906,377946.2361911451
1031920,377946.2361911451
1031942,377946.2361911451
1032259,377946.2361911451
1032333,377946.2361911451
1032385,377946.2361911451
1032393,377946.2361911451
1032599,377946.2361911451
1032620,377946.2361911451
1032637,377946.2361911451
1032669,377946.2361911451
1032731,377946.2361911451
1032777,377946.2361911451
1032887,377946.2361911451
1032923,377946.2361911451
1032932,377946.2361911451
1033063,377946.2361911451
1033091,377946.2361911451
1033395,377946.2361911451
1033445,377946.2361911451
1033457,377946.2361911451
1033533,377946.2361911451
1033712,377946.2361911451
1033894,377946.2361911451
1033932,377946.2361911451
1033937,377946.2361911451
1033988,377946.2361911451
1033989,377946.2361911451
1034003,377946.2361911451
1034012,377946.2361911451
1034047,377946.2361911451
1034062,377946.2361911451
1034064,377946.2361911451
1034065,377946.2361911451
1034066,377946.2361911451
1034068,377946.2361911451
1034078,377946.2361911451
1034088,377946.2361911451
1034300,377946.2361911451
1034363,377946.2361911451
1034496,377946.2361911451
1034605,377946.2361911451
1034670,377946.2361911451
1034716,377946.2361911451
1034718,377946.2361911451
1034778,377946.2361911451
1034779,377946.2361911451
1034803,377946.2361911451
1034837,377946.2361911451
1034944,377946.2361911451
1035106,377946.2361911451
1035111,377946.2361911451
1035166,377946.2361911451
1035490,377946.2361911451
1035494,377946.2361911451
1035524,377946.2361911451
1035548,377946.2361911451
1035564,377946.2361911451
1035605,377946.2361911451
1035785,377946.2361911451
1035893,377946.2361911451
1036037,377946.2361911451
1036072,377946.2361911451
1036103,377946.2361911451
1036226,377946.2361911451
1037508,377946.2361911451
1037509,377946.2361911451
1037613,377946.2361911451
1037615,377946.2361911451
1037616,377946.2361911451
1037617,377946.2361911451
1037619,377946.2361911451
1037699,377946.2361911451
1037850,377946.2361911451
1037908,377946.2361911451
1038175,377946.2361911451
1038180,377946.2361911451
1038183,377946.2361911451
1038322,377946.2361911451
1038432,377946.2361911451
1038447,377946.2361911451
1038448,377946.2361911451
1038494,377946.2361911451
1038509,377946.2361911451
1038512,377946.2361911451
1038516,377946.2361911451
1038517,377946.2361911451
1038532,377946.2361911451
1038541,377946.2361911451
1038551,377946.2361911451
1038600,377946.2361911451
1038788,377946.2361911451
1038956,377946.2361911451
1038957,377946.2361911451
1039041,377946.2361911451
1039176,377946.2361911451
1039208,377946.2361911451
1039427,377946.2361911451
1039430,377946.2361911451
1039434,377946.2361911451
1039449,377946.2361911451
1039523,377946.2361911451
1039795,377946.2361911451
1039810,377946.2361911451
1039879,377946.2361911451
1040038,377946.2361911451
1040077,377946.2361911451
1040154,377946.2361911451
1040155,377946.2361911451
1040245,377946.2361911451
1040616,377946.2361911451
1040659,377946.2361911451
1040829,377946.2361911451
1040841,377946.2361911451
1041077,377946.2361911451
1041312,377946.2361911451
1041324,377946.2361911451
1041354,377946.2361911451
1041377,377946.2361911451
1041469,377946.2361911451
1041480,377946.2361911451
1041501,377946.2361911451
1041515,377946.2361911451
1041815,377946.2361911451
1041945,377946.2361911451
1041997,377946.2361911451
1042010,377946.2361911451
1042250,377946.2361911451
1042254,377946.2361911451
1042365,377946.2361911451
1042421,377946.2361911451
1042710,377946.2361911451
1043106,377946.2361911451
1043116,377946.2361911451
1043117,377946.2361911451
1043349,377946.2361911451
1043369,377946.2361911451
1043413,377946.2361911451
1043475,377946.2361911451
1043480,377946.2361911451
1043482,377946.2361911451
1043492,377946.2361911451
1043501,377946.2361911451
1043542,377946.2361911451
1043603,377946.2361911451
1043620,377946.2361911451
1043688,377946.2361911451
1043779,377946.2361911451
1043799,377946.2361911451
1043891,377946.2361911451
1043892,377946.2361911451
1043945,377946.2361911451
1044186,377946.2361911451
1044193,377946.2361911451
1044204,377946.2361911451
1044205,377946.2361911451
1044215,377946.2361911451
1044236,377946.2361911451
1044277,377946.2361911451
1044296,377946.2361911451
1044297,377946.2361911451
1044356,377946.2361911451
1044456,377946.2361911451
1044496,377946.2361911451
1044569,377946.2361911451
1044700,377946.2361911451
1044742,377946.2361911451
1044802,377946.2361911451
1044803,377946.2361911451
1044813,377946.2361911451
1044832,377946.2361911451
1044867,377946.2361911451
1045016,377946.2361911451
1045148,377946.2361911451
1045209,377946.2361911451
1045223,377946.2361911451
1045320,377946.2361911451
1045323,377946.2361911451
1045414,377946.2361911451
1045572,377946.2361911451
1045573,377946.2361911451
1045595,377946.2361911451
1045679,377946.2361911451
1045724,377946.2361911451
1045725,377946.2361911451
1045730,377946.2361911451
1045799,377946.2361911451
1045886,377946.2361911451
1045930,377946.2361911451
1045955,377946.2361911451
1045981,377946.2361911451
1046127,377946.2361911451
1046209,377946.2361911451
1046212,377946.2361911451
1046225,377946.2361911451
1046231,377946.2361911451
1046257,377946.2361911451
1046283,377946.2361911451
1046328,377946.2361911451
1046331,377946.2361911451
1046356,377946.2361911451
1046430,377946.2361911451
1046462,377946.2361911451
1046488,377946.2361911451
1046498,377946.2361911451
1046576,377946.2361911451
1046593,377946.2361911451
1046597,377946.2361911451
1046633,377946.2361911451
1046719,377946.2361911451
1046832,377946.2361911451
1046844,377946.2361911451
1046861,377946.2361911451
1046862,377946.2361911451
1046875,377946.2361911451
1046947,377946.2361911451
1046952,377946.2361911451
1046992,377946.2361911451
1047083,377946.2361911451
1047115,377946.2361911451
1047118,377946.2361911451
1047172,377946.2361911451
1047190,377946.2361911451
1047193,377946.2361911451
1047257,377946.2361911451
1047273,377946.2361911451
1047480,377946.2361911451
1047498,377946.2361911451
1047543,377946.2361911451
1047617,377946.2361911451
1047712,377946.2361911451
1047901,377946.2361911451
1047986,377946.2361911451
1048124,377946.2361911451
1048181,377946.2361911451
1048203,377946.2361911451
1048241,377946.2361911451
1048292,377946.2361911451
1048310,377946.2361911451
1048513,377946.2361911451
1048631,377946.2361911451
1049174,377946.2361911451
1049242,377946.2361911451
1049249,377946.2361911451
1049252,377946.2361911451
1049305,377946.2361911451
1049306,377946.2361911451
1049317,377946.2361911451
1049322,377946.2361911451
1049326,377946.2361911451
1049334,377946.2361911451
1049336,377946.2361911451
1049377,377946.2361911451
1049418,377946.2361911451
1049447,377946.2361911451
1049476,377946.2361911451
1049480,377946.2361911451
1049490,377946.2361911451
1049498,377946.2361911451
1049499,377946.2361911451
1049504,377946.2361911451
1049505,377946.2361911451
1049521,377946.2361911451
1049551,377946.2361911451
1049557,377946.2361911451
1049586,377946.2361911451
1049673,377946.2361911451
1049674,377946.2361911451
1049684,377946.2361911451
1049721,377946.2361911451
1049728,377946.2361911451
1049744,377946.2361911451
1049769,377946.2361911451
1049783,377946.2361911451
1049881,377946.2361911451
1049888,377946.2361911451
1049902,377946.2361911451
1049929,377946.2361911451
1050083,377946.2361911451
1050117,377946.2361911451
1050132,377946.2361911451
1050134,377946.2361911451
1050140,377946.2361911451
1050208,377946.2361911451
1050240,377946.2361911451
1050279,377946.2361911451
1050338,377946.2361911451
1050362,377946.2361911451
1050433,377946.2361911451
1050457,377946.2361911451
1050501,377946.2361911451
1050574,377946.2361911451
1050594,377946.2361911451
1050656,377946.2361911451
1050862,377946.2361911451
1050863,377946.2361911451
1050909,377946.2361911451
1050939,377946.2361911451
1050946,377946.2361911451
1050995,377946.2361911451
1051015,377946.2361911451
1051038,377946.2361911451
1051097,377946.2361911451
1051130,377946.2361911451
1051148,377946.2361911451
1051151,377946.2361911451
1051239,377946.2361911451
1051244,377946.2361911451
1051288,377946.2361911451
1051313,377946.2361911451
1051314,377946.2361911451
1051354,377946.2361911451
1051440,377946.2361911451
1051504,377946.2361911451
1051585,377946.2361911451
1051651,377946.2361911451
1051887,377946.2361911451
1051929,377946.2361911451
1052048,377946.2361911451
1052213,377946.2361911451
1052363,377946.2361911451
1052422,377946.2361911451
1052438,377946.2361911451
1052484,377946.2361911451
1052505,377946.2361911451
1052581,377946.2361911451
1052622,377946.2361911451
1052708,377946.2361911451
1052827,377946.2361911451
1052838,377946.2361911451
1052871,377946.2361911451
1052891,377946.2361911451
1053088,377946.2361911451
1053226,377946.2361911451
1053352,377946.2361911451
1053730,377946.2361911451
1053935,377946.2361911451
1054083,377946.2361911451
1054093,377946.2361911451
1054179,377946.2361911451
1054262,377946.2361911451
1054334,377946.2361911451
1054358,377946.2361911451
1054564,377946.2361911451
1054624,377946.2361911451
1054633,377946.2361911451
1054796,377946.2361911451
1054801,377946.2361911451
1054937,377946.2361911451
1054961,377946.2361911451
1055035,377946.2361911451
1055041,377946.2361911451
1055092,377946.2361911451
1055135,377946.2361911451
1055232,377946.2361911451
1055233,377946.2361911451
1055361,377946.2361911451
1055407,377946.2361911451
1055408,377946.2361911451
1055462,377946.2361911451
1055471,377946.2361911451
1055681,377946.2361911451
1055727,377946.2361911451
1055783,377946.2361911451
1055884,377946.2361911451
1055885,377946.2361911451
1055936,377946.2361911451
1055950,377946.2361911451
1055976,377946.2361911451
1056019,377946.2361911451
1056287,377946.2361911451
1056414,377946.2361911451
1056599,377946.2361911451
1056744,377946.2361911451
1056825,377946.2361911451
1056826,377946.2361911451
1056908,377946.2361911451
1056914,377946.2361911451
1056944,377946.2361911451
1057065,377946.2361911451
1057090,377946.2361911451
1057091,377946.2361911451
1057148,377946.2361911451
1057149,377946.2361911451
1057150,377946.2361911451
1057151,377946.2361911451
1057152,377946.2361911451
1057153,377946.2361911451
1057234,377946.2361911451
1057297,377946.2361911451
1057375,377946.2361911451
1057507,377946.2361911451
1057887,377946.2361911451
1057947,377946.2361911451
1057950,377946.2361911451
1057955,377946.2361911451
1057965,377946.2361911451
1058044,377946.2361911451
1058078,377946.2361911451
1058101,377946.2361911451
1058176,377946.2361911451
1058333,377946.2361911451
1058334,377946.2361911451
1058599,377946.2361911451
1058796,377946.2361911451
1058801,377946.2361911451
1058802,377946.2361911451
1058822,377946.2361911451
1058928,377946.2361911451
1058931,377946.2361911451
1059002,377946.2361911451
1059048,377946.2361911451
1059114,377946.2361911451
1059119,377946.2361911451
1059129,377946.2361911451
1059188,377946.2361911451
1059376,377946.2361911451
1059388,377946.2361911451
1059539,377946.2361911451
1059545,377946.2361911451
1059547,377946.2361911451
1059555,377946.2361911451
1059586,377946.2361911451
1059624,377946.2361911451
1059665,377946.2361911451
1059675,377946.2361911451
1059677,377946.2361911451
1059748,377946.2361911451
1059846,377946.2361911451
1059865,377946.2361911451
1059892,377946.2361911451
1059967,377946.2361911451
1059984,377946.2361911451
1059989,377946.2361911451
1060018,377946.2361911451
1060098,377946.2361911451
1060175,377946.2361911451
1060194,377946.2361911451
1060278,377946.2361911451
1060355,377946.2361911451
1060363,377946.2361911451
1060389,377946.2361911451
1060551,377946.2361911451
1060564,377946.2361911451
1060584,377946.2361911451
1060585,377946.2361911451
1060754,377946.2361911451
1060785,377946.2361911451
1060795,377946.2361911451
1060797,377946.2361911451
1060800,377946.2361911451
1060854,377946.2361911451
1060907,377946.2361911451
1060916,377946.2361911451
1060943,377946.2361911451
1060944,377946.2361911451
1061025,377946.2361911451
1061064,377946.2361911451
1061103,377946.2361911451
1061329,377946.2361911451
1061352,377946.2361911451
1061419,377946.2361911451
1061472,377946.2361911451
1061474,377946.2361911451
1061489,377946.2361911451
1061521,377946.2361911451
1061613,377946.2361911451
1061628,377946.2361911451
1061716,377946.2361911451
1061773,377946.2361911451
1061906,377946.2361911451
1061981,377946.2361911451
1062059,377946.2361911451
1062062,377946.2361911451
1062154,377946.2361911451
1062179,377946.2361911451
1062215,377946.2361911451
1062231,377946.2361911451
1062234,377946.2361911451
1062235,377946.2361911451
1062237,377946.2361911451
1150057,377946.2361911451
1150061,377946.2361911451
1150062,377946.2361911451
1150302,377946.2361911451
1150304,377946.2361911451
1150307,377946.2361911451
1150308,377946.2361911451
1150312,377946.2361911451
1150313,377946.2361911451
1150315,377946.2361911451
1150318,377946.2361911451
1150709,377946.2361911451
1150711,377946.2361911451
1150714,377946.2361911451
1150716,377946.2361911451
1150721,377946.2361911451
1150722,377946.2361911451
1150723,377946.2361911451
1150727,377946.2361911451
1150729,377946.2361911451
1150732,377946.2361911451
1150733,377946.2361911451
1150739,377946.2361911451
1150741,377946.2361911451
1150744,377946.2361911451
1150751,377946.2361911451
1158788,377946.2361911451
1158790,377946.2361911451
1158794,377946.2361911451
1158798,377946.2361911451
1158802,377946.2361911451
1158803,377946.2361911451
1158804,377946.2361911451
1158972,377946.2361911451
1158973,377946.2361911451
1158979,377946.2361911451
1158980,377946.2361911451
1158982,377946.2361911451
1159208,377946.2361911451
1159224,377946.2361911451
1159254,377946.2361911451
1159717,377946.2361911451
1159725,377946.2361911451
1159755,377946.2361911451
1159756,377946.2361911451
1159757,377946.2361911451
1159758,377946.2361911451
1159760,377946.2361911451
1159762,377946.2361911451
1159764,377946.2361911451
1160340,377946.2361911451
1160342,377946.2361911451
1160347,377946.2361911451
1160348,377946.2361911451
1160352,377946.2361911451
1160353,377946.2361911451
1160357,377946.2361911451
1160368,377946.2361911451
1160370,377946.2361911451
1160372,377946.2361911451
1160628,377946.2361911451
1160633,377946.2361911451
1160635,377946.2361911451
1160642,377946.2361911451
1160644,377946.2361911451
1160646,377946.2361911451
1160651,377946.2361911451
1160652,377946.2361911451
1160659,377946.2361911451
1160663,377946.2361911451
1160877,377946.2361911451
1160879,377946.2361911451
1160881,377946.2361911451
1160884,377946.2361911451
1160887,377946.2361911451
1160891,377946.2361911451
1160892,377946.2361911451
1160893,377946.2361911451
1160897,377946.2361911451
1160900,377946.2361911451
1160901,377946.2361911451
1160903,377946.2361911451
1160909,377946.2361911451
1160910,377946.2361911451
1160913,377946.2361911451
1160916,377946.2361911451
1162333,377946.2361911451
1162334,377946.2361911451
1162374,377946.2361911451
1162376,377946.2361911451
1162380,377946.2361911451
1162381,377946.2361911451
1162382,377946.2361911451
1162385,377946.2361911451
1162386,377946.2361911451
1162638,377946.2361911451
1162639,377946.2361911451
1162640,377946.2361911451
1162641,377946.2361911451
1162643,377946.2361911451
1162707,377946.2361911451
1162708,377946.2361911451
1162764,377946.2361911451
1162899,377946.2361911451
1162918,377946.2361911451
1162924,377946.2361911451
1162925,377946.2361911451
1162926,377946.2361911451
1162927,377946.2361911451
1163023,377946.2361911451
1163027,377946.2361911451
1163028,377946.2361911451
1163039,377946.2361911451
1163040,377946.2361911451
1163042,377946.2361911451
1163043,377946.2361911451
1163044,377946.2361911451
1163047,377946.2361911451
1163050,377946.2361911451
1163083,377946.2361911451
1163086,377946.2361911451
1163089,377946.2361911451
1163090,377946.2361911451
1163091,377946.2361911451
1163092,377946.2361911451
1163093,377946.2361911451
1163095,377946.2361911451
1163096,377946.2361911451
1163264,377946.2361911451
1163271,377946.2361911451
1164020,377946.2361911451
1164022,377946.2361911451
1164028,377946.2361911451
1164565,377946.2361911451
1164567,377946.2361911451
1164571,377946.2361911451
1164576,377946.2361911451
1164578,377946.2361911451
1164580,377946.2361911451
1164581,377946.2361911451
1164582,377946.2361911451
1164583,377946.2361911451
1164617,377946.2361911451
1164618,377946.2361911451
1164622,377946.2361911451
1164625,377946.2361911451
1164627,377946.2361911451
1164629,377946.2361911451
1164911,377946.2361911451
1164914,377946.2361911451
1164916,377946.2361911451
1164936,377946.2361911451
1164938,377946.2361911451
1164940,377946.2361911451
1167361,377946.2361911451
1167364,377946.2361911451
1167369,377946.2361911451
1167373,377946.2361911451
1167374,377946.2361911451
1167375,377946.2361911451
1167383,377946.2361911451
1167385,377946.2361911451
1167387,377946.2361911451
1167388,377946.2361911451
1167392,377946.2361911451
1167397,377946.2361911451
1167398,377946.2361911451
1167399,377946.2361911451
1167401,377946.2361911451
1167402,377946.2361911451
1167403,377946.2361911451
1167404,377946.2361911451
1167405,377946.2361911451
1167406,377946.2361911451
1167407,377946.2361911451
1167409,377946.2361911451
1167410,377946.2361911451
1167411,377946.2361911451
1167412,377946.2361911451
1167413,377946.2361911451
1167414,377946.2361911451
1167426,377946.2361911451
1167429,377946.2361911451
1167430,377946.2361911451
1167431,377946.2361911451
1167437,377946.2361911451
1167439,377946.2361911451
1171188,377946.2361911451
1171191,377946.2361911451
1171194,377946.2361911451
1171195,377946.2361911451
1171196,377946.2361911451
1171200,377946.2361911451
1171201,377946.2361911451
1171203,377946.2361911451
1171204,377946.2361911451
1171205,377946.2361911451
1171362,377946.2361911451
1171367,377946.2361911451
1172945,377946.2361911451
1172952,377946.2361911451
1173341,377946.2361911451
1173343,377946.2361911451
1173347,377946.2361911451
1173351,377946.2361911451
1173353,377946.2361911451
1173355,377946.2361911451
1173356,377946.2361911451
1173358,377946.2361911451
1173362,377946.2361911451
1173364,377946.2361911451
1174252,377946.2361911451
1174253,377946.2361911451
1174258,377946.2361911451
1174265,377946.2361911451
1174280,377946.2361911451
1174393,377946.2361911451
1174395,377946.2361911451
1174396,377946.2361911451
1174397,377946.2361911451
1174398,377946.2361911451
1174400,377946.2361911451
1174404,377946.2361911451
1174405,377946.2361911451
1174407,377946.2361911451
1174456,377946.2361911451
1174460,377946.2361911451
1174462,377946.2361911451
1174465,377946.2361911451
1174466,377946.2361911451
1174468,377946.2361911451
1174469,377946.2361911451
1174471,377946.2361911451
1174472,377946.2361911451
1174473,377946.2361911451
1174475,377946.2361911451
1174491,377946.2361911451
1174496,377946.2361911451
1174501,377946.2361911451
1174592,377946.2361911451
1174593,377946.2361911451
1174595,377946.2361911451
1174596,377946.2361911451
1174598,377946.2361911451
1174599,377946.2361911451
1174602,377946.2361911451
1174607,377946.2361911451
1174608,377946.2361911451
1174732,377946.2361911451
1174738,377946.2361911451
1174742,377946.2361911451
1174743,377946.2361911451
1174748,377946.2361911451
1175538,377946.2361911451
1175539,377946.2361911451
1175543,377946.2361911451
1175547,377946.2361911451
1175548,377946.2361911451
1175550,377946.2361911451
1176289,377946.2361911451
1176758,377946.2361911451
1176759,377946.2361911451
1176764,377946.2361911451
1176772,377946.2361911451
1177110,377946.2361911451
1177116,377946.2361911451
1177118,377946.2361911451
1177121,377946.2361911451
1177122,377946.2361911451
1177125,377946.2361911451
1177822,377946.2361911451
1178019,377946.2361911451
1178024,377946.2361911451
1179391,377946.2361911451
1179392,377946.2361911451
1179393,377946.2361911451
1179512,377946.2361911451
1179513,377946.2361911451
1179516,377946.2361911451
1179517,377946.2361911451
1179518,377946.2361911451
1179526,377946.2361911451
1179527,377946.2361911451
1179540,377946.2361911451
1179542,377946.2361911451
1179543,377946.2361911451
1179546,377946.2361911451
1179548,377946.2361911451
1179552,377946.2361911451
1179554,377946.2361911451
1179555,377946.2361911451
1179557,377946.2361911451
1179944,377946.2361911451
1179948,377946.2361911451
1179949,377946.2361911451
1179952,377946.2361911451
1179953,377946.2361911451
1179955,377946.2361911451
1180044,377946.2361911451
1180046,377946.2361911451
1180047,377946.2361911451
1180048,377946.2361911451
1180049,377946.2361911451
1180050,377946.2361911451
1180051,377946.2361911451
1180053,377946.2361911451
1180054,377946.2361911451
1180056,377946.2361911451
1180060,377946.2361911451
1180070,377946.2361911451
1180073,377946.2361911451
1180078,377946.2361911451
1180080,377946.2361911451
1180241,377946.2361911451
1180242,377946.2361911451
1180243,377946.2361911451
1180251,377946.2361911451
1180253,377946.2361911451
1180254,377946.2361911451
1180255,377946.2361911451
1180257,377946.2361911451
1180452,377946.2361911451
1180461,377946.2361911451
1180464,377946.2361911451
1180465,377946.2361911451
1180466,377946.2361911451
1180467,377946.2361911451
1180469,377946.2361911451
1180471,377946.2361911451
1180472,377946.2361911451
1180474,377946.2361911451
1180479,377946.2361911451
1180481,377946.2361911451
1180482,377946.2361911451
1180484,377946.2361911451
1180485,377946.2361911451
1180487,377946.2361911451
1180619,377946.2361911451
1180622,377946.2361911451
1180628,377946.2361911451
1180629,377946.2361911451
1180630,377946.2361911451
1180701,377946.2361911451
1180702,377946.2361911451
1180704,377946.2361911451
1180707,377946.2361911451
1180708,377946.2361911451
1180711,377946.2361911451
1180712,377946.2361911451
1180716,377946.2361911451
1180717,377946.2361911451
1180732,377946.2361911451
1180733,377946.2361911451
1180734,377946.2361911451
1180735,377946.2361911451
1180738,377946.2361911451
1180739,377946.2361911451
1180741,377946.2361911451
1180743,377946.2361911451
1180744,377946.2361911451
1180748,377946.2361911451
1180749,377946.2361911451
1180770,377946.2361911451
1180771,377946.2361911451
1180774,377946.2361911451
1180777,377946.2361911451
1180938,377946.2361911451
1180945,377946.2361911451
1180951,377946.2361911451
1180954,377946.2361911451
1180967,377946.2361911451
1180976,377946.2361911451
1180977,377946.2361911451
1181989,377946.2361911451
1182023,377946.2361911451
1182025,377946.2361911451
1182026,377946.2361911451
1182030,377946.2361911451
1182033,377946.2361911451
1182314,377946.2361911451
1182315,377946.2361911451
1182316,377946.2361911451
1182317,377946.2361911451
1182321,377946.2361911451
1182322,377946.2361911451
1182323,377946.2361911451
1182628,377946.2361911451
1182650,377946.2361911451
1182652,377946.2361911451
1182654,377946.2361911451
1182655,377946.2361911451
1182744,377946.2361911451
1182745,377946.2361911451
1182746,377946.2361911451
1182748,377946.2361911451
1182749,377946.2361911451
1182754,377946.2361911451
1182756,377946.2361911451
1182757,377946.2361911451
1183211,377946.2361911451
1183213,377946.2361911451
1183689,377946.2361911451
1183690,377946.2361911451
1183691,377946.2361911451
1183692,377946.2361911451
1184185,377946.2361911451
1184271,377946.2361911451
1184272,377946.2361911451
1184678,377946.2361911451
1184679,377946.2361911451
1184680,377946.2361911451
1184730,377946.2361911451
1184731,377946.2361911451
1184772,377946.2361911451
1184775,377946.2361911451
1184780,377946.2361911451
1184783,377946.2361911451
1184806,377946.2361911451
1184809,377946.2361911451
1184956,377946.2361911451
1185123,377946.2361911451
1185129,377946.2361911451
1185141,377946.2361911451
1185144,377946.2361911451
1185145,377946.2361911451
1185150,377946.2361911451
1185316,377946.2361911451
1185317,377946.2361911451
1185326,377946.2361911451
1185328,377946.2361911451
1185330,377946.2361911451
1185331,377946.2361911451
1185722,377946.2361911451
1185744,377946.2361911451
1185746,377946.2361911451
1185748,377946.2361911451
1185818,377946.2361911451
1185819,377946.2361911451
1186256,377946.2361911451
1186257,377946.2361911451
1186258,377946.2361911451
1186260,377946.2361911451
1186261,377946.2361911451
1186284,377946.2361911451
1186288,377946.2361911451
1186368,377946.2361911451
1186370,377946.2361911451
1186371,377946.2361911451
1186373,377946.2361911451
1186374,377946.2361911451
1186376,377946.2361911451
1186379,377946.2361911451
1186380,377946.2361911451
1186827,377946.2361911451
1186830,377946.2361911451
1186831,377946.2361911451
1186832,377946.2361911451
1186834,377946.2361911451
1186835,377946.2361911451
1186837,377946.2361911451
1186840,377946.2361911451
1187587,377946.2361911451
1187625,377946.2361911451
1187626,377946.2361911451
1187628,377946.2361911451
1187839,377946.2361911451
1187840,377946.2361911451
1187842,377946.2361911451
1187843,377946.2361911451
1187844,377946.2361911451
1187851,377946.2361911451
1187853,377946.2361911451
1187854,377946.2361911451
1188373,377946.2361911451
1188428,377946.2361911451
1188429,377946.2361911451
1188430,377946.2361911451
1188431,377946.2361911451
1188439,377946.2361911451
1188440,377946.2361911451
1188442,377946.2361911451
1188484,377946.2361911451
1188485,377946.2361911451
1188487,377946.2361911451
1188488,377946.2361911451
1188490,377946.2361911451
1188493,377946.2361911451
1188499,377946.2361911451
1188519,377946.2361911451
1188531,377946.2361911451
1188535,377946.2361911451
1188538,377946.2361911451
1188539,377946.2361911451
1188577,377946.2361911451
1188578,377946.2361911451
1188581,377946.2361911451
1189583,377946.2361911451
1189587,377946.2361911451
1189590,377946.2361911451
1189593,377946.2361911451
1189594,377946.2361911451
1189595,377946.2361911451
1189596,377946.2361911451
1189599,377946.2361911451
1189600,377946.2361911451
1189603,377946.2361911451
1189605,377946.2361911451
1189606,377946.2361911451
1189610,377946.2361911451
1189611,377946.2361911451
1191966,377946.2361911451
1191971,377946.2361911451
1191972,377946.2361911451
1192091,377946.2361911451
1192096,377946.2361911451
1192970,377946.2361911451
1192973,377946.2361911451
1193162,377946.2361911451
1193163,377946.2361911451
1193168,377946.2361911451
1193169,377946.2361911451
1193170,377946.2361911451
1193171,377946.2361911451
1193543,377946.2361911451
1193676,377946.2361911451
1193751,377946.2361911451
1193761,377946.2361911451
1193775,377946.2361911451
1193777,377946.2361911451
1193779,377946.2361911451
1193782,377946.2361911451
1193783,377946.2361911451
1193836,377946.2361911451
1193848,377946.2361911451
1193849,377946.2361911451
1193850,377946.2361911451
1193855,377946.2361911451
1193857,377946.2361911451
1193859,377946.2361911451
1193861,377946.2361911451
1193862,377946.2361911451
1193863,377946.2361911451
1193864,377946.2361911451
1193866,377946.2361911451
1193915,377946.2361911451
1193925,377946.2361911451
1193927,377946.2361911451
1193952,377946.2361911451
1193953,377946.2361911451
1193954,377946.2361911451
1193955,377946.2361911451
1193956,377946.2361911451
1193957,377946.2361911451
1194415,377946.2361911451
1194922,377946.2361911451
1194977,377946.2361911451
1195222,377946.2361911451
1195223,377946.2361911451
1195224,377946.2361911451
1195225,377946.2361911451
1195425,377946.2361911451
1195426,377946.2361911451
1195432,377946.2361911451
1195891,377946.2361911451
1195892,377946.2361911451
1195893,377946.2361911451
1195900,377946.2361911451
1195901,377946.2361911451
1195903,377946.2361911451
1196019,377946.2361911451
1196842,377946.2361911451
1196844,377946.2361911451
1196847,377946.2361911451
1196872,377946.2361911451
1196892,377946.2361911451
1196893,377946.2361911451
1196894,377946.2361911451
1196895,377946.2361911451
1196904,377946.2361911451
1196912,377946.2361911451
1196913,377946.2361911451
1196993,377946.2361911451
1196994,377946.2361911451
1196998,377946.2361911451
1196999,377946.2361911451
1197000,377946.2361911451
1197002,377946.2361911451
1197106,377946.2361911451
1197107,377946.2361911451
1197108,377946.2361911451
1197166,377946.2361911451
1197209,377946.2361911451
1197214,377946.2361911451
1197215,377946.2361911451
1197216,377946.2361911451
1197253,377946.2361911451
1197256,377946.2361911451
1197309,377946.2361911451
1197311,377946.2361911451
1197315,377946.2361911451
1197316,377946.2361911451
1197321,377946.2361911451
1197322,377946.2361911451
1197323,377946.2361911451
1197324,377946.2361911451
1197325,377946.2361911451
1197326,377946.2361911451
1197328,377946.2361911451
1197329,377946.2361911451
1197331,377946.2361911451
1197345,377946.2361911451
1197351,377946.2361911451
1197462,377946.2361911451
1197463,377946.2361911451
1197465,377946.2361911451
1197467,377946.2361911451
1197469,377946.2361911451
1197470,377946.2361911451
1197502,377946.2361911451
1197549,377946.2361911451
1197570,377946.2361911451
1197627,377946.2361911451
1197672,377946.2361911451
1197859,377946.2361911451
1197860,377946.2361911451
1197977,377946.2361911451
1197978,377946.2361911451
1198019,377946.2361911451
1198021,377946.2361911451
1198337,377946.2361911451
1198358,377946.2361911451
1198364,377946.2361911451
1198365,377946.2361911451
1198366,377946.2361911451
1198367,377946.2361911451
1198368,377946.2361911451
1198369,377946.2361911451
1198373,377946.2361911451
1198446,377946.2361911451
1198450,377946.2361911451
1198451,377946.2361911451
1198452,377946.2361911451
1198453,377946.2361911451
1198457,377946.2361911451
1198621,377946.2361911451
1198645,377946.2361911451
1198649,377946.2361911451
1198650,377946.2361911451
1198664,377946.2361911451
1198665,377946.2361911451
1198669,377946.2361911451
1198670,377946.2361911451
1198671,377946.2361911451
1198760,377946.2361911451
1198766,377946.2361911451
1198768,377946.2361911451
1198771,377946.2361911451
1198773,377946.2361911451
715273,377946.2361911451
717643,377946.2361911451
720473,377946.2361911451
722274,377946.2361911451
722610,377946.2361911451
722632,377946.2361911451
724293,377946.2361911451
724296,377946.2361911451
724367,377946.2361911451
724383,377946.2361911451
724402,377946.2361911451
724436,377946.2361911451
724693,377946.2361911451
725035,377946.2361911451
726164,377946.2361911451
728018,377946.2361911451
728963,377946.2361911451
730396,377946.2361911451
730570,377946.2361911451
732096,377946.2361911451
732455,377946.2361911451
733749,377946.2361911451
739805,377946.2361911451
762985,377946.2361911451
765024,377946.2361911451
766318,377946.2361911451
767291,377946.2361911451
768075,377946.2361911451
768187,377946.2361911451
768450,377946.2361911451
768818,377946.2361911451
775095,377946.2361911451
777984,377946.2361911451
780334,377946.2361911451
782037,377946.2361911451
783338,377946.2361911451
788907,377946.2361911451
791183,377946.2361911451
791186,377946.2361911451
800871,377946.2361911451
805218,377946.2361911451
808371,377946.2361911451
810903,377946.2361911451
813910,377946.2361911451
814295,377946.2361911451
816599,377946.2361911451
817980,377946.2361911451
818854,377946.2361911451
821034,377946.2361911451
822425,377946.2361911451
823206,377946.2361911451
823722,377946.2361911451
824962,377946.2361911451
827620,377946.2361911451
829106,377946.2361911451
829983,377946.2361911451
835034,377946.2361911451
835905,377946.2361911451
836853,377946.2361911451
836965,377946.2361911451
837221,377946.2361911451
837226,377946.2361911451
837310,377946.2361911451
837312,377946.2361911451
837322,377946.2361911451
837364,377946.2361911451
837447,377946.2361911451
837450,377946.2361911451
837480,377946.2361911451
837481,377946.2361911451
837534,377946.2361911451
837603,377946.2361911451
837604,377946.2361911451
837695,377946.2361911451
837700,377946.2361911451
838738,377946.2361911451
838739,377946.2361911451
838747,377946.2361911451
839708,377946.2361911451
839728,377946.2361911451
839729,377946.2361911451
839750,377946.2361911451
839751,377946.2361911451
839752,377946.2361911451
839753,377946.2361911451
839754,377946.2361911451
839789,377946.2361911451
839793,377946.2361911451
839796,377946.2361911451
840813,377946.2361911451
843860,377946.2361911451
844526,377946.2361911451
844543,377946.2361911451
844754,377946.2361911451
846486,377946.2361911451
847164,377946.2361911451
848484,377946.2361911451
936754,377946.2361911451
937863,377946.2361911451
937904,377946.2361911451
938417,377946.2361911451
938423,377946.2361911451
938603,377946.2361911451
938622,377946.2361911451
939544,377946.2361911451
940696,377946.2361911451
942465,377946.2361911451
942737,377946.2361911451
943019,377946.2361911451
943421,377946.2361911451
945655,377946.2361911451
947947,377946.2361911451
949288,377946.2361911451
952129,377946.2361911451
952131,377946.2361911451
952904,377946.2361911451
953479,377946.2361911451
954602,377946.2361911451
954929,377946.2361911451
955982,377946.2361911451
958924,377946.2361911451
959475,377946.2361911451
960089,377946.2361911451
960166,377946.2361911451
961081,377946.2361911451
961152,377946.2361911451
961156,377946.2361911451
963917,377946.2361911451
963924,377946.2361911451
963928,377946.2361911451
964509,377946.2361911451
965003,377946.2361911451
967216,377946.2361911451
967710,377946.2361911451
967711,377946.2361911451
967715,377946.2361911451
968678,377946.2361911451
969661,377946.2361911451
970940,377946.2361911451
971513,377946.2361911451
972147,377946.2361911451
972176,377946.2361911451
972866,377946.2361911451
974942,377946.2361911451
974954,377946.2361911451
976609,377946.2361911451
978142,377946.2361911451
978273,377946.2361911451
978277,377946.2361911451
978278,377946.2361911451
978281,377946.2361911451
978860,377946.2361911451
979110,377946.2361911451
979112,377946.2361911451
979516,377946.2361911451
980337,377946.2361911451
980476,377946.2361911451
982006,377946.2361911451
983877,377946.2361911451
983878,377946.2361911451
983879,377946.2361911451
985387,377946.2361911451
985462,377946.2361911451
985808,377946.2361911451
986398,377946.2361911451
987620,377946.2361911451
988304,377946.2361911451
988676,377946.2361911451
989018,377946.2361911451
995698,377946.2361911451
995822,377946.2361911451
1002393,377946.2361911451
1003195,377946.2361911451
1003292,377946.2361911451
1003326,377946.2361911451
1003655,377946.2361911451
1003662,377946.2361911451
1003847,377946.2361911451
1006131,377946.2361911451
1008419,377946.2361911451
1008432,377946.2361911451
1008509,377946.2361911451
1008929,377946.2361911451
1009457,377946.2361911451
1010167,377946.2361911451
1010251,377946.2361911451
1010311,377946.2361911451
1011035,377946.2361911451
1011899,377946.2361911451
1013203,377946.2361911451
1013464,377946.2361911451
1013942,377946.2361911451
1014952,377946.2361911451
1015519,377946.2361911451
1018488,377946.2361911451
1018565,377946.2361911451
1018830,377946.2361911451
1019163,377946.2361911451
1019257,377946.2361911451
1019258,377946.2361911451
1022427,377946.2361911451
1023024,377946.2361911451
1024198,377946.2361911451
1024386,377946.2361911451
1024633,377946.2361911451
1065813,377946.2361911451
1066642,377946.2361911451
1066903,377946.2361911451
1068872,377946.2361911451
1071707,377946.2361911451
1072579,377946.2361911451
1072606,377946.2361911451
1073519,377946.2361911451
1073733,377946.2361911451
1074535,377946.2361911451
1075895,377946.2361911451
1076216,377946.2361911451
1076517,377946.2361911451
1076917,377946.2361911451
1077573,377946.2361911451
1078672,377946.2361911451
1080081,377946.2361911451
1080084,377946.2361911451
1080177,377946.2361911451
1080179,377946.2361911451
1080180,377946.2361911451
1080182,377946.2361911451
1080646,377946.2361911451
1081890,377946.2361911451
1082838,377946.2361911451
1082935,377946.2361911451
1083177,377946.2361911451
1083187,377946.2361911451
1093683,377946.2361911451
1094194,377946.2361911451
1097426,377946.2361911451
1098571,377946.2361911451
1102741,377946.2361911451
1102778,377946.2361911451
1224860,377946.2361911451
1224861,377946.2361911451
1224864,377946.2361911451
1224865,377946.2361911451
1224868,377946.2361911451
1224877,377946.2361911451
1229111,377946.2361911451
1229116,377946.2361911451
1229118,377946.2361911451
1235951,377946.2361911451
1235954,377946.2361911451
1236545,377946.2361911451
1236554,377946.2361911451
1236560,377946.2361911451
1239168,377946.2361911451
1239172,377946.2361911451
1239175,377946.2361911451
1239178,377946.2361911451
1239179,377946.2361911451
1239182,377946.2361911451
1239184,377946.2361911451
1241221,377946.2361911451
1241227,377946.2361911451
1241228,377946.2361911451
96029,381897.8848884569
96056,381897.8848884569
96065,381897.8848884569
96072,381897.8848884569
96079,381897.8848884569
96099,381897.8848884569
96100,381897.8848884569
96136,381897.8848884569
96137,381897.8848884569
96138,381897.8848884569
96140,381897.8848884569
96142,381897.8848884569
96143,381897.8848884569
96193,381897.8848884569
96202,381897.8848884569
96206,381897.8848884569
96207,381897.8848884569
96224,381897.8848884569
96225,381897.8848884569
96227,381897.8848884569
96302,381897.8848884569
96318,379102.6865058972
96339,381897.8848884569
96369,381897.8848884569
96417,381897.8848884569
96432,381897.8848884569
96464,381897.8848884569
96467,381897.8848884569
96471,381897.8848884569
96476,329056.0280570328
96477,329056.0280570328
96481,320398.0782803482
96486,381897.8848884569
96487,381897.8848884569
96515,381897.8848884569
96547,381897.8848884569
96571,381897.8848884569
96574,381897.8848884569
96593,381897.8848884569
96606,381897.8848884569
96648,381897.8848884569
96654,381897.8848884569
96656,381897.8848884569
96661,396324.7868891045
96662,381897.8848884569
96664,381897.8848884569
96668,381897.8848884569
96669,381897.8848884569
96672,381897.8848884569
96678,379102.6865058972
96679,381897.8848884569
96683,381897.8848884569
96713,381897.8848884569
96715,381897.8848884569
96735,381897.8848884569
96742,329056.0280570328
96750,381897.8848884569
96751,381897.8848884569
96758,381897.8848884569
96760,381897.8848884569
96762,381897.8848884569
96765,381897.8848884569
96771,381897.8848884569
96772,381897.8848884569
96782,381897.8848884569
96790,320398.0782803482
96791,381897.8848884569
96816,381897.8848884569
96819,329056.0280570328
96821,381897.8848884569
96838,381897.8848884569
96862,381897.8848884569
96863,381897.8848884569
96869,329056.0280570328
96875,381897.8848884569
96876,381897.8848884569
96896,381897.8848884569
96897,377509.8268188473
96937,381897.8848884569
96946,381897.8848884569
96952,322261.0565251233
96957,381897.8848884569
96986,381897.8848884569
96988,381897.8848884569
96990,381897.8848884569
97005,381897.8848884569
97065,377509.8268188473
97071,329056.0280570328
97077,381897.8848884569
97081,381897.8848884569
97083,381897.8848884569
97093,381897.8848884569
97097,381897.8848884569
97122,329056.0280570328
97125,381897.8848884569
97126,381897.8848884569
97127,381897.8848884569
97129,381897.8848884569
97133,379102.6865058972
97137,381897.8848884569
97139,381897.8848884569
97140,381897.8848884569
97144,381897.8848884569
97146,381897.8848884569
97148,381897.8848884569
97149,381897.8848884569
97152,381897.8848884569
97154,381897.8848884569
97155,381897.8848884569
97161,381897.8848884569
97166,381897.8848884569
97194,381897.8848884569
97210,381897.8848884569
97213,381897.8848884569
97215,381897.8848884569
97217,381897.8848884569
97224,381897.8848884569
97226,381897.8848884569
97229,381897.8848884569
97235,381897.8848884569
97250,381897.8848884569
97263,381897.8848884569
97269,381897.8848884569
97312,381897.8848884569
97318,381897.8848884569
97327,381897.8848884569
97336,381897.8848884569
97447,381897.8848884569
97449,381897.8848884569
97467,395018.25743503147
97482,381897.8848884569
97495,395018.25743503147
97527,381897.8848884569
97531,381897.8848884569
97533,381897.8848884569
97545,381897.8848884569
97550,381897.8848884569
97555,329056.0280570328
97562,381897.8848884569
97564,381897.8848884569
97565,381897.8848884569
97566,381897.8848884569
97573,381897.8848884569
97575,381897.8848884569
97578,329056.0280570328
97579,329056.0280570328
97580,329056.0280570328
97582,329056.0280570328
97583,329056.0280570328
97584,329056.0280570328
97585,329056.0280570328
97586,329056.0280570328
97589,381897.8848884569
97590,381897.8848884569
97677,381897.8848884569
97680,381897.8848884569
97681,381897.8848884569
97686,381897.8848884569
97687,381897.8848884569
97690,381897.8848884569
97692,381897.8848884569
97696,381897.8848884569
97698,381897.8848884569
97699,381897.8848884569
97701,381897.8848884569
97704,381897.8848884569
97707,381897.8848884569
97729,329056.0280570328
97807,381897.8848884569
97808,381897.8848884569
97858,381897.8848884569
97859,381897.8848884569
97861,381897.8848884569
97879,381897.8848884569
97881,381897.8848884569
97885,381897.8848884569
97888,381897.8848884569
97897,379102.6865058972
97907,381897.8848884569
97911,381897.8848884569
97914,381897.8848884569
97927,329056.0280570328
97943,381897.8848884569
97949,320398.0782803482
97967,381897.8848884569
97988,381897.8848884569
97989,381897.8848884569
97990,381897.8848884569
97991,381897.8848884569
97993,381897.8848884569
97996,381897.8848884569
97997,381897.8848884569
97998,381897.8848884569
97999,381897.8848884569
98001,381897.8848884569
98014,381897.8848884569
98016,376979.61694300576
98036,381897.8848884569
98054,329056.0280570328
98063,381897.8848884569
98082,381897.8848884569
98083,381897.8848884569
98085,381897.8848884569
98086,381897.8848884569
98087,381897.8848884569
98090,381897.8848884569
98095,381897.8848884569
98103,381897.8848884569
98108,381897.8848884569
98119,381897.8848884569
98149,338872.1103791662
98164,395018.25743503147
98167,381897.8848884569
98168,381897.8848884569
98204,381897.8848884569
98248,381897.8848884569
98249,381897.8848884569
98257,381897.8848884569
98276,381897.8848884569
98293,381897.8848884569
98301,381897.8848884569
98308,381897.8848884569
98357,381897.8848884569
98358,381897.8848884569
98366,381897.8848884569
98394,381897.8848884569
98400,381897.8848884569
98403,381897.8848884569
98412,381897.8848884569
98413,381897.8848884569
98433,381897.8848884569
98450,381897.8848884569
98451,381897.8848884569
98452,329056.0280570328
98455,381897.8848884569
98462,381897.8848884569
98475,381897.8848884569
98499,381897.8848884569
98525,381897.8848884569
98526,381897.8848884569
98528,379102.6865058972
98531,322261.0565251233
98544,381897.8848884569
98553,381897.8848884569
98573,329056.0280570328
98582,329056.0280570328
98584,329056.0280570328
98585,329056.0280570328
98589,381897.8848884569
98593,381897.8848884569
98596,325776.42593146005
98648,381897.8848884569
98652,381897.8848884569
98653,381897.8848884569
98654,381897.8848884569
98656,329056.0280570328
98710,395018.25743503147
98754,381897.8848884569
98770,381897.8848884569
98780,381897.8848884569
98781,395018.25743503147
98782,395018.25743503147
98789,381897.8848884569
98804,381897.8848884569
98822,381897.8848884569
98823,381897.8848884569
98828,381897.8848884569
98842,320398.0782803482
98843,381897.8848884569
98846,381897.8848884569
98862,381897.8848884569
98863,381897.8848884569
98869,329056.0280570328
98870,329056.0280570328
98874,381897.8848884569
98876,381897.8848884569
98878,381897.8848884569
98883,381897.8848884569
98895,381897.8848884569
98899,381897.8848884569
98900,381897.8848884569
98901,381897.8848884569
98902,381897.8848884569
98905,381897.8848884569
98929,376979.61694300576
98948,379102.6865058972
98979,381897.8848884569
99010,381897.8848884569
99022,381897.8848884569
99035,395018.25743503147
99043,381897.8848884569
99044,381897.8848884569
99048,381897.8848884569
99051,381897.8848884569
99087,381897.8848884569
99098,381897.8848884569
99102,381897.8848884569
99104,381897.8848884569
99105,381897.8848884569
99114,395018.25743503147
99148,378582.9345908695
99163,329056.0280570328
99168,381897.8848884569
99198,381897.8848884569
99200,381897.8848884569
99205,381897.8848884569
99273,381897.8848884569
99277,381897.8848884569
99292,381897.8848884569
99293,381897.8848884569
99298,381897.8848884569
99300,381897.8848884569
99304,381897.8848884569
99305,381897.8848884569
99316,381897.8848884569
99319,381897.8848884569
99341,381897.8848884569
99344,329056.0280570328
99356,381897.8848884569
99360,381897.8848884569
99361,381897.8848884569
99389,381897.8848884569
99399,381897.8848884569
99400,381897.8848884569
99401,320398.0782803482
99421,381897.8848884569
99429,381897.8848884569
99433,379102.6865058972
99436,381897.8848884569
99439,381897.8848884569
99442,381897.8848884569
99450,381897.8848884569
99451,381897.8848884569
99460,395018.25743503147
99475,381897.8848884569
99480,395018.25743503147
99483,381897.8848884569
99529,381897.8848884569
99532,379102.6865058972
99542,381897.8848884569
99575,395018.25743503147
99583,381897.8848884569
99597,329056.0280570328
99601,381897.8848884569
99603,381897.8848884569
99624,329056.0280570328
99625,381897.8848884569
99651,381897.8848884569
99655,379102.6865058972
99673,379102.6865058972
99694,381897.8848884569
99697,381897.8848884569
99698,381897.8848884569
99714,329056.0280570328
99716,381897.8848884569
99717,381897.8848884569
99718,381897.8848884569
99719,381897.8848884569
99728,381897.8848884569
99736,381897.8848884569
99739,381897.8848884569
99751,378582.9345908695
99759,420417.1045315981
99760,376979.61694300576
99761,381897.8848884569
99765,381897.8848884569
99769,379050.729605459
99812,413935.1775734795
99817,413935.1775734795
99855,436775.93668326264
99868,381393.58231202065
99869,381393.58231202065
99874,381393.58231202065
99895,374224.5085571993
99897,413935.1775734795
99980,413935.1775734795
99982,413935.1775734795
99984,501629.3352376608
99985,413935.1775734795
99990,379050.729605459
99991,413935.1775734795
100086,413935.1775734795
100110,413935.1775734795
100115,413935.1775734795
100118,413935.1775734795
100119,413935.1775734795
100122,413935.1775734795
100125,413935.1775734795
100126,413935.1775734795
100127,413935.1775734795
100129,413935.1775734795
100130,413935.1775734795
100134,413935.1775734795
100136,413935.1775734795
100156,413935.1775734795
100157,381579.3662234985
100169,413935.1775734795
100171,374224.5085571993
100179,386219.8033602804
100187,386219.8033602804
100192,386219.8033602804
100193,386219.8033602804
100219,379050.729605459
100243,379050.729605459
100244,379050.729605459
100289,413935.1775734795
100297,413935.1775734795
100310,413935.1775734795
100312,413935.1775734795
100327,376753.14517523884
100378,378026.1294284305
100422,386219.8033602804
100447,386219.8033602804
100513,379050.729605459
100520,379050.729605459
100532,374224.5085571993
100534,381393.58231202065
100537,374224.5085571993
100550,374224.5085571993
100557,386219.8033602804
100564,376753.14517523884
100571,379050.729605459
100575,379050.729605459
100595,379050.729605459
100596,413935.1775734795
100620,413935.1775734795
100621,413935.1775734795
100648,413935.1775734795
100652,379050.729605459
100661,413935.1775734795
100677,413935.1775734795
100678,413935.1775734795
100681,413935.1775734795
100708,381393.58231202065
100709,381393.58231202065
100723,413935.1775734795
100730,413935.1775734795
100733,379050.729605459
100735,379050.729605459
100736,379050.729605459
100744,379050.729605459
100755,379050.729605459
100774,375497.49281039095
100800,498989.1652659633
100805,381579.3662234985
100812,379050.729605459
100813,379050.729605459
100819,386219.8033602804
100821,413935.1775734795
100866,379050.729605459
100906,413935.1775734795
100942,413935.1775734795
100950,381393.58231202065
101142,379050.729605459
101185,374224.5085571993
101191,413935.1775734795
101193,413935.1775734795
101283,381579.3662234985
101287,388837.2518932864
101300,413935.1775734795
101308,379050.729605459
101316,375497.49281039095
101318,413935.1775734795
101326,374224.5085571993
101402,413935.1775734795
101456,386219.8033602804
101469,379050.729605459
101478,413935.1775734795
101486,379050.729605459
101499,413935.1775734795
101501,375497.49281039095
101506,379050.729605459
101512,376753.14517523884
101514,386219.8033602804
101515,386219.8033602804
101527,376753.14517523884
101552,386219.8033602804
101571,374224.5085571993
101583,374224.5085571993
101600,376753.14517523884
101601,376753.14517523884
101603,376753.14517523884
101614,374224.5085571993
101619,413935.1775734795
101642,386219.8033602804
101673,375497.49281039095
101680,413935.1775734795
101694,379050.729605459
101702,379050.729605459
101707,413935.1775734795
101720,381393.58231202065
101755,381393.58231202065
101770,381393.58231202065
101780,413935.1775734795
101785,376753.14517523884
101817,379050.729605459
101913,374224.5085571993
101915,379050.729605459
101919,379050.729605459
101976,386219.8033602804
101987,381579.3662234985
102114,379050.729605459
102116,379050.729605459
102197,413935.1775734795
102198,386219.8033602804
102217,383713.38388296595
102252,379050.729605459
102299,413935.1775734795
102330,379050.729605459
102350,379050.729605459
102352,379050.729605459
102353,379050.729605459
102404,374224.5085571993
102405,374224.5085571993
102415,382847.4241998021
102420,379050.729605459
102442,374224.5085571993
102475,413935.1775734795
102479,413935.1775734795
102511,413935.1775734795
102568,381579.3662234985
102580,379050.729605459
102593,413935.1775734795
102598,379050.729605459
102607,374224.5085571993
102637,374224.5085571993
102792,379050.729605459
102794,379050.729605459
102837,505007.57610972616
102890,386219.8033602804
102905,382847.4241998021
102910,381393.58231202065
102922,386219.8033602804
102985,399700.86010925064
103028,382847.4241998021
103115,381579.3662234985
103132,379050.729605459
103138,386219.8033602804
103179,379050.729605459
103199,386219.8033602804
103244,379050.729605459
103246,379050.729605459
103276,413935.1775734795
103283,381393.58231202065
103313,429943.8362427808
103362,413935.1775734795
103392,413935.1775734795
103395,376753.14517523884
103428,379050.729605459
103436,379050.729605459
103463,381579.3662234985
103493,407357.8937684711
103495,413935.1775734795
103498,413935.1775734795
103504,413935.1775734795
103524,411711.33176050417
103527,413935.1775734795
103530,413935.1775734795
103532,379872.4708266325
103534,413935.1775734795
103540,379872.4708266325
103547,405706.99853979965
103555,373430.8086682636
103556,396731.48667083686
103557,379050.729605459
103567,413935.1775734795
103568,426196.60253712506
103571,413935.1775734795
103577,409411.9731149203
103578,413935.1775734795
103579,445859.7684764571
103595,374527.5251468998
103601,413935.1775734795
103603,413935.1775734795
103604,413935.1775734795
103608,379050.729605459
103614,379872.4708266325
103620,379872.4708266325
103625,453031.0294523686
103627,409411.9731149203
103678,413935.1775734795
103679,413935.1775734795
103685,396731.48667083686
103716,398921.76195119263
103720,413935.1775734795
103778,413935.1775734795
103780,398382.3818995083
103785,398382.3818995083
103787,379050.729605459
103815,379050.729605459
103816,414756.918794653
103821,405706.99853979965
103836,405706.99853979965
103845,413935.1775734795
103851,413935.1775734795
103858,413935.1775734795
103859,411711.33176050417
103862,413935.1775734795
103866,379050.729605459
103873,374527.5251468998
103876,413935.1775734795
103879,414756.918794653
103885,379050.729605459
103889,379050.729605459
103898,414756.918794653
103899,413935.1775734795
103909,409411.9731149203
103911,413935.1775734795
103920,379050.729605459
103927,409411.9731149203
103933,414756.918794653
103946,413935.1775734795
103949,413935.1775734795
103950,413935.1775734795
103965,374527.5251468998
103997,405706.99853979965
104017,454646.23147600883
104028,379050.729605459
104068,405706.99853979965
104077,413935.1775734795
104098,413935.1775734795
104099,413935.1775734795
104103,374527.5251468998
104135,453031.0294523686
104141,441793.88946948876
104148,413935.1775734795
104149,453031.0294523686
104151,534589.8331830269
104154,413935.1775734795
104161,551394.8865291103
104163,407357.8937684711
104165,413935.1775734795
104195,438045.7305411016
104205,414756.918794653
104218,441680.96048885846
104238,373430.8086682636
104245,414756.918794653
104248,413935.1775734795
104252,411711.33176050417
104265,413935.1775734795
104266,459570.4080101529
104273,413935.1775734795
104274,405706.99853979965
104286,398382.3818995083
104290,405706.99853979965
104293,398382.3818995083
104299,379050.729605459
104309,379050.729605459
104326,414756.918794653
104345,407360.84593701764
104359,405706.99853979965
104368,413935.1775734795
104379,413935.1775734795
104381,405706.99853979965
104403,374527.5251468998
104414,379050.729605459
104417,413935.1775734795
104419,407357.8937684711
104431,411711.33176050417
104439,379050.729605459
104445,413935.1775734795
104447,407357.8937684711
104451,441793.88946948876
104454,379050.729605459
104456,379050.729605459
104465,441793.88946948876
104473,413935.1775734795
104489,398921.76195119263
104492,413935.1775734795
104513,411711.33176050417
104517,409411.9731149203
104519,379050.729605459
104523,379050.729605459
104524,405706.99853979965
104526,379050.729605459
104533,413935.1775734795
104538,409411.9731149203
104539,409411.9731149203
104545,379050.729605459
104561,405706.99853979965
104598,405706.99853979965
104599,405706.99853979965
104611,398921.76195119263
104613,379050.729605459
104623,413935.1775734795
104627,413935.1775734795
104628,379050.729605459
104629,413935.1775734795
104630,413935.1775734795
104640,413935.1775734795
104641,413935.1775734795
104642,413935.1775734795
104665,379050.729605459
104804,411711.33176050417
104847,413935.1775734795
104861,497106.13077910163
104862,414756.918794653
104863,497106.13077910163
104896,413935.1775734795
104899,407357.8937684711
104901,379050.729605459
104906,379050.729605459
104922,405706.99853979965
104924,413935.1775734795
104925,405706.99853979965
104930,379050.729605459
104935,411711.33176050417
104936,411711.33176050417
104964,413935.1775734795
104965,413935.1775734795
104970,413935.1775734795
104973,413935.1775734795
104975,453031.0294523686
104979,379050.729605459
104995,413935.1775734795
104996,413935.1775734795
104998,379050.729605459
104999,379050.729605459
105000,379050.729605459
105024,413935.1775734795
105029,413935.1775734795
105037,413935.1775734795
105038,413935.1775734795
105039,413935.1775734795
105049,1104923.4030898244
105057,413935.1775734795
105061,549122.0461862016
105065,409411.9731149203
105076,413935.1775734795
105091,407357.8937684711
105116,454646.23147600883
105136,413935.1775734795
105143,413935.1775734795
105151,413935.1775734795
105160,374527.5251468998
105162,413935.1775734795
105170,453031.0294523686
105172,414756.918794653
105179,405706.99853979965
105184,413935.1775734795
105185,411711.33176050417
105197,379050.729605459
105202,411711.33176050417
105231,413935.1775734795
105232,404471.4948567701
105235,413935.1775734795
105249,379050.729605459
105258,379050.729605459
105259,408180.0941946059
105272,413935.1775734795
105287,373430.8086682636
105293,379050.729605459
105304,414756.918794653
105314,413935.1775734795
105315,413935.1775734795
105328,413935.1775734795
105341,413935.1775734795
105344,413935.1775734795
105349,413935.1775734795
105350,395047.1351184866
105351,413935.1775734795
105362,405706.99853979965
105376,413935.1775734795
105386,413935.1775734795
105392,432767.33489366586
105401,413935.1775734795
105409,414756.918794653
105414,405706.99853979965
105418,2778147.0985427494
105419,411711.33176050417
105425,413935.1775734795
105440,413935.1775734795
105447,374527.5251468998
105448,374527.5251468998
105452,413935.1775734795
105463,413935.1775734795
105464,413935.1775734795
105465,413935.1775734795
105524,413935.1775734795
105526,379050.729605459
105531,411711.33176050417
105536,413935.1775734795
105557,398382.3818995083
105633,413935.1775734795
105635,413935.1775734795
105637,405706.99853979965
105674,413935.1775734795
105681,411711.33176050417
105703,413935.1775734795
105704,413935.1775734795
105705,413935.1775734795
105706,409411.9731149203
105711,494465.96080740413
105712,497106.13077910163
105719,413935.1775734795
105728,405706.99853979965
105734,410352.70345123165
105735,413935.1775734795
105745,426196.60253712506
105749,453031.0294523686
105764,410352.70345123165
105765,453031.0294523686
105768,413935.1775734795
105772,534589.8331830269
105778,453031.0294523686
105779,413935.1775734795
105785,405706.99853979965
105790,413935.1775734795
105806,453031.0294523686
105827,407357.8937684711
105831,413935.1775734795
105845,413935.1775734795
105848,413935.1775734795
105852,405706.99853979965
105865,413935.1775734795
105874,414756.918794653
105906,413935.1775734795
105910,413935.1775734795
105915,374527.5251468998
105929,374527.5251468998
105945,411711.33176050417
105946,414756.918794653
105947,374527.5251468998
105948,413935.1775734795
105954,414756.918794653
105990,413935.1775734795
106000,405706.99853979965
106016,453031.0294523686
106030,374527.5251468998
106034,414756.918794653
106035,374527.5251468998
106040,432767.33489366586
106074,379050.729605459
106139,405706.99853979965
106142,414756.918794653
106155,413935.1775734795
106168,411711.33176050417
106177,413935.1775734795
106183,414756.918794653
106184,411711.33176050417
106185,414756.918794653
106201,414756.918794653
106215,413935.1775734795
106233,414756.918794653
106235,409411.9731149203
106236,413935.1775734795
106239,413935.1775734795
106241,441680.96048885846
106242,441680.96048885846
106243,405706.99853979965
106254,413935.1775734795
106259,374527.5251468998
106263,414756.918794653
106281,411711.33176050417
106282,432767.33489366586
106292,426196.60253712506
106294,413935.1775734795
106343,379050.729605459
106356,413935.1775734795
106359,414756.918794653
106360,407357.8937684711
106362,413935.1775734795
106390,374527.5251468998
106391,411711.33176050417
106398,411711.33176050417
106442,379050.729605459
106449,413935.1775734795
106456,453031.0294523686
106458,405706.99853979965
106467,551394.8865291103
106512,413935.1775734795
106522,413935.1775734795
106565,413935.1775734795
106572,413935.1775734795
106579,413935.1775734795
106587,413935.1775734795
106591,523915.93196268735
106599,413935.1775734795
106604,5106844.187014627
106618,413935.1775734795
106647,413935.1775734795
106654,413935.1775734795
106665,413935.1775734795
106668,413935.1775734795
106678,534589.8331830269
106685,405706.99853979965
106707,413935.1775734795
106727,413935.1775734795
106760,360724.54800467024
106776,365523.4100989572
106780,361482.37248538085
106781,361482.37248538085
106783,356683.5103910938
106784,356683.5103910938
106790,356683.5103910938
106792,356683.5103910938
106819,357956.4946442854
106835,361482.37248538085
106845,430289.43485238706
106849,430289.43485238706
106857,361482.37248538085
106858,356683.5103910938
106860,361482.37248538085
106862,356683.5103910938
106871,369702.6818791414
106881,360724.54800467024
106896,365523.4100989572
106900,362755.3567385725
106902,356683.5103910938
106907,359651.91193644033
106918,356683.5103910938
106925,357956.4946442854
106927,356683.5103910938
106929,356683.5103910938
106934,357956.4946442854
106948,356683.5103910938
106949,412559.3468676444
106951,368604.5876200039
106954,357956.4946442854
106965,361482.37248538085
106975,356683.5103910938
106990,361482.37248538085
106992,356683.5103910938
107003,356683.5103910938
107004,368604.5876200039
107015,361482.37248538085
107016,357956.4946442854
107035,357956.4946442854
107058,412559.3468676444
107062,362755.3567385725
107071,360724.54800467024
107086,412559.3468676444
107093,358151.84159951715
107100,357956.4946442854
107122,356683.5103910938
107268,356683.5103910938
107275,357956.4946442854
107357,356683.5103910938
107361,361482.37248538085
107393,361482.37248538085
107395,360724.54800467024
107412,361482.37248538085
107416,356683.5103910938
107428,362755.3567385725
107452,361482.37248538085
107454,360724.54800467024
107464,356683.5103910938
107467,356683.5103910938
107469,361482.37248538085
107470,361482.37248538085
107472,361482.37248538085
107473,361482.37248538085
107487,360724.54800467024
107489,369128.58511035127
107495,356683.5103910938
107497,413964.5830984481
107501,356683.5103910938
107506,361482.37248538085
107510,361482.37248538085
107520,356683.5103910938
107551,360724.54800467024
107556,356683.5103910938
107572,356683.5103910938
107584,356683.5103910938
107594,356683.5103910938
107595,356683.5103910938
107601,356683.5103910938
107614,357956.4946442854
107616,365523.4100989572
107617,356683.5103910938
107619,365523.4100989572
107621,365523.4100989572
107650,361482.37248538085
107656,356683.5103910938
107678,356683.5103910938
107680,413964.5830984481
107684,356683.5103910938
107687,356683.5103910938
107690,361482.37248538085
107692,361482.37248538085
107693,361482.37248538085
107694,361482.37248538085
107695,361482.37248538085
107702,361482.37248538085
107712,356683.5103910938
107718,356683.5103910938
107722,362755.3567385725
107757,368604.5876200039
107762,369103.9761016021
107769,412559.3468676444
107770,412559.3468676444
107771,360724.54800467024
107776,365523.4100989572
107778,356683.5103910938
107788,369103.9761016021
107792,361482.37248538085
107812,356683.5103910938
107831,361482.37248538085
107832,369128.58511035127
107863,368604.5876200039
107871,363692.94955001667
107873,363692.94955001667
107874,363692.94955001667
107875,363692.94955001667
107906,360724.54800467024
107915,363692.94955001667
107916,363692.94955001667
107917,363692.94955001667
107918,363692.94955001667
107919,363692.94955001667
107920,363692.94955001667
107998,360724.54800467024
108021,368604.5876200039
108137,368604.5876200039
108190,356683.5103910938
108231,361482.37248538085
108235,361482.37248538085
108237,361482.37248538085
108246,356683.5103910938
108272,360724.54800467024
108277,389620.0370962973
108281,413964.5830984481
108283,365523.4100989572
108285,356683.5103910938
108340,358151.84159951715
108343,361482.37248538085
108401,360724.54800467024
108406,361482.37248538085
108408,412559.3468676444
108410,356683.5103910938
108429,356683.5103910938
108444,361482.37248538085
108447,361482.37248538085
108465,357755.41747878306
108468,357956.4946442854
108479,369103.9761016021
108496,361482.37248538085
108505,360724.54800467024
108512,361482.37248538085
108518,361482.37248538085
108519,369103.9761016021
108524,361482.37248538085
108527,356683.5103910938
108528,356683.5103910938
108545,357956.4946442854
108548,356683.5103910938
108551,369128.58511035127
108557,356683.5103910938
108558,356683.5103910938
108574,356683.5103910938
108580,357755.41747878306
108581,363692.94955001667
108589,356683.5103910938
108654,356683.5103910938
108658,360724.54800467024
108757,361482.37248538085
108771,356683.5103910938
108778,356683.5103910938
108802,356683.5103910938
108814,360724.54800467024
108816,413964.5830984481
108817,356683.5103910938
108832,356683.5103910938
108855,361482.37248538085
108867,356683.5103910938
108886,361482.37248538085
108900,361482.37248538085
108916,412559.3468676444
108948,356683.5103910938
108960,356683.5103910938
108962,356683.5103910938
108983,361482.37248538085
108984,361482.37248538085
108992,356683.5103910938
108993,361482.37248538085
109002,358151.84159951715
109051,360724.54800467024
109135,356683.5103910938
109157,361482.37248538085
109160,360724.54800467024
109175,356683.5103910938
109189,361482.37248538085
109236,369103.9761016021
109250,360724.54800467024
109251,360724.54800467024
109254,368926.0420666465
109323,356683.5103910938
109368,412559.3468676444
109384,365306.4260336966
109388,361482.37248538085
109389,359223.7486872064
109414,362755.3567385725
109434,412559.3468676444
109448,369103.9761016021
109454,365523.4100989572
109455,360724.54800467024
109456,365523.4100989572
109478,361482.37248538085
109488,360724.54800467024
109499,356683.5103910938
109504,356683.5103910938
109509,356683.5103910938
109523,356683.5103910938
109524,356683.5103910938
109525,356683.5103910938
109526,356683.5103910938
109534,360724.54800467024
109546,356683.5103910938
109566,356683.5103910938
109570,361482.37248538085
109577,361482.37248538085
109586,369103.9761016021
109589,361482.37248538085
109597,356683.5103910938
109608,394569.53282667237
109624,394569.53282667237
109633,374409.57669558114
109634,394569.53282667237
109650,371733.9894270288
109651,371733.9894270288
109653,371733.9894270288
109654,383905.26802832785
109656,374857.96605027845
109658,379454.2145806536
109659,394569.53282667237
109661,394569.53282667237
109667,371733.9894270288
109672,376185.04287470295
109673,371733.9894270288
109674,371733.9894270288
109675,371733.9894270288
109690,371733.9894270288
109698,394569.53282667237
109703,374409.57669558114
109710,371733.9894270288
109711,372189.0703908038
109724,375806.4277834158
109729,379454.2145806536
109736,394569.53282667237
109777,379454.2145806536
109778,375806.4277834158
109779,371733.9894270288
109780,371733.9894270288
109781,372189.0703908038
109794,379454.2145806536
109860,372189.0703908038
109861,394569.53282667237
109867,375051.00435946
109868,375051.00435946
109876,379454.2145806536
109891,374202.1232722722
109896,371733.9894270288
109903,379454.2145806536
109905,371733.9894270288
109915,371733.9894270288
109925,380206.4564929767
109959,379454.2145806536
109962,380206.4564929767
109985,365729.65620632435
109986,365729.65620632435
110001,376123.68369478994
110013,372189.0703908038
110024,372189.0703908038
110041,371733.9894270288
110055,371733.9894270288
110056,371733.9894270288
110060,371733.9894270288
110065,375806.4277834158
110079,371733.9894270288
110092,371733.9894270288
110099,379454.2145806536
110108,394569.53282667237
110121,371733.9894270288
110130,374409.57669558114
110132,371733.9894270288
110135,371733.9894270288
110136,371733.9894270288
110137,371733.9894270288
110138,371733.9894270288
110139,371733.9894270288
110148,383905.26802832785
110150,376185.04287470295
110158,371733.9894270288
110160,394569.53282667237
110161,394569.53282667237
110180,374409.57669558114
110223,394569.53282667237
110226,371733.9894270288
110236,371733.9894270288
110248,371733.9894270288
110295,365729.65620632435
110319,394569.53282667237
110327,375806.4277834158
110330,373006.03399866866
110335,379454.2145806536
110345,374409.57669558114
110348,394569.53282667237
110349,394569.53282667237
110351,379454.2145806536
110355,381154.91822611407
110365,379454.2145806536
110380,371733.9894270288
110387,379454.2145806536
110392,371733.9894270288
110393,371733.9894270288
110403,406149.8759594856
110452,381154.91822611407
110462,379454.2145806536
110538,372754.8347669142
110626,371733.9894270288
110628,371733.9894270288
110631,394569.53282667237
110642,383905.26802832785
110672,380206.4564929767
110695,371733.9894270288
110698,394569.53282667237
110716,379454.2145806536
110725,383905.26802832785
110733,380206.4564929767
110742,395961.7251381583
110743,380206.4564929767
110747,371733.9894270288
110758,371733.9894270288
110769,377101.24788228725
110780,394569.53282667237
110790,380206.4564929767
110791,380206.4564929767
110792,371733.9894270288
110795,380206.4564929767
110796,394569.53282667237
110797,394569.53282667237
110798,394569.53282667237
110803,379454.2145806536
110807,376123.68369478994
110817,371733.9894270288
110824,380206.4564929767
110854,371733.9894270288
110872,414650.7377797107
110875,394569.53282667237
110883,375806.4277834158
110902,376123.68369478994
110903,402289.75798029714
110912,372189.0703908038
110914,371733.9894270288
110923,371733.9894270288
110934,371733.9894270288
110938,371733.9894270288
110939,371733.9894270288
110945,379454.2145806536
110948,379454.2145806536
110949,379454.2145806536
110964,371733.9894270288
110980,394569.53282667237
110983,394569.53282667237
110992,379454.2145806536
110993,371733.9894270288
110999,371733.9894270288
111000,371733.9894270288
111001,371733.9894270288
111003,371733.9894270288
111005,371733.9894270288
111008,371733.9894270288
111009,371733.9894270288
111014,394569.53282667237
111018,376185.04287470295
111023,394569.53282667237
111031,371733.9894270288
111035,379454.2145806536
111054,371733.9894270288
111059,371733.9894270288
111079,512983.7888370815
111113,371733.9894270288
111114,371733.9894270288
111117,371733.9894270288
111118,371733.9894270288
111119,371733.9894270288
111120,371733.9894270288
111122,371733.9894270288
111123,371733.9894270288
111124,371733.9894270288
111125,371733.9894270288
111127,371733.9894270288
111129,371733.9894270288
111143,372189.0703908038
111147,371733.9894270288
111148,371733.9894270288
111166,371733.9894270288
111167,379454.2145806536
111168,379454.2145806536
111191,394569.53282667237
111196,372189.0703908038
111197,372189.0703908038
111199,394569.53282667237
111208,379454.2145806536
111216,371733.9894270288
111252,374857.96605027845
111255,442098.88632676273
111319,383905.26802832785
111384,383905.26802832785
111386,374857.96605027845
111388,379454.2145806536
111389,383905.26802832785
111394,376123.68369478994
111395,376123.68369478994
111435,373449.8813599491
111446,361509.73143935343
111457,371733.9894270288
111459,383905.26802832785
111463,383905.26802832785
111477,376123.68369478994
111496,394569.53282667237
111506,379454.2145806536
111507,371733.9894270288
111510,380206.4564929767
111512,394569.53282667237
111523,376123.68369478994
111530,371733.9894270288
111531,376185.04287470295
111534,374409.57669558114
111538,380206.4564929767
111554,403894.4395098977
111573,379454.2145806536
111590,380574.73714246415
111598,379454.2145806536
111608,371733.9894270288
111611,375806.4277834158
111621,403107.11749133875
111628,379454.2145806536
111629,379454.2145806536
111633,371733.9894270288
111636,371733.9894270288
111637,371733.9894270288
111658,379454.2145806536
111665,371733.9894270288
111697,371733.9894270288
111703,379454.2145806536
111774,371733.9894270288
111775,382074.8074793872
111820,371733.9894270288
111839,362606.4479179897
111846,379454.2145806536
111850,371733.9894270288
111856,371733.9894270288
111860,379454.2145806536
111865,361509.73143935343
111883,376185.04287470295
111884,376185.04287470295
111885,376185.04287470295
111894,376185.04287470295
111915,371733.9894270288
111924,379454.2145806536
111939,379454.2145806536
111954,371619.4208110086
111965,394569.53282667237
111970,383905.26802832785
111976,394569.53282667237
111987,383905.26802832785
111988,371733.9894270288
112051,379454.2145806536
112063,379454.2145806536
112068,393939.4853572744
112075,394569.53282667237
112157,371733.9894270288
112162,383905.26802832785
112163,383905.26802832785
112227,376185.04287470295
112230,383905.26802832785
112247,379454.2145806536
112271,376123.68369478994
112297,380206.4564929767
112315,394569.53282667237
112335,320398.0782803482
112353,329056.0280570328
112355,420417.1045315981
112367,329056.0280570328
112375,381897.8848884569
112378,381897.8848884569
112388,318386.2657386007
112412,313176.2159468361
112424,419889.1774546784
112431,322261.0565251233
112465,329056.0280570328
112466,329056.0280570328
112474,329056.0280570328
112486,329056.0280570328
112510,321885.01463269076
112511,321885.01463269076
112512,318386.2657386007
112657,381897.8848884569
112663,381897.8848884569
112673,329056.0280570328
112680,320398.0782803482
112681,320398.0782803482
112694,395018.25743503147
112696,318386.2657386007
112713,318386.2657386007
112716,313176.2159468361
112718,313176.2159468361
112720,318386.2657386007
112726,318386.2657386007
112744,318386.2657386007
112748,318386.2657386007
112755,320398.0782803482
112757,420417.1045315981
112780,328771.6882405267
112793,419889.1774546784
112796,381897.8848884569
112816,420247.1517972342
112822,395018.25743503147
112823,395018.25743503147
112825,395018.25743503147
112828,420417.1045315981
112851,419889.1774546784
112872,381897.8848884569
112874,381897.8848884569
112921,419889.1774546784
112925,395018.25743503147
112926,318386.2657386007
112928,395018.25743503147
112929,395018.25743503147
112930,395018.25743503147
112933,419889.1774546784
112938,317267.3479580649
112960,318386.2657386007
112963,318386.2657386007
112970,318386.2657386007
112974,395018.25743503147
112986,322261.0565251233
112987,322261.0565251233
113022,318386.2657386007
113037,395018.25743503147
113109,318386.2657386007
113113,395018.25743503147
113114,395018.25743503147
113163,320398.0782803482
113169,320398.0782803482
113181,313176.2159468361
113206,322261.0565251233
113207,322261.0565251233
113230,322261.0565251233
113231,395018.25743503147
113246,335916.47130115115
113248,322261.0565251233
113313,320398.0782803482
113314,320398.0782803482
113315,320398.0782803482
113320,318386.2657386007
113322,318386.2657386007
113323,318386.2657386007
113326,318386.2657386007
113329,318386.2657386007
113465,381897.8848884569
113468,381897.8848884569
113478,318386.2657386007
113488,381897.8848884569
113491,322261.0565251233
113503,320398.0782803482
113552,317267.3479580649
113568,320398.0782803482
113608,318386.2657386007
113613,320398.0782803482
113616,320398.0782803482
113617,320398.0782803482
113630,318386.2657386007
113644,329056.0280570328
113645,329056.0280570328
113657,420417.1045315981
113662,395018.25743503147
113668,336489.86044696963
113703,318386.2657386007
113704,318386.2657386007
113706,395018.25743503147
113711,329121.49976924167
113750,395018.25743503147
113752,328771.6882405267
113762,381897.8848884569
113804,395018.25743503147
113809,419889.1774546784
113813,322261.0565251233
113831,320398.0782803482
113871,329056.0280570328
113884,318386.2657386007
113888,320398.0782803482
113890,320398.0782803482
113909,313176.2159468361
113922,381897.8848884569
113950,395018.25743503147
113957,381897.8848884569
113995,318386.2657386007
114001,313176.2159468361
114002,313176.2159468361
114007,377191.6666706547
114030,318386.2657386007
114031,318386.2657386007
114139,322261.0565251233
114172,381897.8848884569
114187,381897.8848884569
114200,318177.8442770742
114204,320398.0782803482
114217,322261.0565251233
114242,322261.0565251233
114253,442631.8749739269
114266,337571.87773880974
114276,318386.2657386007
114334,318386.2657386007
114335,318386.2657386007
114336,318386.2657386007
114337,313176.2159468361
114377,336489.86044696963
114379,395018.25743503147
114396,395018.25743503147
114401,322261.0565251233
114405,335916.47130115115
114407,335916.47130115115
114431,395018.25743503147
114432,395018.25743503147
114440,318386.2657386007
114449,329056.0280570328
114454,318386.2657386007
114458,420417.1045315981
114461,318386.2657386007
114468,419889.1774546784
114560,318386.2657386007
114619,320398.0782803482
114634,338872.1103791662
114649,381897.8848884569
114650,320398.0782803482
114658,320398.0782803482
114661,419889.1774546784
114676,320398.0782803482
114684,419889.1774546784
114688,321192.24774010875
114690,381897.8848884569
114698,395018.25743503147
114702,318386.2657386007
114711,321192.24774010875
114717,318386.2657386007
114721,320398.0782803482
114728,322261.0565251233
114732,320398.0782803482
114736,322261.0565251233
114748,318386.2657386007
114764,395018.25743503147
114780,318386.2657386007
114781,320398.0782803482
114790,320398.0782803482
114804,318386.2657386007
114809,419889.1774546784
114812,332398.72843574086
114816,318386.2657386007
114839,320398.0782803482
114847,320398.0782803482
114884,419889.1774546784
114886,395018.25743503147
114887,395018.25743503147
114893,420417.1045315981
114904,379872.4708266325
114941,368604.5876200039
114950,417462.99618857674
114969,379050.729605459
114993,379050.729605459
114997,373430.8086682636
115004,379050.729605459
115020,373430.8086682636
115025,379050.729605459
115027,379872.4708266325
115078,419761.78350798844
115080,419761.78350798844
115081,419761.78350798844
115082,419761.78350798844
115085,419761.78350798844
115086,419761.78350798844
115087,419761.78350798844
115088,419761.78350798844
115093,379050.729605459
115098,379050.729605459
115099,379050.729605459
115100,379050.729605459
115178,374224.5085571993
115179,374224.5085571993
115181,374224.5085571993
115243,379050.729605459
115261,379050.729605459
115279,379050.729605459
115316,379050.729605459
115318,379050.729605459
115360,379872.4708266325
115394,369877.57187319564
115403,373430.8086682636
115408,379050.729605459
115412,374224.5085571993
115417,374224.5085571993
115418,379050.729605459
115422,374224.5085571993
115479,379050.729605459
115480,379050.729605459
115481,379050.729605459
115482,379050.729605459
115483,379050.729605459
115485,379050.729605459
115488,379050.729605459
115505,382847.4241998021
115506,382847.4241998021
115507,382847.4241998021
115508,382847.4241998021
115509,382847.4241998021
115510,382847.4241998021
115511,382847.4241998021
115512,382847.4241998021
115514,382847.4241998021
115515,382847.4241998021
115516,382847.4241998021
115517,382847.4241998021
115528,382847.4241998021
115536,382847.4241998021
115537,382847.4241998021
115538,382847.4241998021
115539,382847.4241998021
115541,382847.4241998021
115542,382847.4241998021
115543,382847.4241998021
115544,382847.4241998021
115545,382847.4241998021
115548,379050.729605459
115551,382847.4241998021
115552,382847.4241998021
115553,382847.4241998021
115554,382847.4241998021
115555,382847.4241998021
115559,379050.729605459
115597,379050.729605459
115598,379050.729605459
115642,379050.729605459
115652,379050.729605459
115780,379050.729605459
115818,374224.5085571993
115896,374224.5085571993
115898,374224.5085571993
115900,374224.5085571993
115902,374224.5085571993
115910,379050.729605459
115927,375497.49281039095
115980,379050.729605459
115983,379050.729605459
116008,379050.729605459
116056,379050.729605459
116064,379050.729605459
116065,379050.729605459
116066,379050.729605459
116067,379050.729605459
116068,379050.729605459
116069,379050.729605459
116071,379050.729605459
116072,379050.729605459
116094,379050.729605459
116099,374224.5085571993
116105,417462.99618857674
116152,379050.729605459
116154,379050.729605459
116173,382847.4241998021
116174,382847.4241998021
116175,382847.4241998021
116176,382847.4241998021
116178,382847.4241998021
116179,382847.4241998021
116189,382847.4241998021
116190,382847.4241998021
116196,382847.4241998021
116197,382847.4241998021
116198,382847.4241998021
116199,382847.4241998021
116205,379050.729605459
116269,379050.729605459
116350,379050.729605459
116434,379050.729605459
116435,375497.49281039095
116446,379050.729605459
116471,417462.99618857674
116501,379050.729605459
116506,379050.729605459
116507,379050.729605459
116508,379050.729605459
116509,379050.729605459
116547,382847.4241998021
116562,379050.729605459
116581,379050.729605459
116634,379050.729605459
116635,379050.729605459
116661,379050.729605459
116675,368604.5876200039
116690,417462.99618857674
116706,379050.729605459
116787,374224.5085571993
116890,381668.17813846504
116909,379050.729605459
116920,368604.5876200039
116926,412559.3468676444
116932,373430.8086682636
116934,417385.56791590416
116937,368604.5876200039
116940,368604.5876200039
116941,368604.5876200039
116942,368604.5876200039
116944,368604.5876200039
116945,369877.57187319564
116947,377227.5032626067
116948,377227.5032626067
116950,368604.5876200039
116957,412559.3468676444
116958,412559.3468676444
116959,412559.3468676444
116960,373430.8086682636
116981,377227.5032626067
116988,373430.8086682636
116992,373430.8086682636
117046,412559.3468676444
117055,373430.8086682636
117076,369877.57187319564
117077,369877.57187319564
117078,369877.57187319564
117093,373430.8086682636
117127,373430.8086682636
117128,373430.8086682636
117137,369877.57187319564
117140,412559.3468676444
117145,368604.5876200039
117174,369877.57187319564
117188,368604.5876200039
117201,412559.3468676444
117212,373430.8086682636
117216,373430.8086682636
117220,373430.8086682636
117222,373430.8086682636
117224,373430.8086682636
117225,373430.8086682636
117226,373430.8086682636
117227,368604.5876200039
117232,373430.8086682636
117236,373430.8086682636
117238,373430.8086682636
117239,368604.5876200039
117245,373430.8086682636
117246,412559.3468676444
117247,412559.3468676444
117253,412559.3468676444
117263,377227.5032626067
117265,417385.56791590416
117272,368604.5876200039
117275,373430.8086682636
117278,377227.5032626067
117288,412559.3468676444
117290,373430.8086682636
117313,373430.8086682636
117317,377227.5032626067
117318,377227.5032626067
117325,377227.5032626067
117326,377227.5032626067
117328,377227.5032626067
117331,377227.5032626067
117333,377227.5032626067
117335,377227.5032626067
117345,377227.5032626067
117346,377227.5032626067
117349,368604.5876200039
117359,377227.5032626067
117365,373430.8086682636
117374,450533.6208237104
117416,373430.8086682636
117511,373430.8086682636
117513,368604.5876200039
117514,373430.8086682636
117589,373430.8086682636
117619,373430.8086682636
117632,373430.8086682636
117680,368604.5876200039
117682,368604.5876200039
117688,368604.5876200039
117714,373430.8086682636
117716,368604.5876200039
117718,368604.5876200039
117719,368604.5876200039
117746,373430.8086682636
117750,368604.5876200039
117752,373430.8086682636
117759,366308.5935336405
117772,373430.8086682636
117777,368604.5876200039
117785,376048.2572012696
117788,373430.8086682636
117796,373430.8086682636
117797,417385.56791590416
117803,373430.8086682636
117808,373430.8086682636
117810,377227.5032626067
117821,412559.3468676444
117846,412559.3468676444
117847,412559.3468676444
117848,412559.3468676444
117849,412559.3468676444
117850,412559.3468676444
117851,412559.3468676444
117853,369877.57187319564
117875,373430.8086682636
117888,368604.5876200039
117900,368604.5876200039
117903,369877.57187319564
117906,377227.5032626067
117917,368604.5876200039
117918,373430.8086682636
117919,373430.8086682636
117925,373430.8086682636
117927,373430.8086682636
117931,373430.8086682636
117935,368604.5876200039
117945,412559.3468676444
117953,369877.57187319564
117956,377227.5032626067
117964,373430.8086682636
117965,373430.8086682636
117966,373430.8086682636
117967,373430.8086682636
117968,373430.8086682636
117969,373430.8086682636
117970,373430.8086682636
117974,373430.8086682636
117984,373430.8086682636
117999,368604.5876200039
118001,412559.3468676444
118006,373430.8086682636
118010,369877.57187319564
118020,412559.3468676444
118023,373430.8086682636
118027,369877.57187319564
118030,368604.5876200039
118048,373430.8086682636
118049,373430.8086682636
118056,373430.8086682636
118060,373430.8086682636
118061,376048.2572012696
118062,450533.6208237104
118067,368604.5876200039
118091,373430.8086682636
118094,373430.8086682636
118095,368604.5876200039
118096,373430.8086682636
118097,373430.8086682636
118098,373430.8086682636
118099,368604.5876200039
118100,373430.8086682636
118101,373430.8086682636
118104,373430.8086682636
118109,373430.8086682636
118116,376048.2572012696
118118,376048.2572012696
118125,412559.3468676444
118126,412559.3468676444
118130,412559.3468676444
118132,412559.3468676444
118133,412559.3468676444
118141,412559.3468676444
118148,377227.5032626067
118149,377227.5032626067
118151,368604.5876200039
118157,373430.8086682636
118163,369877.57187319564
118165,373430.8086682636
118168,412559.3468676444
118169,412559.3468676444
118170,412559.3468676444
118178,412559.3468676444
118180,373430.8086682636
118182,373430.8086682636
118186,376048.2572012696
118192,368604.5876200039
118196,368604.5876200039
118198,373430.8086682636
118209,369877.57187319564
118218,377227.5032626067
118229,377227.5032626067
118230,377227.5032626067
118244,377227.5032626067
118250,368604.5876200039
118255,450533.6208237104
118316,373430.8086682636
118319,377227.5032626067
118320,377227.5032626067
118323,370105.2881279836
118437,370105.2881279836
118449,417385.56791590416
118461,373430.8086682636
118491,369877.57187319564
118511,368604.5876200039
118533,368604.5876200039
118555,368604.5876200039
118562,373430.8086682636
118575,373430.8086682636
118578,373430.8086682636
118589,373430.8086682636
118590,373430.8086682636
118612,373430.8086682636
118617,373430.8086682636
118627,368604.5876200039
118637,376048.2572012696
118646,369877.57187319564
118647,369877.57187319564
118650,373430.8086682636
118659,373430.8086682636
118668,412559.3468676444
118669,377227.5032626067
118701,369877.57187319564
118704,412559.3468676444
118826,368604.5876200039
118866,413832.33112083614
118867,377227.5032626067
118869,377227.5032626067
118870,373430.8086682636
118871,373430.8086682636
118872,373430.8086682636
118881,413832.33112083614
118893,412559.3468676444
118894,373430.8086682636
118897,412559.3468676444
118899,373430.8086682636
118908,373430.8086682636
118923,368604.5876200039
118944,373430.8086682636
118965,412559.3468676444
118987,373430.8086682636
119087,373430.8086682636
119092,368604.5876200039
119098,412559.3468676444
119099,412559.3468676444
119143,368604.5876200039
119180,373430.8086682636
119190,368604.5876200039
119207,377227.5032626067
119217,412559.3468676444
119236,361509.73143935343
119246,366308.5935336405
119247,367405.3100122767
119248,374527.5251468998
119251,357956.4946442854
119252,357956.4946442854
119255,362606.4479179897
119259,367405.3100122767
119262,402289.75798029714
119264,362978.06264777685
119275,361509.73143935343
119284,366308.5935336405
119285,366308.5935336405
119291,357956.4946442854
119294,357956.4946442854
119305,366308.5935336405
119306,374527.5251468998
119311,394569.53282667237
119326,374527.5251468998
119328,366308.5935336405
119334,361509.73143935343
119338,361509.73143935343
119341,361509.73143935343
119343,417385.56791590416
119345,357956.4946442854
119346,357956.4946442854
119348,357956.4946442854
119351,366308.5935336405
119374,366308.5935336405
119389,374527.5251468998
119397,374527.5251468998
119398,374527.5251468998
119401,374527.5251468998
119402,366308.5935336405
119403,374527.5251468998
119406,366308.5935336405
119446,373430.8086682636
119505,373430.8086682636
119514,373430.8086682636
119515,373430.8086682636
119516,373430.8086682636
119529,357956.4946442854
119549,373430.8086682636
119561,370105.2881279836
119562,418482.28439454036
119567,373430.8086682636
119572,402289.75798029714
119573,361509.73143935343
119574,361509.73143935343
119575,361509.73143935343
119590,361509.73143935343
119591,361509.73143935343
119605,489983.9156444784
119606,489983.9156444784
119608,402289.75798029714
119609,402289.75798029714
119611,402289.75798029714
119613,402289.75798029714
119621,361509.73143935343
119637,402289.75798029714
119641,367405.3100122767
119647,366308.5935336405
119648,366308.5935336405
119649,361509.73143935343
119650,402289.75798029714
119656,361509.73143935343
119657,366308.5935336405
119658,361509.73143935343
119673,364127.17997235956
119676,357956.4946442854
119680,365306.4260336966
119683,366308.5935336405
119685,453366.73236256075
119703,402289.75798029714
119709,362978.06264777685
119712,366308.5935336405
119724,361509.73143935343
119731,361509.73143935343
119733,361509.73143935343
119735,361509.73143935343
119748,374527.5251468998
119750,374527.5251468998
119754,362606.4479179897
119759,361509.73143935343
119765,418482.28439454036
119768,361509.73143935343
119770,366308.5935336405
119771,366308.5935336405
119792,361509.73143935343
119794,361509.73143935343
119796,361509.73143935343
119798,374527.5251468998
119804,361509.73143935343
119809,361509.73143935343
119811,374527.5251468998
119813,366308.5935336405
119821,366308.5935336405
119824,361509.73143935343
119825,361509.73143935343
119826,361509.73143935343
119830,361509.73143935343
119831,361509.73143935343
119832,361509.73143935343
119833,361509.73143935343
119834,361509.73143935343
119835,361509.73143935343
119842,366308.5935336405
119847,373430.8086682636
119848,366308.5935336405
119857,361509.73143935343
119871,361509.73143935343
119872,361509.73143935343
119873,361509.73143935343
119876,361509.73143935343
119884,402289.75798029714
119931,366308.5935336405
119932,366308.5935336405
119933,361509.73143935343
119934,366308.5935336405
119937,366308.5935336405
119938,366308.5935336405
119939,366308.5935336405
119944,366308.5935336405
120014,373430.8086682636
120072,456456.5583506064
120077,367405.3100122767
120105,366308.5935336405
120107,366308.5935336405
120111,366308.5935336405
120124,373430.8086682636
120132,453366.73236256075
120133,373430.8086682636
120141,361509.73143935343
120165,402289.75798029714
120166,402289.75798029714
120169,361509.73143935343
120176,367405.3100122767
120177,367405.3100122767
120180,362978.06264777685
120181,362978.06264777685
120193,361509.73143935343
120194,361509.73143935343
120196,361509.73143935343
120205,366308.5935336405
120206,366308.5935336405
120207,394569.53282667237
120208,394569.53282667237
120218,367405.3100122767
120223,402289.75798029714
120231,374527.5251468998
120261,366308.5935336405
120262,361509.73143935343
120263,366308.5935336405
120269,361509.73143935343
120273,361509.73143935343
120279,361509.73143935343
120295,374527.5251468998
120298,394569.53282667237
120302,374527.5251468998
120304,374527.5251468998
120305,374527.5251468998
120306,374527.5251468998
120311,374527.5251468998
120312,374527.5251468998
120314,367405.3100122767
120320,370105.2881279836
120326,361509.73143935343
120327,373430.8086682636
120337,373430.8086682636
120338,373430.8086682636
120339,373430.8086682636
120348,361509.73143935343
120349,361509.73143935343
120350,361509.73143935343
120363,374527.5251468998
120365,361509.73143935343
120371,357956.4946442854
120372,357956.4946442854
120378,453366.73236256075
120381,453366.73236256075
120383,361509.73143935343
120385,365306.4260336966
120414,373430.8086682636
120415,373430.8086682636
120417,366308.5935336405
120419,366308.5935336405
120421,366308.5935336405
120499,373430.8086682636
120500,417385.56791590416
120501,402289.75798029714
120515,366308.5935336405
120516,366308.5935336405
120545,361509.73143935343
120548,361509.73143935343
120561,366308.5935336405
120562,366308.5935336405
120564,367405.3100122767
120569,453366.73236256075
120590,402289.75798029714
120591,531377.9152110459
120592,373430.8086682636
120593,361509.73143935343
120596,361509.73143935343
120597,374527.5251468998
120608,361509.73143935343
120609,361509.73143935343
120614,402289.75798029714
120615,402289.75798029714
120616,402289.75798029714
120629,402289.75798029714
120642,367405.3100122767
120643,366308.5935336405
120646,367405.3100122767
120672,402289.75798029714
120675,374527.5251468998
120676,361509.73143935343
120678,394569.53282667237
120687,366308.5935336405
120688,366308.5935336405
120689,366308.5935336405
120691,366308.5935336405
120692,366308.5935336405
120702,366308.5935336405
120715,374527.5251468998
120720,374527.5251468998
120735,394569.53282667237
120743,470437.24024961854
120744,394569.53282667237
120745,366308.5935336405
120749,361509.73143935343
120756,418482.28439454036
120769,366308.5935336405
120803,365306.4260336966
120810,366308.5935336405
120822,361509.73143935343
120832,367405.3100122767
120833,367405.3100122767
120844,394569.53282667237
120851,361509.73143935343
120886,362606.4479179897
120887,362606.4479179897
120895,402289.75798029714
120903,361509.73143935343
120905,366308.5935336405
120906,366308.5935336405
120910,394569.53282667237
120916,366308.5935336405
120918,366308.5935336405
120920,366308.5935336405
120922,366308.5935336405
120924,366308.5935336405
120925,366308.5935336405
120926,366308.5935336405
120960,366308.5935336405
120970,366308.5935336405
120976,361509.73143935343
121014,394569.53282667237
121019,402289.75798029714
121021,366308.5935336405
121025,402289.75798029714
121030,385928.71785862395
121038,347292.4101852609
121041,322774.360589086
121042,313120.28047342086
121043,313120.28047342086
121045,313120.28047342086
121046,313120.28047342086
121047,313120.28047342086
121048,313120.28047342086
121049,313120.28047342086
121050,313120.28047342086
121051,313120.28047342086
121061,273366.3838947557
121062,273366.3838947557
121064,273366.3838947557
121068,354816.3089979834
121070,354816.3089979834
121085,273366.3838947557
121097,395961.7251381583
121150,282538.0479104541
121158,312700.91226634296
121159,365884.152113858
121169,324147.61868363555
121172,381805.81039787404
121187,273366.3838947557
121189,286200.46707286424
121192,354816.3089979834
121193,354816.3089979834
121195,278317.9539375922
121204,287365.9430072259
121208,323809.6026279165
121210,284537.4425272809
121219,319638.7248854154
121224,325243.91116684506
121235,313120.28047342086
121236,313120.28047342086
121238,313120.28047342086
121239,313120.28047342086
121240,313120.28047342086
121241,313120.28047342086
121242,313120.28047342086
121243,313120.28047342086
121244,270849.9314426783
121246,315217.3647184203
121249,366789.9863808099
121251,280824.12207671633
121256,289489.01257011737
121257,289489.01257011737
121258,289489.01257011737
121264,278314.9701619007
121265,325243.91116684506
121270,319638.7248854154
121274,322903.7683609646
121280,319638.7248854154
121282,319638.7248854154
121283,273366.3838947557
121286,273366.3838947557
121295,280438.0397247921
121296,391354.78604143386
121299,354816.3089979834
121300,278314.9701619007
121301,282538.0479104541
121307,395961.7251381583
121308,354816.3089979834
121311,280438.0397247921
121315,282538.0479104541
121320,345172.32439806097
121321,313120.28047342086
121323,357307.27044533484
121324,357307.27044533484
121331,357307.27044533484
121333,357307.27044533484
121335,357307.27044533484
121337,345172.32439806097
121338,345172.32439806097
121339,345172.32439806097
121343,322903.7683609646
121346,284537.4425272809
121347,284537.4425272809
121348,284537.4425272809
121350,284537.4425272809
121351,284537.4425272809
121352,284537.4425272809
121364,354816.3089979834
121365,354816.3089979834
121373,282538.0479104541
121375,328666.1957090368
121376,391354.78604143386
121377,282538.0479104541
121385,282538.0479104541
121397,391354.78604143386
121400,279220.8044288525
121402,273366.3838947557
121408,273366.3838947557
121444,345172.32439806097
121452,371814.5823796993
121455,273366.3838947557
121538,282538.0479104541
121544,391354.78604143386
121597,357887.88842555985
121647,345172.32439806097
121688,371814.5823796993
121697,534409.5754034016
121707,282538.0479104541
121708,282538.0479104541
121710,365884.152113858
121716,345172.32439806097
121723,396022.02415985934
121739,345172.32439806097
121742,496511.0255996156
121746,347292.4101852609
121751,275486.4696819555
121756,278317.9539375922
121757,280824.12207671633
121765,278317.9539375922
121766,278317.9539375922
121767,278317.9539375922
121771,281343.87399174395
121777,306182.4678543485
121781,345172.32439806097
121787,272970.01722987817
121788,391354.78604143386
121793,319638.7248854154
121802,345172.32439806097
121807,282538.0479104541
121822,313120.28047342086
121824,282538.0479104541
121825,273366.3838947557
121826,272970.01722987817
121829,804882.288151649
121843,310997.2109105294
121847,289489.01257011737
121848,289489.01257011737
121849,280438.0397247921
121850,286200.46707286424
121854,279918.2878097645
121857,312700.91226634296
121868,312700.91226634296
121878,280438.0397247921
121884,395961.7251381583
121892,272970.01722987817
121899,376421.52147642366
121900,376421.52147642366
121901,376421.52147642366
121909,280438.0397247921
121923,316054.7747141828
121927,328666.1957090368
121930,273366.3838947557
121932,273366.3838947557
121935,320625.1528912747
121941,312600.52855839324
121944,282538.0479104541
121948,282538.0479104541
121954,345172.32439806097
121964,319638.7248854154
121966,284537.4425272809
121970,347292.4101852609
121984,282538.0479104541
121993,348991.83264416666
122033,347292.4101852609
122036,317658.0923620466
122044,345172.32439806097
122165,287489.6179532907
122166,287489.6179532907
122167,273366.3838947557
122168,282920.86494729156
122169,282920.86494729156
122195,275038.35181201954
122197,280438.0397247921
122214,351718.0225955169
122219,354816.3089979834
122225,287489.6179532907
122241,296613.4881931143
122249,348991.83264416666
122262,372763.04411283665
122277,312700.91226634296
122282,391354.78604143386
122294,312600.52855839324
122299,354816.3089979834
122302,435616.6019449905
122311,278064.2718661713
122313,314687.15484257886
122315,339184.3528082943
122318,496511.0255996156
122321,353054.837533333
122322,353054.837533333
122323,354816.3089979834
122330,354816.3089979834
122331,354816.3089979834
122332,354816.3089979834
122333,354816.3089979834
122337,372763.04411283665
122340,273366.3838947557
122347,323809.6026279165
122350,272970.01722987817
122351,280824.12207671633
122362,282538.0479104541
122370,289489.01257011737
122371,289489.01257011737
122373,289489.01257011737
122377,289489.01257011737
122382,278317.9539375922
122398,354816.3089979834
122404,319638.7248854154
122405,284537.4425272809
122410,281343.87399174395
122411,322903.7683609646
122412,313756.4841100791
122434,345172.32439806097
122442,345172.32439806097
122454,284537.4425272809
122458,284537.4425272809
122459,284537.4425272809
122467,282538.0479104541
122472,354816.3089979834
122474,282538.0479104541
122475,345172.32439806097
122500,395961.7251381583
122559,391354.78604143386
122560,282920.86494729156
122561,294690.2180943462
122586,275038.35181201954
122599,287365.9430072259
122602,348198.2444522127
122614,324147.61868363555
122616,312700.91226634296
122622,391354.78604143386
122637,278317.9539375922
122644,278317.9539375922
122647,273366.3838947557
122665,289489.01257011737
122667,278317.9539375922
122669,279918.2878097645
122687,282538.0479104541
122695,279918.2878097645
122699,357307.27044533484
122701,273366.3838947557
122703,354816.3089979834
122744,391354.78604143386
122752,354669.59849433915
122762,366789.9863808099
122768,354816.3089979834
122783,284537.4425272809
122784,400792.5298377783
122787,278064.2718661713
122788,273366.3838947557
122792,395961.7251381583
122881,284537.4425272809
122882,337820.10504755785
122900,354126.2750675923
122901,354126.2750675923
122902,354126.2750675923
122903,354126.2750675923
122904,354126.2750675923
122909,360724.54800467024
122927,356683.5103910938
122928,356683.5103910938
122929,356683.5103910938
122932,356683.5103910938
122934,356683.5103910938
122935,356683.5103910938
122947,356683.5103910938
122969,360724.54800467024
122987,356683.5103910938
123070,356683.5103910938
123079,356683.5103910938
123083,356683.5103910938
123092,354126.2750675923
123093,354126.2750675923
123094,354126.2750675923
123095,354126.2750675923
123129,354126.2750675923
123153,360724.54800467024
123165,364640.5280134624
123176,360724.54800467024
123196,354126.2750675923
123248,364640.5280134624
123310,356683.5103910938
123311,356683.5103910938
123312,356683.5103910938
123323,356683.5103910938
123325,356683.5103910938
123326,356683.5103910938
123327,356683.5103910938
123328,356683.5103910938
123331,356683.5103910938
123335,356683.5103910938
123338,356683.5103910938
123400,354308.8020774116
123480,356683.5103910938
123558,360296.63609618455
123572,357755.41747878306
123576,360296.63609618455
123579,360724.54800467024
123580,360724.54800467024
123588,358650.6322397052
123592,358650.6322397052
123595,360724.54800467024
123605,356683.5103910938
123612,356683.5103910938
123620,354126.2750675923
123623,354126.2750675923
123624,354126.2750675923
123657,364640.5280134624
123658,364640.5280134624
123686,354126.2750675923
123734,356683.5103910938
123749,359722.53932739445
123759,358213.88280675194
123760,354126.2750675923
123767,356683.5103910938
123768,356683.5103910938
123808,356683.5103910938
123815,356899.75954296044
123825,356683.5103910938
123835,356683.5103910938
123868,356683.5103910938
123869,356683.5103910938
123870,356683.5103910938
123874,356683.5103910938
123877,356683.5103910938
123892,356683.5103910938
123898,354308.8020774116
123900,354126.2750675923
123903,369128.58511035127
123905,360724.54800467024
124032,356683.5103910938
124034,360296.63609618455
124036,356683.5103910938
124038,360724.54800467024
124039,360724.54800467024
124044,360724.54800467024
124059,356683.5103910938
124070,354126.2750675923
124071,354126.2750675923
124072,354126.2750675923
124073,354126.2750675923
124074,354126.2750675923
124094,364640.5280134624
124096,356683.5103910938
124109,356683.5103910938
124118,360724.54800467024
124125,356683.5103910938
124138,356683.5103910938
124178,356683.5103910938
124187,356899.75954296044
124197,360724.54800467024
124213,354126.2750675923
124214,356683.5103910938
124228,354126.2750675923
124263,364640.5280134624
124339,360724.54800467024
124357,360724.54800467024
124364,354126.2750675923
124380,360724.54800467024
124392,356683.5103910938
124494,354308.8020774116
124500,360724.54800467024
124536,356683.5103910938
124537,356683.5103910938
124540,356683.5103910938
124548,356683.5103910938
124597,356683.5103910938
124642,356683.5103910938
124646,354126.2750675923
124648,354126.2750675923
124662,356683.5103910938
124688,376979.61694300576
124693,377509.8268188473
124707,376979.61694300576
124714,377509.8268188473
124716,376979.61694300576
124731,377509.8268188473
124737,379102.6865058972
124747,377509.8268188473
124759,377101.24788228725
124777,377509.8268188473
124787,376979.61694300576
124796,376185.04287470295
124799,376979.61694300576
124813,400349.6491213648
124819,377509.8268188473
124894,376979.61694300576
124915,376979.61694300576
124962,376979.61694300576
124978,377509.8268188473
124993,376979.61694300576
125005,377509.8268188473
125014,376185.04287470295
125016,378582.9345908695
125020,376979.61694300576
125023,377101.24788228725
125027,376979.61694300576
125044,376979.61694300576
125045,376979.61694300576
125046,377101.24788228725
125050,377509.8268188473
125072,377509.8268188473
125073,376979.61694300576
125086,377101.24788228725
125100,379102.6865058972
125117,377509.8268188473
125118,377509.8268188473
125120,377509.8268188473
125125,377509.8268188473
125130,378582.9345908695
125134,377509.8268188473
125136,377509.8268188473
125141,376979.61694300576
125188,379102.6865058972
125200,376979.61694300576
125203,376979.61694300576
125204,377509.8268188473
125275,377509.8268188473
125291,376979.61694300576
125317,376979.61694300576
125332,376979.61694300576
125345,377509.8268188473
125351,376979.61694300576
125357,376979.61694300576
125359,377509.8268188473
125375,376979.61694300576
125380,376979.61694300576
125404,376185.04287470295
125406,379102.6865058972
125422,376979.61694300576
125431,377509.8268188473
125433,377509.8268188473
125434,400349.6491213648
125435,400349.6491213648
125444,379102.6865058972
125466,376979.61694300576
125506,379102.6865058972
125546,377509.8268188473
125554,379102.6865058972
125568,377101.24788228725
125569,377101.24788228725
125573,377509.8268188473
125579,376979.61694300576
125581,377101.24788228725
125583,377509.8268188473
125587,377101.24788228725
125596,377101.24788228725
125618,377509.8268188473
125621,376979.61694300576
125632,400349.6491213648
125639,379102.6865058972
125642,377509.8268188473
125645,400349.6491213648
125694,376979.61694300576
125695,379102.6865058972
125696,379102.6865058972
125714,376185.04287470295
125716,379102.6865058972
125727,376185.04287470295
125734,376979.61694300576
125736,377509.8268188473
125739,377509.8268188473
125744,379102.6865058972
125756,376979.61694300576
125764,379102.6865058972
125766,376979.61694300576
125776,378582.9345908695
125777,378582.9345908695
125783,376979.61694300576
125784,376979.61694300576
125791,376979.61694300576
125822,379102.6865058972
125824,376979.61694300576
125828,377509.8268188473
125829,377101.24788228725
125841,377509.8268188473
309591,381897.8848884569
309611,381897.8848884569
309613,381897.8848884569
309658,381897.8848884569
309661,399655.3177749682
309667,381897.8848884569
309669,381897.8848884569
309678,377509.8268188473
309692,381897.8848884569
309700,320398.0782803482
309707,381897.8848884569
309714,381897.8848884569
309731,379102.6865058972
309734,322261.0565251233
309735,381897.8848884569
309770,413935.1775734795
309817,383905.26802832785
309819,328666.1957090368
320845,383905.26802832785
320872,434982.2424105914
320929,384313.8469648878
320931,384313.8469648878
320932,384313.8469648878
320937,384313.8469648878
320938,384313.8469648878
320940,386576.42971527675
320948,386576.42971527675
320950,386576.42971527675
320954,384313.8469648878
320969,384313.8469648878
320974,384313.8469648878
320998,384313.8469648878
321002,384313.8469648878
321004,434982.2424105914
321023,379454.2145806536
321055,383905.26802832785
321067,383905.26802832785
321080,380983.31607902417
321083,379454.2145806536
321122,383905.26802832785
321127,383905.26802832785
321128,383905.26802832785
321229,386576.42971527675
321231,386576.42971527675
321249,386576.42971527675
321250,386576.42971527675
321258,384313.8469648878
321259,386576.42971527675
321260,384313.8469648878
321262,384313.8469648878
321270,384313.8469648878
321272,383905.26802832785
321278,384313.8469648878
321286,381855.02450550057
321288,381855.02450550057
321289,384313.8469648878
321307,383905.26802832785
321311,383905.26802832785
321316,383905.26802832785
321317,384313.8469648878
321318,384313.8469648878
321319,384313.8469648878
321321,384313.8469648878
321322,384313.8469648878
321323,384313.8469648878
321324,384313.8469648878
321340,384313.8469648878
321346,384313.8469648878
321352,434982.2424105914
321392,383905.26802832785
321393,434982.2424105914
321399,379454.2145806536
321407,381855.02450550057
321428,384313.8469648878
321429,391027.48316295096
321431,391027.48316295096
321455,383905.26802832785
321463,379454.2145806536
321480,382483.3864159473
321540,386576.42971527675
321551,383905.26802832785
321559,383905.26802832785
321561,384313.8469648878
321567,377509.8268188473
321568,381855.02450550057
321570,383905.26802832785
321573,383905.26802832785
321574,384313.8469648878
321575,386576.42971527675
321577,384313.8469648878
321581,384313.8469648878
321582,384313.8469648878
321583,384313.8469648878
321595,380983.31607902417
321616,434982.2424105914
321656,384313.8469648878
321674,384313.8469648878
321677,379454.2145806536
321730,381855.02450550057
321734,384313.8469648878
321736,384313.8469648878
321737,384313.8469648878
321739,393939.4853572744
321747,384313.8469648878
321749,384313.8469648878
321757,384313.8469648878
321758,384313.8469648878
321762,383905.26802832785
321817,383905.26802832785
321831,434982.2424105914
321834,386576.42971527675
321874,434982.2424105914
321877,379454.2145806536
321883,379454.2145806536
321903,384313.8469648878
321918,434982.2424105914
321940,383905.26802832785
321942,383905.26802832785
321949,379190.1794244068
321950,409411.9731149203
321960,409411.9731149203
321961,409411.9731149203
321965,409411.9731149203
321975,403100.18686583766
321980,409411.9731149203
321989,409411.9731149203
321990,403100.18686583766
322003,374527.5251468998
322025,386576.42971527675
322027,389364.348770318
322029,409411.9731149203
322038,403100.18686583766
322041,398467.16163606563
322042,409411.9731149203
322045,383360.0155496135
322046,383360.0155496135
322092,386576.42971527675
322107,409411.9731149203
322110,409411.9731149203
322111,386576.42971527675
322112,386576.42971527675
322114,386576.42971527675
322115,386576.42971527675
322116,409411.9731149203
322119,386576.42971527675
322121,403100.18686583766
322132,389364.348770318
322133,389364.348770318
322144,397095.85364513315
322156,404471.4948567701
322181,373430.8086682636
322197,409411.9731149203
322220,398467.16163606563
322244,409411.9731149203
322256,409411.9731149203
322271,383360.0155496135
322281,374527.5251468998
322300,409411.9731149203
322304,448507.8249938094
322310,374527.5251468998
322330,409411.9731149203
322332,409411.9731149203
322335,386576.42971527675
322339,409411.9731149203
322360,403100.18686583766
322362,409411.9731149203
322436,398467.16163606563
322445,1100400.198631265
322476,400118.05686473707
322494,373430.8086682636
322500,386576.42971527675
322501,386576.42971527675
322505,386576.42971527675
322517,448507.8249938094
322518,448507.8249938094
322526,398467.16163606563
322527,448507.8249938094
322531,409411.9731149203
322533,398746.7488738046
322534,406528.73976097314
322536,406528.73976097314
322548,409411.9731149203
322553,409411.9731149203
322579,590903.8695908643
322583,403100.18686583766
322591,398467.16163606563
322610,409411.9731149203
322620,382222.9917232437
322630,409411.9731149203
322645,386576.42971527675
322651,409411.9731149203
322653,403100.18686583766
322671,401741.55855656514
322695,386576.42971527675
322712,409411.9731149203
322715,374527.5251468998
322732,409411.9731149203
322741,409411.9731149203
322744,404471.4948567701
322757,389364.348770318
322769,409411.9731149203
322786,409411.9731149203
322789,403100.18686583766
322800,374527.5251468998
322807,374527.5251468998
322808,386576.42971527675
322810,397095.85364513315
322816,409411.9731149203
322833,383360.0155496135
322871,386576.42971527675
322980,386576.42971527675
322981,409411.9731149203
322983,386576.42971527675
322984,386576.42971527675
322985,386576.42971527675
322986,386576.42971527675
322987,386576.42971527675
322990,386576.42971527675
323000,409411.9731149203
323002,386576.42971527675
323011,389364.348770318
323013,398467.16163606563
323017,406528.73976097314
323032,409411.9731149203
323066,386576.42971527675
323069,403100.18686583766
323077,403100.18686583766
323085,409411.9731149203
323088,389364.348770318
323101,403100.18686583766
323102,409411.9731149203
323122,409411.9731149203
323169,373430.8086682636
323189,386576.42971527675
323192,374527.5251468998
323194,409411.9731149203
323197,403100.18686583766
323198,409411.9731149203
323233,403100.18686583766
323254,386576.42971527675
323308,409411.9731149203
323310,389364.348770318
323318,409411.9731149203
323325,409411.9731149203
323330,398746.7488738046
323339,380572.09649457224
323342,543798.9618628151
323349,409411.9731149203
323382,374527.5251468998
323396,398746.7488738046
323403,409411.9731149203
323412,398746.7488738046
323413,409411.9731149203
323421,530066.6287244678
323425,374527.5251468998
323433,404471.4948567701
323434,374527.5251468998
323446,409411.9731149203
323459,380572.09649457224
323487,409411.9731149203
323518,398467.16163606563
323536,409411.9731149203
323549,409411.9731149203
323552,409411.9731149203
323608,409411.9731149203
323617,386576.42971527675
323622,404471.4948567701
323629,401741.55855656514
323656,386576.42971527675
323664,374527.5251468998
323668,397095.85364513315
323678,386576.42971527675
323703,409411.9731149203
323710,409411.9731149203
323722,409411.9731149203
323723,400118.05686473707
323780,530861.18907009
323792,386576.42971527675
323831,386576.42971527675
323894,389364.348770318
323911,380572.09649457224
323917,424526.8557422127
323926,449819.11148038745
323944,380572.09649457224
324001,393939.4853572744
324006,386576.42971527675
324023,373449.8813599491
324032,386576.42971527675
324058,386576.42971527675
324078,386576.42971527675
324079,380572.09649457224
324118,380572.09649457224
324146,380572.09649457224
324152,430531.1889629172
324158,411711.33176050417
324160,411711.33176050417
324236,411711.33176050417
324287,445074.5152718933
324306,411711.33176050417
324371,427777.7023388703
324381,411711.33176050417
324395,404471.4948567701
324415,405743.53942840995
324417,403100.18686583766
324418,403100.18686583766
324454,411711.33176050417
324455,411711.33176050417
324497,412533.07298167766
324557,426955.96111769683
324596,411711.33176050417
324605,407551.24031351187
324608,432534.0135158239
324616,412533.07298167766
324628,426955.96111769683
324634,411711.33176050417
324666,452422.3856630335
324716,404471.4948567701
324721,404471.4948567701
324723,404471.4948567701
324784,411711.33176050417
324797,411711.33176050417
324814,404471.4948567701
324819,411711.33176050417
324846,407551.24031351187
324904,404471.4948567701
324941,452422.3856630335
325010,407551.24031351187
325044,427777.7023388703
325045,404471.4948567701
695288,361482.37248538085
695340,368604.5876200039
695354,373430.8086682636
695495,631976.1776265729
695510,417462.99618857674
695519,413935.1775734795
695520,413935.1775734795
695565,360724.54800467024
695596,365523.4100989572
695610,365523.4100989572
695611,365523.4100989572
695614,362755.3567385725
695615,365523.4100989572
695631,412559.3468676444
695794,394569.53282667237
695813,319638.7248854154
695828,371733.9894270288
695877,373006.03399866866
696061,329056.0280570328
696119,329056.0280570328
696129,419889.1774546784
696183,374765.9188666649
696223,413935.1775734795
696268,366308.5935336405
696269,366308.5935336405
696272,366308.5935336405
696273,366308.5935336405
696329,361509.73143935343
696334,361509.73143935343
696336,366308.5935336405
696337,366308.5935336405
696338,366308.5935336405
696339,366308.5935336405
696340,366308.5935336405
696352,361509.73143935343
696357,361509.73143935343
696508,403397.44649159216
696512,401894.4160295333
696609,375806.4277834158
696610,374857.96605027845
696645,366204.08343960764
712644,377946.2361911451
712653,377946.2361911451
712676,377946.2361911451
712685,377946.2361911451
712690,377946.2361911451
712692,377946.2361911451
712748,377946.2361911451
712750,377946.2361911451
712751,377946.2361911451
712768,377946.2361911451
712776,377946.2361911451
712780,377946.2361911451
712788,377946.2361911451
712794,377946.2361911451
712816,377946.2361911451
712817,377946.2361911451
712818,377946.2361911451
712823,377946.2361911451
712835,377946.2361911451
712852,377946.2361911451
712858,377946.2361911451
712871,377946.2361911451
712880,377946.2361911451
712881,377946.2361911451
712890,377946.2361911451
712901,377946.2361911451
712917,377946.2361911451
712999,377946.2361911451
713027,377946.2361911451
713050,377946.2361911451
713084,377946.2361911451
713098,377946.2361911451
713109,377946.2361911451
713127,377946.2361911451
713151,377946.2361911451
713157,377946.2361911451
713159,377946.2361911451
713160,377946.2361911451
713169,377946.2361911451
713182,377946.2361911451
713190,377946.2361911451
713192,377946.2361911451
713197,377946.2361911451
713213,377946.2361911451
713216,377946.2361911451
713247,377946.2361911451
713251,377946.2361911451
713264,377946.2361911451
713309,377946.2361911451
713319,377946.2361911451
713341,377946.2361911451
713350,377946.2361911451
713375,377946.2361911451
713391,377946.2361911451
713394,377946.2361911451
713420,377946.2361911451
713421,377946.2361911451
713429,377946.2361911451
713432,377946.2361911451
713434,377946.2361911451
713437,377946.2361911451
713469,377946.2361911451
713476,377946.2361911451
713477,377946.2361911451
713501,377946.2361911451
713507,377946.2361911451
713536,377946.2361911451
713544,377946.2361911451
713560,377946.2361911451
713580,377946.2361911451
713651,377946.2361911451
713656,377946.2361911451
713740,377946.2361911451
713800,377946.2361911451
713801,377946.2361911451
713806,377946.2361911451
713820,377946.2361911451
713823,377946.2361911451
713847,377946.2361911451
713864,377946.2361911451
713866,377946.2361911451
713868,377946.2361911451
713878,377946.2361911451
713881,377946.2361911451
713897,377946.2361911451
713934,377946.2361911451
713939,377946.2361911451
713950,377946.2361911451
713991,377946.2361911451
713993,377946.2361911451
714003,377946.2361911451
714017,377946.2361911451
714021,377946.2361911451
714026,377946.2361911451
714064,377946.2361911451
714174,377946.2361911451
714196,377946.2361911451
714262,377946.2361911451
714353,377946.2361911451
714369,377946.2361911451
714374,377946.2361911451
714385,377946.2361911451
714393,377946.2361911451
714398,377946.2361911451
714412,377946.2361911451
714415,377946.2361911451
714417,377946.2361911451
714430,377946.2361911451
714507,377946.2361911451
714555,377946.2361911451
714586,377946.2361911451
714587,377946.2361911451
714609,377946.2361911451
714636,377946.2361911451
714676,377946.2361911451
714689,377946.2361911451
714713,377946.2361911451
714721,377946.2361911451
714725,377946.2361911451
714774,377946.2361911451
714784,377946.2361911451
714821,377946.2361911451
714833,377946.2361911451
714858,377946.2361911451
714864,377946.2361911451
714871,377946.2361911451
714874,377946.2361911451
714890,377946.2361911451
714911,377946.2361911451
714930,377946.2361911451
714957,377946.2361911451
714970,377946.2361911451
715017,377946.2361911451
715034,377946.2361911451
715036,377946.2361911451
715051,377946.2361911451
715078,377946.2361911451
715080,377946.2361911451
715127,377946.2361911451
715142,377946.2361911451
715176,377946.2361911451
715189,377946.2361911451
715195,377946.2361911451
715196,377946.2361911451
715264,377946.2361911451
715291,377946.2361911451
715295,377946.2361911451
715297,377946.2361911451
715305,377946.2361911451
715309,377946.2361911451
715319,377946.2361911451
715321,377946.2361911451
715381,377946.2361911451
715383,377946.2361911451
715402,377946.2361911451
715413,377946.2361911451
715440,377946.2361911451
715490,377946.2361911451
715496,377946.2361911451
715529,377946.2361911451
715546,377946.2361911451
715580,377946.2361911451
715584,377946.2361911451
715594,377946.2361911451
715611,377946.2361911451
715628,377946.2361911451
715643,377946.2361911451
715645,377946.2361911451
715666,377946.2361911451
715669,377946.2361911451
715756,377946.2361911451
715761,377946.2361911451
715771,377946.2361911451
715775,377946.2361911451
715779,377946.2361911451
715783,377946.2361911451
715789,377946.2361911451
715799,377946.2361911451
715801,377946.2361911451
715802,377946.2361911451
715816,377946.2361911451
715819,377946.2361911451
715854,377946.2361911451
715885,377946.2361911451
715904,377946.2361911451
715909,377946.2361911451
715926,377946.2361911451
715960,377946.2361911451
715975,377946.2361911451
715987,377946.2361911451
715991,377946.2361911451
716004,377946.2361911451
716016,377946.2361911451
716034,377946.2361911451
716036,377946.2361911451
716062,377946.2361911451
716088,377946.2361911451
716090,377946.2361911451
716098,377946.2361911451
716112,377946.2361911451
716122,377946.2361911451
716135,377946.2361911451
716165,377946.2361911451
716198,377946.2361911451
716225,377946.2361911451
716229,377946.2361911451
716230,377946.2361911451
716233,377946.2361911451
716243,377946.2361911451
716251,377946.2361911451
716252,377946.2361911451
716270,377946.2361911451
716289,377946.2361911451
716355,377946.2361911451
716367,377946.2361911451
716371,377946.2361911451
716379,377946.2361911451
716381,377946.2361911451
716388,377946.2361911451
716430,377946.2361911451
716437,377946.2361911451
716439,377946.2361911451
716453,377946.2361911451
716459,377946.2361911451
716475,377946.2361911451
716495,377946.2361911451
716516,377946.2361911451
716564,377946.2361911451
716566,377946.2361911451
716646,377946.2361911451
716652,377946.2361911451
716677,377946.2361911451
716680,377946.2361911451
716696,377946.2361911451
716716,377946.2361911451
716750,377946.2361911451
716759,377946.2361911451
716761,377946.2361911451
716822,377946.2361911451
716839,377946.2361911451
716905,377946.2361911451
716942,377946.2361911451
716964,377946.2361911451
717008,377946.2361911451
717022,377946.2361911451
717046,377946.2361911451
717110,377946.2361911451
717123,377946.2361911451
717146,377946.2361911451
717179,377946.2361911451
717184,377946.2361911451
717187,377946.2361911451
717188,377946.2361911451
717189,377946.2361911451
717195,377946.2361911451
717197,377946.2361911451
717227,377946.2361911451
717270,377946.2361911451
717303,377946.2361911451
717333,377946.2361911451
717335,377946.2361911451
717342,377946.2361911451
717358,377946.2361911451
717374,377946.2361911451
717386,377946.2361911451
717417,377946.2361911451
717491,377946.2361911451
717502,377946.2361911451
717549,377946.2361911451
717570,377946.2361911451
717574,377946.2361911451
717602,377946.2361911451
717626,377946.2361911451
717630,377946.2361911451
717635,377946.2361911451
717641,377946.2361911451
717648,377946.2361911451
717652,377946.2361911451
717689,377946.2361911451
717727,377946.2361911451
717783,377946.2361911451
717808,377946.2361911451
717824,377946.2361911451
717869,377946.2361911451
717986,377946.2361911451
717995,377946.2361911451
717997,377946.2361911451
717999,377946.2361911451
718069,377946.2361911451
718109,377946.2361911451
718113,377946.2361911451
718134,377946.2361911451
718135,377946.2361911451
718144,377946.2361911451
718171,377946.2361911451
718212,377946.2361911451
718229,377946.2361911451
718242,377946.2361911451
718310,377946.2361911451
718329,377946.2361911451
718331,377946.2361911451
718349,377946.2361911451
718436,377946.2361911451
718506,377946.2361911451
718581,377946.2361911451
718620,377946.2361911451
718648,377946.2361911451
718653,377946.2361911451
718675,377946.2361911451
718683,377946.2361911451
718696,377946.2361911451
718697,377946.2361911451
718773,377946.2361911451
718786,377946.2361911451
718806,377946.2361911451
718811,377946.2361911451
718812,377946.2361911451
718841,377946.2361911451
718869,377946.2361911451
718891,377946.2361911451
718902,377946.2361911451
718919,377946.2361911451
718930,377946.2361911451
718970,377946.2361911451
719018,377946.2361911451
719060,377946.2361911451
719062,377946.2361911451
719065,377946.2361911451
719076,377946.2361911451
719091,377946.2361911451
719120,377946.2361911451
719146,377946.2361911451
719186,377946.2361911451
719188,377946.2361911451
719197,377946.2361911451
719201,377946.2361911451
719203,377946.2361911451
719208,377946.2361911451
719210,377946.2361911451
719216,377946.2361911451
719224,377946.2361911451
719246,377946.2361911451
719258,377946.2361911451
719300,377946.2361911451
719334,377946.2361911451
719360,377946.2361911451
719377,377946.2361911451
719415,377946.2361911451
719424,377946.2361911451
719429,377946.2361911451
719445,377946.2361911451
719446,377946.2361911451
719469,377946.2361911451
719503,377946.2361911451
719537,377946.2361911451
719593,377946.2361911451
719616,377946.2361911451
719642,377946.2361911451
719655,377946.2361911451
719693,377946.2361911451
719720,377946.2361911451
719747,377946.2361911451
719748,377946.2361911451
719754,377946.2361911451
719784,377946.2361911451
719794,377946.2361911451
719802,377946.2361911451
719806,377946.2361911451
719810,377946.2361911451
719812,377946.2361911451
719828,377946.2361911451
719833,377946.2361911451
719882,377946.2361911451
719895,377946.2361911451
719909,377946.2361911451
719971,377946.2361911451
720043,377946.2361911451
720108,377946.2361911451
720119,377946.2361911451
720163,377946.2361911451
720166,377946.2361911451
720188,377946.2361911451
720194,377946.2361911451
720274,377946.2361911451
720292,377946.2361911451
720296,377946.2361911451
720304,377946.2361911451
720323,377946.2361911451
720342,377946.2361911451
720348,377946.2361911451
720379,377946.2361911451
720386,377946.2361911451
720388,377946.2361911451
720393,377946.2361911451
720398,377946.2361911451
720403,377946.2361911451
720409,377946.2361911451
720440,377946.2361911451
720450,377946.2361911451
720481,377946.2361911451
720530,377946.2361911451
720534,377946.2361911451
720549,377946.2361911451
720550,377946.2361911451
720609,377946.2361911451
720629,377946.2361911451
720646,377946.2361911451
720649,377946.2361911451
720659,377946.2361911451
720745,377946.2361911451
720753,377946.2361911451
720789,377946.2361911451
720879,377946.2361911451
720899,377946.2361911451
720909,377946.2361911451
720925,377946.2361911451
720932,377946.2361911451
720950,377946.2361911451
720956,377946.2361911451
720964,377946.2361911451
720970,377946.2361911451
720997,377946.2361911451
721019,377946.2361911451
721074,377946.2361911451
721104,377946.2361911451
721128,377946.2361911451
721132,377946.2361911451
721135,377946.2361911451
721138,377946.2361911451
721169,377946.2361911451
721241,377946.2361911451
721303,377946.2361911451
721327,377946.2361911451
721355,377946.2361911451
721380,377946.2361911451
721384,377946.2361911451
721403,377946.2361911451
721426,377946.2361911451
721462,377946.2361911451
721473,377946.2361911451
721548,377946.2361911451
721568,377946.2361911451
721574,377946.2361911451
721579,377946.2361911451
721598,377946.2361911451
721634,377946.2361911451
721647,377946.2361911451
721701,377946.2361911451
721727,377946.2361911451
721746,377946.2361911451
721751,377946.2361911451
721773,377946.2361911451
721806,377946.2361911451
721859,377946.2361911451
721869,377946.2361911451
721922,377946.2361911451
722035,377946.2361911451
722036,377946.2361911451
722125,377946.2361911451
722131,377946.2361911451
722173,377946.2361911451
722181,377946.2361911451
722212,377946.2361911451
722250,377946.2361911451
722257,377946.2361911451
722262,377946.2361911451
722278,377946.2361911451
722288,377946.2361911451
722289,377946.2361911451
722312,377946.2361911451
722332,377946.2361911451
722333,377946.2361911451
722344,377946.2361911451
722356,377946.2361911451
722360,377946.2361911451
722388,377946.2361911451
722430,377946.2361911451
722458,377946.2361911451
722486,377946.2361911451
722515,377946.2361911451
722557,377946.2361911451
722582,377946.2361911451
722592,377946.2361911451
722603,377946.2361911451
722611,377946.2361911451
722612,377946.2361911451
722613,377946.2361911451
722617,377946.2361911451
722639,377946.2361911451
722669,377946.2361911451
722794,377946.2361911451
722805,377946.2361911451
722979,377946.2361911451
722991,377946.2361911451
722996,377946.2361911451
723017,377946.2361911451
723054,377946.2361911451
723133,377946.2361911451
723238,377946.2361911451
723261,377946.2361911451
723269,377946.2361911451
723341,377946.2361911451
723364,377946.2361911451
723370,377946.2361911451
723418,377946.2361911451
723439,377946.2361911451
723497,377946.2361911451
723503,377946.2361911451
723527,377946.2361911451
723559,377946.2361911451
723569,377946.2361911451
723575,377946.2361911451
723590,377946.2361911451
723636,377946.2361911451
723646,377946.2361911451
723662,377946.2361911451
723694,377946.2361911451
723703,377946.2361911451
723705,377946.2361911451
723726,377946.2361911451
723746,377946.2361911451
723756,377946.2361911451
723769,377946.2361911451
723775,377946.2361911451
723789,377946.2361911451
723793,377946.2361911451
723826,377946.2361911451
723846,377946.2361911451
723856,377946.2361911451
723936,377946.2361911451
723944,377946.2361911451
723996,377946.2361911451
724017,377946.2361911451
724019,377946.2361911451
724048,377946.2361911451
724049,377946.2361911451
724059,377946.2361911451
724070,377946.2361911451
724209,377946.2361911451
724225,377946.2361911451
724230,377946.2361911451
724234,377946.2361911451
724247,377946.2361911451
724249,377946.2361911451
724273,377946.2361911451
724294,377946.2361911451
724309,377946.2361911451
724315,377946.2361911451
724343,377946.2361911451
724348,377946.2361911451
724352,377946.2361911451
724357,377946.2361911451
724385,377946.2361911451
724424,377946.2361911451
724532,377946.2361911451
724560,377946.2361911451
724606,377946.2361911451
724640,377946.2361911451
724671,377946.2361911451
724797,377946.2361911451
724820,377946.2361911451
724847,377946.2361911451
724947,377946.2361911451
724960,377946.2361911451
724977,377946.2361911451
724987,377946.2361911451
725073,377946.2361911451
725121,377946.2361911451
725177,377946.2361911451
725180,377946.2361911451
725186,377946.2361911451
725367,377946.2361911451
725435,377946.2361911451
725481,377946.2361911451
725560,377946.2361911451
725581,377946.2361911451
725620,377946.2361911451
725646,377946.2361911451
725648,377946.2361911451
725681,377946.2361911451
725683,377946.2361911451
725741,377946.2361911451
725753,377946.2361911451
725778,377946.2361911451
725811,377946.2361911451
725875,377946.2361911451
725997,377946.2361911451
726011,377946.2361911451
726050,377946.2361911451
726064,377946.2361911451
726121,377946.2361911451
726144,377946.2361911451
726145,377946.2361911451
726174,377946.2361911451
726332,377946.2361911451
726351,377946.2361911451
726359,377946.2361911451
726443,377946.2361911451
726459,377946.2361911451
726460,377946.2361911451
726461,377946.2361911451
726470,377946.2361911451
726488,377946.2361911451
726491,377946.2361911451
726518,377946.2361911451
726642,377946.2361911451
726643,377946.2361911451
726678,377946.2361911451
726698,377946.2361911451
726797,377946.2361911451
726850,377946.2361911451
726887,377946.2361911451
726898,377946.2361911451
726904,377946.2361911451
726915,377946.2361911451
726976,377946.2361911451
727014,377946.2361911451
727021,377946.2361911451
727064,377946.2361911451
727101,377946.2361911451
727114,377946.2361911451
727129,377946.2361911451
727142,377946.2361911451
727160,377946.2361911451
727168,377946.2361911451
727178,377946.2361911451
727188,377946.2361911451
727198,377946.2361911451
727202,377946.2361911451
727275,377946.2361911451
727322,377946.2361911451
727334,377946.2361911451
727345,377946.2361911451
727359,377946.2361911451
727364,377946.2361911451
727433,377946.2361911451
727438,377946.2361911451
727490,377946.2361911451
727503,377946.2361911451
727540,377946.2361911451
727542,377946.2361911451
727585,377946.2361911451
727593,377946.2361911451
727615,377946.2361911451
727627,377946.2361911451
727655,377946.2361911451
727691,377946.2361911451
727694,377946.2361911451
727811,377946.2361911451
727895,377946.2361911451
728058,377946.2361911451
728078,377946.2361911451
728243,377946.2361911451
728309,377946.2361911451
728352,377946.2361911451
728363,377946.2361911451
728364,377946.2361911451
728431,377946.2361911451
728500,377946.2361911451
728503,377946.2361911451
728529,377946.2361911451
728582,377946.2361911451
728586,377946.2361911451
728694,377946.2361911451
728709,377946.2361911451
728713,377946.2361911451
728796,377946.2361911451
728798,377946.2361911451
728926,377946.2361911451
728950,377946.2361911451
728966,377946.2361911451
728985,377946.2361911451
729017,377946.2361911451
729075,377946.2361911451
729111,377946.2361911451
729119,377946.2361911451
729136,377946.2361911451
729148,377946.2361911451
729174,377946.2361911451
729177,377946.2361911451
729181,377946.2361911451
729203,377946.2361911451
729210,377946.2361911451
729226,377946.2361911451
729265,377946.2361911451
729341,377946.2361911451
729380,377946.2361911451
729400,377946.2361911451
729445,377946.2361911451
729455,377946.2361911451
729464,377946.2361911451
729510,377946.2361911451
729514,377946.2361911451
729528,377946.2361911451
729536,377946.2361911451
729540,377946.2361911451
729554,377946.2361911451
729607,377946.2361911451
729608,377946.2361911451
729625,377946.2361911451
729641,377946.2361911451
729644,377946.2361911451
729663,377946.2361911451
729721,377946.2361911451
729768,377946.2361911451
729773,377946.2361911451
729782,377946.2361911451
729789,377946.2361911451
729812,377946.2361911451
729831,377946.2361911451
729845,377946.2361911451
729990,377946.2361911451
730059,377946.2361911451
730106,377946.2361911451
730114,377946.2361911451
730131,377946.2361911451
730151,377946.2361911451
730265,377946.2361911451
730294,377946.2361911451
730332,377946.2361911451
730363,377946.2361911451
730414,377946.2361911451
730524,377946.2361911451
730596,377946.2361911451
730640,377946.2361911451
730686,377946.2361911451
730881,377946.2361911451
730894,377946.2361911451
730939,377946.2361911451
731035,377946.2361911451
731059,377946.2361911451
731100,377946.2361911451
731187,377946.2361911451
731206,377946.2361911451
731217,377946.2361911451
731226,377946.2361911451
731245,377946.2361911451
731327,377946.2361911451
731364,377946.2361911451
731419,377946.2361911451
731420,377946.2361911451
731429,377946.2361911451
731450,377946.2361911451
731474,377946.2361911451
731507,377946.2361911451
731508,377946.2361911451
731588,377946.2361911451
731696,377946.2361911451
731757,377946.2361911451
731801,377946.2361911451
731833,377946.2361911451
731851,377946.2361911451
731874,377946.2361911451
732027,377946.2361911451
732100,377946.2361911451
732211,377946.2361911451
732262,377946.2361911451
732403,377946.2361911451
732408,377946.2361911451
732440,377946.2361911451
732456,377946.2361911451
732495,377946.2361911451
732512,377946.2361911451
732513,377946.2361911451
732518,377946.2361911451
732657,377946.2361911451
732818,377946.2361911451
732911,377946.2361911451
732929,377946.2361911451
732954,377946.2361911451
732965,377946.2361911451
732970,377946.2361911451
732998,377946.2361911451
733071,377946.2361911451
733086,377946.2361911451
733135,377946.2361911451
733209,377946.2361911451
733485,377946.2361911451
733560,377946.2361911451
733655,377946.2361911451
733708,377946.2361911451
733722,377946.2361911451
733753,377946.2361911451
733774,377946.2361911451
733855,377946.2361911451
733856,377946.2361911451
733903,377946.2361911451
733907,377946.2361911451
733919,377946.2361911451
734011,377946.2361911451
734023,377946.2361911451
734094,377946.2361911451
734149,377946.2361911451
734159,377946.2361911451
734160,377946.2361911451
734181,377946.2361911451
734275,377946.2361911451
734658,377946.2361911451
734708,377946.2361911451
734725,377946.2361911451
734836,377946.2361911451
735000,377946.2361911451
735007,377946.2361911451
735055,377946.2361911451
735124,377946.2361911451
735158,377946.2361911451
735189,377946.2361911451
735216,377946.2361911451
735230,377946.2361911451
735232,377946.2361911451
735250,377946.2361911451
735298,377946.2361911451
735355,377946.2361911451
735484,377946.2361911451
735490,377946.2361911451
735491,377946.2361911451
735493,377946.2361911451
735505,377946.2361911451
735533,377946.2361911451
735555,377946.2361911451
735561,377946.2361911451
735562,377946.2361911451
735614,377946.2361911451
735627,377946.2361911451
735634,377946.2361911451
735698,377946.2361911451
735797,377946.2361911451
735802,377946.2361911451
735891,377946.2361911451
735983,377946.2361911451
736002,377946.2361911451
736030,377946.2361911451
736051,377946.2361911451
736089,377946.2361911451
736143,377946.2361911451
736169,377946.2361911451
736175,377946.2361911451
736225,377946.2361911451
736311,377946.2361911451
736320,377946.2361911451
736337,377946.2361911451
736397,377946.2361911451
736443,377946.2361911451
736489,377946.2361911451
736635,377946.2361911451
736651,377946.2361911451
736721,377946.2361911451
736740,377946.2361911451
736799,377946.2361911451
736983,377946.2361911451
737015,377946.2361911451
737075,377946.2361911451
737150,377946.2361911451
737209,377946.2361911451
737263,377946.2361911451
737285,377946.2361911451
737397,377946.2361911451
737458,377946.2361911451
737514,377946.2361911451
737665,377946.2361911451
737976,377946.2361911451
738028,377946.2361911451
738143,377946.2361911451
738160,377946.2361911451
738192,377946.2361911451
738314,377946.2361911451
738320,377946.2361911451
738381,377946.2361911451
738406,377946.2361911451
738433,377946.2361911451
738489,377946.2361911451
738491,377946.2361911451
738574,377946.2361911451
738723,377946.2361911451
738880,377946.2361911451
738920,377946.2361911451
739033,377946.2361911451
739042,377946.2361911451
739182,377946.2361911451
739254,377946.2361911451
739359,377946.2361911451
739360,377946.2361911451
739364,377946.2361911451
739430,377946.2361911451
739497,377946.2361911451
739563,377946.2361911451
739581,377946.2361911451
739670,377946.2361911451
739702,377946.2361911451
739717,377946.2361911451
739824,377946.2361911451
740070,377946.2361911451
740158,377946.2361911451
740377,377946.2361911451
740499,377946.2361911451
740572,377946.2361911451
740609,377946.2361911451
740798,377946.2361911451
740914,377946.2361911451
740915,377946.2361911451
740917,377946.2361911451
740932,377946.2361911451
740974,377946.2361911451
740993,377946.2361911451
740998,377946.2361911451
741000,377946.2361911451
741002,377946.2361911451
741008,377946.2361911451
741036,377946.2361911451
741047,377946.2361911451
741111,377946.2361911451
741171,377946.2361911451
741174,377946.2361911451
741203,377946.2361911451
741205,377946.2361911451
741232,377946.2361911451
741270,377946.2361911451
741294,377946.2361911451
741312,377946.2361911451
741313,377946.2361911451
741329,377946.2361911451
741401,377946.2361911451
741416,377946.2361911451
741433,377946.2361911451
741457,377946.2361911451
741533,377946.2361911451
741591,377946.2361911451
741682,377946.2361911451
741699,377946.2361911451
741808,377946.2361911451
741810,377946.2361911451
741811,377946.2361911451
741813,377946.2361911451
741824,377946.2361911451
741842,377946.2361911451
741844,377946.2361911451
741999,377946.2361911451
742049,377946.2361911451
742278,377946.2361911451
742444,377946.2361911451
742500,377946.2361911451
742512,377946.2361911451
742534,377946.2361911451
742552,377946.2361911451
742592,377946.2361911451
742595,377946.2361911451
742813,377946.2361911451
742839,377946.2361911451
743024,377946.2361911451
743072,377946.2361911451
743084,377946.2361911451
743131,377946.2361911451
743197,377946.2361911451
743226,377946.2361911451
743233,377946.2361911451
743243,377946.2361911451
743310,377946.2361911451
743424,377946.2361911451
743645,377946.2361911451
743678,377946.2361911451
743689,377946.2361911451
743736,377946.2361911451
743938,377946.2361911451
744009,377946.2361911451
744134,377946.2361911451
744142,377946.2361911451
744196,377946.2361911451
744806,377946.2361911451
744824,377946.2361911451
744870,377946.2361911451
744879,377946.2361911451
744924,377946.2361911451
745039,377946.2361911451
745099,377946.2361911451
745109,377946.2361911451
745286,377946.2361911451
745287,377946.2361911451
745364,377946.2361911451
745581,377946.2361911451
745614,377946.2361911451
745630,377946.2361911451
745696,377946.2361911451
745726,377946.2361911451
745763,377946.2361911451
745819,377946.2361911451
745898,377946.2361911451
745924,377946.2361911451
745960,377946.2361911451
746269,377946.2361911451
746297,377946.2361911451
746353,377946.2361911451
746361,377946.2361911451
746390,377946.2361911451
746450,377946.2361911451
746513,377946.2361911451
746565,377946.2361911451
746720,377946.2361911451
746732,377946.2361911451
746769,377946.2361911451
746790,377946.2361911451
746846,377946.2361911451
746847,377946.2361911451
746901,377946.2361911451
747013,377946.2361911451
747015,377946.2361911451
747085,377946.2361911451
747090,377946.2361911451
747139,377946.2361911451
747310,377946.2361911451
747474,377946.2361911451
747521,377946.2361911451
747537,377946.2361911451
747736,377946.2361911451
747743,377946.2361911451
747759,377946.2361911451
747810,377946.2361911451
747995,377946.2361911451
748013,377946.2361911451
748040,377946.2361911451
748058,377946.2361911451
748060,377946.2361911451
748073,377946.2361911451
748106,377946.2361911451
748145,377946.2361911451
748150,377946.2361911451
748172,377946.2361911451
748287,377946.2361911451
748308,377946.2361911451
748311,377946.2361911451
748429,377946.2361911451
748523,377946.2361911451
748544,377946.2361911451
748713,377946.2361911451
748836,377946.2361911451
748845,377946.2361911451
748856,377946.2361911451
748895,377946.2361911451
748962,377946.2361911451
749165,377946.2361911451
749218,377946.2361911451
749232,377946.2361911451
749255,377946.2361911451
749452,377946.2361911451
749483,377946.2361911451
749497,377946.2361911451
749502,377946.2361911451
749504,377946.2361911451
749521,377946.2361911451
749571,377946.2361911451
749671,377946.2361911451
749821,377946.2361911451
749975,377946.2361911451
750049,377946.2361911451
750155,377946.2361911451
750174,377946.2361911451
750408,377946.2361911451
750418,377946.2361911451
750441,377946.2361911451
750475,377946.2361911451
750559,377946.2361911451
750579,377946.2361911451
750669,377946.2361911451
750683,377946.2361911451
750740,377946.2361911451
750956,377946.2361911451
751319,377946.2361911451
751352,377946.2361911451
751396,377946.2361911451
751416,377946.2361911451
751421,377946.2361911451
751442,377946.2361911451
751459,377946.2361911451
751587,377946.2361911451
751714,377946.2361911451
751886,377946.2361911451
751971,377946.2361911451
752242,377946.2361911451
752254,377946.2361911451
752310,377946.2361911451
752576,377946.2361911451
752705,377946.2361911451
752895,377946.2361911451
752914,377946.2361911451
752994,377946.2361911451
753036,377946.2361911451
753099,377946.2361911451
753188,377946.2361911451
753196,377946.2361911451
753234,377946.2361911451
753289,377946.2361911451
753295,377946.2361911451
753297,377946.2361911451
753387,377946.2361911451
753393,377946.2361911451
753395,377946.2361911451
753397,377946.2361911451
753399,377946.2361911451
753402,377946.2361911451
753404,377946.2361911451
753405,377946.2361911451
753406,377946.2361911451
753602,377946.2361911451
753948,377946.2361911451
754108,377946.2361911451
754112,377946.2361911451
754292,377946.2361911451
754384,377946.2361911451
754763,377946.2361911451
754978,377946.2361911451
754995,377946.2361911451
755014,377946.2361911451
755055,377946.2361911451
755065,377946.2361911451
755138,377946.2361911451
755226,377946.2361911451
755447,377946.2361911451
755448,377946.2361911451
755575,377946.2361911451
755674,377946.2361911451
755809,377946.2361911451
755892,377946.2361911451
756308,377946.2361911451
756620,377946.2361911451
756836,377946.2361911451
757366,377946.2361911451
757425,377946.2361911451
757539,377946.2361911451
757668,377946.2361911451
757758,377946.2361911451
757792,377946.2361911451
757925,377946.2361911451
757991,377946.2361911451
758122,377946.2361911451
758135,377946.2361911451
758325,377946.2361911451
758344,377946.2361911451
758410,377946.2361911451
758601,377946.2361911451
758674,377946.2361911451
758911,377946.2361911451
759246,377946.2361911451
759339,377946.2361911451
759621,377946.2361911451
759656,377946.2361911451
759823,377946.2361911451
759982,377946.2361911451
760071,377946.2361911451
760135,377946.2361911451
760172,377946.2361911451
760262,377946.2361911451
760514,377946.2361911451
760522,377946.2361911451
760523,377946.2361911451
760607,377946.2361911451
760760,377946.2361911451
760878,377946.2361911451
761015,377946.2361911451
761078,377946.2361911451
761137,377946.2361911451
761182,377946.2361911451
761221,377946.2361911451
761226,377946.2361911451
761245,377946.2361911451
761273,377946.2361911451
761281,377946.2361911451
761297,377946.2361911451
761298,377946.2361911451
761312,377946.2361911451
761418,377946.2361911451
761437,377946.2361911451
761449,377946.2361911451
761451,377946.2361911451
761462,377946.2361911451
761597,377946.2361911451
761616,377946.2361911451
761631,377946.2361911451
761638,377946.2361911451
761660,377946.2361911451
761662,377946.2361911451
761734,377946.2361911451
761737,377946.2361911451
761773,377946.2361911451
761775,377946.2361911451
761781,377946.2361911451
761783,377946.2361911451
761870,377946.2361911451
761928,377946.2361911451
762020,377946.2361911451
762104,377946.2361911451
762106,377946.2361911451
762135,377946.2361911451
762140,377946.2361911451
762146,377946.2361911451
762260,377946.2361911451
762277,377946.2361911451
762395,377946.2361911451
762467,377946.2361911451
762485,377946.2361911451
762509,377946.2361911451
762528,377946.2361911451
762572,377946.2361911451
762642,377946.2361911451
762673,377946.2361911451
762782,377946.2361911451
762792,377946.2361911451
762828,377946.2361911451
762848,377946.2361911451
762862,377946.2361911451
762894,377946.2361911451
762903,377946.2361911451
762924,377946.2361911451
762929,377946.2361911451
762937,377946.2361911451
762941,377946.2361911451
762951,377946.2361911451
762959,377946.2361911451
762965,377946.2361911451
762986,377946.2361911451
763016,377946.2361911451
763021,377946.2361911451
763034,377946.2361911451
763065,377946.2361911451
763068,377946.2361911451
763073,377946.2361911451
763090,377946.2361911451
763152,377946.2361911451
763153,377946.2361911451
763212,377946.2361911451
763270,377946.2361911451
763279,377946.2361911451
763299,377946.2361911451
763300,377946.2361911451
763314,377946.2361911451
763332,377946.2361911451
763333,377946.2361911451
763334,377946.2361911451
763337,377946.2361911451
763338,377946.2361911451
763348,377946.2361911451
763349,377946.2361911451
763351,377946.2361911451
763389,377946.2361911451
763421,377946.2361911451
763424,377946.2361911451
763429,377946.2361911451
763431,377946.2361911451
763433,377946.2361911451
763435,377946.2361911451
763438,377946.2361911451
763439,377946.2361911451
763446,377946.2361911451
763447,377946.2361911451
763448,377946.2361911451
763449,377946.2361911451
763450,377946.2361911451
763452,377946.2361911451
763453,377946.2361911451
763454,377946.2361911451
763457,377946.2361911451
763458,377946.2361911451
763460,377946.2361911451
763464,377946.2361911451
763466,377946.2361911451
763528,377946.2361911451
763572,377946.2361911451
763575,377946.2361911451
763576,377946.2361911451
763591,377946.2361911451
763627,377946.2361911451
763628,377946.2361911451
763629,377946.2361911451
763631,377946.2361911451
763633,377946.2361911451
763634,377946.2361911451
763653,377946.2361911451
763684,377946.2361911451
763733,377946.2361911451
763744,377946.2361911451
763764,377946.2361911451
763781,377946.2361911451
763788,377946.2361911451
763797,377946.2361911451
763842,377946.2361911451
763856,377946.2361911451
763925,377946.2361911451
763942,377946.2361911451
764037,377946.2361911451
764042,377946.2361911451
764044,377946.2361911451
764047,377946.2361911451
764052,377946.2361911451
764103,377946.2361911451
764132,377946.2361911451
764192,377946.2361911451
764215,377946.2361911451
764263,377946.2361911451
764332,377946.2361911451
764347,377946.2361911451
764361,377946.2361911451
764368,377946.2361911451
764413,377946.2361911451
764414,377946.2361911451
764496,377946.2361911451
764544,377946.2361911451
764737,377946.2361911451
764777,377946.2361911451
764797,377946.2361911451
764822,377946.2361911451
764827,377946.2361911451
764828,377946.2361911451
764836,377946.2361911451
764862,377946.2361911451
764907,377946.2361911451
764910,377946.2361911451
764922,377946.2361911451
764946,377946.2361911451
764999,377946.2361911451
765049,377946.2361911451
765056,377946.2361911451
765097,377946.2361911451
765112,377946.2361911451
765115,377946.2361911451
765282,377946.2361911451
765294,377946.2361911451
765352,377946.2361911451
765358,377946.2361911451
765365,377946.2361911451
765396,377946.2361911451
765440,377946.2361911451
765475,377946.2361911451
765494,377946.2361911451
765496,377946.2361911451
765520,377946.2361911451
765527,377946.2361911451
765571,377946.2361911451
765572,377946.2361911451
765599,377946.2361911451
765625,377946.2361911451
765669,377946.2361911451
765676,377946.2361911451
765686,377946.2361911451
765756,377946.2361911451
765760,377946.2361911451
765768,377946.2361911451
765786,377946.2361911451
765832,377946.2361911451
765840,377946.2361911451
765853,377946.2361911451
765854,377946.2361911451
765869,377946.2361911451
765883,377946.2361911451
765884,377946.2361911451
765913,377946.2361911451
765938,377946.2361911451
766020,377946.2361911451
766039,377946.2361911451
766052,377946.2361911451
766076,377946.2361911451
766102,377946.2361911451
766103,377946.2361911451
766106,377946.2361911451
766110,377946.2361911451
766114,377946.2361911451
766137,377946.2361911451
766140,377946.2361911451
766142,377946.2361911451
766151,377946.2361911451
766163,377946.2361911451
766185,377946.2361911451
766212,377946.2361911451
766222,377946.2361911451
766225,377946.2361911451
766250,377946.2361911451
766251,377946.2361911451
766253,377946.2361911451
766259,377946.2361911451
766272,377946.2361911451
766300,377946.2361911451
766328,377946.2361911451
766392,377946.2361911451
766404,377946.2361911451
766416,377946.2361911451
766459,377946.2361911451
766463,377946.2361911451
766464,377946.2361911451
766479,377946.2361911451
766501,377946.2361911451
766550,377946.2361911451
766648,377946.2361911451
766782,377946.2361911451
766785,377946.2361911451
766808,377946.2361911451
766824,377946.2361911451
766883,377946.2361911451
766891,377946.2361911451
766923,377946.2361911451
766951,377946.2361911451
766977,377946.2361911451
766984,377946.2361911451
766998,377946.2361911451
767008,377946.2361911451
767009,377946.2361911451
767047,377946.2361911451
767056,377946.2361911451
767092,377946.2361911451
767132,377946.2361911451
767229,377946.2361911451
767253,377946.2361911451
767260,377946.2361911451
767290,377946.2361911451
767319,377946.2361911451
767321,377946.2361911451
767366,377946.2361911451
767405,377946.2361911451
767407,377946.2361911451
767409,377946.2361911451
767414,377946.2361911451
767465,377946.2361911451
767487,377946.2361911451
767512,377946.2361911451
767558,377946.2361911451
767705,377946.2361911451
767856,377946.2361911451
768002,377946.2361911451
768343,377946.2361911451
768717,377946.2361911451
768790,377946.2361911451
768981,377946.2361911451
769002,377946.2361911451
769155,377946.2361911451
769216,377946.2361911451
769226,377946.2361911451
769575,377946.2361911451
769599,377946.2361911451
769768,377946.2361911451
769812,377946.2361911451
769898,377946.2361911451
769957,377946.2361911451
770294,377946.2361911451
770295,377946.2361911451
770484,377946.2361911451
770520,377946.2361911451
770523,377946.2361911451
770558,377946.2361911451
770682,377946.2361911451
770744,377946.2361911451
770751,377946.2361911451
770765,377946.2361911451
770777,377946.2361911451
770786,377946.2361911451
770972,377946.2361911451
771112,377946.2361911451
771113,377946.2361911451
771117,377946.2361911451
771118,377946.2361911451
771333,377946.2361911451
771397,377946.2361911451
771816,377946.2361911451
771858,377946.2361911451
772028,377946.2361911451
772107,377946.2361911451
772213,377946.2361911451
772214,377946.2361911451
774481,377946.2361911451
774546,377946.2361911451
774699,377946.2361911451
774950,377946.2361911451
775137,377946.2361911451
775139,377946.2361911451
775393,377946.2361911451
775537,377946.2361911451
775560,377946.2361911451
775652,377946.2361911451
775907,377946.2361911451
776742,377946.2361911451
776780,377946.2361911451
776781,377946.2361911451
776783,377946.2361911451
776981,377946.2361911451
777103,377946.2361911451
777106,377946.2361911451
777107,377946.2361911451
777108,377946.2361911451
777110,377946.2361911451
777117,377946.2361911451
777118,377946.2361911451
777121,377946.2361911451
777123,377946.2361911451
777125,377946.2361911451
777210,377946.2361911451
777453,377946.2361911451
777462,377946.2361911451
777464,377946.2361911451
777489,377946.2361911451
777572,377946.2361911451
778274,377946.2361911451
778564,377946.2361911451
778634,377946.2361911451
778678,377946.2361911451
778689,377946.2361911451
778791,377946.2361911451
778830,377946.2361911451
778851,377946.2361911451
778906,377946.2361911451
778948,377946.2361911451
778949,377946.2361911451
778952,377946.2361911451
778953,377946.2361911451
778956,377946.2361911451
778970,377946.2361911451
778976,377946.2361911451
779003,377946.2361911451
779077,377946.2361911451
779114,377946.2361911451
779141,377946.2361911451
779149,377946.2361911451
779215,377946.2361911451
779288,377946.2361911451
779384,377946.2361911451
779391,377946.2361911451
779392,377946.2361911451
779393,377946.2361911451
779705,377946.2361911451
779738,377946.2361911451
779782,377946.2361911451
779867,377946.2361911451
779904,377946.2361911451
779938,377946.2361911451
779977,377946.2361911451
779984,377946.2361911451
780002,377946.2361911451
780020,377946.2361911451
780073,377946.2361911451
780093,377946.2361911451
780095,377946.2361911451
780214,377946.2361911451
780253,377946.2361911451
780353,377946.2361911451
780376,377946.2361911451
780395,377946.2361911451
780419,377946.2361911451
780420,377946.2361911451
780421,377946.2361911451
780564,377946.2361911451
780596,377946.2361911451
780669,377946.2361911451
780694,377946.2361911451
780702,377946.2361911451
780715,377946.2361911451
780724,377946.2361911451
780846,377946.2361911451
780856,377946.2361911451
780863,377946.2361911451
780900,377946.2361911451
780951,377946.2361911451
781145,377946.2361911451
781275,377946.2361911451
781371,377946.2361911451
781416,377946.2361911451
781559,377946.2361911451
781563,377946.2361911451
781572,377946.2361911451
781698,377946.2361911451
781700,377946.2361911451
781825,377946.2361911451
781843,377946.2361911451
781844,377946.2361911451
781845,377946.2361911451
781846,377946.2361911451
781854,377946.2361911451
781859,377946.2361911451
781860,377946.2361911451
781866,377946.2361911451
781946,377946.2361911451
781982,377946.2361911451
782181,377946.2361911451
782201,377946.2361911451
782394,377946.2361911451
782416,377946.2361911451
782443,377946.2361911451
782452,377946.2361911451
782561,377946.2361911451
782627,377946.2361911451
782642,377946.2361911451
782665,377946.2361911451
782671,377946.2361911451
782675,377946.2361911451
782693,377946.2361911451
782705,377946.2361911451
782706,377946.2361911451
782708,377946.2361911451
782717,377946.2361911451
782722,377946.2361911451
782761,377946.2361911451
782782,377946.2361911451
782785,377946.2361911451
782849,377946.2361911451
782946,377946.2361911451
783038,377946.2361911451
783051,377946.2361911451
783056,377946.2361911451
783125,377946.2361911451
783130,377946.2361911451
783231,377946.2361911451
783260,377946.2361911451
783421,377946.2361911451
783512,377946.2361911451
783559,377946.2361911451
783604,377946.2361911451
783607,377946.2361911451
783636,377946.2361911451
783654,377946.2361911451
783811,377946.2361911451
783914,377946.2361911451
783951,377946.2361911451
783978,377946.2361911451
783979,377946.2361911451
784000,377946.2361911451
784012,377946.2361911451
784167,377946.2361911451
784275,377946.2361911451
784431,377946.2361911451
784568,377946.2361911451
784570,377946.2361911451
784737,377946.2361911451
784762,377946.2361911451
784768,377946.2361911451
784842,377946.2361911451
785009,377946.2361911451
785082,377946.2361911451
785261,377946.2361911451
785408,377946.2361911451
785455,377946.2361911451
785514,377946.2361911451
785588,377946.2361911451
785808,377946.2361911451
785820,377946.2361911451
785970,377946.2361911451
785973,377946.2361911451
786182,377946.2361911451
786183,377946.2361911451
786346,377946.2361911451
786447,377946.2361911451
786450,377946.2361911451
786451,377946.2361911451
786452,377946.2361911451
786456,377946.2361911451
786457,377946.2361911451
786484,377946.2361911451
786521,377946.2361911451
786587,377946.2361911451
786628,377946.2361911451
786831,377946.2361911451
786859,377946.2361911451
787068,377946.2361911451
787151,377946.2361911451
787208,377946.2361911451
787215,377946.2361911451
787216,377946.2361911451
787276,377946.2361911451
787281,377946.2361911451
787289,377946.2361911451
787291,377946.2361911451
787331,377946.2361911451
787343,377946.2361911451
787361,377946.2361911451
787369,377946.2361911451
787382,377946.2361911451
787385,377946.2361911451
787401,377946.2361911451
787405,377946.2361911451
787411,377946.2361911451
787454,377946.2361911451
787485,377946.2361911451
787486,377946.2361911451
787489,377946.2361911451
787490,377946.2361911451
787528,377946.2361911451
787529,377946.2361911451
787533,377946.2361911451
787535,377946.2361911451
787538,377946.2361911451
787555,377946.2361911451
787614,377946.2361911451
787634,377946.2361911451
787684,377946.2361911451
787868,377946.2361911451
788008,377946.2361911451
788356,377946.2361911451
788577,377946.2361911451
788645,377946.2361911451
788730,377946.2361911451
788820,377946.2361911451
788990,377946.2361911451
788994,377946.2361911451
789179,377946.2361911451
789327,377946.2361911451
789333,377946.2361911451
789339,377946.2361911451
789374,377946.2361911451
789389,377946.2361911451
789555,377946.2361911451
789568,377946.2361911451
789619,377946.2361911451
789638,377946.2361911451
789709,377946.2361911451
789843,377946.2361911451
789881,377946.2361911451
789964,377946.2361911451
789966,377946.2361911451
790026,377946.2361911451
790038,377946.2361911451
790115,377946.2361911451
790170,377946.2361911451
790184,377946.2361911451
790414,377946.2361911451
790625,377946.2361911451
790725,377946.2361911451
790798,377946.2361911451
790912,377946.2361911451
790918,377946.2361911451
790939,377946.2361911451
791067,377946.2361911451
791077,377946.2361911451
791182,377946.2361911451
791219,377946.2361911451
791221,377946.2361911451
791296,377946.2361911451
791314,377946.2361911451
791379,377946.2361911451
791445,377946.2361911451
791581,377946.2361911451
791589,377946.2361911451
791600,377946.2361911451
791608,377946.2361911451
791617,377946.2361911451
791813,377946.2361911451
791869,377946.2361911451
791870,377946.2361911451
792315,377946.2361911451
792695,377946.2361911451
793171,377946.2361911451
793172,377946.2361911451
793391,377946.2361911451
793620,377946.2361911451
793722,377946.2361911451
793967,377946.2361911451
794344,377946.2361911451
794498,377946.2361911451
794573,377946.2361911451
794576,377946.2361911451
794897,377946.2361911451
794968,377946.2361911451
796060,377946.2361911451
796252,377946.2361911451
796300,377946.2361911451
796537,377946.2361911451
796582,377946.2361911451
797433,377946.2361911451
797488,377946.2361911451
797489,377946.2361911451
797540,377946.2361911451
797866,377946.2361911451
798010,377946.2361911451
798026,377946.2361911451
799178,377946.2361911451
799179,377946.2361911451
799190,377946.2361911451
799234,377946.2361911451
799315,377946.2361911451
799472,377946.2361911451
799498,377946.2361911451
799561,377946.2361911451
799652,377946.2361911451
799732,377946.2361911451
800022,377946.2361911451
800237,377946.2361911451
800456,377946.2361911451
800963,377946.2361911451
801193,377946.2361911451
801250,377946.2361911451
801281,377946.2361911451
801487,377946.2361911451
801497,377946.2361911451
801503,377946.2361911451
801504,377946.2361911451
801727,377946.2361911451
801954,377946.2361911451
802096,377946.2361911451
802163,377946.2361911451
802196,377946.2361911451
802200,377946.2361911451
802270,377946.2361911451
802271,377946.2361911451
802331,377946.2361911451
802349,377946.2361911451
802375,377946.2361911451
802688,377946.2361911451
803023,377946.2361911451
803138,377946.2361911451
803310,377946.2361911451
803839,377946.2361911451
803941,377946.2361911451
804236,377946.2361911451
804237,377946.2361911451
804318,377946.2361911451
804335,377946.2361911451
804516,377946.2361911451
804572,377946.2361911451
804611,377946.2361911451
804663,377946.2361911451
804859,377946.2361911451
805515,377946.2361911451
805577,377946.2361911451
806450,377946.2361911451
806493,377946.2361911451
806508,377946.2361911451
806655,377946.2361911451
806775,377946.2361911451
806865,377946.2361911451
806936,377946.2361911451
806937,377946.2361911451
807537,377946.2361911451
807824,377946.2361911451
807826,377946.2361911451
808024,377946.2361911451
808123,377946.2361911451
808180,377946.2361911451
808340,377946.2361911451
808644,377946.2361911451
808647,377946.2361911451
809443,377946.2361911451
809444,377946.2361911451
809711,377946.2361911451
810556,377946.2361911451
810560,377946.2361911451
810574,377946.2361911451
810705,377946.2361911451
811018,377946.2361911451
811028,377946.2361911451
811104,377946.2361911451
811659,377946.2361911451
811817,377946.2361911451
811944,377946.2361911451
812472,377946.2361911451
812587,377946.2361911451
812588,377946.2361911451
812762,377946.2361911451
812914,377946.2361911451
813322,377946.2361911451
813323,377946.2361911451
813324,377946.2361911451
813361,377946.2361911451
813430,377946.2361911451
813750,377946.2361911451
813797,377946.2361911451
813800,377946.2361911451
814059,377946.2361911451
814159,377946.2361911451
814247,377946.2361911451
814306,377946.2361911451
814308,377946.2361911451
814310,377946.2361911451
814313,377946.2361911451
814338,377946.2361911451
814378,377946.2361911451
814381,377946.2361911451
814390,377946.2361911451
814448,377946.2361911451
814449,377946.2361911451
815043,377946.2361911451
815287,377946.2361911451
815582,377946.2361911451
815585,377946.2361911451
815640,377946.2361911451
816479,377946.2361911451
816525,377946.2361911451
816552,377946.2361911451
816589,377946.2361911451
816592,377946.2361911451
816594,377946.2361911451
816608,377946.2361911451
816611,377946.2361911451
816676,377946.2361911451
816679,377946.2361911451
816850,377946.2361911451
816967,377946.2361911451
816968,377946.2361911451
816969,377946.2361911451
816972,377946.2361911451
816974,377946.2361911451
817091,377946.2361911451
817550,377946.2361911451
817647,377946.2361911451
817658,377946.2361911451
817662,377946.2361911451
817752,377946.2361911451
817883,377946.2361911451
817978,377946.2361911451
818057,377946.2361911451
818059,377946.2361911451
818170,377946.2361911451
818217,377946.2361911451
818229,377946.2361911451
818316,377946.2361911451
818405,377946.2361911451
818412,377946.2361911451
818488,377946.2361911451
818498,377946.2361911451
818519,377946.2361911451
818520,377946.2361911451
818601,377946.2361911451
818620,377946.2361911451
818629,377946.2361911451
818668,377946.2361911451
818906,377946.2361911451
818951,377946.2361911451
818981,377946.2361911451
819022,377946.2361911451
819052,377946.2361911451
819088,377946.2361911451
819090,377946.2361911451
819154,377946.2361911451
819224,377946.2361911451
819477,377946.2361911451
819505,377946.2361911451
819532,377946.2361911451
819599,377946.2361911451
819624,377946.2361911451
819689,377946.2361911451
819690,377946.2361911451
819694,377946.2361911451
819729,377946.2361911451
819737,377946.2361911451
819839,377946.2361911451
819946,377946.2361911451
820010,377946.2361911451
820047,377946.2361911451
820221,377946.2361911451
820343,377946.2361911451
820369,377946.2361911451
820444,377946.2361911451
820485,377946.2361911451
820520,377946.2361911451
820534,377946.2361911451
820549,377946.2361911451
820550,377946.2361911451
820560,377946.2361911451
820576,377946.2361911451
820608,377946.2361911451
820640,377946.2361911451
820668,377946.2361911451
820672,377946.2361911451
820758,377946.2361911451
820763,377946.2361911451
820797,377946.2361911451
820936,377946.2361911451
821001,377946.2361911451
821049,377946.2361911451
821050,377946.2361911451
821087,377946.2361911451
821251,377946.2361911451
821372,377946.2361911451
821381,377946.2361911451
821423,377946.2361911451
821616,377946.2361911451
821664,377946.2361911451
821715,377946.2361911451
821753,377946.2361911451
821791,377946.2361911451
821800,377946.2361911451
821820,377946.2361911451
821825,377946.2361911451
821826,377946.2361911451
821876,377946.2361911451
821888,377946.2361911451
821895,377946.2361911451
822024,377946.2361911451
822169,377946.2361911451
822190,377946.2361911451
822347,377946.2361911451
822354,377946.2361911451
822421,377946.2361911451
822422,377946.2361911451
822432,377946.2361911451
822445,377946.2361911451
822453,377946.2361911451
822456,377946.2361911451
822457,377946.2361911451
822552,377946.2361911451
822622,377946.2361911451
822624,377946.2361911451
822635,377946.2361911451
822656,377946.2361911451
822684,377946.2361911451
822688,377946.2361911451
822777,377946.2361911451
822785,377946.2361911451
822858,377946.2361911451
822880,377946.2361911451
822882,377946.2361911451
822883,377946.2361911451
822930,377946.2361911451
823118,377946.2361911451
823126,377946.2361911451
823190,377946.2361911451
823243,377946.2361911451
823305,377946.2361911451
823338,377946.2361911451
823411,377946.2361911451
823441,377946.2361911451
823596,377946.2361911451
823639,377946.2361911451
823761,377946.2361911451
823773,377946.2361911451
823798,377946.2361911451
823815,377946.2361911451
823830,377946.2361911451
823846,377946.2361911451
823949,377946.2361911451
823958,377946.2361911451
824041,377946.2361911451
824138,377946.2361911451
824141,377946.2361911451
824236,377946.2361911451
824250,377946.2361911451
824261,377946.2361911451
824528,377946.2361911451
824533,377946.2361911451
824564,377946.2361911451
824568,377946.2361911451
824571,377946.2361911451
824575,377946.2361911451
824602,377946.2361911451
824686,377946.2361911451
824788,377946.2361911451
824810,377946.2361911451
824857,377946.2361911451
824886,377946.2361911451
824906,377946.2361911451
825094,377946.2361911451
825107,377946.2361911451
825186,377946.2361911451
825386,377946.2361911451
825462,377946.2361911451
825470,377946.2361911451
825472,377946.2361911451
825473,377946.2361911451
825700,377946.2361911451
825862,377946.2361911451
825950,377946.2361911451
826171,377946.2361911451
826173,377946.2361911451
826309,377946.2361911451
826322,377946.2361911451
826408,377946.2361911451
826453,377946.2361911451
826522,377946.2361911451
826555,377946.2361911451
826607,377946.2361911451
826650,377946.2361911451
826863,377946.2361911451
826864,377946.2361911451
826881,377946.2361911451
826893,377946.2361911451
826896,377946.2361911451
826968,377946.2361911451
826977,377946.2361911451
827191,377946.2361911451
827214,377946.2361911451
827230,377946.2361911451
827234,377946.2361911451
827325,377946.2361911451
827359,377946.2361911451
827399,377946.2361911451
827481,377946.2361911451
827619,377946.2361911451
827688,377946.2361911451
827711,377946.2361911451
827954,377946.2361911451
828025,377946.2361911451
828031,377946.2361911451
828082,377946.2361911451
828144,377946.2361911451
828174,377946.2361911451
828265,377946.2361911451
828273,377946.2361911451
828285,377946.2361911451
828351,377946.2361911451
828477,377946.2361911451
828604,377946.2361911451
828623,377946.2361911451
828718,377946.2361911451
828750,377946.2361911451
828793,377946.2361911451
828812,377946.2361911451
828827,377946.2361911451
828862,377946.2361911451
828965,377946.2361911451
829067,377946.2361911451
829087,377946.2361911451
829171,377946.2361911451
829240,377946.2361911451
829278,377946.2361911451
829282,377946.2361911451
829293,377946.2361911451
829295,377946.2361911451
829318,377946.2361911451
829322,377946.2361911451
829336,377946.2361911451
829344,377946.2361911451
829351,377946.2361911451
829359,377946.2361911451
829367,377946.2361911451
829372,377946.2361911451
829378,377946.2361911451
829383,377946.2361911451
829389,377946.2361911451
829390,377946.2361911451
829395,377946.2361911451
829413,377946.2361911451
829417,377946.2361911451
829419,377946.2361911451
829599,377946.2361911451
829600,377946.2361911451
829612,377946.2361911451
829673,377946.2361911451
829767,377946.2361911451
829883,377946.2361911451
829947,377946.2361911451
830002,377946.2361911451
830122,377946.2361911451
830143,377946.2361911451
830151,377946.2361911451
830160,377946.2361911451
830199,377946.2361911451
830245,377946.2361911451
830262,377946.2361911451
830265,377946.2361911451
830279,377946.2361911451
830280,377946.2361911451
830333,377946.2361911451
830384,377946.2361911451
830410,377946.2361911451
830446,377946.2361911451
830448,377946.2361911451
830535,377946.2361911451
830581,377946.2361911451
830587,377946.2361911451
830702,377946.2361911451
830731,377946.2361911451
830739,377946.2361911451
830764,377946.2361911451
830772,377946.2361911451
830774,377946.2361911451
830971,377946.2361911451
831037,377946.2361911451
831091,377946.2361911451
831105,377946.2361911451
831106,377946.2361911451
831112,377946.2361911451
831247,377946.2361911451
831261,377946.2361911451
831269,377946.2361911451
831321,377946.2361911451
831459,377946.2361911451
831529,377946.2361911451
831628,377946.2361911451
831792,377946.2361911451
831881,377946.2361911451
831882,377946.2361911451
831883,377946.2361911451
831884,377946.2361911451
831910,377946.2361911451
831944,377946.2361911451
831946,377946.2361911451
831947,377946.2361911451
831949,377946.2361911451
831950,377946.2361911451
831960,377946.2361911451
831961,377946.2361911451
831974,377946.2361911451
832022,377946.2361911451
832156,377946.2361911451
832213,377946.2361911451
832254,377946.2361911451
832261,377946.2361911451
832343,377946.2361911451
832367,377946.2361911451
832436,377946.2361911451
832439,377946.2361911451
832460,377946.2361911451
832470,377946.2361911451
832511,377946.2361911451
832513,377946.2361911451
832624,377946.2361911451
832707,377946.2361911451
832726,377946.2361911451
832780,377946.2361911451
832924,377946.2361911451
832953,377946.2361911451
833013,377946.2361911451
833045,377946.2361911451
833051,377946.2361911451
833052,377946.2361911451
833055,377946.2361911451
833056,377946.2361911451
833057,377946.2361911451
833058,377946.2361911451
833091,377946.2361911451
833216,377946.2361911451
833233,377946.2361911451
833350,377946.2361911451
833459,377946.2361911451
833510,377946.2361911451
833525,377946.2361911451
833527,377946.2361911451
833554,377946.2361911451
833634,377946.2361911451
833668,377946.2361911451
833688,377946.2361911451
833789,377946.2361911451
833827,377946.2361911451
833846,377946.2361911451
833858,377946.2361911451
833886,377946.2361911451
833925,377946.2361911451
833968,377946.2361911451
834026,377946.2361911451
834042,377946.2361911451
834049,377946.2361911451
834113,377946.2361911451
834265,377946.2361911451
834280,377946.2361911451
834315,377946.2361911451
834335,377946.2361911451
834341,377946.2361911451
834343,377946.2361911451
834348,377946.2361911451
834350,377946.2361911451
834391,377946.2361911451
834443,377946.2361911451
834451,377946.2361911451
834514,377946.2361911451
834613,377946.2361911451
834616,377946.2361911451
834623,377946.2361911451
834662,377946.2361911451
834702,377946.2361911451
834746,377946.2361911451
834751,377946.2361911451
834764,377946.2361911451
834785,377946.2361911451
834788,377946.2361911451
834836,377946.2361911451
834858,377946.2361911451
834903,377946.2361911451
834917,377946.2361911451
834959,377946.2361911451
835037,377946.2361911451
835090,377946.2361911451
835122,377946.2361911451
835129,377946.2361911451
835137,377946.2361911451
835262,377946.2361911451
835290,377946.2361911451
835307,377946.2361911451
835336,377946.2361911451
835361,377946.2361911451
835388,377946.2361911451
835459,377946.2361911451
835465,377946.2361911451
835522,377946.2361911451
835523,377946.2361911451
835635,377946.2361911451
835651,377946.2361911451
835661,377946.2361911451
835673,377946.2361911451
835692,377946.2361911451
835759,377946.2361911451
835813,377946.2361911451
835814,377946.2361911451
835816,377946.2361911451
835884,377946.2361911451
835965,377946.2361911451
836013,377946.2361911451
836041,377946.2361911451
836103,377946.2361911451
836173,377946.2361911451
836254,377946.2361911451
836316,377946.2361911451
836341,377946.2361911451
836417,377946.2361911451
836550,377946.2361911451
836555,377946.2361911451
836556,377946.2361911451
836559,377946.2361911451
836561,377946.2361911451
836562,377946.2361911451
836563,377946.2361911451
836564,377946.2361911451
836566,377946.2361911451
836735,377946.2361911451
836782,377946.2361911451
836821,377946.2361911451
837005,377946.2361911451
837092,377946.2361911451
837095,377946.2361911451
837197,377946.2361911451
837467,377946.2361911451
837506,377946.2361911451
837521,377946.2361911451
837550,377946.2361911451
837592,377946.2361911451
837618,377946.2361911451
837632,377946.2361911451
837642,377946.2361911451
837658,377946.2361911451
837769,377946.2361911451
837779,377946.2361911451
837784,377946.2361911451
837831,377946.2361911451
837832,377946.2361911451
837836,377946.2361911451
837961,377946.2361911451
838054,377946.2361911451
838186,377946.2361911451
838254,377946.2361911451
838257,377946.2361911451
838287,377946.2361911451
838374,377946.2361911451
838443,377946.2361911451
838471,377946.2361911451
838609,377946.2361911451
838636,377946.2361911451
838681,377946.2361911451
838696,377946.2361911451
838729,377946.2361911451
838745,377946.2361911451
838778,377946.2361911451
838834,377946.2361911451
838840,377946.2361911451
839042,377946.2361911451
839134,377946.2361911451
839179,377946.2361911451
839299,377946.2361911451
839328,377946.2361911451
839358,377946.2361911451
839379,377946.2361911451
839481,377946.2361911451
839688,377946.2361911451
839804,377946.2361911451
839807,377946.2361911451
839857,377946.2361911451
839875,377946.2361911451
839896,377946.2361911451
839906,377946.2361911451
839907,377946.2361911451
839912,377946.2361911451
839923,377946.2361911451
839964,377946.2361911451
840015,377946.2361911451
840075,377946.2361911451
840137,377946.2361911451
840187,377946.2361911451
840267,377946.2361911451
840277,377946.2361911451
840279,377946.2361911451
840282,377946.2361911451
840284,377946.2361911451
840287,377946.2361911451
840313,377946.2361911451
840333,377946.2361911451
840334,377946.2361911451
840337,377946.2361911451
840425,377946.2361911451
840558,377946.2361911451
840569,377946.2361911451
840632,377946.2361911451
840829,377946.2361911451
840859,377946.2361911451
840895,377946.2361911451
840951,377946.2361911451
841008,377946.2361911451
841041,377946.2361911451
841075,377946.2361911451
841077,377946.2361911451
841273,377946.2361911451
841289,377946.2361911451
841313,377946.2361911451
841337,377946.2361911451
841354,377946.2361911451
841376,377946.2361911451
841400,377946.2361911451
841446,377946.2361911451
841484,377946.2361911451
841515,377946.2361911451
841521,377946.2361911451
841536,377946.2361911451
841557,377946.2361911451
841585,377946.2361911451
841696,377946.2361911451
841763,377946.2361911451
841803,377946.2361911451
841851,377946.2361911451
841869,377946.2361911451
841984,377946.2361911451
842034,377946.2361911451
842041,377946.2361911451
842044,377946.2361911451
842056,377946.2361911451
842219,377946.2361911451
842222,377946.2361911451
842243,377946.2361911451
842245,377946.2361911451
842350,377946.2361911451
842357,377946.2361911451
842459,377946.2361911451
842460,377946.2361911451
842623,377946.2361911451
842624,377946.2361911451
842791,377946.2361911451
842797,377946.2361911451
842808,377946.2361911451
842868,377946.2361911451
842953,377946.2361911451
842960,377946.2361911451
843026,377946.2361911451
843041,377946.2361911451
843066,377946.2361911451
843070,377946.2361911451
843072,377946.2361911451
843183,377946.2361911451
843192,377946.2361911451
843194,377946.2361911451
843197,377946.2361911451
843201,377946.2361911451
843205,377946.2361911451
843339,377946.2361911451
843353,377946.2361911451
843397,377946.2361911451
843417,377946.2361911451
843468,377946.2361911451
843471,377946.2361911451
843505,377946.2361911451
843512,377946.2361911451
843536,377946.2361911451
843564,377946.2361911451
843575,377946.2361911451
843622,377946.2361911451
843737,377946.2361911451
843742,377946.2361911451
843767,377946.2361911451
843770,377946.2361911451
843784,377946.2361911451
843794,377946.2361911451
843797,377946.2361911451
843906,377946.2361911451
843914,377946.2361911451
843942,377946.2361911451
843943,377946.2361911451
843979,377946.2361911451
843980,377946.2361911451
843993,377946.2361911451
844008,377946.2361911451
844035,377946.2361911451
844085,377946.2361911451
844097,377946.2361911451
844104,377946.2361911451
844109,377946.2361911451
844110,377946.2361911451
844126,377946.2361911451
844162,377946.2361911451
844165,377946.2361911451
844198,377946.2361911451
844211,377946.2361911451
844233,377946.2361911451
844310,377946.2361911451
844316,377946.2361911451
844329,377946.2361911451
844338,377946.2361911451
844468,377946.2361911451
844503,377946.2361911451
844536,377946.2361911451
844539,377946.2361911451
844564,377946.2361911451
844590,377946.2361911451
844617,377946.2361911451
844640,377946.2361911451
844716,377946.2361911451
844747,377946.2361911451
844748,377946.2361911451
844755,377946.2361911451
844762,377946.2361911451
844789,377946.2361911451
844804,377946.2361911451
844846,377946.2361911451
844847,377946.2361911451
844849,377946.2361911451
844855,377946.2361911451
844856,377946.2361911451
844857,377946.2361911451
844862,377946.2361911451
844886,377946.2361911451
844915,377946.2361911451
844925,377946.2361911451
844991,377946.2361911451
844993,377946.2361911451
845024,377946.2361911451
845033,377946.2361911451
845082,377946.2361911451
845083,377946.2361911451
845096,377946.2361911451
845106,377946.2361911451
845107,377946.2361911451
845121,377946.2361911451
845124,377946.2361911451
845155,377946.2361911451
845166,377946.2361911451
845183,377946.2361911451
845217,377946.2361911451
845244,377946.2361911451
845251,377946.2361911451
845344,377946.2361911451
845370,377946.2361911451
845397,377946.2361911451
845405,377946.2361911451
845471,377946.2361911451
845486,377946.2361911451
845528,377946.2361911451
845534,377946.2361911451
845545,377946.2361911451
845594,377946.2361911451
845685,377946.2361911451
845705,377946.2361911451
845720,377946.2361911451
845802,377946.2361911451
845879,377946.2361911451
845943,377946.2361911451
845962,377946.2361911451
846140,377946.2361911451
846147,377946.2361911451
846152,377946.2361911451
846284,377946.2361911451
846499,377946.2361911451
846556,377946.2361911451
846559,377946.2361911451
846573,377946.2361911451
846575,377946.2361911451
846768,377946.2361911451
846871,377946.2361911451
846968,377946.2361911451
847095,377946.2361911451
847100,377946.2361911451
847161,377946.2361911451
847191,377946.2361911451
847227,377946.2361911451
847230,377946.2361911451
847306,377946.2361911451
847476,377946.2361911451
847537,377946.2361911451
847657,377946.2361911451
847727,377946.2361911451
847766,377946.2361911451
847773,377946.2361911451
847809,377946.2361911451
847861,377946.2361911451
847892,377946.2361911451
847917,377946.2361911451
847950,377946.2361911451
848039,377946.2361911451
848093,377946.2361911451
848095,377946.2361911451
848112,377946.2361911451
848157,377946.2361911451
848164,377946.2361911451
848302,377946.2361911451
848330,377946.2361911451
848365,377946.2361911451
848375,377946.2361911451
848386,377946.2361911451
848437,377946.2361911451
848493,377946.2361911451
848543,377946.2361911451
848549,377946.2361911451
848623,377946.2361911451
848661,377946.2361911451
848707,377946.2361911451
848775,377946.2361911451
848843,377946.2361911451
848978,377946.2361911451
848989,377946.2361911451
849002,377946.2361911451
849024,377946.2361911451
849047,377946.2361911451
849062,377946.2361911451
849064,377946.2361911451
936612,377946.2361911451
936685,377946.2361911451
936696,377946.2361911451
936725,377946.2361911451
936735,377946.2361911451
936772,377946.2361911451
936806,377946.2361911451
936808,377946.2361911451
936854,377946.2361911451
936871,377946.2361911451
936899,377946.2361911451
936915,377946.2361911451
936923,377946.2361911451
936950,377946.2361911451
936973,377946.2361911451
937001,377946.2361911451
937003,377946.2361911451
937056,377946.2361911451
937090,377946.2361911451
937110,377946.2361911451
937130,377946.2361911451
937183,377946.2361911451
937255,377946.2361911451
937276,377946.2361911451
937318,377946.2361911451
937335,377946.2361911451
937337,377946.2361911451
937358,377946.2361911451
937360,377946.2361911451
937362,377946.2361911451
937390,377946.2361911451
937462,377946.2361911451
937472,377946.2361911451
937477,377946.2361911451
937493,377946.2361911451
937518,377946.2361911451
937519,377946.2361911451
937555,377946.2361911451
937658,377946.2361911451
937662,377946.2361911451
937663,377946.2361911451
937665,377946.2361911451
937676,377946.2361911451
937694,377946.2361911451
937735,377946.2361911451
937740,377946.2361911451
937751,377946.2361911451
937776,377946.2361911451
937780,377946.2361911451
937812,377946.2361911451
937813,377946.2361911451
937943,377946.2361911451
938043,377946.2361911451
938056,377946.2361911451
938064,377946.2361911451
938068,377946.2361911451
938080,377946.2361911451
938114,377946.2361911451
938187,377946.2361911451
938204,377946.2361911451
938206,377946.2361911451
938209,377946.2361911451
938212,377946.2361911451
938232,377946.2361911451
938233,377946.2361911451
938349,377946.2361911451
938350,377946.2361911451
938351,377946.2361911451
938354,377946.2361911451
938361,377946.2361911451
938362,377946.2361911451
938363,377946.2361911451
938433,377946.2361911451
938579,377946.2361911451
938635,377946.2361911451
938636,377946.2361911451
938637,377946.2361911451
938639,377946.2361911451
938651,377946.2361911451
938670,377946.2361911451
938703,377946.2361911451
938705,377946.2361911451
938715,377946.2361911451
938733,377946.2361911451
938812,377946.2361911451
938814,377946.2361911451
938894,377946.2361911451
938913,377946.2361911451
938938,377946.2361911451
938957,377946.2361911451
938990,377946.2361911451
939010,377946.2361911451
939028,377946.2361911451
939075,377946.2361911451
939121,377946.2361911451
939133,377946.2361911451
939146,377946.2361911451
939224,377946.2361911451
939227,377946.2361911451
939256,377946.2361911451
939297,377946.2361911451
939305,377946.2361911451
939310,377946.2361911451
939349,377946.2361911451
939360,377946.2361911451
939392,377946.2361911451
939400,377946.2361911451
939409,377946.2361911451
939411,377946.2361911451
939414,377946.2361911451
939420,377946.2361911451
939421,377946.2361911451
939438,377946.2361911451
939494,377946.2361911451
939496,377946.2361911451
939497,377946.2361911451
939501,377946.2361911451
939587,377946.2361911451
939589,377946.2361911451
939629,377946.2361911451
939636,377946.2361911451
939645,377946.2361911451
939650,377946.2361911451
939666,377946.2361911451
939669,377946.2361911451
939711,377946.2361911451
939877,377946.2361911451
939886,377946.2361911451
939890,377946.2361911451
939892,377946.2361911451
939905,377946.2361911451
939930,377946.2361911451
939935,377946.2361911451
939960,377946.2361911451
939964,377946.2361911451
939970,377946.2361911451
940066,377946.2361911451
940094,377946.2361911451
940095,377946.2361911451
940096,377946.2361911451
940118,377946.2361911451
940138,377946.2361911451
940168,377946.2361911451
940172,377946.2361911451
940240,377946.2361911451
940262,377946.2361911451
940282,377946.2361911451
940283,377946.2361911451
940336,377946.2361911451
940389,377946.2361911451
940487,377946.2361911451
940552,377946.2361911451
940571,377946.2361911451
940579,377946.2361911451
940602,377946.2361911451
940627,377946.2361911451
940735,377946.2361911451
940740,377946.2361911451
940742,377946.2361911451
940767,377946.2361911451
940788,377946.2361911451
940807,377946.2361911451
940855,377946.2361911451
940868,377946.2361911451
940875,377946.2361911451
940876,377946.2361911451
940890,377946.2361911451
940950,377946.2361911451
941026,377946.2361911451
941059,377946.2361911451
941089,377946.2361911451
941112,377946.2361911451
941121,377946.2361911451
941123,377946.2361911451
941146,377946.2361911451
941344,377946.2361911451
941346,377946.2361911451
941369,377946.2361911451
941370,377946.2361911451
941373,377946.2361911451
941384,377946.2361911451
941500,377946.2361911451
941524,377946.2361911451
941554,377946.2361911451
941713,377946.2361911451
941780,377946.2361911451
941782,377946.2361911451
941786,377946.2361911451
941790,377946.2361911451
941791,377946.2361911451
941792,377946.2361911451
941793,377946.2361911451
941797,377946.2361911451
941798,377946.2361911451
941801,377946.2361911451
941810,377946.2361911451
941826,377946.2361911451
941843,377946.2361911451
941862,377946.2361911451
941864,377946.2361911451
941867,377946.2361911451
941875,377946.2361911451
941876,377946.2361911451
941881,377946.2361911451
941883,377946.2361911451
941884,377946.2361911451
941891,377946.2361911451
941919,377946.2361911451
941959,377946.2361911451
942057,377946.2361911451
942070,377946.2361911451
942098,377946.2361911451
942103,377946.2361911451
942105,377946.2361911451
942106,377946.2361911451
942109,377946.2361911451
942111,377946.2361911451
942113,377946.2361911451
942115,377946.2361911451
942116,377946.2361911451
942130,377946.2361911451
942139,377946.2361911451
942145,377946.2361911451
942168,377946.2361911451
942177,377946.2361911451
942181,377946.2361911451
942196,377946.2361911451
942210,377946.2361911451
942217,377946.2361911451
942275,377946.2361911451
942370,377946.2361911451
942375,377946.2361911451
942383,377946.2361911451
942415,377946.2361911451
942422,377946.2361911451
942463,377946.2361911451
942469,377946.2361911451
942480,377946.2361911451
942488,377946.2361911451
942583,377946.2361911451
942628,377946.2361911451
942635,377946.2361911451
942636,377946.2361911451
942651,377946.2361911451
942653,377946.2361911451
942655,377946.2361911451
942657,377946.2361911451
942741,377946.2361911451
942753,377946.2361911451
942779,377946.2361911451
942802,377946.2361911451
942843,377946.2361911451
942844,377946.2361911451
942890,377946.2361911451
942964,377946.2361911451
942968,377946.2361911451
942969,377946.2361911451
942985,377946.2361911451
942989,377946.2361911451
942990,377946.2361911451
943022,377946.2361911451
943032,377946.2361911451
943039,377946.2361911451
943044,377946.2361911451
943112,377946.2361911451
943140,377946.2361911451
943141,377946.2361911451
943143,377946.2361911451
943145,377946.2361911451
943149,377946.2361911451
943167,377946.2361911451
943193,377946.2361911451
943238,377946.2361911451
943352,377946.2361911451
943368,377946.2361911451
943373,377946.2361911451
943397,377946.2361911451
943398,377946.2361911451
943402,377946.2361911451
943412,377946.2361911451
943473,377946.2361911451
943478,377946.2361911451
943482,377946.2361911451
943484,377946.2361911451
943489,377946.2361911451
943497,377946.2361911451
943503,377946.2361911451
943504,377946.2361911451
943505,377946.2361911451
943592,377946.2361911451
943684,377946.2361911451
943693,377946.2361911451
943696,377946.2361911451
943698,377946.2361911451
943699,377946.2361911451
943750,377946.2361911451
943756,377946.2361911451
943782,377946.2361911451
943783,377946.2361911451
943810,377946.2361911451
943821,377946.2361911451
943822,377946.2361911451
943872,377946.2361911451
943889,377946.2361911451
943928,377946.2361911451
943939,377946.2361911451
943944,377946.2361911451
943953,377946.2361911451
943954,377946.2361911451
943955,377946.2361911451
943960,377946.2361911451
943964,377946.2361911451
943968,377946.2361911451
943969,377946.2361911451
943985,377946.2361911451
944000,377946.2361911451
944002,377946.2361911451
944018,377946.2361911451
944025,377946.2361911451
944030,377946.2361911451
944101,377946.2361911451
944105,377946.2361911451
944256,377946.2361911451
944265,377946.2361911451
944289,377946.2361911451
944295,377946.2361911451
944305,377946.2361911451
944306,377946.2361911451
944312,377946.2361911451
944341,377946.2361911451
944342,377946.2361911451
944347,377946.2361911451
944360,377946.2361911451
944384,377946.2361911451
944425,377946.2361911451
944434,377946.2361911451
944435,377946.2361911451
944436,377946.2361911451
944442,377946.2361911451
944552,377946.2361911451
944568,377946.2361911451
944662,377946.2361911451
944671,377946.2361911451
944683,377946.2361911451
944887,377946.2361911451
944902,377946.2361911451
944906,377946.2361911451
944913,377946.2361911451
944921,377946.2361911451
944935,377946.2361911451
944942,377946.2361911451
944943,377946.2361911451
944955,377946.2361911451
944967,377946.2361911451
945015,377946.2361911451
945046,377946.2361911451
945082,377946.2361911451
945116,377946.2361911451
945151,377946.2361911451
945180,377946.2361911451
945181,377946.2361911451
945182,377946.2361911451
945273,377946.2361911451
945283,377946.2361911451
945305,377946.2361911451
945332,377946.2361911451
945388,377946.2361911451
945444,377946.2361911451
945448,377946.2361911451
945453,377946.2361911451
945454,377946.2361911451
945470,377946.2361911451
945495,377946.2361911451
945498,377946.2361911451
945505,377946.2361911451
945513,377946.2361911451
945554,377946.2361911451
945590,377946.2361911451
945627,377946.2361911451
945628,377946.2361911451
945629,377946.2361911451
945630,377946.2361911451
945749,377946.2361911451
945790,377946.2361911451
945801,377946.2361911451
945838,377946.2361911451
945839,377946.2361911451
945840,377946.2361911451
945843,377946.2361911451
945880,377946.2361911451
945900,377946.2361911451
945901,377946.2361911451
945902,377946.2361911451
945903,377946.2361911451
945940,377946.2361911451
945942,377946.2361911451
945945,377946.2361911451
945946,377946.2361911451
945952,377946.2361911451
945965,377946.2361911451
945967,377946.2361911451
945997,377946.2361911451
945998,377946.2361911451
946016,377946.2361911451
946307,377946.2361911451
946318,377946.2361911451
946327,377946.2361911451
946351,377946.2361911451
946358,377946.2361911451
946373,377946.2361911451
946376,377946.2361911451
946385,377946.2361911451
946386,377946.2361911451
946397,377946.2361911451
946398,377946.2361911451
946401,377946.2361911451
946403,377946.2361911451
946433,377946.2361911451
946446,377946.2361911451
946447,377946.2361911451
946448,377946.2361911451
946462,377946.2361911451
946463,377946.2361911451
946492,377946.2361911451
946496,377946.2361911451
946540,377946.2361911451
946541,377946.2361911451
946591,377946.2361911451
946601,377946.2361911451
946638,377946.2361911451
946640,377946.2361911451
946653,377946.2361911451
946678,377946.2361911451
946687,377946.2361911451
946688,377946.2361911451
946689,377946.2361911451
946716,377946.2361911451
946732,377946.2361911451
946738,377946.2361911451
946746,377946.2361911451
946779,377946.2361911451
946784,377946.2361911451
946788,377946.2361911451
946820,377946.2361911451
946836,377946.2361911451
946870,377946.2361911451
946873,377946.2361911451
946896,377946.2361911451
946944,377946.2361911451
946972,377946.2361911451
946973,377946.2361911451
947007,377946.2361911451
947031,377946.2361911451
947057,377946.2361911451
947141,377946.2361911451
947176,377946.2361911451
947187,377946.2361911451
947206,377946.2361911451
947216,377946.2361911451
947274,377946.2361911451
947300,377946.2361911451
947332,377946.2361911451
947383,377946.2361911451
947395,377946.2361911451
947405,377946.2361911451
947436,377946.2361911451
947473,377946.2361911451
947495,377946.2361911451
947530,377946.2361911451
947537,377946.2361911451
947552,377946.2361911451
947564,377946.2361911451
947584,377946.2361911451
947625,377946.2361911451
947677,377946.2361911451
947689,377946.2361911451
947698,377946.2361911451
947699,377946.2361911451
947700,377946.2361911451
947701,377946.2361911451
947702,377946.2361911451
947725,377946.2361911451
947743,377946.2361911451
947833,377946.2361911451
947872,377946.2361911451
947881,377946.2361911451
947930,377946.2361911451
947977,377946.2361911451
948034,377946.2361911451
948036,377946.2361911451
948039,377946.2361911451
948066,377946.2361911451
948107,377946.2361911451
948115,377946.2361911451
948121,377946.2361911451
948137,377946.2361911451
948148,377946.2361911451
948306,377946.2361911451
948339,377946.2361911451
948361,377946.2361911451
948386,377946.2361911451
948387,377946.2361911451
948388,377946.2361911451
948423,377946.2361911451
948470,377946.2361911451
948479,377946.2361911451
948484,377946.2361911451
948486,377946.2361911451
948598,377946.2361911451
948607,377946.2361911451
948629,377946.2361911451
948630,377946.2361911451
948631,377946.2361911451
948632,377946.2361911451
948633,377946.2361911451
948641,377946.2361911451
948643,377946.2361911451
948651,377946.2361911451
948652,377946.2361911451
948675,377946.2361911451
948740,377946.2361911451
948743,377946.2361911451
948744,377946.2361911451
948745,377946.2361911451
948774,377946.2361911451
948789,377946.2361911451
948807,377946.2361911451
948808,377946.2361911451
948809,377946.2361911451
948813,377946.2361911451
948816,377946.2361911451
948819,377946.2361911451
948830,377946.2361911451
948870,377946.2361911451
948912,377946.2361911451
948941,377946.2361911451
949105,377946.2361911451
949143,377946.2361911451
949144,377946.2361911451
949147,377946.2361911451
949248,377946.2361911451
949250,377946.2361911451
949278,377946.2361911451
949283,377946.2361911451
949293,377946.2361911451
949340,377946.2361911451
949379,377946.2361911451
949426,377946.2361911451
949427,377946.2361911451
949428,377946.2361911451
949431,377946.2361911451
949443,377946.2361911451
949474,377946.2361911451
949492,377946.2361911451
949501,377946.2361911451
949517,377946.2361911451
949518,377946.2361911451
949519,377946.2361911451
949529,377946.2361911451
949544,377946.2361911451
949545,377946.2361911451
949584,377946.2361911451
949592,377946.2361911451
949593,377946.2361911451
949627,377946.2361911451
949651,377946.2361911451
949661,377946.2361911451
949762,377946.2361911451
949815,377946.2361911451
949827,377946.2361911451
949858,377946.2361911451
949933,377946.2361911451
949934,377946.2361911451
949943,377946.2361911451
949960,377946.2361911451
950036,377946.2361911451
950037,377946.2361911451
950038,377946.2361911451
950039,377946.2361911451
950044,377946.2361911451
950060,377946.2361911451
950088,377946.2361911451
950194,377946.2361911451
950227,377946.2361911451
950234,377946.2361911451
950303,377946.2361911451
950339,377946.2361911451
950374,377946.2361911451
950378,377946.2361911451
950382,377946.2361911451
950385,377946.2361911451
950489,377946.2361911451
950576,377946.2361911451
950581,377946.2361911451
950583,377946.2361911451
950584,377946.2361911451
950585,377946.2361911451
950607,377946.2361911451
950630,377946.2361911451
950634,377946.2361911451
950664,377946.2361911451
950671,377946.2361911451
950686,377946.2361911451
950746,377946.2361911451
950751,377946.2361911451
950916,377946.2361911451
951001,377946.2361911451
951065,377946.2361911451
951129,377946.2361911451
951162,377946.2361911451
951195,377946.2361911451
951200,377946.2361911451
951201,377946.2361911451
951405,377946.2361911451
951412,377946.2361911451
951454,377946.2361911451
951460,377946.2361911451
951463,377946.2361911451
951471,377946.2361911451
951553,377946.2361911451
951564,377946.2361911451
951646,377946.2361911451
951663,377946.2361911451
951687,377946.2361911451
951692,377946.2361911451
951704,377946.2361911451
951780,377946.2361911451
951782,377946.2361911451
951915,377946.2361911451
951963,377946.2361911451
951975,377946.2361911451
951988,377946.2361911451
952013,377946.2361911451
952025,377946.2361911451
952036,377946.2361911451
952096,377946.2361911451
952268,377946.2361911451
952271,377946.2361911451
952273,377946.2361911451
952448,377946.2361911451
952466,377946.2361911451
952537,377946.2361911451
952541,377946.2361911451
952545,377946.2361911451
952546,377946.2361911451
952566,377946.2361911451
952651,377946.2361911451
952689,377946.2361911451
952699,377946.2361911451
952773,377946.2361911451
952778,377946.2361911451
952818,377946.2361911451
952900,377946.2361911451
952916,377946.2361911451
953005,377946.2361911451
953024,377946.2361911451
953047,377946.2361911451
953057,377946.2361911451
953161,377946.2361911451
953163,377946.2361911451
953176,377946.2361911451
953177,377946.2361911451
953181,377946.2361911451
953182,377946.2361911451
953227,377946.2361911451
953228,377946.2361911451
953237,377946.2361911451
953293,377946.2361911451
953325,377946.2361911451
953326,377946.2361911451
953330,377946.2361911451
953375,377946.2361911451
953481,377946.2361911451
953486,377946.2361911451
953512,377946.2361911451
953552,377946.2361911451
953564,377946.2361911451
953626,377946.2361911451
953702,377946.2361911451
953744,377946.2361911451
953778,377946.2361911451
953795,377946.2361911451
953797,377946.2361911451
953857,377946.2361911451
953894,377946.2361911451
953920,377946.2361911451
953922,377946.2361911451
953931,377946.2361911451
953965,377946.2361911451
954066,377946.2361911451
954138,377946.2361911451
954190,377946.2361911451
954216,377946.2361911451
954292,377946.2361911451
954302,377946.2361911451
954319,377946.2361911451
954351,377946.2361911451
954413,377946.2361911451
954419,377946.2361911451
954452,377946.2361911451
954503,377946.2361911451
954505,377946.2361911451
954535,377946.2361911451
954548,377946.2361911451
954563,377946.2361911451
954578,377946.2361911451
954584,377946.2361911451
954608,377946.2361911451
954615,377946.2361911451
954627,377946.2361911451
954649,377946.2361911451
954700,377946.2361911451
954717,377946.2361911451
954721,377946.2361911451
954735,377946.2361911451
954747,377946.2361911451
954762,377946.2361911451
954787,377946.2361911451
954809,377946.2361911451
954828,377946.2361911451
954831,377946.2361911451
954867,377946.2361911451
954868,377946.2361911451
954880,377946.2361911451
954892,377946.2361911451
954911,377946.2361911451
954926,377946.2361911451
954928,377946.2361911451
954955,377946.2361911451
954963,377946.2361911451
954972,377946.2361911451
954992,377946.2361911451
955082,377946.2361911451
955110,377946.2361911451
955132,377946.2361911451
955142,377946.2361911451
955152,377946.2361911451
955153,377946.2361911451
955160,377946.2361911451
955162,377946.2361911451
955164,377946.2361911451
955189,377946.2361911451
955190,377946.2361911451
955207,377946.2361911451
955287,377946.2361911451
955308,377946.2361911451
955309,377946.2361911451
955361,377946.2361911451
955376,377946.2361911451
955429,377946.2361911451
955444,377946.2361911451
955445,377946.2361911451
955456,377946.2361911451
955502,377946.2361911451
955525,377946.2361911451
955528,377946.2361911451
955541,377946.2361911451
955557,377946.2361911451
955562,377946.2361911451
955575,377946.2361911451
955601,377946.2361911451
955609,377946.2361911451
955639,377946.2361911451
955664,377946.2361911451
955682,377946.2361911451
955700,377946.2361911451
955727,377946.2361911451
955782,377946.2361911451
955786,377946.2361911451
955801,377946.2361911451
955815,377946.2361911451
955864,377946.2361911451
955926,377946.2361911451
955932,377946.2361911451
955939,377946.2361911451
955961,377946.2361911451
955974,377946.2361911451
955994,377946.2361911451
956001,377946.2361911451
956005,377946.2361911451
956031,377946.2361911451
956035,377946.2361911451
956036,377946.2361911451
956038,377946.2361911451
956042,377946.2361911451
956044,377946.2361911451
956046,377946.2361911451
956050,377946.2361911451
956051,377946.2361911451
956130,377946.2361911451
956137,377946.2361911451
956144,377946.2361911451
956156,377946.2361911451
956187,377946.2361911451
956223,377946.2361911451
956246,377946.2361911451
956263,377946.2361911451
956304,377946.2361911451
956308,377946.2361911451
956488,377946.2361911451
956523,377946.2361911451
956535,377946.2361911451
956556,377946.2361911451
956558,377946.2361911451
956600,377946.2361911451
956627,377946.2361911451
956631,377946.2361911451
956661,377946.2361911451
956687,377946.2361911451
956694,377946.2361911451
956767,377946.2361911451
956774,377946.2361911451
956907,377946.2361911451
956962,377946.2361911451
956966,377946.2361911451
957053,377946.2361911451
957065,377946.2361911451
957149,377946.2361911451
957192,377946.2361911451
957242,377946.2361911451
957408,377946.2361911451
957420,377946.2361911451
957421,377946.2361911451
957444,377946.2361911451
957446,377946.2361911451
957539,377946.2361911451
957550,377946.2361911451
957566,377946.2361911451
957573,377946.2361911451
957608,377946.2361911451
957648,377946.2361911451
957674,377946.2361911451
957675,377946.2361911451
957676,377946.2361911451
957679,377946.2361911451
957684,377946.2361911451
957685,377946.2361911451
957687,377946.2361911451
957699,377946.2361911451
957708,377946.2361911451
957709,377946.2361911451
957720,377946.2361911451
957724,377946.2361911451
957725,377946.2361911451
957749,377946.2361911451
957758,377946.2361911451
957793,377946.2361911451
957840,377946.2361911451
957852,377946.2361911451
957875,377946.2361911451
957955,377946.2361911451
957967,377946.2361911451
957971,377946.2361911451
957987,377946.2361911451
958016,377946.2361911451
958019,377946.2361911451
958038,377946.2361911451
958045,377946.2361911451
958063,377946.2361911451
958116,377946.2361911451
958119,377946.2361911451
958190,377946.2361911451
958198,377946.2361911451
958259,377946.2361911451
958270,377946.2361911451
958285,377946.2361911451
958288,377946.2361911451
958345,377946.2361911451
958383,377946.2361911451
958422,377946.2361911451
958425,377946.2361911451
958428,377946.2361911451
958430,377946.2361911451
958447,377946.2361911451
958454,377946.2361911451
958455,377946.2361911451
958456,377946.2361911451
958493,377946.2361911451
958512,377946.2361911451
958516,377946.2361911451
958517,377946.2361911451
958519,377946.2361911451
958526,377946.2361911451
958527,377946.2361911451
958533,377946.2361911451
958535,377946.2361911451
958538,377946.2361911451
958565,377946.2361911451
958569,377946.2361911451
958570,377946.2361911451
958572,377946.2361911451
958601,377946.2361911451
958657,377946.2361911451
958666,377946.2361911451
958667,377946.2361911451
958671,377946.2361911451
958675,377946.2361911451
958676,377946.2361911451
958679,377946.2361911451
958693,377946.2361911451
958694,377946.2361911451
958697,377946.2361911451
958698,377946.2361911451
958705,377946.2361911451
958707,377946.2361911451
958770,377946.2361911451
958783,377946.2361911451
958791,377946.2361911451
958792,377946.2361911451
958793,377946.2361911451
958797,377946.2361911451
958799,377946.2361911451
958831,377946.2361911451
958839,377946.2361911451
958896,377946.2361911451
958898,377946.2361911451
958985,377946.2361911451
959021,377946.2361911451
959030,377946.2361911451
959031,377946.2361911451
959060,377946.2361911451
959112,377946.2361911451
959114,377946.2361911451
959117,377946.2361911451
959118,377946.2361911451
959121,377946.2361911451
959122,377946.2361911451
959123,377946.2361911451
959124,377946.2361911451
959125,377946.2361911451
959126,377946.2361911451
959128,377946.2361911451
959129,377946.2361911451
959130,377946.2361911451
959131,377946.2361911451
959133,377946.2361911451
959134,377946.2361911451
959142,377946.2361911451
959153,377946.2361911451
959154,377946.2361911451
959166,377946.2361911451
959224,377946.2361911451
959227,377946.2361911451
959265,377946.2361911451
959323,377946.2361911451
959324,377946.2361911451
959357,377946.2361911451
959362,377946.2361911451
959394,377946.2361911451
959419,377946.2361911451
959433,377946.2361911451
959451,377946.2361911451
959466,377946.2361911451
959468,377946.2361911451
959469,377946.2361911451
959476,377946.2361911451
959683,377946.2361911451
959723,377946.2361911451
959725,377946.2361911451
959726,377946.2361911451
959728,377946.2361911451
959741,377946.2361911451
959742,377946.2361911451
959743,377946.2361911451
959744,377946.2361911451
959757,377946.2361911451
959759,377946.2361911451
959940,377946.2361911451
959967,377946.2361911451
960018,377946.2361911451
960029,377946.2361911451
960058,377946.2361911451
960091,377946.2361911451
960118,377946.2361911451
960163,377946.2361911451
960165,377946.2361911451
960169,377946.2361911451
960226,377946.2361911451
960235,377946.2361911451
960241,377946.2361911451
960274,377946.2361911451
960275,377946.2361911451
960284,377946.2361911451
960286,377946.2361911451
960287,377946.2361911451
960289,377946.2361911451
960290,377946.2361911451
960310,377946.2361911451
960340,377946.2361911451
960362,377946.2361911451
960393,377946.2361911451
960410,377946.2361911451
960431,377946.2361911451
960451,377946.2361911451
960478,377946.2361911451
960529,377946.2361911451
960530,377946.2361911451
960581,377946.2361911451
960597,377946.2361911451
960598,377946.2361911451
960634,377946.2361911451
960687,377946.2361911451
960863,377946.2361911451
960913,377946.2361911451
960931,377946.2361911451
960946,377946.2361911451
960947,377946.2361911451
960983,377946.2361911451
961006,377946.2361911451
961035,377946.2361911451
961042,377946.2361911451
961048,377946.2361911451
961123,377946.2361911451
961141,377946.2361911451
961143,377946.2361911451
961183,377946.2361911451
961216,377946.2361911451
961226,377946.2361911451
961246,377946.2361911451
961256,377946.2361911451
961289,377946.2361911451
961337,377946.2361911451
961387,377946.2361911451
961389,377946.2361911451
961395,377946.2361911451
961408,377946.2361911451
961419,377946.2361911451
961420,377946.2361911451
961421,377946.2361911451
961452,377946.2361911451
961461,377946.2361911451
961478,377946.2361911451
961488,377946.2361911451
961489,377946.2361911451
961522,377946.2361911451
961530,377946.2361911451
961548,377946.2361911451
961574,377946.2361911451
961601,377946.2361911451
961605,377946.2361911451
961608,377946.2361911451
961609,377946.2361911451
961699,377946.2361911451
961715,377946.2361911451
961768,377946.2361911451
961788,377946.2361911451
961789,377946.2361911451
961790,377946.2361911451
961791,377946.2361911451
961792,377946.2361911451
961817,377946.2361911451
961822,377946.2361911451
961854,377946.2361911451
961872,377946.2361911451
961877,377946.2361911451
961882,377946.2361911451
962051,377946.2361911451
962065,377946.2361911451
962066,377946.2361911451
962080,377946.2361911451
962082,377946.2361911451
962083,377946.2361911451
962090,377946.2361911451
962109,377946.2361911451
962116,377946.2361911451
962141,377946.2361911451
962144,377946.2361911451
962159,377946.2361911451
962160,377946.2361911451
962165,377946.2361911451
962176,377946.2361911451
962178,377946.2361911451
962179,377946.2361911451
962180,377946.2361911451
962181,377946.2361911451
962182,377946.2361911451
962184,377946.2361911451
962186,377946.2361911451
962217,377946.2361911451
962219,377946.2361911451
962225,377946.2361911451
962235,377946.2361911451
962236,377946.2361911451
962263,377946.2361911451
962287,377946.2361911451
962316,377946.2361911451
962319,377946.2361911451
962336,377946.2361911451
962412,377946.2361911451
962416,377946.2361911451
962419,377946.2361911451
962438,377946.2361911451
962448,377946.2361911451
962501,377946.2361911451
962520,377946.2361911451
962546,377946.2361911451
962551,377946.2361911451
962559,377946.2361911451
962567,377946.2361911451
962572,377946.2361911451
962579,377946.2361911451
962585,377946.2361911451
962586,377946.2361911451
962591,377946.2361911451
962592,377946.2361911451
962630,377946.2361911451
962635,377946.2361911451
962677,377946.2361911451
962728,377946.2361911451
962755,377946.2361911451
962778,377946.2361911451
962796,377946.2361911451
962835,377946.2361911451
962839,377946.2361911451
962845,377946.2361911451
962907,377946.2361911451
962922,377946.2361911451
963001,377946.2361911451
963003,377946.2361911451
963019,377946.2361911451
963020,377946.2361911451
963022,377946.2361911451
963023,377946.2361911451
963041,377946.2361911451
963049,377946.2361911451
963118,377946.2361911451
963122,377946.2361911451
963130,377946.2361911451
963165,377946.2361911451
963199,377946.2361911451
963205,377946.2361911451
963229,377946.2361911451
963313,377946.2361911451
963314,377946.2361911451
963319,377946.2361911451
963325,377946.2361911451
963327,377946.2361911451
963340,377946.2361911451
963362,377946.2361911451
963366,377946.2361911451
963375,377946.2361911451
963378,377946.2361911451
963381,377946.2361911451
963447,377946.2361911451
963472,377946.2361911451
963488,377946.2361911451
963490,377946.2361911451
963539,377946.2361911451
963651,377946.2361911451
963676,377946.2361911451
963682,377946.2361911451
963837,377946.2361911451
963857,377946.2361911451
963905,377946.2361911451
963929,377946.2361911451
963960,377946.2361911451
963971,377946.2361911451
963973,377946.2361911451
963986,377946.2361911451
964018,377946.2361911451
964048,377946.2361911451
964049,377946.2361911451
964055,377946.2361911451
964098,377946.2361911451
964135,377946.2361911451
964156,377946.2361911451
964157,377946.2361911451
964171,377946.2361911451
964207,377946.2361911451
964208,377946.2361911451
964209,377946.2361911451
964271,377946.2361911451
964304,377946.2361911451
964312,377946.2361911451
964314,377946.2361911451
964333,377946.2361911451
964369,377946.2361911451
964488,377946.2361911451
964527,377946.2361911451
964570,377946.2361911451
964580,377946.2361911451
964591,377946.2361911451
964592,377946.2361911451
964593,377946.2361911451
964595,377946.2361911451
964622,377946.2361911451
964625,377946.2361911451
964642,377946.2361911451
964705,377946.2361911451
964813,377946.2361911451
964839,377946.2361911451
964849,377946.2361911451
964911,377946.2361911451
964984,377946.2361911451
964997,377946.2361911451
965033,377946.2361911451
965053,377946.2361911451
965089,377946.2361911451
965099,377946.2361911451
965116,377946.2361911451
965131,377946.2361911451
965145,377946.2361911451
965153,377946.2361911451
965176,377946.2361911451
965182,377946.2361911451
965184,377946.2361911451
965201,377946.2361911451
965216,377946.2361911451
965242,377946.2361911451
965260,377946.2361911451
965262,377946.2361911451
965305,377946.2361911451
965315,377946.2361911451
965320,377946.2361911451
965321,377946.2361911451
965322,377946.2361911451
965324,377946.2361911451
965325,377946.2361911451
965326,377946.2361911451
965341,377946.2361911451
965342,377946.2361911451
965346,377946.2361911451
965349,377946.2361911451
965438,377946.2361911451
965466,377946.2361911451
965474,377946.2361911451
965499,377946.2361911451
965515,377946.2361911451
965560,377946.2361911451
965648,377946.2361911451
965688,377946.2361911451
965717,377946.2361911451
965754,377946.2361911451
965792,377946.2361911451
965794,377946.2361911451
965821,377946.2361911451
965856,377946.2361911451
965860,377946.2361911451
965954,377946.2361911451
965967,377946.2361911451
965968,377946.2361911451
965975,377946.2361911451
965981,377946.2361911451
965989,377946.2361911451
965993,377946.2361911451
966015,377946.2361911451
966059,377946.2361911451
966070,377946.2361911451
966074,377946.2361911451
966123,377946.2361911451
966139,377946.2361911451
966205,377946.2361911451
966220,377946.2361911451
966221,377946.2361911451
966238,377946.2361911451
966269,377946.2361911451
966276,377946.2361911451
966385,377946.2361911451
966397,377946.2361911451
966400,377946.2361911451
966406,377946.2361911451
966407,377946.2361911451
966413,377946.2361911451
966548,377946.2361911451
966549,377946.2361911451
966562,377946.2361911451
966579,377946.2361911451
966639,377946.2361911451
966650,377946.2361911451
966654,377946.2361911451
966664,377946.2361911451
966674,377946.2361911451
966692,377946.2361911451
966729,377946.2361911451
966732,377946.2361911451
966736,377946.2361911451
966737,377946.2361911451
966740,377946.2361911451
966773,377946.2361911451
966776,377946.2361911451
966777,377946.2361911451
966785,377946.2361911451
966863,377946.2361911451
966867,377946.2361911451
966884,377946.2361911451
967014,377946.2361911451
967027,377946.2361911451
967032,377946.2361911451
967048,377946.2361911451
967051,377946.2361911451
967073,377946.2361911451
967078,377946.2361911451
967082,377946.2361911451
967103,377946.2361911451
967105,377946.2361911451
967112,377946.2361911451
967117,377946.2361911451
967166,377946.2361911451
967193,377946.2361911451
967213,377946.2361911451
967243,377946.2361911451
967255,377946.2361911451
967256,377946.2361911451
967274,377946.2361911451
967362,377946.2361911451
967411,377946.2361911451
967424,377946.2361911451
967430,377946.2361911451
967440,377946.2361911451
967447,377946.2361911451
967477,377946.2361911451
967478,377946.2361911451
967479,377946.2361911451
967480,377946.2361911451
967481,377946.2361911451
967482,377946.2361911451
967517,377946.2361911451
967546,377946.2361911451
967589,377946.2361911451
967639,377946.2361911451
967656,377946.2361911451
967666,377946.2361911451
967726,377946.2361911451
967727,377946.2361911451
967768,377946.2361911451
967803,377946.2361911451
967816,377946.2361911451
967891,377946.2361911451
967966,377946.2361911451
967985,377946.2361911451
967996,377946.2361911451
968019,377946.2361911451
968035,377946.2361911451
968063,377946.2361911451
968149,377946.2361911451
968159,377946.2361911451
968186,377946.2361911451
968187,377946.2361911451
968188,377946.2361911451
968215,377946.2361911451
968217,377946.2361911451
968228,377946.2361911451
968232,377946.2361911451
968238,377946.2361911451
968240,377946.2361911451
968277,377946.2361911451
968292,377946.2361911451
968333,377946.2361911451
968353,377946.2361911451
968365,377946.2361911451
968442,377946.2361911451
968487,377946.2361911451
968527,377946.2361911451
968535,377946.2361911451
968598,377946.2361911451
968605,377946.2361911451
968628,377946.2361911451
968631,377946.2361911451
968633,377946.2361911451
968723,377946.2361911451
968786,377946.2361911451
968788,377946.2361911451
968812,377946.2361911451
968839,377946.2361911451
968898,377946.2361911451
968899,377946.2361911451
968907,377946.2361911451
968908,377946.2361911451
968942,377946.2361911451
968974,377946.2361911451
968981,377946.2361911451
968986,377946.2361911451
968991,377946.2361911451
969006,377946.2361911451
969040,377946.2361911451
969050,377946.2361911451
969082,377946.2361911451
969083,377946.2361911451
969126,377946.2361911451
969168,377946.2361911451
969211,377946.2361911451
969215,377946.2361911451
969216,377946.2361911451
969312,377946.2361911451
969313,377946.2361911451
969332,377946.2361911451
969338,377946.2361911451
969382,377946.2361911451
969384,377946.2361911451
969386,377946.2361911451
969420,377946.2361911451
969432,377946.2361911451
969434,377946.2361911451
969465,377946.2361911451
969484,377946.2361911451
969486,377946.2361911451
969510,377946.2361911451
969529,377946.2361911451
969551,377946.2361911451
969572,377946.2361911451
969592,377946.2361911451
969597,377946.2361911451
969753,377946.2361911451
969763,377946.2361911451
969791,377946.2361911451
969793,377946.2361911451
969821,377946.2361911451
969838,377946.2361911451
969862,377946.2361911451
969873,377946.2361911451
969882,377946.2361911451
969889,377946.2361911451
969891,377946.2361911451
969926,377946.2361911451
969928,377946.2361911451
969929,377946.2361911451
969933,377946.2361911451
969954,377946.2361911451
970078,377946.2361911451
970079,377946.2361911451
970210,377946.2361911451
970216,377946.2361911451
970312,377946.2361911451
970329,377946.2361911451
970398,377946.2361911451
970400,377946.2361911451
970401,377946.2361911451
970404,377946.2361911451
970405,377946.2361911451
970412,377946.2361911451
970427,377946.2361911451
970442,377946.2361911451
970459,377946.2361911451
970491,377946.2361911451
970585,377946.2361911451
970587,377946.2361911451
970654,377946.2361911451
970657,377946.2361911451
970705,377946.2361911451
970711,377946.2361911451
970714,377946.2361911451
970728,377946.2361911451
970764,377946.2361911451
970771,377946.2361911451
970786,377946.2361911451
970817,377946.2361911451
970868,377946.2361911451
970888,377946.2361911451
970947,377946.2361911451
970961,377946.2361911451
970980,377946.2361911451
970988,377946.2361911451
971011,377946.2361911451
971020,377946.2361911451
971029,377946.2361911451
971033,377946.2361911451
971083,377946.2361911451
971088,377946.2361911451
971102,377946.2361911451
971111,377946.2361911451
971160,377946.2361911451
971222,377946.2361911451
971235,377946.2361911451
971238,377946.2361911451
971248,377946.2361911451
971264,377946.2361911451
971332,377946.2361911451
971401,377946.2361911451
971433,377946.2361911451
971445,377946.2361911451
971483,377946.2361911451
971505,377946.2361911451
971510,377946.2361911451
971557,377946.2361911451
971558,377946.2361911451
971561,377946.2361911451
971563,377946.2361911451
971591,377946.2361911451
971615,377946.2361911451
971627,377946.2361911451
971633,377946.2361911451
971661,377946.2361911451
971666,377946.2361911451
971673,377946.2361911451
971685,377946.2361911451
971688,377946.2361911451
971731,377946.2361911451
971733,377946.2361911451
971748,377946.2361911451
971779,377946.2361911451
971780,377946.2361911451
971794,377946.2361911451
971800,377946.2361911451
971828,377946.2361911451
971852,377946.2361911451
971853,377946.2361911451
971869,377946.2361911451
971893,377946.2361911451
971896,377946.2361911451
971941,377946.2361911451
971953,377946.2361911451
971973,377946.2361911451
971981,377946.2361911451
972061,377946.2361911451
972062,377946.2361911451
972118,377946.2361911451
972189,377946.2361911451
972259,377946.2361911451
972279,377946.2361911451
972291,377946.2361911451
972303,377946.2361911451
972341,377946.2361911451
972396,377946.2361911451
972409,377946.2361911451
972423,377946.2361911451
972428,377946.2361911451
972438,377946.2361911451
972457,377946.2361911451
972463,377946.2361911451
972466,377946.2361911451
972471,377946.2361911451
972475,377946.2361911451
972507,377946.2361911451
972521,377946.2361911451
972525,377946.2361911451
972565,377946.2361911451
972580,377946.2361911451
972715,377946.2361911451
972769,377946.2361911451
972838,377946.2361911451
972842,377946.2361911451
972867,377946.2361911451
972923,377946.2361911451
973030,377946.2361911451
973244,377946.2361911451
973273,377946.2361911451
973296,377946.2361911451
973300,377946.2361911451
973304,377946.2361911451
973322,377946.2361911451
973360,377946.2361911451
973361,377946.2361911451
973392,377946.2361911451
973393,377946.2361911451
973399,377946.2361911451
973409,377946.2361911451
973625,377946.2361911451
973626,377946.2361911451
973674,377946.2361911451
973790,377946.2361911451
973799,377946.2361911451
973800,377946.2361911451
973808,377946.2361911451
973816,377946.2361911451
973848,377946.2361911451
973849,377946.2361911451
973850,377946.2361911451
973852,377946.2361911451
973913,377946.2361911451
973914,377946.2361911451
973919,377946.2361911451
973923,377946.2361911451
973931,377946.2361911451
973933,377946.2361911451
973936,377946.2361911451
973937,377946.2361911451
973938,377946.2361911451
973939,377946.2361911451
973974,377946.2361911451
973997,377946.2361911451
973998,377946.2361911451
974004,377946.2361911451
974009,377946.2361911451
974010,377946.2361911451
974011,377946.2361911451
974029,377946.2361911451
974044,377946.2361911451
974062,377946.2361911451
974122,377946.2361911451
974123,377946.2361911451
974125,377946.2361911451
974128,377946.2361911451
974129,377946.2361911451
974130,377946.2361911451
974132,377946.2361911451
974138,377946.2361911451
974182,377946.2361911451
974209,377946.2361911451
974288,377946.2361911451
974291,377946.2361911451
974321,377946.2361911451
974325,377946.2361911451
974329,377946.2361911451
974335,377946.2361911451
974337,377946.2361911451
974363,377946.2361911451
974365,377946.2361911451
974370,377946.2361911451
974406,377946.2361911451
974407,377946.2361911451
974432,377946.2361911451
974460,377946.2361911451
974472,377946.2361911451
974498,377946.2361911451
974527,377946.2361911451
974566,377946.2361911451
974570,377946.2361911451
974571,377946.2361911451
974605,377946.2361911451
974625,377946.2361911451
974627,377946.2361911451
974737,377946.2361911451
974748,377946.2361911451
974756,377946.2361911451
974802,377946.2361911451
974803,377946.2361911451
974848,377946.2361911451
974863,377946.2361911451
974957,377946.2361911451
974995,377946.2361911451
975004,377946.2361911451
975034,377946.2361911451
975045,377946.2361911451
975064,377946.2361911451
975094,377946.2361911451
975113,377946.2361911451
975121,377946.2361911451
975142,377946.2361911451
975189,377946.2361911451
975204,377946.2361911451
975684,377946.2361911451
975738,377946.2361911451
975893,377946.2361911451
975960,377946.2361911451
975965,377946.2361911451
975971,377946.2361911451
975973,377946.2361911451
976102,377946.2361911451
976136,377946.2361911451
976176,377946.2361911451
976194,377946.2361911451
976223,377946.2361911451
976790,377946.2361911451
976796,377946.2361911451
976831,377946.2361911451
976844,377946.2361911451
976846,377946.2361911451
976869,377946.2361911451
976876,377946.2361911451
976942,377946.2361911451
976948,377946.2361911451
977106,377946.2361911451
977126,377946.2361911451
977160,377946.2361911451
977222,377946.2361911451
977224,377946.2361911451
977232,377946.2361911451
977312,377946.2361911451
977316,377946.2361911451
977321,377946.2361911451
977324,377946.2361911451
977326,377946.2361911451
977344,377946.2361911451
977374,377946.2361911451
977376,377946.2361911451
977377,377946.2361911451
977379,377946.2361911451
977412,377946.2361911451
977458,377946.2361911451
977460,377946.2361911451
977464,377946.2361911451
977488,377946.2361911451
977506,377946.2361911451
977613,377946.2361911451
977650,377946.2361911451
977652,377946.2361911451
977653,377946.2361911451
977658,377946.2361911451
977661,377946.2361911451
977687,377946.2361911451
977726,377946.2361911451
977754,377946.2361911451
977778,377946.2361911451
977783,377946.2361911451
977790,377946.2361911451
977815,377946.2361911451
977816,377946.2361911451
977850,377946.2361911451
977854,377946.2361911451
977860,377946.2361911451
977892,377946.2361911451
977893,377946.2361911451
977908,377946.2361911451
977923,377946.2361911451
977960,377946.2361911451
977971,377946.2361911451
978147,377946.2361911451
978197,377946.2361911451
978202,377946.2361911451
978203,377946.2361911451
978279,377946.2361911451
978321,377946.2361911451
978322,377946.2361911451
978325,377946.2361911451
978329,377946.2361911451
978331,377946.2361911451
978334,377946.2361911451
978348,377946.2361911451
978375,377946.2361911451
978425,377946.2361911451
978427,377946.2361911451
978429,377946.2361911451
978432,377946.2361911451
978444,377946.2361911451
978449,377946.2361911451
978673,377946.2361911451
978695,377946.2361911451
978730,377946.2361911451
978731,377946.2361911451
978753,377946.2361911451
978765,377946.2361911451
978789,377946.2361911451
978795,377946.2361911451
978858,377946.2361911451
978906,377946.2361911451
978909,377946.2361911451
978910,377946.2361911451
978912,377946.2361911451
978935,377946.2361911451
978958,377946.2361911451
978959,377946.2361911451
978999,377946.2361911451
979014,377946.2361911451
979050,377946.2361911451
979051,377946.2361911451
979084,377946.2361911451
979101,377946.2361911451
979108,377946.2361911451
979121,377946.2361911451
979131,377946.2361911451
979175,377946.2361911451
979191,377946.2361911451
979243,377946.2361911451
979248,377946.2361911451
979249,377946.2361911451
979256,377946.2361911451
979279,377946.2361911451
979282,377946.2361911451
979283,377946.2361911451
979319,377946.2361911451
979358,377946.2361911451
979369,377946.2361911451
979393,377946.2361911451
979403,377946.2361911451
979443,377946.2361911451
979445,377946.2361911451
979447,377946.2361911451
979449,377946.2361911451
979453,377946.2361911451
979457,377946.2361911451
979458,377946.2361911451
979468,377946.2361911451
979551,377946.2361911451
979584,377946.2361911451
979587,377946.2361911451
979595,377946.2361911451
979642,377946.2361911451
979659,377946.2361911451
979665,377946.2361911451
979679,377946.2361911451
979743,377946.2361911451
979750,377946.2361911451
979751,377946.2361911451
979812,377946.2361911451
979832,377946.2361911451
979837,377946.2361911451
979853,377946.2361911451
979854,377946.2361911451
979931,377946.2361911451
980083,377946.2361911451
980197,377946.2361911451
980233,377946.2361911451
980239,377946.2361911451
980240,377946.2361911451
980273,377946.2361911451
980329,377946.2361911451
980330,377946.2361911451
980349,377946.2361911451
980411,377946.2361911451
980460,377946.2361911451
980526,377946.2361911451
980552,377946.2361911451
980564,377946.2361911451
980566,377946.2361911451
980601,377946.2361911451
980692,377946.2361911451
980751,377946.2361911451
980849,377946.2361911451
980863,377946.2361911451
980864,377946.2361911451
980867,377946.2361911451
980942,377946.2361911451
980981,377946.2361911451
981136,377946.2361911451
981167,377946.2361911451
981169,377946.2361911451
981268,377946.2361911451
981269,377946.2361911451
981270,377946.2361911451
981332,377946.2361911451
981380,377946.2361911451
981464,377946.2361911451
981671,377946.2361911451
981683,377946.2361911451
981684,377946.2361911451
981685,377946.2361911451
981689,377946.2361911451
981696,377946.2361911451
981697,377946.2361911451
981698,377946.2361911451
981699,377946.2361911451
981714,377946.2361911451
981742,377946.2361911451
981894,377946.2361911451
981947,377946.2361911451
982012,377946.2361911451
982055,377946.2361911451
982274,377946.2361911451
982285,377946.2361911451
983029,377946.2361911451
983030,377946.2361911451
983126,377946.2361911451
983170,377946.2361911451
983293,377946.2361911451
983294,377946.2361911451
983298,377946.2361911451
983374,377946.2361911451
983378,377946.2361911451
983651,377946.2361911451
983752,377946.2361911451
984096,377946.2361911451
984122,377946.2361911451
984320,377946.2361911451
984322,377946.2361911451
984733,377946.2361911451
984734,377946.2361911451
984768,377946.2361911451
984892,377946.2361911451
985039,377946.2361911451
985041,377946.2361911451
985042,377946.2361911451
985043,377946.2361911451
985119,377946.2361911451
985151,377946.2361911451
985154,377946.2361911451
985156,377946.2361911451
985159,377946.2361911451
985161,377946.2361911451
985165,377946.2361911451
985166,377946.2361911451
985167,377946.2361911451
985313,377946.2361911451
985320,377946.2361911451
985337,377946.2361911451
985364,377946.2361911451
985407,377946.2361911451
985520,377946.2361911451
985545,377946.2361911451
985670,377946.2361911451
985683,377946.2361911451
985684,377946.2361911451
985767,377946.2361911451
985811,377946.2361911451
985813,377946.2361911451
985814,377946.2361911451
985815,377946.2361911451
985818,377946.2361911451
985840,377946.2361911451
985841,377946.2361911451
985981,377946.2361911451
986056,377946.2361911451
986103,377946.2361911451
986115,377946.2361911451
986139,377946.2361911451
986207,377946.2361911451
986208,377946.2361911451
986212,377946.2361911451
986213,377946.2361911451
986214,377946.2361911451
986274,377946.2361911451
986275,377946.2361911451
986390,377946.2361911451
986417,377946.2361911451
986512,377946.2361911451
986616,377946.2361911451
986618,377946.2361911451
987237,377946.2361911451
987240,377946.2361911451
987247,377946.2361911451
987346,377946.2361911451
987563,377946.2361911451
987614,377946.2361911451
987631,377946.2361911451
987671,377946.2361911451
987844,377946.2361911451
987916,377946.2361911451
987959,377946.2361911451
988030,377946.2361911451
988085,377946.2361911451
988120,377946.2361911451
988128,377946.2361911451
988131,377946.2361911451
988330,377946.2361911451
988404,377946.2361911451
988522,377946.2361911451
988664,377946.2361911451
988763,377946.2361911451
988798,377946.2361911451
988844,377946.2361911451
988874,377946.2361911451
988876,377946.2361911451
988929,377946.2361911451
988942,377946.2361911451
988993,377946.2361911451
989061,377946.2361911451
989298,377946.2361911451
989301,377946.2361911451
989302,377946.2361911451
989305,377946.2361911451
989372,377946.2361911451
989373,377946.2361911451
989378,377946.2361911451
989379,377946.2361911451
989380,377946.2361911451
989419,377946.2361911451
989524,377946.2361911451
989588,377946.2361911451
989589,377946.2361911451
989592,377946.2361911451
989593,377946.2361911451
989666,377946.2361911451
989733,377946.2361911451
989814,377946.2361911451
989873,377946.2361911451
989876,377946.2361911451
989903,377946.2361911451
989933,377946.2361911451
989942,377946.2361911451
989988,377946.2361911451
989990,377946.2361911451
989996,377946.2361911451
990011,377946.2361911451
990133,377946.2361911451
990149,377946.2361911451
990150,377946.2361911451
990151,377946.2361911451
990152,377946.2361911451
990166,377946.2361911451
990272,377946.2361911451
990286,377946.2361911451
990330,377946.2361911451
991069,377946.2361911451
991073,377946.2361911451
991157,377946.2361911451
991199,377946.2361911451
991266,377946.2361911451
991272,377946.2361911451
991278,377946.2361911451
991349,377946.2361911451
991352,377946.2361911451
991425,377946.2361911451
991464,377946.2361911451
991467,377946.2361911451
991468,377946.2361911451
991469,377946.2361911451
991475,377946.2361911451
991477,377946.2361911451
991480,377946.2361911451
991487,377946.2361911451
991490,377946.2361911451
991616,377946.2361911451
991701,377946.2361911451
991703,377946.2361911451
991720,377946.2361911451
991738,377946.2361911451
991812,377946.2361911451
991825,377946.2361911451
991826,377946.2361911451
991832,377946.2361911451
991836,377946.2361911451
991895,377946.2361911451
991908,377946.2361911451
991913,377946.2361911451
991940,377946.2361911451
992565,377946.2361911451
992574,377946.2361911451
992717,377946.2361911451
992721,377946.2361911451
992722,377946.2361911451
992724,377946.2361911451
992726,377946.2361911451
992727,377946.2361911451
992728,377946.2361911451
992745,377946.2361911451
992746,377946.2361911451
992775,377946.2361911451
992783,377946.2361911451
992832,377946.2361911451
992874,377946.2361911451
992899,377946.2361911451
992904,377946.2361911451
992948,377946.2361911451
992977,377946.2361911451
992988,377946.2361911451
993216,377946.2361911451
993459,377946.2361911451
993468,377946.2361911451
993509,377946.2361911451
993527,377946.2361911451
994032,377946.2361911451
994088,377946.2361911451
994215,377946.2361911451
994299,377946.2361911451
994506,377946.2361911451
994507,377946.2361911451
994530,377946.2361911451
994764,377946.2361911451
994812,377946.2361911451
994814,377946.2361911451
994834,377946.2361911451
994906,377946.2361911451
994936,377946.2361911451
994956,377946.2361911451
994960,377946.2361911451
994983,377946.2361911451
994991,377946.2361911451
994995,377946.2361911451
995000,377946.2361911451
995001,377946.2361911451
995007,377946.2361911451
995008,377946.2361911451
995021,377946.2361911451
995031,377946.2361911451
995035,377946.2361911451
995036,377946.2361911451
995042,377946.2361911451
995044,377946.2361911451
995055,377946.2361911451
995057,377946.2361911451
995076,377946.2361911451
995118,377946.2361911451
995133,377946.2361911451
995142,377946.2361911451
995260,377946.2361911451
995313,377946.2361911451
995352,377946.2361911451
995366,377946.2361911451
995437,377946.2361911451
995479,377946.2361911451
995619,377946.2361911451
995646,377946.2361911451
995669,377946.2361911451
995780,377946.2361911451
995874,377946.2361911451
995916,377946.2361911451
995946,377946.2361911451
995947,377946.2361911451
995948,377946.2361911451
996053,377946.2361911451
996103,377946.2361911451
996178,377946.2361911451
996180,377946.2361911451
996184,377946.2361911451
996364,377946.2361911451
996473,377946.2361911451
996581,377946.2361911451
996796,377946.2361911451
996804,377946.2361911451
997041,377946.2361911451
997166,377946.2361911451
997167,377946.2361911451
997168,377946.2361911451
997186,377946.2361911451
997196,377946.2361911451
997244,377946.2361911451
997245,377946.2361911451
997392,377946.2361911451
997403,377946.2361911451
997443,377946.2361911451
997541,377946.2361911451
997542,377946.2361911451
997691,377946.2361911451
997755,377946.2361911451
997773,377946.2361911451
997774,377946.2361911451
997795,377946.2361911451
997808,377946.2361911451
997935,377946.2361911451
998092,377946.2361911451
998095,377946.2361911451
998098,377946.2361911451
998275,377946.2361911451
998276,377946.2361911451
998376,377946.2361911451
998498,377946.2361911451
998564,377946.2361911451
998567,377946.2361911451
998574,377946.2361911451
998575,377946.2361911451
998577,377946.2361911451
998615,377946.2361911451
998616,377946.2361911451
998620,377946.2361911451
998621,377946.2361911451
998622,377946.2361911451
998624,377946.2361911451
998645,377946.2361911451
998646,377946.2361911451
998649,377946.2361911451
998650,377946.2361911451
998651,377946.2361911451
998862,377946.2361911451
998925,377946.2361911451
999025,377946.2361911451
999050,377946.2361911451
999543,377946.2361911451
999625,377946.2361911451
999712,377946.2361911451
999754,377946.2361911451
999960,377946.2361911451
1000541,377946.2361911451
1000644,377946.2361911451
1000692,377946.2361911451
1000727,377946.2361911451
1001116,377946.2361911451
1001294,377946.2361911451
1001409,377946.2361911451
1001421,377946.2361911451
1001616,377946.2361911451
1001945,377946.2361911451
1001991,377946.2361911451
1002183,377946.2361911451
1002319,377946.2361911451
1002326,377946.2361911451
1002411,377946.2361911451
1002412,377946.2361911451
1002571,377946.2361911451
1002606,377946.2361911451
1002607,377946.2361911451
1002626,377946.2361911451
1002643,377946.2361911451
1002658,377946.2361911451
1002678,377946.2361911451
1002694,377946.2361911451
1002727,377946.2361911451
1002742,377946.2361911451
1002822,377946.2361911451
1002827,377946.2361911451
1002861,377946.2361911451
1002863,377946.2361911451
1002864,377946.2361911451
1002865,377946.2361911451
1003030,377946.2361911451
1003043,377946.2361911451
1003047,377946.2361911451
1003089,377946.2361911451
1003171,377946.2361911451
1003257,377946.2361911451
1003435,377946.2361911451
1003611,377946.2361911451
1003612,377946.2361911451
1003619,377946.2361911451
1003639,377946.2361911451
1003692,377946.2361911451
1003816,377946.2361911451
1003817,377946.2361911451
1003836,377946.2361911451
1003840,377946.2361911451
1003859,377946.2361911451
1003902,377946.2361911451
1003907,377946.2361911451
1003940,377946.2361911451
1003956,377946.2361911451
1003974,377946.2361911451
1003976,377946.2361911451
1003980,377946.2361911451
1003985,377946.2361911451
1003988,377946.2361911451
1004037,377946.2361911451
1004051,377946.2361911451
1004069,377946.2361911451
1004074,377946.2361911451
1004075,377946.2361911451
1004084,377946.2361911451
1004189,377946.2361911451
1004217,377946.2361911451
1004262,377946.2361911451
1004284,377946.2361911451
1004331,377946.2361911451
1004336,377946.2361911451
1004413,377946.2361911451
1004421,377946.2361911451
1004490,377946.2361911451
1004566,377946.2361911451
1004579,377946.2361911451
1004675,377946.2361911451
1004832,377946.2361911451
1004935,377946.2361911451
1005039,377946.2361911451
1005060,377946.2361911451
1005124,377946.2361911451
1005127,377946.2361911451
1005128,377946.2361911451
1005129,377946.2361911451
1005130,377946.2361911451
1005132,377946.2361911451
1005134,377946.2361911451
1005138,377946.2361911451
1005236,377946.2361911451
1005238,377946.2361911451
1005262,377946.2361911451
1005413,377946.2361911451
1005464,377946.2361911451
1005466,377946.2361911451
1005467,377946.2361911451
1005547,377946.2361911451
1005674,377946.2361911451
1005675,377946.2361911451
1005710,377946.2361911451
1005732,377946.2361911451
1005936,377946.2361911451
1005980,377946.2361911451
1005986,377946.2361911451
1005987,377946.2361911451
1006073,377946.2361911451
1006141,377946.2361911451
1006421,377946.2361911451
1006494,377946.2361911451
1006532,377946.2361911451
1006557,377946.2361911451
1006674,377946.2361911451
1006675,377946.2361911451
1006761,377946.2361911451
1006797,377946.2361911451
1006798,377946.2361911451
1006876,377946.2361911451
1006880,377946.2361911451
1006988,377946.2361911451
1007061,377946.2361911451
1007082,377946.2361911451
1007101,377946.2361911451
1007108,377946.2361911451
1007109,377946.2361911451
1007172,377946.2361911451
1007233,377946.2361911451
1007235,377946.2361911451
1007239,377946.2361911451
1007271,377946.2361911451
1007352,377946.2361911451
1007401,377946.2361911451
1007430,377946.2361911451
1007571,377946.2361911451
1007600,377946.2361911451
1007789,377946.2361911451
1007797,377946.2361911451
1007830,377946.2361911451
1007849,377946.2361911451
1007856,377946.2361911451
1007857,377946.2361911451
1007917,377946.2361911451
1007967,377946.2361911451
1007994,377946.2361911451
1008148,377946.2361911451
1008157,377946.2361911451
1008169,377946.2361911451
1008170,377946.2361911451
1008173,377946.2361911451
1008307,377946.2361911451
1008308,377946.2361911451
1008352,377946.2361911451
1008357,377946.2361911451
1008358,377946.2361911451
1008361,377946.2361911451
1008386,377946.2361911451
1008418,377946.2361911451
1008428,377946.2361911451
1008433,377946.2361911451
1008501,377946.2361911451
1008510,377946.2361911451
1008550,377946.2361911451
1008563,377946.2361911451
1008564,377946.2361911451
1008595,377946.2361911451
1008641,377946.2361911451
1008677,377946.2361911451
1008707,377946.2361911451
1008732,377946.2361911451
1008734,377946.2361911451
1008741,377946.2361911451
1008744,377946.2361911451
1008749,377946.2361911451
1008759,377946.2361911451
1008760,377946.2361911451
1008803,377946.2361911451
1008804,377946.2361911451
1008805,377946.2361911451
1008829,377946.2361911451
1008833,377946.2361911451
1008838,377946.2361911451
1008855,377946.2361911451
1008862,377946.2361911451
1008878,377946.2361911451
1008892,377946.2361911451
1008914,377946.2361911451
1008927,377946.2361911451
1008932,377946.2361911451
1009016,377946.2361911451
1009077,377946.2361911451
1009084,377946.2361911451
1009088,377946.2361911451
1009218,377946.2361911451
1009229,377946.2361911451
1009308,377946.2361911451
1009310,377946.2361911451
1009337,377946.2361911451
1009366,377946.2361911451
1009424,377946.2361911451
1009487,377946.2361911451
1009509,377946.2361911451
1009510,377946.2361911451
1009517,377946.2361911451
1009520,377946.2361911451
1009528,377946.2361911451
1009530,377946.2361911451
1009531,377946.2361911451
1009532,377946.2361911451
1009533,377946.2361911451
1009534,377946.2361911451
1009535,377946.2361911451
1009590,377946.2361911451
1009596,377946.2361911451
1009672,377946.2361911451
1009736,377946.2361911451
1009859,377946.2361911451
1009864,377946.2361911451
1009866,377946.2361911451
1009891,377946.2361911451
1009942,377946.2361911451
1009948,377946.2361911451
1009965,377946.2361911451
1009970,377946.2361911451
1010054,377946.2361911451
1010066,377946.2361911451
1010068,377946.2361911451
1010069,377946.2361911451
1010104,377946.2361911451
1010110,377946.2361911451
1010185,377946.2361911451
1010186,377946.2361911451
1010276,377946.2361911451
1010411,377946.2361911451
1010542,377946.2361911451
1010544,377946.2361911451
1010584,377946.2361911451
1010592,377946.2361911451
1010667,377946.2361911451
1010678,377946.2361911451
1010679,377946.2361911451
1010680,377946.2361911451
1010686,377946.2361911451
1010704,377946.2361911451
1010740,377946.2361911451
1010833,377946.2361911451
1010913,377946.2361911451
1010950,377946.2361911451
1010951,377946.2361911451
1010980,377946.2361911451
1010999,377946.2361911451
1011028,377946.2361911451
1011032,377946.2361911451
1011122,377946.2361911451
1011132,377946.2361911451
1011134,377946.2361911451
1011135,377946.2361911451
1011148,377946.2361911451
1011150,377946.2361911451
1011203,377946.2361911451
1011204,377946.2361911451
1011275,377946.2361911451
1011335,377946.2361911451
1011414,377946.2361911451
1011429,377946.2361911451
1011430,377946.2361911451
1011489,377946.2361911451
1011573,377946.2361911451
1011574,377946.2361911451
1011701,377946.2361911451
1011778,377946.2361911451
1011854,377946.2361911451
1011914,377946.2361911451
1012038,377946.2361911451
1012128,377946.2361911451
1012273,377946.2361911451
1012311,377946.2361911451
1012320,377946.2361911451
1012331,377946.2361911451
1012332,377946.2361911451
1012339,377946.2361911451
1012507,377946.2361911451
1012542,377946.2361911451
1012574,377946.2361911451
1012587,377946.2361911451
1012712,377946.2361911451
1012714,377946.2361911451
1012716,377946.2361911451
1012752,377946.2361911451
1012830,377946.2361911451
1012898,377946.2361911451
1012945,377946.2361911451
1013031,377946.2361911451
1013155,377946.2361911451
1013161,377946.2361911451
1013177,377946.2361911451
1013187,377946.2361911451
1013234,377946.2361911451
1013244,377946.2361911451
1013288,377946.2361911451
1013290,377946.2361911451
1013352,377946.2361911451
1013443,377946.2361911451
1013494,377946.2361911451
1013507,377946.2361911451
1013544,377946.2361911451
1013547,377946.2361911451
1013630,377946.2361911451
1013704,377946.2361911451
1013740,377946.2361911451
1013742,377946.2361911451
1013743,377946.2361911451
1013786,377946.2361911451
1013962,377946.2361911451
1014083,377946.2361911451
1014108,377946.2361911451
1014164,377946.2361911451
1014237,377946.2361911451
1014240,377946.2361911451
1014368,377946.2361911451
1014476,377946.2361911451
1014483,377946.2361911451
1014498,377946.2361911451
1014551,377946.2361911451
1014571,377946.2361911451
1014624,377946.2361911451
1014635,377946.2361911451
1014637,377946.2361911451
1014638,377946.2361911451
1014641,377946.2361911451
1014665,377946.2361911451
1014669,377946.2361911451
1014738,377946.2361911451
1014928,377946.2361911451
1014999,377946.2361911451
1015031,377946.2361911451
1015103,377946.2361911451
1015125,377946.2361911451
1015134,377946.2361911451
1015243,377946.2361911451
1015347,377946.2361911451
1015350,377946.2361911451
1015360,377946.2361911451
1015361,377946.2361911451
1015366,377946.2361911451
1015403,377946.2361911451
1015482,377946.2361911451
1015484,377946.2361911451
1015485,377946.2361911451
1015486,377946.2361911451
1015502,377946.2361911451
1015524,377946.2361911451
1015534,377946.2361911451
1015540,377946.2361911451
1015557,377946.2361911451
1015579,377946.2361911451
1015597,377946.2361911451
1015681,377946.2361911451
1015697,377946.2361911451
1015714,377946.2361911451
1015804,377946.2361911451
1015824,377946.2361911451
1015843,377946.2361911451
1015872,377946.2361911451
1015908,377946.2361911451
1015909,377946.2361911451
1015911,377946.2361911451
1015919,377946.2361911451
1015920,377946.2361911451
1016040,377946.2361911451
1016042,377946.2361911451
1016098,377946.2361911451
1016117,377946.2361911451
1016413,377946.2361911451
1016734,377946.2361911451
1016888,377946.2361911451
1016927,377946.2361911451
1017116,377946.2361911451
1017118,377946.2361911451
1017166,377946.2361911451
1017176,377946.2361911451
1017264,377946.2361911451
1017383,377946.2361911451
1017418,377946.2361911451
1017424,377946.2361911451
1017427,377946.2361911451
1017428,377946.2361911451
1017503,377946.2361911451
1017563,377946.2361911451
1017579,377946.2361911451
1017600,377946.2361911451
1017626,377946.2361911451
1017637,377946.2361911451
1017693,377946.2361911451
1017750,377946.2361911451
1017763,377946.2361911451
1017782,377946.2361911451
1017792,377946.2361911451
1017846,377946.2361911451
1017992,377946.2361911451
1017998,377946.2361911451
1018079,377946.2361911451
1018135,377946.2361911451
1018136,377946.2361911451
1018166,377946.2361911451
1018229,377946.2361911451
1018248,377946.2361911451
1018257,377946.2361911451
1018417,377946.2361911451
1018421,377946.2361911451
1018428,377946.2361911451
1018486,377946.2361911451
1018523,377946.2361911451
1018598,377946.2361911451
1018621,377946.2361911451
1018671,377946.2361911451
1018822,377946.2361911451
1018943,377946.2361911451
1019039,377946.2361911451
1019057,377946.2361911451
1019062,377946.2361911451
1019149,377946.2361911451
1019151,377946.2361911451
1019206,377946.2361911451
1019298,377946.2361911451
1019309,377946.2361911451
1019343,377946.2361911451
1019366,377946.2361911451
1019367,377946.2361911451
1019432,377946.2361911451
1019561,377946.2361911451
1019575,377946.2361911451
1019659,377946.2361911451
1019668,377946.2361911451
1019672,377946.2361911451
1019681,377946.2361911451
1019683,377946.2361911451
1019686,377946.2361911451
1019696,377946.2361911451
1019720,377946.2361911451
1019763,377946.2361911451
1019835,377946.2361911451
1019872,377946.2361911451
1019903,377946.2361911451
1019908,377946.2361911451
1019958,377946.2361911451
1020047,377946.2361911451
1020124,377946.2361911451
1020278,377946.2361911451
1020508,377946.2361911451
1020554,377946.2361911451
1020672,377946.2361911451
1020673,377946.2361911451
1020745,377946.2361911451
1020844,377946.2361911451
1021039,377946.2361911451
1021263,377946.2361911451
1021316,377946.2361911451
1021412,377946.2361911451
1021444,377946.2361911451
1021447,377946.2361911451
1021453,377946.2361911451
1021485,377946.2361911451
1021500,377946.2361911451
1021509,377946.2361911451
1021520,377946.2361911451
1021560,377946.2361911451
1021605,377946.2361911451
1021606,377946.2361911451
1021607,377946.2361911451
1021749,377946.2361911451
1021765,377946.2361911451
1021768,377946.2361911451
1021770,377946.2361911451
1021833,377946.2361911451
1021834,377946.2361911451
1021855,377946.2361911451
1021973,377946.2361911451
1022085,377946.2361911451
1022163,377946.2361911451
1022166,377946.2361911451
1022273,377946.2361911451
1022312,377946.2361911451
1022388,377946.2361911451
1022399,377946.2361911451
1022582,377946.2361911451
1022587,377946.2361911451
1022588,377946.2361911451
1022596,377946.2361911451
1022614,377946.2361911451
1022695,377946.2361911451
1022704,377946.2361911451
1022715,377946.2361911451
1022716,377946.2361911451
1022717,377946.2361911451
1022718,377946.2361911451
1022719,377946.2361911451
1022721,377946.2361911451
1022750,377946.2361911451
1022753,377946.2361911451
1022755,377946.2361911451
1022756,377946.2361911451
1022760,377946.2361911451
1022781,377946.2361911451
1022782,377946.2361911451
1022787,377946.2361911451
1022790,377946.2361911451
1022794,377946.2361911451
1022795,377946.2361911451
1022796,377946.2361911451
1022798,377946.2361911451
1022800,377946.2361911451
1022801,377946.2361911451
1022802,377946.2361911451
1022844,377946.2361911451
1022848,377946.2361911451
1022960,377946.2361911451
1023168,377946.2361911451
1023169,377946.2361911451
1023172,377946.2361911451
1023173,377946.2361911451
1023209,377946.2361911451
1023230,377946.2361911451
1023304,377946.2361911451
1023340,377946.2361911451
1023351,377946.2361911451
1023393,377946.2361911451
1023450,377946.2361911451
1023458,377946.2361911451
1023465,377946.2361911451
1023468,377946.2361911451
1023501,377946.2361911451
1023505,377946.2361911451
1023508,377946.2361911451
1023511,377946.2361911451
1023512,377946.2361911451
1023513,377946.2361911451
1023514,377946.2361911451
1023518,377946.2361911451
1023520,377946.2361911451
1023521,377946.2361911451
1023552,377946.2361911451
1023559,377946.2361911451
1023590,377946.2361911451
1023664,377946.2361911451
1023676,377946.2361911451
1023677,377946.2361911451
1023744,377946.2361911451
1023764,377946.2361911451
1023774,377946.2361911451
1024012,377946.2361911451
1024071,377946.2361911451
1024126,377946.2361911451
1024133,377946.2361911451
1024324,377946.2361911451
1024371,377946.2361911451
1024444,377946.2361911451
1024449,377946.2361911451
1024456,377946.2361911451
1024463,377946.2361911451
1024474,377946.2361911451
1024477,377946.2361911451
1024508,377946.2361911451
1024529,377946.2361911451
1024536,377946.2361911451
1024590,377946.2361911451
1024625,377946.2361911451
1024628,377946.2361911451
1024636,377946.2361911451
1062270,377946.2361911451
1062278,377946.2361911451
1062287,377946.2361911451
1062389,377946.2361911451
1062404,377946.2361911451
1062442,377946.2361911451
1062482,377946.2361911451
1062512,377946.2361911451
1062516,377946.2361911451
1062537,377946.2361911451
1062557,377946.2361911451
1062572,377946.2361911451
1062643,377946.2361911451
1062645,377946.2361911451
1062676,377946.2361911451
1062691,377946.2361911451
1062714,377946.2361911451
1062737,377946.2361911451
1062839,377946.2361911451
1062840,377946.2361911451
1062844,377946.2361911451
1062946,377946.2361911451
1062972,377946.2361911451
1062991,377946.2361911451
1063009,377946.2361911451
1063010,377946.2361911451
1063011,377946.2361911451
1063045,377946.2361911451
1063050,377946.2361911451
1063051,377946.2361911451
1063070,377946.2361911451
1063106,377946.2361911451
1063130,377946.2361911451
1063217,377946.2361911451
1063317,377946.2361911451
1063480,377946.2361911451
1063535,377946.2361911451
1063601,377946.2361911451
1063668,377946.2361911451
1063704,377946.2361911451
1063829,377946.2361911451
1063862,377946.2361911451
1063906,377946.2361911451
1063923,377946.2361911451
1064029,377946.2361911451
1064042,377946.2361911451
1064047,377946.2361911451
1064050,377946.2361911451
1064059,377946.2361911451
1064061,377946.2361911451
1064082,377946.2361911451
1064093,377946.2361911451
1064155,377946.2361911451
1064165,377946.2361911451
1064170,377946.2361911451
1064189,377946.2361911451
1064253,377946.2361911451
1064260,377946.2361911451
1064263,377946.2361911451
1064289,377946.2361911451
1064327,377946.2361911451
1064340,377946.2361911451
1064342,377946.2361911451
1064347,377946.2361911451
1064358,377946.2361911451
1064389,377946.2361911451
1064391,377946.2361911451
1064393,377946.2361911451
1064415,377946.2361911451
1064420,377946.2361911451
1064421,377946.2361911451
1064424,377946.2361911451
1064425,377946.2361911451
1064433,377946.2361911451
1064438,377946.2361911451
1064469,377946.2361911451
1064535,377946.2361911451
1064536,377946.2361911451
1064538,377946.2361911451
1064539,377946.2361911451
1064552,377946.2361911451
1064556,377946.2361911451
1064605,377946.2361911451
1064632,377946.2361911451
1064660,377946.2361911451
1064707,377946.2361911451
1064708,377946.2361911451
1064709,377946.2361911451
1064715,377946.2361911451
1064718,377946.2361911451
1064724,377946.2361911451
1064774,377946.2361911451
1064782,377946.2361911451
1064786,377946.2361911451
1064791,377946.2361911451
1064836,377946.2361911451
1064856,377946.2361911451
1064863,377946.2361911451
1064870,377946.2361911451
1064872,377946.2361911451
1064873,377946.2361911451
1064904,377946.2361911451
1064906,377946.2361911451
1064997,377946.2361911451
1064998,377946.2361911451
1065033,377946.2361911451
1065055,377946.2361911451
1065146,377946.2361911451
1065162,377946.2361911451
1065164,377946.2361911451
1065198,377946.2361911451
1065199,377946.2361911451
1065201,377946.2361911451
1065202,377946.2361911451
1065203,377946.2361911451
1065246,377946.2361911451
1065262,377946.2361911451
1065274,377946.2361911451
1065275,377946.2361911451
1065297,377946.2361911451
1065304,377946.2361911451
1065320,377946.2361911451
1065322,377946.2361911451
1065328,377946.2361911451
1065359,377946.2361911451
1065372,377946.2361911451
1065374,377946.2361911451
1065377,377946.2361911451
1065396,377946.2361911451
1065406,377946.2361911451
1065413,377946.2361911451
1065448,377946.2361911451
1065477,377946.2361911451
1065483,377946.2361911451
1065488,377946.2361911451
1065529,377946.2361911451
1065572,377946.2361911451
1065607,377946.2361911451
1065613,377946.2361911451
1065615,377946.2361911451
1065617,377946.2361911451
1065619,377946.2361911451
1065621,377946.2361911451
1065641,377946.2361911451
1065658,377946.2361911451
1065662,377946.2361911451
1065702,377946.2361911451
1065761,377946.2361911451
1065771,377946.2361911451
1065835,377946.2361911451
1065838,377946.2361911451
1065848,377946.2361911451
1065852,377946.2361911451
1065855,377946.2361911451
1065857,377946.2361911451
1065859,377946.2361911451
1065883,377946.2361911451
1065901,377946.2361911451
1065927,377946.2361911451
1065939,377946.2361911451
1065940,377946.2361911451
1065970,377946.2361911451
1065973,377946.2361911451
1066009,377946.2361911451
1066029,377946.2361911451
1066035,377946.2361911451
1066052,377946.2361911451
1066060,377946.2361911451
1066082,377946.2361911451
1066109,377946.2361911451
1066119,377946.2361911451
1066134,377946.2361911451
1066159,377946.2361911451
1066160,377946.2361911451
1066161,377946.2361911451
1066162,377946.2361911451
1066163,377946.2361911451
1066170,377946.2361911451
1066171,377946.2361911451
1066172,377946.2361911451
1066174,377946.2361911451
1066191,377946.2361911451
1066194,377946.2361911451
1066245,377946.2361911451
1066361,377946.2361911451
1066365,377946.2361911451
1066375,377946.2361911451
1066378,377946.2361911451
1066379,377946.2361911451
1066409,377946.2361911451
1066413,377946.2361911451
1066448,377946.2361911451
1066476,377946.2361911451
1066524,377946.2361911451
1066548,377946.2361911451
1066602,377946.2361911451
1066603,377946.2361911451
1066605,377946.2361911451
1066643,377946.2361911451
1066644,377946.2361911451
1066664,377946.2361911451
1066730,377946.2361911451
1066734,377946.2361911451
1066736,377946.2361911451
1066759,377946.2361911451
1066761,377946.2361911451
1066772,377946.2361911451
1066792,377946.2361911451
1066795,377946.2361911451
1066832,377946.2361911451
1066845,377946.2361911451
1066847,377946.2361911451
1066938,377946.2361911451
1066944,377946.2361911451
1066988,377946.2361911451
1066996,377946.2361911451
1067005,377946.2361911451
1067009,377946.2361911451
1067011,377946.2361911451
1067037,377946.2361911451
1067063,377946.2361911451
1067064,377946.2361911451
1067088,377946.2361911451
1067115,377946.2361911451
1067119,377946.2361911451
1067291,377946.2361911451
1067363,377946.2361911451
1067374,377946.2361911451
1067395,377946.2361911451
1067402,377946.2361911451
1067412,377946.2361911451
1067425,377946.2361911451
1067428,377946.2361911451
1067430,377946.2361911451
1067435,377946.2361911451
1067478,377946.2361911451
1067512,377946.2361911451
1067533,377946.2361911451
1067536,377946.2361911451
1067549,377946.2361911451
1067555,377946.2361911451
1067557,377946.2361911451
1067570,377946.2361911451
1067575,377946.2361911451
1067577,377946.2361911451
1067578,377946.2361911451
1067584,377946.2361911451
1067596,377946.2361911451
1067598,377946.2361911451
1067614,377946.2361911451
1067631,377946.2361911451
1067649,377946.2361911451
1067652,377946.2361911451
1067687,377946.2361911451
1067688,377946.2361911451
1067704,377946.2361911451
1067705,377946.2361911451
1067731,377946.2361911451
1067746,377946.2361911451
1067756,377946.2361911451
1067777,377946.2361911451
1067793,377946.2361911451
1067808,377946.2361911451
1067821,377946.2361911451
1067834,377946.2361911451
1067846,377946.2361911451
1067850,377946.2361911451
1067853,377946.2361911451
1067863,377946.2361911451
1067913,377946.2361911451
1067914,377946.2361911451
1067962,377946.2361911451
1067999,377946.2361911451
1068022,377946.2361911451
1068055,377946.2361911451
1068076,377946.2361911451
1068078,377946.2361911451
1068136,377946.2361911451
1068137,377946.2361911451
1068155,377946.2361911451
1068157,377946.2361911451
1068158,377946.2361911451
1068173,377946.2361911451
1068240,377946.2361911451
1068266,377946.2361911451
1068324,377946.2361911451
1068360,377946.2361911451
1068386,377946.2361911451
1068396,377946.2361911451
1068406,377946.2361911451
1068409,377946.2361911451
1068414,377946.2361911451
1068466,377946.2361911451
1068489,377946.2361911451
1068501,377946.2361911451
1068520,377946.2361911451
1068533,377946.2361911451
1068611,377946.2361911451
1068645,377946.2361911451
1068683,377946.2361911451
1068685,377946.2361911451
1068698,377946.2361911451
1068703,377946.2361911451
1068737,377946.2361911451
1068751,377946.2361911451
1068752,377946.2361911451
1068797,377946.2361911451
1068824,377946.2361911451
1068840,377946.2361911451
1068894,377946.2361911451
1068949,377946.2361911451
1068954,377946.2361911451
1068960,377946.2361911451
1069002,377946.2361911451
1069029,377946.2361911451
1069034,377946.2361911451
1069058,377946.2361911451
1069115,377946.2361911451
1069117,377946.2361911451
1069137,377946.2361911451
1069138,377946.2361911451
1069204,377946.2361911451
1069246,377946.2361911451
1069293,377946.2361911451
1069308,377946.2361911451
1069388,377946.2361911451
1069416,377946.2361911451
1069429,377946.2361911451
1069430,377946.2361911451
1069489,377946.2361911451
1069539,377946.2361911451
1069541,377946.2361911451
1069543,377946.2361911451
1069544,377946.2361911451
1069545,377946.2361911451
1069602,377946.2361911451
1069619,377946.2361911451
1069633,377946.2361911451
1069662,377946.2361911451
1069672,377946.2361911451
1069673,377946.2361911451
1069712,377946.2361911451
1069750,377946.2361911451
1069782,377946.2361911451
1069813,377946.2361911451
1069835,377946.2361911451
1069857,377946.2361911451
1069881,377946.2361911451
1069973,377946.2361911451
1069981,377946.2361911451
1069982,377946.2361911451
1070002,377946.2361911451
1070067,377946.2361911451
1070070,377946.2361911451
1070084,377946.2361911451
1070089,377946.2361911451
1070103,377946.2361911451
1070165,377946.2361911451
1070183,377946.2361911451
1070185,377946.2361911451
1070208,377946.2361911451
1070245,377946.2361911451
1070308,377946.2361911451
1070362,377946.2361911451
1070374,377946.2361911451
1070378,377946.2361911451
1070388,377946.2361911451
1070394,377946.2361911451
1070438,377946.2361911451
1070454,377946.2361911451
1070455,377946.2361911451
1070456,377946.2361911451
1070463,377946.2361911451
1070467,377946.2361911451
1070469,377946.2361911451
1070498,377946.2361911451
1070501,377946.2361911451
1070516,377946.2361911451
1070554,377946.2361911451
1070570,377946.2361911451
1070573,377946.2361911451
1070643,377946.2361911451
1070656,377946.2361911451
1070675,377946.2361911451
1070677,377946.2361911451
1070707,377946.2361911451
1070760,377946.2361911451
1070770,377946.2361911451
1070862,377946.2361911451
1070866,377946.2361911451
1070907,377946.2361911451
1070916,377946.2361911451
1071031,377946.2361911451
1071038,377946.2361911451
1071042,377946.2361911451
1071045,377946.2361911451
1071046,377946.2361911451
1071118,377946.2361911451
1071145,377946.2361911451
1071161,377946.2361911451
1071166,377946.2361911451
1071202,377946.2361911451
1071335,377946.2361911451
1071349,377946.2361911451
1071350,377946.2361911451
1071356,377946.2361911451
1071357,377946.2361911451
1071360,377946.2361911451
1071370,377946.2361911451
1071376,377946.2361911451
1071378,377946.2361911451
1071390,377946.2361911451
1071413,377946.2361911451
1071414,377946.2361911451
1071415,377946.2361911451
1071419,377946.2361911451
1071427,377946.2361911451
1071430,377946.2361911451
1071434,377946.2361911451
1071481,377946.2361911451
1071503,377946.2361911451
1071504,377946.2361911451
1071532,377946.2361911451
1071537,377946.2361911451
1071551,377946.2361911451
1071574,377946.2361911451
1071613,377946.2361911451
1071621,377946.2361911451
1071651,377946.2361911451
1071653,377946.2361911451
1071669,377946.2361911451
1071704,377946.2361911451
1071722,377946.2361911451
1071727,377946.2361911451
1071737,377946.2361911451
1071740,377946.2361911451
1071782,377946.2361911451
1071889,377946.2361911451
1071899,377946.2361911451
1071920,377946.2361911451
1071948,377946.2361911451
1071950,377946.2361911451
1071983,377946.2361911451
1071997,377946.2361911451
1072066,377946.2361911451
1072080,377946.2361911451
1072081,377946.2361911451
1072086,377946.2361911451
1072176,377946.2361911451
1072178,377946.2361911451
1072201,377946.2361911451
1072204,377946.2361911451
1072219,377946.2361911451
1072229,377946.2361911451
1072242,377946.2361911451
1072245,377946.2361911451
1072249,377946.2361911451
1072259,377946.2361911451
1072306,377946.2361911451
1072320,377946.2361911451
1072326,377946.2361911451
1072334,377946.2361911451
1072345,377946.2361911451
1072353,377946.2361911451
1072382,377946.2361911451
1072387,377946.2361911451
1072403,377946.2361911451
1072484,377946.2361911451
1072487,377946.2361911451
1072490,377946.2361911451
1072493,377946.2361911451
1072503,377946.2361911451
1072536,377946.2361911451
1072548,377946.2361911451
1072599,377946.2361911451
1072627,377946.2361911451
1072632,377946.2361911451
1072681,377946.2361911451
1072729,377946.2361911451
1072752,377946.2361911451
1072775,377946.2361911451
1072776,377946.2361911451
1072779,377946.2361911451
1072780,377946.2361911451
1072784,377946.2361911451
1072800,377946.2361911451
1072809,377946.2361911451
1072819,377946.2361911451
1072842,377946.2361911451
1072873,377946.2361911451
1072880,377946.2361911451
1072894,377946.2361911451
1072901,377946.2361911451
1072913,377946.2361911451
1072929,377946.2361911451
1072973,377946.2361911451
1073092,377946.2361911451
1073108,377946.2361911451
1073195,377946.2361911451
1073200,377946.2361911451
1073209,377946.2361911451
1073215,377946.2361911451
1073216,377946.2361911451
1073217,377946.2361911451
1073218,377946.2361911451
1073219,377946.2361911451
1073220,377946.2361911451
1073221,377946.2361911451
1073222,377946.2361911451
1073223,377946.2361911451
1073224,377946.2361911451
1073225,377946.2361911451
1073226,377946.2361911451
1073228,377946.2361911451
1073229,377946.2361911451
1073234,377946.2361911451
1073238,377946.2361911451
1073240,377946.2361911451
1073251,377946.2361911451
1073388,377946.2361911451
1073391,377946.2361911451
1073420,377946.2361911451
1073428,377946.2361911451
1073465,377946.2361911451
1073471,377946.2361911451
1073484,377946.2361911451
1073529,377946.2361911451
1073563,377946.2361911451
1073604,377946.2361911451
1073621,377946.2361911451
1073622,377946.2361911451
1073626,377946.2361911451
1073663,377946.2361911451
1073675,377946.2361911451
1073681,377946.2361911451
1073695,377946.2361911451
1073753,377946.2361911451
1073779,377946.2361911451
1073844,377946.2361911451
1073846,377946.2361911451
1074053,377946.2361911451
1074196,377946.2361911451
1074279,377946.2361911451
1074340,377946.2361911451
1074532,377946.2361911451
1074540,377946.2361911451
1074548,377946.2361911451
1074550,377946.2361911451
1074554,377946.2361911451
1074575,377946.2361911451
1074579,377946.2361911451
1074603,377946.2361911451
1074607,377946.2361911451
1074608,377946.2361911451
1074643,377946.2361911451
1074677,377946.2361911451
1074682,377946.2361911451
1074697,377946.2361911451
1074710,377946.2361911451
1074741,377946.2361911451
1074816,377946.2361911451
1074821,377946.2361911451
1074882,377946.2361911451
1074943,377946.2361911451
1074946,377946.2361911451
1074968,377946.2361911451
1074991,377946.2361911451
1075071,377946.2361911451
1075075,377946.2361911451
1075078,377946.2361911451
1075192,377946.2361911451
1075221,377946.2361911451
1075262,377946.2361911451
1075320,377946.2361911451
1075321,377946.2361911451
1075527,377946.2361911451
1075555,377946.2361911451
1075566,377946.2361911451
1075576,377946.2361911451
1075621,377946.2361911451
1075623,377946.2361911451
1075669,377946.2361911451
1075694,377946.2361911451
1075794,377946.2361911451
1075855,377946.2361911451
1075875,377946.2361911451
1075876,377946.2361911451
1075878,377946.2361911451
1075902,377946.2361911451
1075981,377946.2361911451
1076017,377946.2361911451
1076028,377946.2361911451
1076116,377946.2361911451
1076133,377946.2361911451
1076153,377946.2361911451
1076223,377946.2361911451
1076232,377946.2361911451
1076237,377946.2361911451
1076242,377946.2361911451
1076246,377946.2361911451
1076250,377946.2361911451
1076256,377946.2361911451
1076265,377946.2361911451
1076270,377946.2361911451
1076275,377946.2361911451
1076282,377946.2361911451
1076297,377946.2361911451
1076314,377946.2361911451
1076342,377946.2361911451
1076353,377946.2361911451
1076399,377946.2361911451
1076400,377946.2361911451
1076410,377946.2361911451
1076411,377946.2361911451
1076419,377946.2361911451
1076451,377946.2361911451
1076453,377946.2361911451
1076479,377946.2361911451
1076502,377946.2361911451
1076505,377946.2361911451
1076512,377946.2361911451
1076516,377946.2361911451
1076615,377946.2361911451
1076618,377946.2361911451
1076619,377946.2361911451
1076637,377946.2361911451
1076655,377946.2361911451
1076670,377946.2361911451
1076672,377946.2361911451
1076751,377946.2361911451
1076780,377946.2361911451
1076822,377946.2361911451
1076837,377946.2361911451
1076848,377946.2361911451
1076851,377946.2361911451
1076867,377946.2361911451
1076870,377946.2361911451
1076873,377946.2361911451
1076877,377946.2361911451
1076899,377946.2361911451
1076928,377946.2361911451
1076931,377946.2361911451
1077002,377946.2361911451
1077007,377946.2361911451
1077008,377946.2361911451
1077013,377946.2361911451
1077024,377946.2361911451
1077043,377946.2361911451
1077056,377946.2361911451
1077067,377946.2361911451
1077162,377946.2361911451
1077187,377946.2361911451
1077265,377946.2361911451
1077596,377946.2361911451
1077624,377946.2361911451
1077752,377946.2361911451
1077787,377946.2361911451
1077884,377946.2361911451
1078098,377946.2361911451
1078219,377946.2361911451
1078257,377946.2361911451
1078341,377946.2361911451
1078355,377946.2361911451
1078360,377946.2361911451
1078409,377946.2361911451
1078431,377946.2361911451
1078454,377946.2361911451
1078476,377946.2361911451
1078477,377946.2361911451
1078497,377946.2361911451
1078545,377946.2361911451
1078556,377946.2361911451
1078564,377946.2361911451
1078585,377946.2361911451
1078640,377946.2361911451
1078648,377946.2361911451
1078660,377946.2361911451
1078685,377946.2361911451
1078699,377946.2361911451
1078723,377946.2361911451
1078725,377946.2361911451
1078736,377946.2361911451
1078773,377946.2361911451
1078806,377946.2361911451
1078814,377946.2361911451
1078885,377946.2361911451
1078899,377946.2361911451
1078908,377946.2361911451
1078969,377946.2361911451
1079020,377946.2361911451
1079036,377946.2361911451
1079059,377946.2361911451
1079068,377946.2361911451
1079153,377946.2361911451
1079183,377946.2361911451
1079230,377946.2361911451
1079254,377946.2361911451
1079277,377946.2361911451
1079282,377946.2361911451
1079294,377946.2361911451
1079320,377946.2361911451
1079334,377946.2361911451
1079343,377946.2361911451
1079356,377946.2361911451
1079382,377946.2361911451
1079459,377946.2361911451
1079463,377946.2361911451
1079464,377946.2361911451
1079479,377946.2361911451
1079483,377946.2361911451
1079497,377946.2361911451
1079498,377946.2361911451
1079503,377946.2361911451
1079504,377946.2361911451
1079528,377946.2361911451
1079568,377946.2361911451
1079600,377946.2361911451
1079607,377946.2361911451
1079608,377946.2361911451
1079612,377946.2361911451
1079618,377946.2361911451
1079705,377946.2361911451
1079766,377946.2361911451
1079842,377946.2361911451
1079850,377946.2361911451
1079853,377946.2361911451
1079868,377946.2361911451
1079892,377946.2361911451
1079895,377946.2361911451
1079928,377946.2361911451
1079992,377946.2361911451
1079994,377946.2361911451
1079995,377946.2361911451
1080005,377946.2361911451
1080008,377946.2361911451
1080010,377946.2361911451
1080011,377946.2361911451
1080015,377946.2361911451
1080025,377946.2361911451
1080028,377946.2361911451
1080030,377946.2361911451
1080032,377946.2361911451
1080034,377946.2361911451
1080037,377946.2361911451
1080063,377946.2361911451
1080064,377946.2361911451
1080065,377946.2361911451
1080066,377946.2361911451
1080069,377946.2361911451
1080072,377946.2361911451
1080077,377946.2361911451
1080111,377946.2361911451
1080133,377946.2361911451
1080147,377946.2361911451
1080162,377946.2361911451
1080187,377946.2361911451
1080200,377946.2361911451
1080279,377946.2361911451
1080290,377946.2361911451
1080292,377946.2361911451
1080299,377946.2361911451
1080327,377946.2361911451
1080328,377946.2361911451
1080332,377946.2361911451
1080334,377946.2361911451
1080342,377946.2361911451
1080343,377946.2361911451
1080364,377946.2361911451
1080379,377946.2361911451
1080382,377946.2361911451
1080383,377946.2361911451
1080399,377946.2361911451
1080401,377946.2361911451
1080426,377946.2361911451
1080440,377946.2361911451
1080450,377946.2361911451
1080465,377946.2361911451
1080482,377946.2361911451
1080485,377946.2361911451
1080507,377946.2361911451
1080562,377946.2361911451
1080606,377946.2361911451
1080621,377946.2361911451
1080633,377946.2361911451
1080663,377946.2361911451
1080670,377946.2361911451
1080752,377946.2361911451
1080755,377946.2361911451
1080757,377946.2361911451
1080776,377946.2361911451
1080802,377946.2361911451
1080807,377946.2361911451
1080836,377946.2361911451
1080849,377946.2361911451
1080858,377946.2361911451
1080859,377946.2361911451
1080914,377946.2361911451
1080921,377946.2361911451
1080937,377946.2361911451
1080977,377946.2361911451
1080980,377946.2361911451
1080983,377946.2361911451
1081011,377946.2361911451
1081038,377946.2361911451
1081055,377946.2361911451
1081112,377946.2361911451
1081125,377946.2361911451
1081153,377946.2361911451
1081170,377946.2361911451
1081201,377946.2361911451
1081232,377946.2361911451
1081267,377946.2361911451
1081351,377946.2361911451
1081356,377946.2361911451
1081395,377946.2361911451
1081435,377946.2361911451
1081436,377946.2361911451
1081442,377946.2361911451
1081472,377946.2361911451
1081487,377946.2361911451
1081508,377946.2361911451
1081512,377946.2361911451
1081528,377946.2361911451
1081552,377946.2361911451
1081575,377946.2361911451
1081706,377946.2361911451
1081782,377946.2361911451
1081785,377946.2361911451
1081787,377946.2361911451
1081832,377946.2361911451
1081833,377946.2361911451
1081838,377946.2361911451
1081841,377946.2361911451
1081843,377946.2361911451
1081844,377946.2361911451
1081848,377946.2361911451
1081869,377946.2361911451
1081902,377946.2361911451
1081903,377946.2361911451
1081908,377946.2361911451
1081924,377946.2361911451
1081936,377946.2361911451
1081949,377946.2361911451
1081970,377946.2361911451
1082039,377946.2361911451
1082045,377946.2361911451
1082046,377946.2361911451
1082048,377946.2361911451
1082118,377946.2361911451
1082145,377946.2361911451
1082147,377946.2361911451
1082163,377946.2361911451
1082251,377946.2361911451
1082254,377946.2361911451
1082255,377946.2361911451
1082327,377946.2361911451
1082342,377946.2361911451
1082343,377946.2361911451
1082360,377946.2361911451
1082376,377946.2361911451
1082382,377946.2361911451
1082390,377946.2361911451
1082417,377946.2361911451
1082420,377946.2361911451
1082432,377946.2361911451
1082441,377946.2361911451
1082442,377946.2361911451
1082461,377946.2361911451
1082482,377946.2361911451
1082483,377946.2361911451
1082488,377946.2361911451
1082504,377946.2361911451
1082508,377946.2361911451
1082533,377946.2361911451
1082548,377946.2361911451
1082549,377946.2361911451
1082586,377946.2361911451
1082640,377946.2361911451
1082677,377946.2361911451
1082833,377946.2361911451
1082840,377946.2361911451
1082846,377946.2361911451
1082857,377946.2361911451
1082863,377946.2361911451
1082867,377946.2361911451
1082927,377946.2361911451
1082928,377946.2361911451
1082958,377946.2361911451
1083026,377946.2361911451
1083029,377946.2361911451
1083052,377946.2361911451
1083095,377946.2361911451
1083118,377946.2361911451
1083122,377946.2361911451
1083137,377946.2361911451
1083208,377946.2361911451
1083251,377946.2361911451
1083264,377946.2361911451
1083284,377946.2361911451
1083291,377946.2361911451
1083296,377946.2361911451
1083300,377946.2361911451
1083303,377946.2361911451
1083345,377946.2361911451
1083382,377946.2361911451
1083388,377946.2361911451
1083392,377946.2361911451
1083402,377946.2361911451
1083405,377946.2361911451
1083495,377946.2361911451
1083545,377946.2361911451
1086147,377946.2361911451
1086216,377946.2361911451
1086243,377946.2361911451
1086254,377946.2361911451
1086282,377946.2361911451
1086309,377946.2361911451
1086312,377946.2361911451
1086333,377946.2361911451
1086344,377946.2361911451
1086616,377946.2361911451
1086670,377946.2361911451
1086770,377946.2361911451
1086802,377946.2361911451
1086813,377946.2361911451
1086818,377946.2361911451
1086819,377946.2361911451
1086820,377946.2361911451
1086826,377946.2361911451
1086827,377946.2361911451
1086842,377946.2361911451
1086844,377946.2361911451
1086846,377946.2361911451
1086847,377946.2361911451
1086848,377946.2361911451
1086864,377946.2361911451
1086917,377946.2361911451
1086918,377946.2361911451
1086963,377946.2361911451
1086991,377946.2361911451
1086999,377946.2361911451
1087035,377946.2361911451
1087054,377946.2361911451
1087111,377946.2361911451
1087112,377946.2361911451
1087115,377946.2361911451
1087116,377946.2361911451
1087132,377946.2361911451
1087135,377946.2361911451
1087193,377946.2361911451
1087235,377946.2361911451
1087237,377946.2361911451
1087238,377946.2361911451
1087241,377946.2361911451
1087288,377946.2361911451
1087329,377946.2361911451
1087340,377946.2361911451
1087346,377946.2361911451
1087349,377946.2361911451
1087375,377946.2361911451
1087389,377946.2361911451
1087406,377946.2361911451
1087423,377946.2361911451
1087432,377946.2361911451
1093650,377946.2361911451
1093654,377946.2361911451
1093657,377946.2361911451
1093659,377946.2361911451
1093661,377946.2361911451
1093675,377946.2361911451
1093684,377946.2361911451
1093703,377946.2361911451
1093710,377946.2361911451
1093711,377946.2361911451
1093718,377946.2361911451
1093725,377946.2361911451
1093808,377946.2361911451
1093813,377946.2361911451
1093816,377946.2361911451
1093817,377946.2361911451
1093845,377946.2361911451
1093848,377946.2361911451
1093904,377946.2361911451
1093906,377946.2361911451
1093909,377946.2361911451
1093920,377946.2361911451
1093958,377946.2361911451
1093960,377946.2361911451
1094005,377946.2361911451
1094008,377946.2361911451
1094012,377946.2361911451
1094018,377946.2361911451
1094108,377946.2361911451
1094111,377946.2361911451
1094126,377946.2361911451
1094128,377946.2361911451
1094133,377946.2361911451
1094136,377946.2361911451
1094142,377946.2361911451
1094151,377946.2361911451
1094174,377946.2361911451
1094196,377946.2361911451
1094198,377946.2361911451
1094232,377946.2361911451
1094299,377946.2361911451
1094334,377946.2361911451
1094348,377946.2361911451
1094353,377946.2361911451
1094362,377946.2361911451
1094412,377946.2361911451
1094416,377946.2361911451
1094419,377946.2361911451
1094463,377946.2361911451
1094464,377946.2361911451
1094519,377946.2361911451
1094530,377946.2361911451
1094531,377946.2361911451
1094538,377946.2361911451
1094590,377946.2361911451
1094633,377946.2361911451
1094660,377946.2361911451
1094668,377946.2361911451
1094694,377946.2361911451
1094714,377946.2361911451
1094717,377946.2361911451
1094747,377946.2361911451
1094771,377946.2361911451
1094773,377946.2361911451
1094779,377946.2361911451
1094810,377946.2361911451
1094817,377946.2361911451
1094818,377946.2361911451
1094822,377946.2361911451
1094855,377946.2361911451
1094858,377946.2361911451
1094864,377946.2361911451
1094895,377946.2361911451
1094910,377946.2361911451
1094939,377946.2361911451
1094960,377946.2361911451
1095019,377946.2361911451
1095021,377946.2361911451
1095025,377946.2361911451
1095029,377946.2361911451
1095031,377946.2361911451
1095067,377946.2361911451
1095105,377946.2361911451
1095126,377946.2361911451
1095135,377946.2361911451
1095139,377946.2361911451
1095146,377946.2361911451
1095292,377946.2361911451
1095313,377946.2361911451
1095326,377946.2361911451
1095334,377946.2361911451
1095343,377946.2361911451
1095383,377946.2361911451
1095399,377946.2361911451
1095416,377946.2361911451
1095448,377946.2361911451
1095478,377946.2361911451
1095480,377946.2361911451
1095496,377946.2361911451
1095500,377946.2361911451
1095529,377946.2361911451
1095536,377946.2361911451
1095552,377946.2361911451
1095588,377946.2361911451
1095624,377946.2361911451
1095650,377946.2361911451
1095691,377946.2361911451
1095735,377946.2361911451
1095799,377946.2361911451
1095804,377946.2361911451
1095810,377946.2361911451
1095827,377946.2361911451
1095841,377946.2361911451
1095853,377946.2361911451
1095860,377946.2361911451
1095866,377946.2361911451
1095906,377946.2361911451
1095907,377946.2361911451
1095926,377946.2361911451
1095949,377946.2361911451
1096078,377946.2361911451
1096079,377946.2361911451
1096090,377946.2361911451
1096148,377946.2361911451
1096213,377946.2361911451
1096235,377946.2361911451
1096271,377946.2361911451
1096279,377946.2361911451
1096316,377946.2361911451
1096318,377946.2361911451
1096335,377946.2361911451
1096339,377946.2361911451
1096405,377946.2361911451
1096417,377946.2361911451
1096464,377946.2361911451
1096480,377946.2361911451
1096484,377946.2361911451
1096513,377946.2361911451
1096539,377946.2361911451
1096546,377946.2361911451
1096550,377946.2361911451
1096556,377946.2361911451
1096573,377946.2361911451
1096583,377946.2361911451
1096585,377946.2361911451
1096590,377946.2361911451
1096593,377946.2361911451
1096600,377946.2361911451
1096627,377946.2361911451
1096631,377946.2361911451
1096691,377946.2361911451
1096700,377946.2361911451
1096716,377946.2361911451
1096723,377946.2361911451
1096749,377946.2361911451
1096777,377946.2361911451
1096784,377946.2361911451
1096858,377946.2361911451
1096873,377946.2361911451
1096921,377946.2361911451
1096936,377946.2361911451
1096968,377946.2361911451
1096972,377946.2361911451
1097023,377946.2361911451
1097024,377946.2361911451
1097040,377946.2361911451
1097041,377946.2361911451
1097045,377946.2361911451
1097078,377946.2361911451
1097079,377946.2361911451
1097082,377946.2361911451
1097084,377946.2361911451
1097102,377946.2361911451
1097259,377946.2361911451
1097283,377946.2361911451
1097365,377946.2361911451
1097366,377946.2361911451
1097476,377946.2361911451
1097499,377946.2361911451
1097500,377946.2361911451
1097511,377946.2361911451
1097514,377946.2361911451
1097544,377946.2361911451
1097562,377946.2361911451
1097569,377946.2361911451
1097597,377946.2361911451
1097609,377946.2361911451
1097635,377946.2361911451
1097650,377946.2361911451
1097655,377946.2361911451
1097659,377946.2361911451
1097664,377946.2361911451
1097673,377946.2361911451
1097675,377946.2361911451
1097698,377946.2361911451
1097718,377946.2361911451
1097755,377946.2361911451
1097767,377946.2361911451
1097777,377946.2361911451
1097778,377946.2361911451
1097795,377946.2361911451
1097861,377946.2361911451
1097886,377946.2361911451
1097887,377946.2361911451
1097888,377946.2361911451
1097928,377946.2361911451
1097949,377946.2361911451
1097975,377946.2361911451
1097993,377946.2361911451
1097994,377946.2361911451
1098066,377946.2361911451
1098122,377946.2361911451
1098125,377946.2361911451
1098140,377946.2361911451
1098199,377946.2361911451
1098213,377946.2361911451
1098215,377946.2361911451
1098219,377946.2361911451
1098228,377946.2361911451
1098252,377946.2361911451
1098268,377946.2361911451
1098275,377946.2361911451
1098362,377946.2361911451
1098365,377946.2361911451
1098396,377946.2361911451
1098468,377946.2361911451
1098495,377946.2361911451
1098569,377946.2361911451
1098588,377946.2361911451
1098633,377946.2361911451
1098693,377946.2361911451
1098698,377946.2361911451
1098706,377946.2361911451
1098771,377946.2361911451
1098971,377946.2361911451
1098987,377946.2361911451
1098991,377946.2361911451
1098994,377946.2361911451
1099004,377946.2361911451
1099021,377946.2361911451
1099030,377946.2361911451
1099038,377946.2361911451
1099039,377946.2361911451
1099045,377946.2361911451
1099133,377946.2361911451
1099137,377946.2361911451
1099153,377946.2361911451
1099180,377946.2361911451
1099183,377946.2361911451
1099184,377946.2361911451
1099199,377946.2361911451
1099315,377946.2361911451
1099316,377946.2361911451
1099320,377946.2361911451
1099323,377946.2361911451
1099326,377946.2361911451
1099329,377946.2361911451
1099335,377946.2361911451
1099338,377946.2361911451
1099342,377946.2361911451
1099350,377946.2361911451
1099351,377946.2361911451
1099359,377946.2361911451
1099364,377946.2361911451
1099366,377946.2361911451
1099382,377946.2361911451
1099383,377946.2361911451
1099407,377946.2361911451
1099414,377946.2361911451
1099441,377946.2361911451
1099447,377946.2361911451
1099465,377946.2361911451
1099469,377946.2361911451
1099488,377946.2361911451
1099520,377946.2361911451
1099562,377946.2361911451
1099567,377946.2361911451
1099623,377946.2361911451
1099651,377946.2361911451
1099664,377946.2361911451
1099665,377946.2361911451
1099671,377946.2361911451
1099702,377946.2361911451
1099722,377946.2361911451
1099725,377946.2361911451
1099726,377946.2361911451
1099728,377946.2361911451
1099729,377946.2361911451
1099734,377946.2361911451
1099740,377946.2361911451
1099743,377946.2361911451
1099768,377946.2361911451
1099774,377946.2361911451
1099796,377946.2361911451
1099815,377946.2361911451
1099837,377946.2361911451
1099916,377946.2361911451
1099928,377946.2361911451
1099941,377946.2361911451
1099946,377946.2361911451
1099948,377946.2361911451
1099950,377946.2361911451
1099972,377946.2361911451
1099995,377946.2361911451
1099996,377946.2361911451
1100056,377946.2361911451
1100076,377946.2361911451
1100169,377946.2361911451
1100171,377946.2361911451
1100178,377946.2361911451
1100189,377946.2361911451
1100191,377946.2361911451
1100192,377946.2361911451
1100194,377946.2361911451
1100205,377946.2361911451
1100224,377946.2361911451
1100257,377946.2361911451
1100317,377946.2361911451
1100329,377946.2361911451
1100345,377946.2361911451
1100388,377946.2361911451
1100391,377946.2361911451
1100460,377946.2361911451
1100509,377946.2361911451
1100516,377946.2361911451
1100532,377946.2361911451
1100537,377946.2361911451
1100548,377946.2361911451
1100583,377946.2361911451
1100596,377946.2361911451
1100601,377946.2361911451
1100611,377946.2361911451
1100619,377946.2361911451
1100658,377946.2361911451
1100660,377946.2361911451
1100674,377946.2361911451
1100682,377946.2361911451
1100692,377946.2361911451
1100719,377946.2361911451
1100743,377946.2361911451
1100780,377946.2361911451
1100810,377946.2361911451
1100829,377946.2361911451
1100840,377946.2361911451
1100852,377946.2361911451
1100865,377946.2361911451
1100897,377946.2361911451
1100931,377946.2361911451
1100932,377946.2361911451
1100938,377946.2361911451
1100944,377946.2361911451
1100945,377946.2361911451
1100946,377946.2361911451
1100947,377946.2361911451
1100948,377946.2361911451
1100953,377946.2361911451
1100955,377946.2361911451
1100957,377946.2361911451
1100960,377946.2361911451
1100962,377946.2361911451
1100984,377946.2361911451
1100985,377946.2361911451
1101003,377946.2361911451
1101004,377946.2361911451
1101005,377946.2361911451
1101006,377946.2361911451
1101007,377946.2361911451
1101012,377946.2361911451
1101064,377946.2361911451
1101073,377946.2361911451
1101084,377946.2361911451
1101086,377946.2361911451
1101094,377946.2361911451
1101102,377946.2361911451
1101127,377946.2361911451
1101173,377946.2361911451
1101180,377946.2361911451
1101202,377946.2361911451
1101203,377946.2361911451
1101207,377946.2361911451
1101208,377946.2361911451
1101232,377946.2361911451
1101240,377946.2361911451
1101252,377946.2361911451
1101258,377946.2361911451
1101263,377946.2361911451
1101276,377946.2361911451
1101292,377946.2361911451
1101294,377946.2361911451
1101303,377946.2361911451
1101319,377946.2361911451
1101326,377946.2361911451
1101330,377946.2361911451
1101331,377946.2361911451
1101333,377946.2361911451
1101335,377946.2361911451
1101351,377946.2361911451
1101378,377946.2361911451
1101418,377946.2361911451
1101423,377946.2361911451
1101428,377946.2361911451
1101517,377946.2361911451
1101591,377946.2361911451
1101616,377946.2361911451
1101739,377946.2361911451
1101759,377946.2361911451
1101799,377946.2361911451
1101800,377946.2361911451
1101801,377946.2361911451
1101814,377946.2361911451
1101859,377946.2361911451
1101869,377946.2361911451
1101901,377946.2361911451
1101931,377946.2361911451
1101932,377946.2361911451
1101976,377946.2361911451
1102031,377946.2361911451
1102046,377946.2361911451
1102066,377946.2361911451
1102090,377946.2361911451
1102112,377946.2361911451
1102117,377946.2361911451
1102119,377946.2361911451
1102123,377946.2361911451
1102135,377946.2361911451
1102169,377946.2361911451
1102170,377946.2361911451
1102240,377946.2361911451
1102248,377946.2361911451
1102273,377946.2361911451
1102307,377946.2361911451
1102332,377946.2361911451
1102413,377946.2361911451
1102414,377946.2361911451
1102415,377946.2361911451
1102416,377946.2361911451
1102417,377946.2361911451
1102422,377946.2361911451
1102423,377946.2361911451
1102430,377946.2361911451
1102431,377946.2361911451
1102434,377946.2361911451
1102452,377946.2361911451
1102470,377946.2361911451
1102505,377946.2361911451
1102509,377946.2361911451
1102527,377946.2361911451
1102537,377946.2361911451
1102564,377946.2361911451
1102603,377946.2361911451
1102608,377946.2361911451
1102646,377946.2361911451
1102647,377946.2361911451
1102650,377946.2361911451
1102655,377946.2361911451
1102657,377946.2361911451
1102660,377946.2361911451
1102685,377946.2361911451
1102688,377946.2361911451
1102699,377946.2361911451
1102704,377946.2361911451
1102705,377946.2361911451
1102728,377946.2361911451
1102735,377946.2361911451
1102750,377946.2361911451
1102770,377946.2361911451
1102790,377946.2361911451
1102797,377946.2361911451
1102800,377946.2361911451
1102806,377946.2361911451
1102844,377946.2361911451
1102862,377946.2361911451
1102908,377946.2361911451
1102909,377946.2361911451
1102959,377946.2361911451
1102970,377946.2361911451
1102986,377946.2361911451
1103044,377946.2361911451
1103076,377946.2361911451
1103095,377946.2361911451
1103226,377946.2361911451
1103227,377946.2361911451
1103228,377946.2361911451
1103229,377946.2361911451
1103249,377946.2361911451
1103253,377946.2361911451
1103258,377946.2361911451
1103264,377946.2361911451
1103265,377946.2361911451
1103278,377946.2361911451
1103279,377946.2361911451
1103282,377946.2361911451
1103361,377946.2361911451
1103386,377946.2361911451
1103396,377946.2361911451
1103402,377946.2361911451
1103403,377946.2361911451
1103404,377946.2361911451
1103418,377946.2361911451
1103419,377946.2361911451
1103431,377946.2361911451
1103481,377946.2361911451
1103489,377946.2361911451
1103584,377946.2361911451
1103598,377946.2361911451
1103600,377946.2361911451
1103604,377946.2361911451
1103606,377946.2361911451
1103614,377946.2361911451
1103646,377946.2361911451
1103668,377946.2361911451
1103669,377946.2361911451
1103678,377946.2361911451
1103711,377946.2361911451
1103726,377946.2361911451
1103731,377946.2361911451
1103735,377946.2361911451
1103741,377946.2361911451
1103838,377946.2361911451
1103903,377946.2361911451
1103914,377946.2361911451
1103991,377946.2361911451
1103997,377946.2361911451
1104005,377946.2361911451
1104027,377946.2361911451
1104035,377946.2361911451
1104045,377946.2361911451
1104073,377946.2361911451
1104122,377946.2361911451
1104123,377946.2361911451
1104132,377946.2361911451
1104247,377946.2361911451
1104252,377946.2361911451
1104265,377946.2361911451
1104276,377946.2361911451
1104292,377946.2361911451
1104347,377946.2361911451
1104357,377946.2361911451
1104358,377946.2361911451
1104369,377946.2361911451
1104944,377946.2361911451
1104946,377946.2361911451
1104949,377946.2361911451
1104951,377946.2361911451
1104953,377946.2361911451
1104955,377946.2361911451
1104972,377946.2361911451
1105018,377946.2361911451
1105021,377946.2361911451
1105024,377946.2361911451
1105025,377946.2361911451
1105044,377946.2361911451
1105046,377946.2361911451
1105047,377946.2361911451
1105050,377946.2361911451
1105051,377946.2361911451
1105052,377946.2361911451
1105053,377946.2361911451
1105071,377946.2361911451
1105081,377946.2361911451
1105207,377946.2361911451
1105210,377946.2361911451
1105265,377946.2361911451
1105266,377946.2361911451
1105267,377946.2361911451
1105268,377946.2361911451
1105280,377946.2361911451
1105281,377946.2361911451
1105282,377946.2361911451
1105376,377946.2361911451
1105429,377946.2361911451
1105465,377946.2361911451
1105493,377946.2361911451
1105496,377946.2361911451
1105557,377946.2361911451
1105558,377946.2361911451
1105575,377946.2361911451
1105576,377946.2361911451
1105581,377946.2361911451
1105621,377946.2361911451
1105622,377946.2361911451
1105698,377946.2361911451
1105699,377946.2361911451
1105700,377946.2361911451
1105702,377946.2361911451
1105705,377946.2361911451
1105706,377946.2361911451
1105711,377946.2361911451
1105799,377946.2361911451
1105802,377946.2361911451
1105803,377946.2361911451
1105805,377946.2361911451
1105806,377946.2361911451
1105807,377946.2361911451
1105828,377946.2361911451
1105830,377946.2361911451
1105831,377946.2361911451
1105832,377946.2361911451
1105849,377946.2361911451
1105855,377946.2361911451
1105898,377946.2361911451
1105899,377946.2361911451
1105935,377946.2361911451
1105989,377946.2361911451
1106068,377946.2361911451
1106069,377946.2361911451
1106073,377946.2361911451
1106085,377946.2361911451
1106086,377946.2361911451
1106135,377946.2361911451
1106164,377946.2361911451
1106193,377946.2361911451
1106196,377946.2361911451
1106244,377946.2361911451
1106253,377946.2361911451
1106256,377946.2361911451
1106586,377946.2361911451
1106587,377946.2361911451
1106588,377946.2361911451
1106589,377946.2361911451
1106600,377946.2361911451
1106608,377946.2361911451
1106715,377946.2361911451
1106789,377946.2361911451
1106790,377946.2361911451
1106791,377946.2361911451
1106792,377946.2361911451
1106793,377946.2361911451
1106794,377946.2361911451
1106869,377946.2361911451
1106954,377946.2361911451
1107205,377946.2361911451
1107331,377946.2361911451
1107333,377946.2361911451
1107389,377946.2361911451
1107390,377946.2361911451
1107392,377946.2361911451
1107394,377946.2361911451
1107395,377946.2361911451
1107469,377946.2361911451
1107483,377946.2361911451
1107491,377946.2361911451
1107667,377946.2361911451
1107772,377946.2361911451
1107775,377946.2361911451
1107785,377946.2361911451
1107786,377946.2361911451
1107787,377946.2361911451
1202392,377946.2361911451
1202393,377946.2361911451
1202395,377946.2361911451
1202440,377946.2361911451
1202550,377946.2361911451
1202552,377946.2361911451
1202577,377946.2361911451
1202580,377946.2361911451
1202842,377946.2361911451
1202844,377946.2361911451
1202860,377946.2361911451
1202861,377946.2361911451
1202869,377946.2361911451
1202876,377946.2361911451
1202892,377946.2361911451
1202903,377946.2361911451
1214273,377946.2361911451
1214280,377946.2361911451
1214445,377946.2361911451
1214448,377946.2361911451
1214449,377946.2361911451
1214464,377946.2361911451
1214572,377946.2361911451
1214574,377946.2361911451
1214584,377946.2361911451
1214608,377946.2361911451
1214640,377946.2361911451
1214643,377946.2361911451
1214651,377946.2361911451
1214652,377946.2361911451
1214657,377946.2361911451
1214661,377946.2361911451
1214673,377946.2361911451
1214675,377946.2361911451
1214679,377946.2361911451
1214703,377946.2361911451
1215040,377946.2361911451
1215050,377946.2361911451
1215134,377946.2361911451
1215138,377946.2361911451
1215362,377946.2361911451
1215366,377946.2361911451
1215368,377946.2361911451
1215369,377946.2361911451
1215374,377946.2361911451
1215388,377946.2361911451
1215448,377946.2361911451
1215451,377946.2361911451
1215486,377946.2361911451
1215488,377946.2361911451
1215496,377946.2361911451
1215498,377946.2361911451
1215555,377946.2361911451
1215556,377946.2361911451
1215560,377946.2361911451
1215573,377946.2361911451
1215591,377946.2361911451
1215596,377946.2361911451
1215746,377946.2361911451
1215748,377946.2361911451
1215754,377946.2361911451
1215756,377946.2361911451
1215758,377946.2361911451
1215761,377946.2361911451
1215762,377946.2361911451
1215766,377946.2361911451
1215767,377946.2361911451
1215776,377946.2361911451
1215784,377946.2361911451
1215791,377946.2361911451
1215796,377946.2361911451
1215797,377946.2361911451
1215798,377946.2361911451
1215806,377946.2361911451
1215810,377946.2361911451
1216439,377946.2361911451
1217024,377946.2361911451
1217029,377946.2361911451
1217034,377946.2361911451
1217036,377946.2361911451
1217037,377946.2361911451
1217038,377946.2361911451
1217233,377946.2361911451
1217234,377946.2361911451
1217247,377946.2361911451
1217248,377946.2361911451
1217250,377946.2361911451
1217540,377946.2361911451
1217556,377946.2361911451
1217557,377946.2361911451
1217559,377946.2361911451
1217578,377946.2361911451
1217875,377946.2361911451
1217881,377946.2361911451
1219303,377946.2361911451
1219356,377946.2361911451
1219361,377946.2361911451
1219426,377946.2361911451
1219482,377946.2361911451
1219492,377946.2361911451
1219515,377946.2361911451
1219518,377946.2361911451
1219520,377946.2361911451
1219620,377946.2361911451
1219653,377946.2361911451
1219665,377946.2361911451
1219668,377946.2361911451
1219670,377946.2361911451
1219706,377946.2361911451
1219714,377946.2361911451
1219756,377946.2361911451
1220007,377946.2361911451
1220137,377946.2361911451
1220139,377946.2361911451
1220671,377946.2361911451
1220690,377946.2361911451
1220731,377946.2361911451
1220732,377946.2361911451
1220739,377946.2361911451
1222082,377946.2361911451
1222084,377946.2361911451
1222087,377946.2361911451
1222182,377946.2361911451
1222183,377946.2361911451
1222194,377946.2361911451
1222252,377946.2361911451
1223720,377946.2361911451
1223812,377946.2361911451
1223816,377946.2361911451
1223827,377946.2361911451
1223836,377946.2361911451
1223838,377946.2361911451
1223841,377946.2361911451
1223860,377946.2361911451
1223861,377946.2361911451
1223863,377946.2361911451
1223867,377946.2361911451
1223875,377946.2361911451
1223892,377946.2361911451
1223897,377946.2361911451
1224003,377946.2361911451
1224006,377946.2361911451
1224010,377946.2361911451
1224014,377946.2361911451
1224033,377946.2361911451
1224068,377946.2361911451
1224071,377946.2361911451
1224121,377946.2361911451
1224146,377946.2361911451
1224153,377946.2361911451
1224653,377946.2361911451
1224668,377946.2361911451
1224776,377946.2361911451
1224788,377946.2361911451
1225148,377946.2361911451
1225155,377946.2361911451
1225157,377946.2361911451
1225159,377946.2361911451
1225238,377946.2361911451
1225323,377946.2361911451
1225362,377946.2361911451
1225363,377946.2361911451
1225376,377946.2361911451
1225378,377946.2361911451
1225818,377946.2361911451
1226392,377946.2361911451
1226394,377946.2361911451
1226516,377946.2361911451
1226517,377946.2361911451
1226741,377946.2361911451
1226743,377946.2361911451
1226745,377946.2361911451
1226748,377946.2361911451
1226749,377946.2361911451
1226782,377946.2361911451
1226789,377946.2361911451
1226799,377946.2361911451
1226860,377946.2361911451
1226867,377946.2361911451
1226963,377946.2361911451
1227068,377946.2361911451
1227072,377946.2361911451
1227075,377946.2361911451
1227080,377946.2361911451
1227083,377946.2361911451
1227087,377946.2361911451
1227113,377946.2361911451
1227115,377946.2361911451
1227127,377946.2361911451
1227165,377946.2361911451
1227292,377946.2361911451
1227294,377946.2361911451
1227296,377946.2361911451
1227675,377946.2361911451
1227679,377946.2361911451
1227680,377946.2361911451
1227687,377946.2361911451
1227690,377946.2361911451
1227707,377946.2361911451
1227708,377946.2361911451
1227709,377946.2361911451
1227720,377946.2361911451
1227815,377946.2361911451
1227857,377946.2361911451
1227859,377946.2361911451
1227865,377946.2361911451
1227902,377946.2361911451
1227904,377946.2361911451
1227921,377946.2361911451
1227928,377946.2361911451
1227948,377946.2361911451
1227951,377946.2361911451
1228096,377946.2361911451
1228098,377946.2361911451
1228597,377946.2361911451
1228622,377946.2361911451
1228630,377946.2361911451
1228639,377946.2361911451
1228640,377946.2361911451
1228821,377946.2361911451
1228828,377946.2361911451
1228829,377946.2361911451
1228966,377946.2361911451
1228972,377946.2361911451
1228973,377946.2361911451
1228974,377946.2361911451
1228985,377946.2361911451
1229013,377946.2361911451
1229016,377946.2361911451
1229018,377946.2361911451
1229020,377946.2361911451
1229022,377946.2361911451
1229028,377946.2361911451
1229030,377946.2361911451
1229031,377946.2361911451
1229038,377946.2361911451
1229176,377946.2361911451
1229188,377946.2361911451
1229190,377946.2361911451
1229201,377946.2361911451
1229212,377946.2361911451
1229218,377946.2361911451
1229220,377946.2361911451
1229224,377946.2361911451
1229225,377946.2361911451
1229462,377946.2361911451
1229540,377946.2361911451
1229541,377946.2361911451
1229591,377946.2361911451
1229597,377946.2361911451
1229598,377946.2361911451
1230015,377946.2361911451
1230020,377946.2361911451
1230030,377946.2361911451
1230031,377946.2361911451
1230037,377946.2361911451
1230038,377946.2361911451
1230039,377946.2361911451
1230040,377946.2361911451
1230045,377946.2361911451
1230070,377946.2361911451
1231407,377946.2361911451
1231410,377946.2361911451
1231549,377946.2361911451
1231551,377946.2361911451
1231558,377946.2361911451
1231661,377946.2361911451
1231688,377946.2361911451
1231696,377946.2361911451
1231704,377946.2361911451
1231710,377946.2361911451
1231711,377946.2361911451
1231719,377946.2361911451
1231753,377946.2361911451
1231846,377946.2361911451
1231908,377946.2361911451
1231938,377946.2361911451
1231982,377946.2361911451
1232000,377946.2361911451
1232001,377946.2361911451
1232002,377946.2361911451
1232475,377946.2361911451
1232477,377946.2361911451
1232484,377946.2361911451
1232490,377946.2361911451
1232637,377946.2361911451
1232646,377946.2361911451
1232662,377946.2361911451
1233033,377946.2361911451
1233038,377946.2361911451
1233250,377946.2361911451
1233263,377946.2361911451
1233265,377946.2361911451
1233268,377946.2361911451
1233307,377946.2361911451
1233314,377946.2361911451
1233329,377946.2361911451
1233345,377946.2361911451
1233349,377946.2361911451
1233447,377946.2361911451
1233450,377946.2361911451
1233453,377946.2361911451
1233462,377946.2361911451
1233465,377946.2361911451
1233471,377946.2361911451
1233474,377946.2361911451
1233479,377946.2361911451
1233487,377946.2361911451
1233488,377946.2361911451
1233490,377946.2361911451
1233493,377946.2361911451
1233495,377946.2361911451
1233497,377946.2361911451
1233542,377946.2361911451
1233552,377946.2361911451
1233557,377946.2361911451
1233567,377946.2361911451
1233568,377946.2361911451
1233569,377946.2361911451
1233683,377946.2361911451
1233764,377946.2361911451
1233861,377946.2361911451
1233877,377946.2361911451
1233987,377946.2361911451
1233989,377946.2361911451
1234069,377946.2361911451
1234103,377946.2361911451
1234104,377946.2361911451
1234343,377946.2361911451
1234348,377946.2361911451
1234349,377946.2361911451
1234495,377946.2361911451
1234496,377946.2361911451
1234497,377946.2361911451
1234499,377946.2361911451
1234515,377946.2361911451
1234516,377946.2361911451
1234528,377946.2361911451
1234612,377946.2361911451
1234760,377946.2361911451
1234763,377946.2361911451
1234766,377946.2361911451
1234772,377946.2361911451
1234818,377946.2361911451
1235137,377946.2361911451
1235157,377946.2361911451
1235163,377946.2361911451
1235168,377946.2361911451
1235169,377946.2361911451
1235170,377946.2361911451
1235228,377946.2361911451
1235244,377946.2361911451
1235266,377946.2361911451
1235290,377946.2361911451
1235294,377946.2361911451
1235303,377946.2361911451
1235312,377946.2361911451
1235314,377946.2361911451
1235337,377946.2361911451
1235354,377946.2361911451
1235360,377946.2361911451
1235386,377946.2361911451
1235538,377946.2361911451
1235542,377946.2361911451
1235546,377946.2361911451
1235552,377946.2361911451
1235662,377946.2361911451
1235678,377946.2361911451
1235679,377946.2361911451
1235688,377946.2361911451
1235689,377946.2361911451
1235741,377946.2361911451
1235742,377946.2361911451
1235744,377946.2361911451
1235745,377946.2361911451
1235746,377946.2361911451
1235747,377946.2361911451
1235786,377946.2361911451
1235796,377946.2361911451
1235824,377946.2361911451
1235825,377946.2361911451
1235874,377946.2361911451
1235885,377946.2361911451
1235886,377946.2361911451
1235887,377946.2361911451
1235916,377946.2361911451
1235996,377946.2361911451
1235997,377946.2361911451
1236001,377946.2361911451
1236007,377946.2361911451
1236009,377946.2361911451
1236010,377946.2361911451
1236082,377946.2361911451
1236126,377946.2361911451
1236137,377946.2361911451
1236150,377946.2361911451
1236152,377946.2361911451
1236160,377946.2361911451
1236162,377946.2361911451
1236183,377946.2361911451
1236186,377946.2361911451
1236189,377946.2361911451
1236201,377946.2361911451
1236353,377946.2361911451
1236355,377946.2361911451
1236463,377946.2361911451
1236479,377946.2361911451
1236480,377946.2361911451
1236822,377946.2361911451
1236911,377946.2361911451
1236986,377946.2361911451
1236991,377946.2361911451
1236993,377946.2361911451
1237029,377946.2361911451
1237033,377946.2361911451
1237049,377946.2361911451
1237051,377946.2361911451
1237164,377946.2361911451
1237170,377946.2361911451
1237492,377946.2361911451
1237495,377946.2361911451
1237545,377946.2361911451
1237979,377946.2361911451
1237998,377946.2361911451
1238015,377946.2361911451
1238100,377946.2361911451
1238115,377946.2361911451
1238129,377946.2361911451
1238182,377946.2361911451
1238190,377946.2361911451
1238195,377946.2361911451
1238198,377946.2361911451
1238207,377946.2361911451
1238213,377946.2361911451
1238216,377946.2361911451
1238226,377946.2361911451
1238229,377946.2361911451
1238231,377946.2361911451
1238232,377946.2361911451
1238237,377946.2361911451
1238241,377946.2361911451
1238242,377946.2361911451
1238244,377946.2361911451
1238245,377946.2361911451
1238258,377946.2361911451
1238259,377946.2361911451
1238261,377946.2361911451
1238263,377946.2361911451
1238264,377946.2361911451
1238384,377946.2361911451
1238386,377946.2361911451
1238419,377946.2361911451
1238422,377946.2361911451
1238435,377946.2361911451
1238439,377946.2361911451
1238572,377946.2361911451
1238582,377946.2361911451
1238589,377946.2361911451
1238614,377946.2361911451
1238793,377946.2361911451
1238800,377946.2361911451
1238802,377946.2361911451
1238807,377946.2361911451
1238812,377946.2361911451
1238813,377946.2361911451
1238814,377946.2361911451
1238827,377946.2361911451
1238834,377946.2361911451
1238964,377946.2361911451
1238965,377946.2361911451
1239003,377946.2361911451
1239006,377946.2361911451
1239029,377946.2361911451
1239054,377946.2361911451
1239062,377946.2361911451
1239067,377946.2361911451
1239078,377946.2361911451
1239100,377946.2361911451
1239106,377946.2361911451
1239112,377946.2361911451
1239158,377946.2361911451
1239160,377946.2361911451
1239161,377946.2361911451
1239162,377946.2361911451
1239239,377946.2361911451
1239260,377946.2361911451
1239261,377946.2361911451
1239271,377946.2361911451
1239276,377946.2361911451
1239278,377946.2361911451
1239294,377946.2361911451
1239313,377946.2361911451
1239402,377946.2361911451
1239482,377946.2361911451
1239483,377946.2361911451
1239484,377946.2361911451
1239485,377946.2361911451
1239490,377946.2361911451
1239519,377946.2361911451
1239527,377946.2361911451
1239532,377946.2361911451
1239533,377946.2361911451
1239534,377946.2361911451
1239535,377946.2361911451
1239537,377946.2361911451
1239558,377946.2361911451
1239566,377946.2361911451
1239568,377946.2361911451
1239577,377946.2361911451
1239578,377946.2361911451
1239585,377946.2361911451
1239589,377946.2361911451
1239598,377946.2361911451
1239601,377946.2361911451
1239963,377946.2361911451
1239978,377946.2361911451
1239994,377946.2361911451
1240122,377946.2361911451
1240137,377946.2361911451
1240202,377946.2361911451
1240229,377946.2361911451
1240235,377946.2361911451
1240281,377946.2361911451
1240283,377946.2361911451
1240338,377946.2361911451
1240418,377946.2361911451
1240441,377946.2361911451
1240442,377946.2361911451
1240444,377946.2361911451
1240448,377946.2361911451
1240464,377946.2361911451
1240465,377946.2361911451
1240498,377946.2361911451
1240504,377946.2361911451
1240505,377946.2361911451
1240516,377946.2361911451
1240535,377946.2361911451
1240539,377946.2361911451
1240540,377946.2361911451
1240617,377946.2361911451
1240649,377946.2361911451
1240720,377946.2361911451
1240728,377946.2361911451
1240735,377946.2361911451
1240736,377946.2361911451
1240977,377946.2361911451
1240979,377946.2361911451
1241045,377946.2361911451
1241069,377946.2361911451
1241079,377946.2361911451
1241087,377946.2361911451
1241091,377946.2361911451
1241093,377946.2361911451
1241095,377946.2361911451
1241101,377946.2361911451
1241103,377946.2361911451
1241115,377946.2361911451
1241117,377946.2361911451
1241128,377946.2361911451
1241130,377946.2361911451
1241139,377946.2361911451
1241151,377946.2361911451
1241289,377946.2361911451
1241295,377946.2361911451
1241453,377946.2361911451
1241454,377946.2361911451
1241459,377946.2361911451
1241460,377946.2361911451
1241478,377946.2361911451
1241488,377946.2361911451
1241744,377946.2361911451
1241746,377946.2361911451
1241753,377946.2361911451
1241756,377946.2361911451
1241757,377946.2361911451
1241760,377946.2361911451
1241761,377946.2361911451
1241764,377946.2361911451
1241795,377946.2361911451
1241796,377946.2361911451
1241798,377946.2361911451
1241803,377946.2361911451
1241804,377946.2361911451
1241807,377946.2361911451
1241810,377946.2361911451
1241813,377946.2361911451
1241826,377946.2361911451
1241833,377946.2361911451
1241834,377946.2361911451
1241837,377946.2361911451
1241842,377946.2361911451
1241843,377946.2361911451
1241897,377946.2361911451
1241913,377946.2361911451
1241975,377946.2361911451
1241978,377946.2361911451
1241980,377946.2361911451
1241981,377946.2361911451
1241983,377946.2361911451
1242077,377946.2361911451
1242080,377946.2361911451
1242082,377946.2361911451
1242090,377946.2361911451
1242092,377946.2361911451
1242118,377946.2361911451
1242119,377946.2361911451
1242131,377946.2361911451
1242132,377946.2361911451
1242135,377946.2361911451
1242139,377946.2361911451
70723,379050.729605459
71009,408179.6349896446
71030,354308.8020774116
71670,354126.2750675923
71671,354126.2750675923
71694,383905.26802832785
71697,381579.3662234985
71717,391027.48316295096
71727,360724.54800467024
71785,363584.7600595431
72264,458800.38968370133
72276,379102.6865058972
72325,379050.729605459
72326,374224.5085571993
72327,381897.8848884569
72548,381897.8848884569
72571,404471.4948567701
72713,361482.37248538085
696861,413832.33112083614
696875,374224.5085571993
696882,371443.96700810624
