id,price
264893,138668.05
264899,138668.05
264910,138668.05
264915,138668.05
264919,138668.05
264928,138668.05
264932,375902.99
264935,375902.99
264939,138668.05
264944,375902.99
264954,138668.05
264955,138668.05
264969,232473.09
264978,138668.05
264983,138668.05
264984,138668.05
264985,138668.05
265031,375902.99
265032,375902.99
265058,138668.05
265066,138668.05
265068,140663.21
265069,145952.77
265070,142586.07
265077,138668.05
265090,390157.46
265094,375902.99
265101,138668.05
265102,138668.05
265105,375902.99
265106,138668.05
265108,138668.05
265115,138668.05
265147,138668.05
265152,375902.99
265153,375902.99
265170,138668.05
265176,375902.99
265187,138668.05
265189,138668.05
265198,138668.05
265225,145952.77
265233,143396.46
265237,138668.05
265253,198590.61
265280,198590.61
265287,175717.69
265293,198590.61
265296,198590.61
265307,198590.61
265308,198590.61
265312,175717.69
265313,175717.69
265314,198590.61
265315,198590.61
265320,193818.74
265333,198590.61
265346,193818.74
265351,198590.61
265356,198590.61
265357,175717.69
265358,193818.74
265363,198590.61
265369,175717.69
265372,198590.61
265402,198590.61
265406,175717.69
265420,198590.61
265436,175717.69
265438,198590.61
265442,198590.61
265449,198590.61
265452,198590.61
265455,193818.74
265461,198590.61
265465,198590.61
265481,175717.69
265488,198590.61
265501,175717.69
265514,198590.61
265515,198590.61
265516,193818.74
265517,193818.74
265526,193818.74
265533,198590.61
265539,198590.61
265543,175717.69
265544,175717.69
265556,177298.0
265559,176422.24
265561,175717.69
265584,178002.54
265586,177298.0
265587,177298.0
265588,176422.24
265593,178002.54
265596,177298.0
265607,177298.0
265608,177298.0
265610,178002.54
265613,176422.24
265653,175717.69
265663,178002.54
265669,175717.69
265675,177298.0
265699,177298.0
265701,175717.69
265703,176422.24
265704,176422.24
265743,176422.24
265748,177298.0
265759,178002.54
265795,175717.69
265797,176422.24
265805,177298.0
265806,177298.0
265810,177298.0
265819,177298.0
265820,178002.54
265833,178002.54
265834,177298.0
265843,242070.18
265851,285535.37
265862,219985.31
265864,278442.64
265869,296829.85
265887,285535.37
265907,293514.48
265913,236851.02
265921,238015.35
265923,304419.27
265925,215696.91
265957,285228.49
265958,324109.07
265960,301978.47
265963,238015.35
265969,324109.07
266004,373770.47
266028,305737.87
266029,247333.21
266032,240913.18
266034,234957.9
266055,234801.23
266075,301363.02
266077,301363.02
266080,285228.49
266093,324109.07
266094,310707.52
266100,235806.97
266116,235806.97
266129,179710.72
266144,222751.84
266160,227543.06
266165,200242.41
266196,221218.28
266199,227215.27
266202,234332.5
266210,192048.57
266211,207931.56
266213,228064.34
266218,179710.72
266219,229108.39
266220,179710.72
266234,219240.54
266241,193492.16
266248,200071.5
266251,179710.72
266256,178130.42
266259,179710.72
266274,247333.21
266275,179710.72
266276,179710.72
266279,195651.29
266280,227804.54
266281,197348.56
266299,227215.27
266300,218483.87
266305,178130.42
266314,196922.49
266315,179710.72
266329,199998.76
266332,175717.69
266350,175717.69
266368,175717.69
266375,175717.69
266381,175717.69
266382,175717.69
266393,175717.69
266394,175717.69
266402,175717.69
266406,177298.0
266423,175717.69
266424,175717.69
266438,175717.69
266454,175717.69
266463,175717.69
266465,169292.56
266479,175717.69
266480,175717.69
266485,175717.69
266486,175717.69
266496,175717.69
266508,175717.69
266510,175717.69
266511,175717.69
266512,175717.69
266514,175717.69
266517,175717.69
266539,175717.69
266542,175717.69
266545,175717.69
266548,175717.69
266550,175717.69
266556,175717.69
266559,175717.69
266565,175717.69
266568,175717.69
266569,175717.69
266575,175717.69
266580,175717.69
266581,175717.69
266582,175717.69
266583,175717.69
266602,213099.72
266606,199295.15
266618,199295.15
266619,217703.19
266620,199295.15
266624,219240.99
266626,199295.15
266662,197011.83
266667,219240.99
266668,199295.15
266677,231191.56
266681,199295.15
266682,207038.78
266690,201281.77
266694,207063.02
266695,207063.02
266698,220549.71
266699,204097.73
266727,213099.72
266729,225577.72
266731,218313.59
266732,225577.72
266740,227496.04
266744,199295.15
266748,220549.71
266768,199295.15
266770,181329.53
266771,266014.67
266778,199325.86
266779,220549.71
266781,199295.15
266785,226701.43
266809,199295.15
266819,220549.71
266821,199295.15
266824,199295.15
266830,224695.71
266831,199295.15
266845,199295.15
266846,178002.54
266847,178002.54
266851,178002.54
266858,178002.54
266859,178002.54
266862,178002.54
266863,178002.54
266864,178002.54
266872,178002.54
266875,178002.54
266877,178002.54
266882,178002.54
266883,178002.54
266886,178002.54
266918,178002.54
266919,178002.54
266920,178002.54
266953,178002.54
266954,178002.54
266955,174877.55
266957,178002.54
266965,178002.54
266966,178002.54
266969,178002.54
266984,163186.22
266989,178002.54
266990,178002.54
267015,178002.54
267016,178002.54
267017,178002.54
267018,178002.54
267019,178002.54
267020,178002.54
267025,174877.55
267028,178002.54
267041,178002.54
267054,178002.54
267082,178002.54
267084,178002.54
267085,178002.54
267103,175717.69
267104,175717.69
267106,175717.69
267113,175717.69
267126,175717.69
267128,175717.69
267131,175717.69
267138,175717.69
267147,175717.69
267153,175717.69
267154,175717.69
267171,175717.69
267173,175717.69
267188,175717.69
267198,175717.69
267199,175717.69
267218,198590.61
267220,198590.61
267221,198590.61
267245,198590.61
267247,198590.61
267248,198590.61
267249,198590.61
267253,198590.61
267269,198590.61
267271,198590.61
267274,198590.61
267281,198590.61
267303,198590.61
267305,198590.61
267306,198590.61
267307,198590.61
267309,198590.61
267311,198590.61
267312,198590.61
267315,198590.61
267331,198590.61
267338,198590.61
267342,198590.61
267344,198590.61
267346,198590.61
267366,198590.61
267369,198590.61
267371,198590.61
267375,198590.61
267376,198590.61
267379,193818.74
267381,198590.61
267382,198590.61
267407,198590.61
267422,193818.74
267424,198590.61
267428,198590.61
267431,198590.61
267434,193818.74
267437,198590.61
267438,198590.61
267439,198590.61
267440,198590.61
267441,198590.61
267443,198590.61
267460,195761.55
267463,204873.52
267494,190952.61
267510,191560.36
267515,193247.05
267520,190952.61
267522,217586.48
267523,204873.52
267524,188683.23
267544,190952.61
267546,201893.62
267551,196844.96
267553,198257.28
267563,190952.61
267584,195761.55
267585,198543.07
267587,190952.61
267598,190952.61
267602,193247.05
267614,204873.52
267617,193247.05
267619,204873.52
267620,190952.61
267623,190952.61
267627,188683.23
267633,188288.66
267644,192924.62
267667,139916.89
267738,167604.83
267740,157559.49
267743,139916.89
267778,152545.33
267779,167604.83
267799,146084.85
267800,163746.51
267814,146084.85
267816,146084.85
267833,146084.85
267834,152545.33
267836,146084.85
267847,144836.02
267858,138668.05
267891,161610.99
267896,138668.05
267899,144836.02
267900,144836.02
267902,144836.02
267908,138668.05
267924,144836.02
267933,144836.02
267936,168043.73
267939,144836.02
267941,161610.99
267942,144836.02
267967,144836.02
267970,161610.99
267980,144836.02
267990,161610.99
267992,138668.05
267994,144836.02
267995,144836.02
267999,144836.02
268003,161610.99
268020,146489.38
268033,144836.02
268041,159899.02
268056,177298.0
268067,177298.0
268070,177298.0
268071,177298.0
268121,144836.02
268144,177298.0
268145,177298.0
268147,173342.42
268149,169292.56
268150,173342.42
268157,177298.0
268159,158650.19
268161,162497.67
268175,178002.54
268189,169292.56
268208,177298.0
308905,198590.61
312310,400140.83
312331,178002.54
695165,186149.31
695166,186149.92
695170,144836.02
695176,144836.02
695178,178002.54
695181,178002.54
695183,178002.54
695185,227543.06
695196,199295.15
695203,175717.69
695205,188432.13
695207,139916.89
695236,176422.24
695238,176422.24
695252,175717.69
695257,176422.24
713635,668839.17
714108,668839.17
714284,668839.17
714645,668839.17
714753,668839.17
714863,668839.17
714924,668839.17
715132,668839.17
715405,668839.17
715433,668839.17
715694,668839.17
715746,668839.17
715898,668839.17
715902,668839.17
715996,668839.17
716065,668839.17
716097,668839.17
716329,668839.17
716360,668839.17
716377,668839.17
716484,668839.17
716541,668839.17
716634,668839.17
716888,668839.17
717017,668839.17
717109,668839.17
717307,668839.17
717459,668839.17
717524,668839.17
717568,668839.17
717688,668839.17
717690,668839.17
717797,668839.17
717829,668839.17
717945,668839.17
717983,668839.17
718276,668839.17
718584,668839.17
718617,668839.17
718717,668839.17
718867,668839.17
718943,668839.17
718997,668839.17
719116,668839.17
719132,668839.17
719287,668839.17
719579,668839.17
719846,668839.17
719893,668839.17
720041,668839.17
720088,668839.17
720180,668839.17
720249,668839.17
720261,668839.17
720293,668839.17
720364,668839.17
720455,668839.17
720564,668839.17
720679,668839.17
720725,668839.17
720817,668839.17
720854,668839.17
720920,668839.17
721130,668839.17
721266,668839.17
721531,668839.17
721844,668839.17
721882,668839.17
722050,668839.17
722151,668839.17
722225,668839.17
722264,668839.17
722516,668839.17
722520,668839.17
722594,668839.17
722649,668839.17
722769,668839.17
724397,668839.17
724457,668839.17
724486,668839.17
724488,668839.17
724574,668839.17
724620,668839.17
724674,668839.17
724767,668839.17
724786,668839.17
724908,668839.17
725124,668839.17
725211,668839.17
725280,668839.17
725364,668839.17
725393,668839.17
725425,668839.17
725455,668839.17
725547,668839.17
725814,668839.17
725829,668839.17
725999,668839.17
726088,668839.17
726214,668839.17
726348,668839.17
726542,668839.17
726620,668839.17
726910,668839.17
727068,668839.17
727229,668839.17
727458,668839.17
727699,668839.17
728077,668839.17
728089,668839.17
728272,668839.17
728553,668839.17
728592,668839.17
728640,668839.17
728663,668839.17
729105,668839.17
729267,668839.17
729622,668839.17
730128,668839.17
730298,668839.17
730619,668839.17
730712,668839.17
731061,668839.17
731131,668839.17
731142,668839.17
731240,668839.17
731527,668839.17
731655,668839.17
731841,668839.17
731925,668839.17
732382,668839.17
732568,668839.17
732810,668839.17
732969,668839.17
733029,668839.17
733077,668839.17
733091,668839.17
733208,668839.17
733226,668839.17
733230,668839.17
733238,668839.17
733347,668839.17
733542,668839.17
734153,668839.17
734154,668839.17
734176,668839.17
734212,668839.17
734217,668839.17
734258,668839.17
734334,668839.17
734397,668839.17
734666,668839.17
734674,668839.17
734675,668839.17
734724,668839.17
734919,668839.17
735058,668839.17
735319,668839.17
735691,668839.17
735730,668839.17
735875,668839.17
736019,668839.17
736274,668839.17
736752,668839.17
736842,668839.17
736845,668839.17
736880,668839.17
737208,668839.17
737501,668839.17
737652,668839.17
737722,668839.17
738039,668839.17
738057,668839.17
738082,668839.17
738665,668839.17
738841,668839.17
739007,668839.17
739075,668839.17
739255,668839.17
739492,668839.17
740378,668839.17
740535,668839.17
741340,668839.17
741408,668839.17
741684,668839.17
742269,668839.17
742430,668839.17
742608,668839.17
742744,668839.17
742791,668839.17
742826,668839.17
742881,668839.17
742899,668839.17
743231,668839.17
743527,668839.17
743534,668839.17
743562,668839.17
743664,668839.17
743926,668839.17
744027,668839.17
744337,668839.17
744508,668839.17
744690,668839.17
745006,668839.17
745047,668839.17
745193,668839.17
745245,668839.17
745515,668839.17
746017,668839.17
746053,668839.17
746265,668839.17
746355,668839.17
746375,668839.17
746382,668839.17
746483,668839.17
746772,668839.17
746949,668839.17
746954,668839.17
746984,668839.17
748310,668839.17
748476,668839.17
748712,668839.17
748736,668839.17
748773,668839.17
748803,668839.17
749336,668839.17
749657,668839.17
749755,668839.17
749845,668839.17
750054,668839.17
750136,668839.17
750580,668839.17
750771,668839.17
751301,668839.17
751365,668839.17
751450,668839.17
751496,668839.17
751560,668839.17
751799,668839.17
751846,668839.17
751847,668839.17
751897,668839.17
751958,668839.17
751960,668839.17
752204,668839.17
752309,668839.17
752365,668839.17
752608,668839.17
752648,668839.17
752691,668839.17
752814,668839.17
752877,668839.17
753069,668839.17
753118,668839.17
753224,668839.17
753227,668839.17
753248,668839.17
753391,668839.17
753482,668839.17
753516,668839.17
753532,668839.17
753563,668839.17
753651,668839.17
753842,668839.17
754089,668839.17
754090,668839.17
754125,668839.17
754506,668839.17
754620,668839.17
754630,668839.17
754802,668839.17
754861,668839.17
754927,668839.17
754936,668839.17
755034,668839.17
755072,668839.17
755075,668839.17
755879,668839.17
756141,668839.17
757137,668839.17
757268,668839.17
757525,668839.17
757552,668839.17
757671,668839.17
757699,668839.17
757723,668839.17
757778,668839.17
757807,668839.17
757810,668839.17
758073,668839.17
758157,668839.17
758385,668839.17
758409,668839.17
758503,668839.17
758531,668839.17
758589,668839.17
758722,668839.17
758785,668839.17
758793,668839.17
758855,668839.17
758943,668839.17
758961,668839.17
759020,668839.17
759066,668839.17
759073,668839.17
759076,668839.17
759330,668839.17
760184,668839.17
760381,668839.17
760382,668839.17
760545,668839.17
760920,668839.17
767749,668839.17
767766,668839.17
767960,668839.17
768051,668839.17
771578,668839.17
771667,668839.17
771785,668839.17
771860,668839.17
772094,668839.17
772238,668839.17
772563,668839.17
772956,668839.17
773061,668839.17
773111,668839.17
773288,668839.17
773498,668839.17
773599,668839.17
773705,668839.17
773905,668839.17
773965,668839.17
773973,668839.17
774075,668839.17
774236,668839.17
774296,668839.17
774423,668839.17
774558,668839.17
774559,668839.17
774858,668839.17
774859,668839.17
774860,668839.17
774861,668839.17
774863,668839.17
774864,668839.17
774865,668839.17
774866,668839.17
774870,668839.17
774874,668839.17
774908,668839.17
774914,668839.17
775168,668839.17
775205,668839.17
775210,668839.17
775320,668839.17
775438,668839.17
775442,668839.17
775443,668839.17
775444,668839.17
775445,668839.17
775447,668839.17
775448,668839.17
775554,668839.17
775555,668839.17
775586,668839.17
775612,668839.17
775729,668839.17
775785,668839.17
775911,668839.17
776126,668839.17
776220,668839.17
776281,668839.17
776537,668839.17
776718,668839.17
776786,668839.17
777092,668839.17
777265,668839.17
777365,668839.17
777442,668839.17
777610,668839.17
777612,668839.17
777763,668839.17
777818,668839.17
778020,668839.17
792324,668839.17
792630,668839.17
792713,668839.17
792725,668839.17
792887,668839.17
792939,668839.17
793005,668839.17
793008,668839.17
793066,668839.17
793127,668839.17
793161,668839.17
793409,668839.17
793475,668839.17
793537,668839.17
793642,668839.17
793661,668839.17
793768,668839.17
793977,668839.17
793978,668839.17
794009,668839.17
794521,668839.17
794522,668839.17
794646,668839.17
794657,668839.17
794681,668839.17
794957,668839.17
795043,668839.17
795214,668839.17
795458,668839.17
795504,668839.17
795614,668839.17
795689,668839.17
795690,668839.17
795749,668839.17
795780,668839.17
796046,668839.17
796093,668839.17
796230,668839.17
796239,668839.17
796407,668839.17
796414,668839.17
796526,668839.17
796611,668839.17
796612,668839.17
796693,668839.17
796941,668839.17
797000,668839.17
797301,668839.17
797320,668839.17
797501,668839.17
797556,668839.17
797602,668839.17
797607,668839.17
797650,668839.17
797759,668839.17
797840,668839.17
797920,668839.17
797955,668839.17
797986,668839.17
798122,668839.17
798154,668839.17
799016,668839.17
799634,668839.17
799788,668839.17
800114,668839.17
800138,668839.17
800424,668839.17
800449,668839.17
800510,668839.17
800532,668839.17
800541,668839.17
800609,668839.17
800668,668839.17
800744,668839.17
800866,668839.17
800903,668839.17
800916,668839.17
801752,668839.17
801804,668839.17
801847,668839.17
801858,668839.17
802128,668839.17
802258,668839.17
802295,668839.17
802341,668839.17
802386,668839.17
802424,668839.17
802445,668839.17
802668,668839.17
802700,668839.17
802704,668839.17
802728,668839.17
802910,668839.17
803292,668839.17
803311,668839.17
803329,668839.17
803374,668839.17
803536,668839.17
803639,668839.17
804024,668839.17
804212,668839.17
804231,668839.17
804291,668839.17
804531,668839.17
804598,668839.17
804627,668839.17
804631,668839.17
804637,668839.17
804655,668839.17
804744,668839.17
804766,668839.17
804807,668839.17
805014,668839.17
805098,668839.17
805194,668839.17
805373,668839.17
805394,668839.17
805486,668839.17
805500,668839.17
805630,668839.17
805757,668839.17
806068,668839.17
806144,668839.17
806361,668839.17
806422,668839.17
806448,668839.17
806622,668839.17
806748,668839.17
806977,668839.17
806994,668839.17
807158,668839.17
807182,668839.17
807185,668839.17
807247,668839.17
807280,668839.17
807366,668839.17
807797,668839.17
808029,668839.17
808116,668839.17
808193,668839.17
808317,668839.17
808398,668839.17
808402,668839.17
808665,668839.17
808694,668839.17
809040,668839.17
809598,668839.17
809658,668839.17
810178,668839.17
810217,668839.17
810247,668839.17
810250,668839.17
810315,668839.17
810593,668839.17
810694,668839.17
810750,668839.17
810752,668839.17
810823,668839.17
811013,668839.17
811014,668839.17
811029,668839.17
811033,668839.17
811079,668839.17
811149,668839.17
811154,668839.17
811318,668839.17
811572,668839.17
811752,668839.17
811825,668839.17
811863,668839.17
811890,668839.17
812013,668839.17
812020,668839.17
812190,668839.17
812277,668839.17
812281,668839.17
812496,668839.17
813366,668839.17
813513,668839.17
813541,668839.17
813723,668839.17
813854,668839.17
813900,668839.17
813905,668839.17
813991,668839.17
814439,668839.17
814562,668839.17
814741,668839.17
814748,668839.17
814792,668839.17
814808,668839.17
814955,668839.17
815240,668839.17
815395,668839.17
815501,668839.17
815512,668839.17
815573,668839.17
815588,668839.17
815670,668839.17
815688,668839.17
815690,668839.17
815696,668839.17
815763,668839.17
815988,668839.17
816064,668839.17
816242,668839.17
816290,668839.17
816334,668839.17
816744,668839.17
816890,668839.17
816995,668839.17
816999,668839.17
817070,668839.17
817184,668839.17
817220,668839.17
817222,668839.17
817335,668839.17
817398,668839.17
817401,668839.17
817469,668839.17
817478,668839.17
817485,668839.17
849254,668839.17
849335,668839.17
849583,668839.17
849628,668839.17
849715,668839.17
849938,668839.17
850070,668839.17
850071,668839.17
850074,668839.17
850143,668839.17
850650,668839.17
850688,668839.17
850706,668839.17
851200,668839.17
851362,668839.17
851404,668839.17
851791,668839.17
851810,668839.17
851844,668839.17
851885,668839.17
851929,668839.17
852009,668839.17
852060,668839.17
852108,668839.17
852166,668839.17
852210,668839.17
852356,668839.17
852727,668839.17
852786,668839.17
852794,668839.17
852798,668839.17
852811,668839.17
852983,668839.17
853152,668839.17
853212,668839.17
853308,668839.17
853360,668839.17
853400,668839.17
853448,668839.17
853547,668839.17
853738,668839.17
853999,668839.17
854058,668839.17
854206,668839.17
854316,668839.17
854372,668839.17
854548,668839.17
854627,668839.17
854717,668839.17
854804,668839.17
854850,668839.17
855254,668839.17
855290,668839.17
855591,668839.17
855835,668839.17
856006,668839.17
856174,668839.17
856192,668839.17
856247,668839.17
856511,668839.17
856637,668839.17
856638,668839.17
856646,668839.17
856699,668839.17
856869,668839.17
856903,668839.17
857014,668839.17
857021,668839.17
857337,668839.17
857466,668839.17
857561,668839.17
857715,668839.17
857930,668839.17
857933,668839.17
857984,668839.17
858020,668839.17
858115,668839.17
858187,668839.17
858284,668839.17
858313,668839.17
858343,668839.17
858367,668839.17
858368,668839.17
858391,668839.17
858467,668839.17
858620,668839.17
858789,668839.17
858910,668839.17
858923,668839.17
858925,668839.17
859089,668839.17
859208,668839.17
859213,668839.17
859448,668839.17
859735,668839.17
859737,668839.17
859952,668839.17
860006,668839.17
860132,668839.17
860301,668839.17
860323,668839.17
860335,668839.17
860364,668839.17
860502,668839.17
860548,668839.17
860582,668839.17
860748,668839.17
860775,668839.17
860948,668839.17
861031,668839.17
861333,668839.17
861384,668839.17
861474,668839.17
861714,668839.17
861731,668839.17
861732,668839.17
861737,668839.17
861820,668839.17
861885,668839.17
862030,668839.17
862188,668839.17
862261,668839.17
862281,668839.17
862618,668839.17
862788,668839.17
862799,668839.17
862968,668839.17
862970,668839.17
862972,668839.17
863013,668839.17
863030,668839.17
863134,668839.17
863308,668839.17
863598,668839.17
863775,668839.17
863870,668839.17
863876,668839.17
863878,668839.17
863962,668839.17
864003,668839.17
864031,668839.17
864076,668839.17
864259,668839.17
864264,668839.17
864392,668839.17
864413,668839.17
864696,668839.17
864957,668839.17
864967,668839.17
865059,668839.17
865088,668839.17
865172,668839.17
865294,668839.17
865295,668839.17
865397,668839.17
865837,668839.17
865915,668839.17
865988,668839.17
866170,668839.17
866219,668839.17
866221,668839.17
866233,668839.17
866670,668839.17
866690,668839.17
866710,668839.17
866832,668839.17
866953,668839.17
867179,668839.17
867437,668839.17
867463,668839.17
867734,668839.17
867910,668839.17
868080,668839.17
868188,668839.17
868288,668839.17
868374,668839.17
868833,668839.17
869107,668839.17
869128,668839.17
869129,668839.17
869138,668839.17
869231,668839.17
869299,668839.17
869366,668839.17
869499,668839.17
869632,668839.17
869658,668839.17
869693,668839.17
870083,668839.17
870420,668839.17
870666,668839.17
870737,668839.17
870738,668839.17
870742,668839.17
870773,668839.17
870921,668839.17
871140,668839.17
871143,668839.17
871239,668839.17
871264,668839.17
871783,668839.17
871887,668839.17
872186,668839.17
872351,668839.17
872453,668839.17
872615,668839.17
873114,668839.17
873126,668839.17
873173,668839.17
873306,668839.17
874035,668839.17
874087,668839.17
874106,668839.17
874111,668839.17
874132,668839.17
874172,668839.17
874299,668839.17
874301,668839.17
874678,668839.17
875005,668839.17
875040,668839.17
875084,668839.17
875343,668839.17
875373,668839.17
875694,668839.17
875715,668839.17
875883,668839.17
875956,668839.17
876188,668839.17
876243,668839.17
876248,668839.17
876298,668839.17
876348,668839.17
876525,668839.17
876573,668839.17
876658,668839.17
876802,668839.17
877045,668839.17
877057,668839.17
877061,668839.17
877082,668839.17
877159,668839.17
877356,668839.17
877405,668839.17
877586,668839.17
877678,668839.17
877695,668839.17
877858,668839.17
877986,668839.17
877992,668839.17
877993,668839.17
877999,668839.17
878136,668839.17
878160,668839.17
878162,668839.17
878163,668839.17
878164,668839.17
878185,668839.17
878259,668839.17
878329,668839.17
878421,668839.17
878447,668839.17
878983,668839.17
879011,668839.17
879025,668839.17
879202,668839.17
879262,668839.17
879410,668839.17
879445,668839.17
879490,668839.17
879704,668839.17
879837,668839.17
879874,668839.17
879899,668839.17
879907,668839.17
880010,668839.17
880022,668839.17
880054,668839.17
880204,668839.17
880277,668839.17
880443,668839.17
880473,668839.17
880481,668839.17
880488,668839.17
880535,668839.17
880552,668839.17
880554,668839.17
880659,668839.17
880698,668839.17
880710,668839.17
880760,668839.17
880910,668839.17
881195,668839.17
881204,668839.17
881269,668839.17
881271,668839.17
881536,668839.17
881648,668839.17
881673,668839.17
881944,668839.17
882063,668839.17
882221,668839.17
882324,668839.17
882337,668839.17
882438,668839.17
882778,668839.17
882904,668839.17
882962,668839.17
883438,668839.17
883576,668839.17
883600,668839.17
883704,668839.17
883831,668839.17
884093,668839.17
884099,668839.17
884231,668839.17
884499,668839.17
884561,668839.17
884563,668839.17
884654,668839.17
917473,668839.17
917675,668839.17
917724,668839.17
918021,668839.17
918033,668839.17
918035,668839.17
918495,668839.17
918508,668839.17
918559,668839.17
918632,668839.17
918906,668839.17
918909,668839.17
918921,668839.17
919282,668839.17
919294,668839.17
919346,668839.17
919348,668839.17
919349,668839.17
919389,668839.17
919475,668839.17
919477,668839.17
919478,668839.17
919577,668839.17
919708,668839.17
919726,668839.17
919736,668839.17
919757,668839.17
919778,668839.17
919891,668839.17
919997,668839.17
920012,668839.17
920013,668839.17
920137,668839.17
920258,668839.17
920314,668839.17
920322,668839.17
922004,668839.17
922014,668839.17
922214,668839.17
922244,668839.17
1024686,668839.17
1024698,668839.17
1024801,668839.17
1025018,668839.17
1025058,668839.17
1025061,668839.17
1025080,668839.17
1025173,668839.17
1025211,668839.17
1025298,668839.17
1025315,668839.17
1025346,668839.17
1025350,668839.17
1026050,668839.17
1026150,668839.17
1026439,668839.17
1026667,668839.17
1026670,668839.17
1026853,668839.17
1026857,668839.17
1027120,668839.17
1027152,668839.17
1027154,668839.17
1027285,668839.17
1027287,668839.17
1027289,668839.17
1027304,668839.17
1027312,668839.17
1027564,668839.17
1027908,668839.17
1028089,668839.17
1028529,668839.17
1028591,668839.17
1028658,668839.17
1028708,668839.17
1028749,668839.17
1028829,668839.17
1028874,668839.17
1029454,668839.17
1029472,668839.17
1029518,668839.17
1029744,668839.17
1029859,668839.17
1030059,668839.17
1030097,668839.17
1030101,668839.17
1030123,668839.17
1030203,668839.17
1030283,668839.17
1030444,668839.17
1030455,668839.17
1030459,668839.17
1030503,668839.17
1030736,668839.17
1030804,668839.17
1030937,668839.17
1031066,668839.17
1031181,668839.17
1031311,668839.17
1031478,668839.17
1031619,668839.17
1031690,668839.17
1031854,668839.17
1031858,668839.17
1031906,668839.17
1031920,668839.17
1031942,668839.17
1032259,668839.17
1032333,668839.17
1032385,668839.17
1032393,668839.17
1032599,668839.17
1032620,668839.17
1032637,668839.17
1032669,668839.17
1032731,668839.17
1032777,668839.17
1032887,668839.17
1032923,668839.17
1032932,668839.17
1033063,668839.17
1033091,668839.17
1033395,668839.17
1033445,668839.17
1033457,668839.17
1033533,668839.17
1033712,668839.17
1033894,668839.17
1033932,668839.17
1033937,668839.17
1033988,668839.17
1033989,668839.17
1034003,668839.17
1034012,668839.17
1034047,668839.17
1034062,668839.17
1034064,668839.17
1034065,668839.17
1034066,668839.17
1034068,668839.17
1034078,668839.17
1034088,668839.17
1034300,668839.17
1034363,668839.17
1034496,668839.17
1034605,668839.17
1034670,668839.17
1034716,668839.17
1034718,668839.17
1034778,668839.17
1034779,668839.17
1034803,668839.17
1034837,668839.17
1034944,668839.17
1035106,668839.17
1035111,668839.17
1035166,668839.17
1035490,668839.17
1035494,668839.17
1035524,668839.17
1035548,668839.17
1035564,668839.17
1035605,668839.17
1035785,668839.17
1035893,668839.17
1036037,668839.17
1036072,668839.17
1036103,668839.17
1036226,668839.17
1037508,668839.17
1037509,668839.17
1037613,668839.17
1037615,668839.17
1037616,668839.17
1037617,668839.17
1037619,668839.17
1037699,668839.17
1037850,668839.17
1037908,668839.17
1038175,668839.17
1038180,668839.17
1038183,668839.17
1038322,668839.17
1038432,668839.17
1038447,668839.17
1038448,668839.17
1038494,668839.17
1038509,668839.17
1038512,668839.17
1038516,668839.17
1038517,668839.17
1038532,668839.17
1038541,668839.17
1038551,668839.17
1038600,668839.17
1038788,668839.17
1038956,668839.17
1038957,668839.17
1039041,668839.17
1039176,668839.17
1039208,668839.17
1039427,668839.17
1039430,668839.17
1039434,668839.17
1039449,668839.17
1039523,668839.17
1039795,668839.17
1039810,668839.17
1039879,668839.17
1040038,668839.17
1040077,668839.17
1040154,668839.17
1040155,668839.17
1040245,668839.17
1040616,668839.17
1040659,668839.17
1040829,668839.17
1040841,668839.17
1041077,668839.17
1041312,668839.17
1041324,668839.17
1041354,668839.17
1041377,668839.17
1041469,668839.17
1041480,668839.17
1041501,668839.17
1041515,668839.17
1041815,668839.17
1041945,668839.17
1041997,668839.17
1042010,668839.17
1042250,668839.17
1042254,668839.17
1042365,668839.17
1042421,668839.17
1042710,668839.17
1043106,668839.17
1043116,668839.17
1043117,668839.17
1043349,668839.17
1043369,668839.17
1043413,668839.17
1043475,668839.17
1043480,668839.17
1043482,668839.17
1043492,668839.17
1043501,668839.17
1043542,668839.17
1043603,668839.17
1043620,668839.17
1043688,668839.17
1043779,668839.17
1043799,668839.17
1043891,668839.17
1043892,668839.17
1043945,668839.17
1044186,668839.17
1044193,668839.17
1044204,668839.17
1044205,668839.17
1044215,668839.17
1044236,668839.17
1044277,668839.17
1044296,668839.17
1044297,668839.17
1044356,668839.17
1044456,668839.17
1044496,668839.17
1044569,668839.17
1044700,668839.17
1044742,668839.17
1044802,668839.17
1044803,668839.17
1044813,668839.17
1044832,668839.17
1044867,668839.17
1045016,668839.17
1045148,668839.17
1045209,668839.17
1045223,668839.17
1045320,668839.17
1045323,668839.17
1045414,668839.17
1045572,668839.17
1045573,668839.17
1045595,668839.17
1045679,668839.17
1045724,668839.17
1045725,668839.17
1045730,668839.17
1045799,668839.17
1045886,668839.17
1045930,668839.17
1045955,668839.17
1045981,668839.17
1046127,668839.17
1046209,668839.17
1046212,668839.17
1046225,668839.17
1046231,668839.17
1046257,668839.17
1046283,668839.17
1046328,668839.17
1046331,668839.17
1046356,668839.17
1046430,668839.17
1046462,668839.17
1046488,668839.17
1046498,668839.17
1046576,668839.17
1046593,668839.17
1046597,668839.17
1046633,668839.17
1046719,668839.17
1046832,668839.17
1046844,668839.17
1046861,668839.17
1046862,668839.17
1046875,668839.17
1046947,668839.17
1046952,668839.17
1046992,668839.17
1047083,668839.17
1047115,668839.17
1047118,668839.17
1047172,668839.17
1047190,668839.17
1047193,668839.17
1047257,668839.17
1047273,668839.17
1047480,668839.17
1047498,668839.17
1047543,668839.17
1047617,668839.17
1047712,668839.17
1047901,668839.17
1047986,668839.17
1048124,668839.17
1048181,668839.17
1048203,668839.17
1048241,668839.17
1048292,668839.17
1048310,668839.17
1048513,668839.17
1048631,668839.17
1049174,668839.17
1049242,668839.17
1049249,668839.17
1049252,668839.17
1049305,668839.17
1049306,668839.17
1049317,668839.17
1049322,668839.17
1049326,668839.17
1049334,668839.17
1049336,668839.17
1049377,668839.17
1049418,668839.17
1049447,668839.17
1049476,668839.17
1049480,668839.17
1049490,668839.17
1049498,668839.17
1049499,668839.17
1049504,668839.17
1049505,668839.17
1049521,668839.17
1049551,668839.17
1049557,668839.17
1049586,668839.17
1049673,668839.17
1049674,668839.17
1049684,668839.17
1049721,668839.17
1049728,668839.17
1049744,668839.17
1049769,668839.17
1049783,668839.17
1049881,668839.17
1049888,668839.17
1049902,668839.17
1049929,668839.17
1050083,668839.17
1050117,668839.17
1050132,668839.17
1050134,668839.17
1050140,668839.17
1050208,668839.17
1050240,668839.17
1050279,668839.17
1050338,668839.17
1050362,668839.17
1050433,668839.17
1050457,668839.17
1050501,668839.17
1050574,668839.17
1050594,668839.17
1050656,668839.17
1050862,668839.17
1050863,668839.17
1050909,668839.17
1050939,668839.17
1050946,668839.17
1050995,668839.17
1051015,668839.17
1051038,668839.17
1051097,668839.17
1051130,668839.17
1051148,668839.17
1051151,668839.17
1051239,668839.17
1051244,668839.17
1051288,668839.17
1051313,668839.17
1051314,668839.17
1051354,668839.17
1051440,668839.17
1051504,668839.17
1051585,668839.17
1051651,668839.17
1051887,668839.17
1051929,668839.17
1052048,668839.17
1052213,668839.17
1052363,668839.17
1052422,668839.17
1052438,668839.17
1052484,668839.17
1052505,668839.17
1052581,668839.17
1052622,668839.17
1052708,668839.17
1052827,668839.17
1052838,668839.17
1052871,668839.17
1052891,668839.17
1053088,668839.17
1053226,668839.17
1053352,668839.17
1053730,668839.17
1053935,668839.17
1054083,668839.17
1054093,668839.17
1054179,668839.17
1054262,668839.17
1054334,668839.17
1054358,668839.17
1054564,668839.17
1054624,668839.17
1054633,668839.17
1054796,668839.17
1054801,668839.17
1054937,668839.17
1054961,668839.17
1055035,668839.17
1055041,668839.17
1055092,668839.17
1055135,668839.17
1055232,668839.17
1055233,668839.17
1055361,668839.17
1055407,668839.17
1055408,668839.17
1055462,668839.17
1055471,668839.17
1055681,668839.17
1055727,668839.17
1055783,668839.17
1055884,668839.17
1055885,668839.17
1055936,668839.17
1055950,668839.17
1055976,668839.17
1056019,668839.17
1056287,668839.17
1056414,668839.17
1056599,668839.17
1056744,668839.17
1056825,668839.17
1056826,668839.17
1056908,668839.17
1056914,668839.17
1056944,668839.17
1057065,668839.17
1057090,668839.17
1057091,668839.17
1057148,668839.17
1057149,668839.17
1057150,668839.17
1057151,668839.17
1057152,668839.17
1057153,668839.17
1057234,668839.17
1057297,668839.17
1057375,668839.17
1057507,668839.17
1057887,668839.17
1057947,668839.17
1057950,668839.17
1057955,668839.17
1057965,668839.17
1058044,668839.17
1058078,668839.17
1058101,668839.17
1058176,668839.17
1058333,668839.17
1058334,668839.17
1058599,668839.17
1058796,668839.17
1058801,668839.17
1058802,668839.17
1058822,668839.17
1058928,668839.17
1058931,668839.17
1059002,668839.17
1059048,668839.17
1059114,668839.17
1059119,668839.17
1059129,668839.17
1059188,668839.17
1059376,668839.17
1059388,668839.17
1059539,668839.17
1059545,668839.17
1059547,668839.17
1059555,668839.17
1059586,668839.17
1059624,668839.17
1059665,668839.17
1059675,668839.17
1059677,668839.17
1059748,668839.17
1059846,668839.17
1059865,668839.17
1059892,668839.17
1059967,668839.17
1059984,668839.17
1059989,668839.17
1060018,668839.17
1060098,668839.17
1060175,668839.17
1060194,668839.17
1060278,668839.17
1060355,668839.17
1060363,668839.17
1060389,668839.17
1060551,668839.17
1060564,668839.17
1060584,668839.17
1060585,668839.17
1060754,668839.17
1060785,668839.17
1060795,668839.17
1060797,668839.17
1060800,668839.17
1060854,668839.17
1060907,668839.17
1060916,668839.17
1060943,668839.17
1060944,668839.17
1061025,668839.17
1061064,668839.17
1061103,668839.17
1061329,668839.17
1061352,668839.17
1061419,668839.17
1061472,668839.17
1061474,668839.17
1061489,668839.17
1061521,668839.17
1061613,668839.17
1061628,668839.17
1061716,668839.17
1061773,668839.17
1061906,668839.17
1061981,668839.17
1062059,668839.17
1062062,668839.17
1062154,668839.17
1062179,668839.17
1062215,668839.17
1062231,668839.17
1062234,668839.17
1062235,668839.17
1062237,668839.17
1150057,668839.17
1150061,668839.17
1150062,668839.17
1150302,668839.17
1150304,668839.17
1150307,668839.17
1150308,668839.17
1150312,668839.17
1150313,668839.17
1150315,668839.17
1150318,668839.17
1150709,668839.17
1150711,668839.17
1150714,668839.17
1150716,668839.17
1150721,668839.17
1150722,668839.17
1150723,668839.17
1150727,668839.17
1150729,668839.17
1150732,668839.17
1150733,668839.17
1150739,668839.17
1150741,668839.17
1150744,668839.17
1150751,668839.17
1158788,668839.17
1158790,668839.17
1158794,668839.17
1158798,668839.17
1158802,668839.17
1158803,668839.17
1158804,668839.17
1158972,668839.17
1158973,668839.17
1158979,668839.17
1158980,668839.17
1158982,668839.17
1159208,668839.17
1159224,668839.17
1159254,668839.17
1159717,668839.17
1159725,668839.17
1159755,668839.17
1159756,668839.17
1159757,668839.17
1159758,668839.17
1159760,668839.17
1159762,668839.17
1159764,668839.17
1160340,668839.17
1160342,668839.17
1160347,668839.17
1160348,668839.17
1160352,668839.17
1160353,668839.17
1160357,668839.17
1160368,668839.17
1160370,668839.17
1160372,668839.17
1160628,668839.17
1160633,668839.17
1160635,668839.17
1160642,668839.17
1160644,668839.17
1160646,668839.17
1160651,668839.17
1160652,668839.17
1160659,668839.17
1160663,668839.17
1160877,668839.17
1160879,668839.17
1160881,668839.17
1160884,668839.17
1160887,668839.17
1160891,668839.17
1160892,668839.17
1160893,668839.17
1160897,668839.17
1160900,668839.17
1160901,668839.17
1160903,668839.17
1160909,668839.17
1160910,668839.17
1160913,668839.17
1160916,668839.17
1162333,668839.17
1162334,668839.17
1162374,668839.17
1162376,668839.17
1162380,668839.17
1162381,668839.17
1162382,668839.17
1162385,668839.17
1162386,668839.17
1162638,668839.17
1162639,668839.17
1162640,668839.17
1162641,668839.17
1162643,668839.17
1162707,668839.17
1162708,668839.17
1162764,668839.17
1162899,668839.17
1162918,668839.17
1162924,668839.17
1162925,668839.17
1162926,668839.17
1162927,668839.17
1163023,668839.17
1163027,668839.17
1163028,668839.17
1163039,668839.17
1163040,668839.17
1163042,668839.17
1163043,668839.17
1163044,668839.17
1163047,668839.17
1163050,668839.17
1163083,668839.17
1163086,668839.17
1163089,668839.17
1163090,668839.17
1163091,668839.17
1163092,668839.17
1163093,668839.17
1163095,668839.17
1163096,668839.17
1163264,668839.17
1163271,668839.17
1164020,668839.17
1164022,668839.17
1164028,668839.17
1164565,668839.17
1164567,668839.17
1164571,668839.17
1164576,668839.17
1164578,668839.17
1164580,668839.17
1164581,668839.17
1164582,668839.17
1164583,668839.17
1164617,668839.17
1164618,668839.17
1164622,668839.17
1164625,668839.17
1164627,668839.17
1164629,668839.17
1164911,668839.17
1164914,668839.17
1164916,668839.17
1164936,668839.17
1164938,668839.17
1164940,668839.17
1167361,668839.17
1167364,668839.17
1167369,668839.17
1167373,668839.17
1167374,668839.17
1167375,668839.17
1167383,668839.17
1167385,668839.17
1167387,668839.17
1167388,668839.17
1167392,668839.17
1167397,668839.17
1167398,668839.17
1167399,668839.17
1167401,668839.17
1167402,668839.17
1167403,668839.17
1167404,668839.17
1167405,668839.17
1167406,668839.17
1167407,668839.17
1167409,668839.17
1167410,668839.17
1167411,668839.17
1167412,668839.17
1167413,668839.17
1167414,668839.17
1167426,668839.17
1167429,668839.17
1167430,668839.17
1167431,668839.17
1167437,668839.17
1167439,668839.17
1171188,668839.17
1171191,668839.17
1171194,668839.17
1171195,668839.17
1171196,668839.17
1171200,668839.17
1171201,668839.17
1171203,668839.17
1171204,668839.17
1171205,668839.17
1171362,668839.17
1171367,668839.17
1172945,668839.17
1172952,668839.17
1173341,668839.17
1173343,668839.17
1173347,668839.17
1173351,668839.17
1173353,668839.17
1173355,668839.17
1173356,668839.17
1173358,668839.17
1173362,668839.17
1173364,668839.17
1174252,668839.17
1174253,668839.17
1174258,668839.17
1174265,668839.17
1174280,668839.17
1174393,668839.17
1174395,668839.17
1174396,668839.17
1174397,668839.17
1174398,668839.17
1174400,668839.17
1174404,668839.17
1174405,668839.17
1174407,668839.17
1174456,668839.17
1174460,668839.17
1174462,668839.17
1174465,668839.17
1174466,668839.17
1174468,668839.17
1174469,668839.17
1174471,668839.17
1174472,668839.17
1174473,668839.17
1174475,668839.17
1174491,668839.17
1174496,668839.17
1174501,668839.17
1174592,668839.17
1174593,668839.17
1174595,668839.17
1174596,668839.17
1174598,668839.17
1174599,668839.17
1174602,668839.17
1174607,668839.17
1174608,668839.17
1174732,668839.17
1174738,668839.17
1174742,668839.17
1174743,668839.17
1174748,668839.17
1175538,668839.17
1175539,668839.17
1175543,668839.17
1175547,668839.17
1175548,668839.17
1175550,668839.17
1176289,668839.17
1176758,668839.17
1176759,668839.17
1176764,668839.17
1176772,668839.17
1177110,668839.17
1177116,668839.17
1177118,668839.17
1177121,668839.17
1177122,668839.17
1177125,668839.17
1177822,668839.17
1178019,668839.17
1178024,668839.17
1179391,668839.17
1179392,668839.17
1179393,668839.17
1179512,668839.17
1179513,668839.17
1179516,668839.17
1179517,668839.17
1179518,668839.17
1179526,668839.17
1179527,668839.17
1179540,668839.17
1179542,668839.17
1179543,668839.17
1179546,668839.17
1179548,668839.17
1179552,668839.17
1179554,668839.17
1179555,668839.17
1179557,668839.17
1179944,668839.17
1179948,668839.17
1179949,668839.17
1179952,668839.17
1179953,668839.17
1179955,668839.17
1180044,668839.17
1180046,668839.17
1180047,668839.17
1180048,668839.17
1180049,668839.17
1180050,668839.17
1180051,668839.17
1180053,668839.17
1180054,668839.17
1180056,668839.17
1180060,668839.17
1180070,668839.17
1180073,668839.17
1180078,668839.17
1180080,668839.17
1180241,668839.17
1180242,668839.17
1180243,668839.17
1180251,668839.17
1180253,668839.17
1180254,668839.17
1180255,668839.17
1180257,668839.17
1180452,668839.17
1180461,668839.17
1180464,668839.17
1180465,668839.17
1180466,668839.17
1180467,668839.17
1180469,668839.17
1180471,668839.17
1180472,668839.17
1180474,668839.17
1180479,668839.17
1180481,668839.17
1180482,668839.17
1180484,668839.17
1180485,668839.17
1180487,668839.17
1180619,668839.17
1180622,668839.17
1180628,668839.17
1180629,668839.17
1180630,668839.17
1180701,668839.17
1180702,668839.17
1180704,668839.17
1180707,668839.17
1180708,668839.17
1180711,668839.17
1180712,668839.17
1180716,668839.17
1180717,668839.17
1180732,668839.17
1180733,668839.17
1180734,668839.17
1180735,668839.17
1180738,668839.17
1180739,668839.17
1180741,668839.17
1180743,668839.17
1180744,668839.17
1180748,668839.17
1180749,668839.17
1180770,668839.17
1180771,668839.17
1180774,668839.17
1180777,668839.17
1180938,668839.17
1180945,668839.17
1180951,668839.17
1180954,668839.17
1180967,668839.17
1180976,668839.17
1180977,668839.17
1181989,668839.17
1182023,668839.17
1182025,668839.17
1182026,668839.17
1182030,668839.17
1182033,668839.17
1182314,668839.17
1182315,668839.17
1182316,668839.17
1182317,668839.17
1182321,668839.17
1182322,668839.17
1182323,668839.17
1182628,668839.17
1182650,668839.17
1182652,668839.17
1182654,668839.17
1182655,668839.17
1182744,668839.17
1182745,668839.17
1182746,668839.17
1182748,668839.17
1182749,668839.17
1182754,668839.17
1182756,668839.17
1182757,668839.17
1183211,668839.17
1183213,668839.17
1183689,668839.17
1183690,668839.17
1183691,668839.17
1183692,668839.17
1184185,668839.17
1184271,668839.17
1184272,668839.17
1184678,668839.17
1184679,668839.17
1184680,668839.17
1184730,668839.17
1184731,668839.17
1184772,668839.17
1184775,668839.17
1184780,668839.17
1184783,668839.17
1184806,668839.17
1184809,668839.17
1184956,668839.17
1185123,668839.17
1185129,668839.17
1185141,668839.17
1185144,668839.17
1185145,668839.17
1185150,668839.17
1185316,668839.17
1185317,668839.17
1185326,668839.17
1185328,668839.17
1185330,668839.17
1185331,668839.17
1185722,668839.17
1185744,668839.17
1185746,668839.17
1185748,668839.17
1185818,668839.17
1185819,668839.17
1186256,668839.17
1186257,668839.17
1186258,668839.17
1186260,668839.17
1186261,668839.17
1186284,668839.17
1186288,668839.17
1186368,668839.17
1186370,668839.17
1186371,668839.17
1186373,668839.17
1186374,668839.17
1186376,668839.17
1186379,668839.17
1186380,668839.17
1186827,668839.17
1186830,668839.17
1186831,668839.17
1186832,668839.17
1186834,668839.17
1186835,668839.17
1186837,668839.17
1186840,668839.17
1187587,668839.17
1187625,668839.17
1187626,668839.17
1187628,668839.17
1187839,668839.17
1187840,668839.17
1187842,668839.17
1187843,668839.17
1187844,668839.17
1187851,668839.17
1187853,668839.17
1187854,668839.17
1188373,668839.17
1188428,668839.17
1188429,668839.17
1188430,668839.17
1188431,668839.17
1188439,668839.17
1188440,668839.17
1188442,668839.17
1188484,668839.17
1188485,668839.17
1188487,668839.17
1188488,668839.17
1188490,668839.17
1188493,668839.17
1188499,668839.17
1188519,668839.17
1188531,668839.17
1188535,668839.17
1188538,668839.17
1188539,668839.17
1188577,668839.17
1188578,668839.17
1188581,668839.17
1189583,668839.17
1189587,668839.17
1189590,668839.17
1189593,668839.17
1189594,668839.17
1189595,668839.17
1189596,668839.17
1189599,668839.17
1189600,668839.17
1189603,668839.17
1189605,668839.17
1189606,668839.17
1189610,668839.17
1189611,668839.17
1191966,668839.17
1191971,668839.17
1191972,668839.17
1192091,668839.17
1192096,668839.17
1192970,668839.17
1192973,668839.17
1193162,668839.17
1193163,668839.17
1193168,668839.17
1193169,668839.17
1193170,668839.17
1193171,668839.17
1193543,668839.17
1193676,668839.17
1193751,668839.17
1193761,668839.17
1193775,668839.17
1193777,668839.17
1193779,668839.17
1193782,668839.17
1193783,668839.17
1193836,668839.17
1193848,668839.17
1193849,668839.17
1193850,668839.17
1193855,668839.17
1193857,668839.17
1193859,668839.17
1193861,668839.17
1193862,668839.17
1193863,668839.17
1193864,668839.17
1193866,668839.17
1193915,668839.17
1193925,668839.17
1193927,668839.17
1193952,668839.17
1193953,668839.17
1193954,668839.17
1193955,668839.17
1193956,668839.17
1193957,668839.17
1194415,668839.17
1194922,668839.17
1194977,668839.17
1195222,668839.17
1195223,668839.17
1195224,668839.17
1195225,668839.17
1195425,668839.17
1195426,668839.17
1195432,668839.17
1195891,668839.17
1195892,668839.17
1195893,668839.17
1195900,668839.17
1195901,668839.17
1195903,668839.17
1196019,668839.17
1196842,668839.17
1196844,668839.17
1196847,668839.17
1196872,668839.17
1196892,668839.17
1196893,668839.17
1196894,668839.17
1196895,668839.17
1196904,668839.17
1196912,668839.17
1196913,668839.17
1196993,668839.17
1196994,668839.17
1196998,668839.17
1196999,668839.17
1197000,668839.17
1197002,668839.17
1197106,668839.17
1197107,668839.17
1197108,668839.17
1197166,668839.17
1197209,668839.17
1197214,668839.17
1197215,668839.17
1197216,668839.17
1197253,668839.17
1197256,668839.17
1197309,668839.17
1197311,668839.17
1197315,668839.17
1197316,668839.17
1197321,668839.17
1197322,668839.17
1197323,668839.17
1197324,668839.17
1197325,668839.17
1197326,668839.17
1197328,668839.17
1197329,668839.17
1197331,668839.17
1197345,668839.17
1197351,668839.17
1197462,668839.17
1197463,668839.17
1197465,668839.17
1197467,668839.17
1197469,668839.17
1197470,668839.17
1197502,668839.17
1197549,668839.17
1197570,668839.17
1197627,668839.17
1197672,668839.17
1197859,668839.17
1197860,668839.17
1197977,668839.17
1197978,668839.17
1198019,668839.17
1198021,668839.17
1198337,668839.17
1198358,668839.17
1198364,668839.17
1198365,668839.17
1198366,668839.17
1198367,668839.17
1198368,668839.17
1198369,668839.17
1198373,668839.17
1198446,668839.17
1198450,668839.17
1198451,668839.17
1198452,668839.17
1198453,668839.17
1198457,668839.17
1198621,668839.17
1198645,668839.17
1198649,668839.17
1198650,668839.17
1198664,668839.17
1198665,668839.17
1198669,668839.17
1198670,668839.17
1198671,668839.17
1198760,668839.17
1198766,668839.17
1198768,668839.17
1198771,668839.17
1198773,668839.17
715273,668839.17
717643,668839.17
720473,668839.17
722274,668839.17
722610,668839.17
722632,668839.17
724293,668839.17
724296,668839.17
724367,668839.17
724383,668839.17
724402,668839.17
724436,668839.17
724693,668839.17
725035,668839.17
726164,668839.17
728018,668839.17
728963,668839.17
730396,668839.17
730570,668839.17
732096,668839.17
732455,668839.17
733749,668839.17
739805,668839.17
762985,668839.17
765024,668839.17
766318,668839.17
767291,668839.17
768075,668839.17
768187,668839.17
768450,668839.17
768818,668839.17
775095,668839.17
777984,668839.17
780334,668839.17
782037,668839.17
783338,668839.17
788907,668839.17
791183,668839.17
791186,668839.17
800871,668839.17
805218,668839.17
808371,668839.17
810903,668839.17
813910,668839.17
814295,668839.17
816599,668839.17
817980,668839.17
818854,668839.17
821034,668839.17
822425,668839.17
823206,668839.17
823722,668839.17
824962,668839.17
827620,668839.17
829106,668839.17
829983,668839.17
835034,668839.17
835905,668839.17
836853,668839.17
836965,668839.17
837221,668839.17
837226,668839.17
837310,668839.17
837312,668839.17
837322,668839.17
837364,668839.17
837447,668839.17
837450,668839.17
837480,668839.17
837481,668839.17
837534,668839.17
837603,668839.17
837604,668839.17
837695,668839.17
837700,668839.17
838738,668839.17
838739,668839.17
838747,668839.17
839708,668839.17
839728,668839.17
839729,668839.17
839750,668839.17
839751,668839.17
839752,668839.17
839753,668839.17
839754,668839.17
839789,668839.17
839793,668839.17
839796,668839.17
840813,668839.17
843860,668839.17
844526,668839.17
844543,668839.17
844754,668839.17
846486,668839.17
847164,668839.17
848484,668839.17
936754,668839.17
937863,668839.17
937904,668839.17
938417,668839.17
938423,668839.17
938603,668839.17
938622,668839.17
939544,668839.17
940696,668839.17
942465,668839.17
942737,668839.17
943019,668839.17
943421,668839.17
945655,668839.17
947947,668839.17
949288,668839.17
952129,668839.17
952131,668839.17
952904,668839.17
953479,668839.17
954602,668839.17
954929,668839.17
955982,668839.17
958924,668839.17
959475,668839.17
960089,668839.17
960166,668839.17
961081,668839.17
961152,668839.17
961156,668839.17
963917,668839.17
963924,668839.17
963928,668839.17
964509,668839.17
965003,668839.17
967216,668839.17
967710,668839.17
967711,668839.17
967715,668839.17
968678,668839.17
969661,668839.17
970940,668839.17
971513,668839.17
972147,668839.17
972176,668839.17
972866,668839.17
974942,668839.17
974954,668839.17
976609,668839.17
978142,668839.17
978273,668839.17
978277,668839.17
978278,668839.17
978281,668839.17
978860,668839.17
979110,668839.17
979112,668839.17
979516,668839.17
980337,668839.17
980476,668839.17
982006,668839.17
983877,668839.17
983878,668839.17
983879,668839.17
985387,668839.17
985462,668839.17
985808,668839.17
986398,668839.17
987620,668839.17
988304,668839.17
988676,668839.17
989018,668839.17
995698,668839.17
995822,668839.17
1002393,668839.17
1003195,668839.17
1003292,668839.17
1003326,668839.17
1003655,668839.17
1003662,668839.17
1003847,668839.17
1006131,668839.17
1008419,668839.17
1008432,668839.17
1008509,668839.17
1008929,668839.17
1009457,668839.17
1010167,668839.17
1010251,668839.17
1010311,668839.17
1011035,668839.17
1011899,668839.17
1013203,668839.17
1013464,668839.17
1013942,668839.17
1014952,668839.17
1015519,668839.17
1018488,668839.17
1018565,668839.17
1018830,668839.17
1019163,668839.17
1019257,668839.17
1019258,668839.17
1022427,668839.17
1023024,668839.17
1024198,668839.17
1024386,668839.17
1024633,668839.17
1065813,668839.17
1066642,668839.17
1066903,668839.17
1068872,668839.17
1071707,668839.17
1072579,668839.17
1072606,668839.17
1073519,668839.17
1073733,668839.17
1074535,668839.17
1075895,668839.17
1076216,668839.17
1076517,668839.17
1076917,668839.17
1077573,668839.17
1078672,668839.17
1080081,668839.17
1080084,668839.17
1080177,668839.17
1080179,668839.17
1080180,668839.17
1080182,668839.17
1080646,668839.17
1081890,668839.17
1082838,668839.17
1082935,668839.17
1083177,668839.17
1083187,668839.17
1093683,668839.17
1094194,668839.17
1097426,668839.17
1098571,668839.17
1102741,668839.17
1102778,668839.17
1224860,668839.17
1224861,668839.17
1224864,668839.17
1224865,668839.17
1224868,668839.17
1224877,668839.17
1229111,668839.17
1229116,668839.17
1229118,668839.17
1235951,668839.17
1235954,668839.17
1236545,668839.17
1236554,668839.17
1236560,668839.17
1239168,668839.17
1239172,668839.17
1239175,668839.17
1239178,668839.17
1239179,668839.17
1239182,668839.17
1239184,668839.17
1241221,668839.17
1241227,668839.17
1241228,668839.17
96029,327747.97
96056,316007.36
96065,319973.4
96072,283864.16
96079,294591.17
96099,283864.16
96100,283864.16
96136,316007.36
96137,316007.36
96138,316007.36
96140,316007.36
96142,316334.51
96143,305363.52
96193,305363.52
96202,316334.51
96206,319973.4
96207,386856.32
96224,390505.48
96225,390505.48
96227,316334.51
96302,319973.4
96318,312368.46
96339,319973.4
96369,283864.16
96417,312368.46
96432,283864.16
96464,283864.16
96467,316007.36
96471,319973.4
96476,205244.24
96477,205244.24
96481,205042.95
96486,305363.52
96487,305363.52
96515,327747.97
96547,316334.51
96571,319973.4
96574,324057.42
96593,324680.57
96606,283864.16
96648,327747.97
96654,327747.97
96656,386539.44
96661,348028.6
96662,386539.44
96664,238819.16
96668,386539.44
96669,386539.44
96672,386539.44
96678,312368.46
96679,333467.04
96683,327747.97
96713,319973.4
96715,285002.01
96735,285203.3
96742,205244.24
96750,316007.36
96751,327747.97
96758,327747.97
96760,316007.36
96762,327747.97
96765,327747.97
96771,327747.97
96772,327747.97
96782,316007.36
96790,205042.95
96791,312368.46
96816,327747.97
96819,205244.24
96821,316007.36
96838,319973.4
96862,391512.3
96863,391512.3
96869,205244.24
96875,319973.4
96876,319973.4
96896,278821.09
96897,283493.44
96937,283864.16
96946,283864.16
96952,205244.24
96957,319973.4
96986,324680.57
96988,283864.16
96990,283864.16
97005,324109.07
97065,275784.95
97071,205244.24
97077,238819.16
97081,319973.4
97083,316007.36
97093,319973.4
97097,391512.3
97122,205244.24
97125,316007.36
97126,283864.16
97127,319973.4
97129,316007.36
97133,309907.62
97137,316334.51
97139,316007.36
97140,316007.36
97144,316007.36
97146,316007.36
97148,316007.36
97149,316007.36
97152,316007.36
97154,316007.36
97155,316007.36
97161,324680.57
97166,312368.46
97194,305363.52
97210,283864.16
97213,316334.51
97215,316334.51
97217,316334.51
97224,316334.51
97226,238819.16
97229,316334.51
97235,316007.36
97250,327747.97
97263,305363.52
97269,283864.16
97312,283864.16
97318,319973.4
97327,305363.52
97336,316334.51
97447,283864.16
97449,316007.36
97467,481305.19
97482,316334.51
97495,481305.19
97527,319973.4
97531,324680.57
97533,316007.36
97545,324057.42
97550,324680.57
97555,205244.24
97562,238819.16
97564,238819.16
97565,238819.16
97566,238819.16
97573,283864.16
97575,316334.51
97578,205244.24
97579,205244.24
97580,205244.24
97582,205244.24
97583,205244.24
97584,205244.24
97585,205244.24
97586,205244.24
97589,305363.52
97590,305363.52
97677,319973.4
97680,312368.46
97681,312368.46
97686,312368.46
97687,312368.46
97690,312368.46
97692,312368.46
97696,312368.46
97698,312368.46
97699,312368.46
97701,305363.52
97704,327747.97
97707,327747.97
97729,205244.24
97807,327747.97
97808,283864.16
97858,283662.87
97859,382890.28
97861,324680.57
97879,327747.97
97881,327747.97
97885,327747.97
97888,327747.97
97897,312368.46
97907,238819.16
97911,319973.4
97914,283864.16
97927,205042.95
97943,305363.52
97949,205042.95
97967,283662.87
97988,316007.36
97989,327747.97
97990,316007.36
97991,327747.97
97993,316007.36
97996,327747.97
97997,327747.97
97998,316007.36
97999,316007.36
98001,316007.36
98014,283864.16
98016,283659.74
98036,238819.16
98054,205244.24
98063,305363.52
98082,324680.57
98083,316007.36
98085,316007.36
98086,316007.36
98087,327747.97
98090,316007.36
98095,316007.36
98103,278821.09
98108,316007.36
98119,238617.87
98149,205042.95
98164,481305.19
98167,327747.97
98168,278821.09
98204,244035.3
98248,316007.36
98249,327747.97
98257,319973.4
98276,327747.97
98293,283864.16
98301,283864.16
98308,316007.36
98357,329447.19
98358,283864.16
98366,283864.16
98394,316334.51
98400,316334.51
98403,327747.97
98412,324680.57
98413,283864.16
98433,283864.16
98450,238819.16
98451,278619.8
98452,205244.24
98455,319973.4
98462,316007.36
98475,316007.36
98499,283864.16
98525,327747.97
98526,391512.3
98528,283662.87
98531,205244.24
98544,316007.36
98553,319973.4
98573,205244.24
98582,205244.24
98584,205244.24
98585,205244.24
98589,278821.09
98593,285203.3
98596,204873.52
98648,312368.46
98652,283864.16
98653,319973.4
98654,238819.16
98656,205042.95
98710,481305.19
98754,283662.87
98770,327747.97
98780,324680.57
98781,481305.19
98782,481305.19
98789,316007.36
98804,327747.97
98822,327747.97
98823,244035.3
98828,316007.36
98842,205042.95
98843,283864.16
98846,305363.52
98862,327747.97
98863,316007.36
98869,205244.24
98870,205244.24
98874,238819.16
98876,316007.36
98878,316334.51
98883,316007.36
98895,316007.36
98899,305363.52
98900,305363.52
98901,305363.52
98902,305363.52
98905,327747.97
98929,293926.04
98948,283662.87
98979,283864.16
99010,238617.87
99022,283864.16
99035,481305.19
99043,316007.36
99044,316007.36
99048,316007.36
99051,294920.92
99087,283864.16
99098,283864.16
99102,283864.16
99104,316007.36
99105,305363.52
99114,481305.19
99148,294367.5
99163,205244.24
99168,316007.36
99198,312368.46
99200,283864.16
99205,333467.04
99273,301724.63
99277,327747.97
99292,305363.52
99293,316007.36
99298,316007.36
99300,283864.16
99304,319973.4
99305,283864.16
99316,312368.46
99319,238819.16
99341,305363.52
99344,205244.24
99356,319973.4
99360,305363.52
99361,305363.52
99389,283864.16
99399,324680.57
99400,305363.52
99401,205244.24
99421,285203.3
99429,319973.4
99433,318580.82
99436,283864.16
99439,327747.97
99442,327747.97
99450,238819.16
99451,283864.16
99460,481305.19
99475,316007.36
99480,476413.94
99483,285203.3
99529,327747.97
99532,309907.62
99542,316007.36
99575,481305.19
99583,316007.36
99597,205244.24
99601,283864.16
99603,305363.52
99624,205244.24
99625,283864.16
99651,283864.16
99655,283662.87
99673,285002.01
99694,319973.4
99697,316007.36
99698,291637.48
99714,205244.24
99716,305363.52
99717,305363.52
99718,305363.52
99719,305363.52
99728,283864.16
99736,285203.3
99739,278821.09
99751,291962.69
99759,501775.75
99760,293926.04
99761,319973.4
99765,305363.52
99769,176802.49
99812,427588.19
99817,376943.32
99855,283013.71
99868,138668.05
99869,138668.05
99874,138668.05
99895,138668.05
99897,427588.19
99980,224444.12
99982,224444.12
99984,271410.1
99985,372720.07
99990,138668.05
99991,224444.12
100086,310336.33
100110,438809.47
100115,224444.12
100118,224444.12
100119,224444.12
100122,224444.12
100125,224444.12
100126,224444.12
100127,224444.12
100129,224444.12
100130,224444.12
100134,224444.12
100136,224444.12
100156,295835.43
100157,145952.77
100169,427588.19
100171,138668.05
100179,145952.77
100187,143396.46
100192,310136.87
100193,310136.87
100219,143396.46
100243,138668.05
100244,138668.05
100289,224444.12
100297,224444.12
100310,437200.18
100312,296673.87
100327,138668.05
100378,138668.05
100422,138668.05
100447,143396.46
100513,271410.1
100520,138668.05
100532,138668.05
100534,138668.05
100537,138668.05
100550,138668.05
100557,140458.18
100564,138668.05
100571,145952.77
100575,145952.77
100595,138668.05
100596,400140.83
100620,400455.44
100621,400140.83
100648,391017.56
100652,138668.05
100661,423201.53
100677,306113.08
100678,372720.07
100681,372720.07
100708,138668.05
100709,138668.05
100723,428574.66
100730,427588.19
100733,138668.05
100735,138668.05
100736,138668.05
100744,145952.77
100755,138668.05
100774,138668.05
100800,288504.68
100805,138668.05
100812,145952.77
100813,145952.77
100819,141333.58
100821,427588.19
100866,138668.05
100906,431827.04
100942,406310.38
100950,138668.05
101142,148735.23
101185,138668.05
101191,438809.47
101193,314132.92
101283,138668.05
101287,138668.05
101300,224444.12
101308,138668.05
101316,138668.05
101318,224444.12
101326,138668.05
101402,382079.34
101456,142554.22
101469,138668.05
101478,391017.56
101486,145952.77
101499,409304.54
101501,138668.05
101506,145952.77
101512,138668.05
101514,141333.58
101515,141333.58
101527,138668.05
101552,143396.46
101571,138668.05
101583,138668.05
101600,138668.05
101601,138668.05
101603,138668.05
101614,138668.05
101619,452039.86
101642,185578.89
101673,138668.05
101680,437200.18
101694,138668.05
101702,138668.05
101707,391017.56
101720,138668.05
101755,138668.05
101770,138668.05
101780,304508.68
101785,138668.05
101817,145952.77
101913,138668.05
101915,138668.05
101919,138668.05
101976,138668.05
101987,138668.05
102114,138668.05
102116,183511.39
102197,224444.12
102198,288504.68
102217,283013.71
102252,145952.77
102299,304508.68
102330,138668.05
102350,138668.05
102352,138668.05
102353,138668.05
102404,138668.05
102405,138668.05
102415,138668.05
102420,143396.46
102442,138668.05
102475,391017.56
102479,314132.92
102511,372720.07
102568,138668.05
102580,138668.05
102593,284263.92
102598,138668.05
102607,138668.05
102637,138668.05
102792,138668.05
102794,138668.05
102837,375902.99
102890,143396.46
102905,138668.05
102910,138668.05
102922,138668.05
102985,138668.05
103028,138668.05
103115,138668.05
103132,138668.05
103138,143396.46
103179,138668.05
103199,138668.05
103244,138668.05
103246,138668.05
103276,251439.07
103283,138668.05
103313,246677.46
103362,296673.87
103392,391017.56
103395,138668.05
103428,138668.05
103436,143396.46
103463,138668.05
103493,308521.63
103495,459151.03
103498,459151.03
103504,287682.81
103524,310707.52
103527,458827.82
103530,211154.34
103532,143396.46
103534,242149.04
103540,143396.46
103547,305737.87
103555,143396.46
103556,442979.35
103557,145952.77
103567,224444.12
103568,305737.87
103571,242149.04
103577,242070.18
103578,274725.43
103579,205029.05
103595,145952.77
103601,211154.34
103603,242149.04
103604,255872.74
103608,145952.77
103614,164513.93
103620,143396.46
103625,289637.72
103627,266333.17
103678,285301.55
103679,215154.09
103685,454097.82
103716,472249.41
103720,287682.81
103778,270423.82
103780,454097.82
103785,475036.78
103787,184146.05
103815,138668.05
103816,287682.81
103821,305737.87
103836,305737.87
103845,270423.82
103851,266129.56
103858,274725.43
103859,310707.52
103862,275419.6
103866,145952.77
103873,145952.77
103876,278397.85
103879,274725.43
103885,145952.77
103889,145952.77
103898,274725.43
103899,287682.81
103909,255793.88
103911,212697.07
103920,148735.23
103927,269489.97
103933,287682.81
103946,266129.56
103949,287682.81
103950,212697.07
103965,145952.77
103997,305737.87
104017,223183.05
104028,140458.18
104068,305737.87
104077,215154.09
104098,242149.04
104099,274725.43
104103,145952.77
104135,289637.72
104141,305737.87
104148,270423.82
104149,289637.72
104151,289637.72
104154,287682.81
104161,289637.72
104163,305737.87
104165,274725.43
104195,305737.87
104205,285301.55
104218,442979.35
104238,143396.46
104245,287682.81
104248,287682.81
104252,310707.52
104265,285301.55
104266,205029.05
104273,289637.72
104274,305737.87
104286,475036.78
104290,305737.87
104293,475036.78
104299,145952.77
104309,145952.77
104326,289637.72
104345,472249.41
104359,305737.87
104368,221352.33
104379,467892.03
104381,305737.87
104403,145952.77
104414,145952.77
104417,224444.12
104419,305737.87
104431,310707.52
104439,143396.46
104445,289637.72
104447,305737.87
104451,310269.0
104454,143396.46
104456,140458.18
104465,305737.87
104473,287682.81
104489,472249.41
104492,206279.26
104513,310707.52
104517,266333.17
104519,138668.05
104523,148735.23
104524,305737.87
104526,138668.05
104533,270423.82
104538,270316.2
104539,270316.2
104545,145952.77
104561,305737.87
104598,305737.87
104599,305737.87
104611,472249.41
104613,145952.77
104623,274725.43
104627,457218.52
104628,138668.05
104629,457218.52
104630,457218.52
104640,457218.52
104641,457218.52
104642,457218.52
104665,138668.05
104804,310707.52
104847,462713.36
104861,205029.05
104862,287682.81
104863,205029.05
104896,285301.55
104899,305737.87
104901,143396.46
104906,143396.46
104922,305737.87
104924,274725.43
104925,305737.87
104930,143396.46
104935,310707.52
104936,310707.52
104964,274725.43
104965,287682.81
104970,278397.85
104973,278397.85
104975,289637.72
104979,143396.46
104995,212697.07
104996,242149.04
104998,145952.77
104999,145952.77
105000,145952.77
105024,270423.82
105029,242149.04
105037,242149.04
105038,453702.37
105039,280622.23
105049,459006.6
105057,285301.55
105061,289637.72
105065,242070.18
105076,242149.04
105091,305737.87
105116,223183.05
105136,274725.43
105143,246535.79
105151,464329.69
105160,145952.77
105162,289637.72
105170,289637.72
105172,285301.55
105179,305737.87
105184,285301.55
105185,310707.52
105197,145952.77
105202,310707.52
105231,464329.69
105232,320327.64
105235,270423.82
105249,205029.05
105258,143396.46
105259,454097.82
105272,255872.74
105287,143396.46
105293,154728.57
105304,274725.43
105314,211154.34
105315,267267.01
105328,285301.55
105341,274725.43
105344,215154.09
105349,285301.55
105350,442979.35
105351,289637.72
105362,305737.87
105376,270423.82
105386,266129.56
105392,459276.49
105401,287682.81
105409,274725.43
105414,305737.87
105418,5134054.2
105419,310707.52
105425,274725.43
105440,270423.82
105447,145952.77
105448,145952.77
105452,452039.86
105463,274725.43
105464,274725.43
105465,285301.55
105524,242149.04
105526,145952.77
105531,310707.52
105536,467892.03
105557,475036.78
105633,287682.81
105635,287682.81
105637,305737.87
105674,285301.55
105681,310707.52
105703,278397.85
105704,278397.85
105705,278397.85
105706,206279.26
105711,205029.05
105712,205029.05
105719,238101.23
105728,305737.87
105734,308521.63
105735,289637.72
105745,305737.87
105749,467892.03
105764,308521.63
105765,462713.36
105768,274725.43
105772,289637.72
105778,289637.72
105779,242149.04
105785,305737.87
105790,274725.43
105806,289637.72
105827,305737.87
105831,457218.52
105845,285301.55
105848,242149.04
105852,305737.87
105865,453702.37
105874,289637.72
105906,274725.43
105910,458827.82
105915,145952.77
105929,148735.23
105945,310707.52
105946,287682.81
105947,148735.23
105948,287682.81
105954,274725.43
105990,255872.74
106000,305737.87
106016,289637.72
106030,145952.77
106034,215154.09
106035,145952.77
106040,459276.49
106074,143396.46
106139,305737.87
106142,287682.81
106155,246535.79
106168,310707.52
106177,459151.03
106183,287682.81
106184,310707.52
106185,285301.55
106201,287682.81
106215,255872.74
106233,289637.72
106235,215154.09
106236,204750.66
106239,274725.43
106241,442979.35
106242,442979.35
106243,305737.87
106254,289637.72
106259,145952.77
106263,285301.55
106281,310707.52
106282,459276.49
106292,305737.87
106294,275419.6
106343,138668.05
106356,212697.07
106359,285301.55
106360,305737.87
106362,270423.82
106390,145952.77
106391,310707.52
106398,310707.52
106442,145952.77
106449,242149.04
106456,289637.72
106458,305737.87
106467,289637.72
106512,242149.04
106522,285301.55
106565,455444.26
106572,265396.43
106579,246535.79
106587,274725.43
106591,289637.72
106599,458827.82
106604,4923897.38
106618,215154.09
106647,438809.47
106654,438809.47
106665,287682.81
106668,438809.47
106678,289637.72
106685,305737.87
106707,285301.55
106727,274725.43
106760,178002.54
106776,178002.54
106780,177260.84
106781,178002.54
106783,178002.54
106784,178002.54
106790,178002.54
106792,178002.54
106819,178002.54
106835,178002.54
106845,168043.73
106849,168043.73
106857,178002.54
106858,178002.54
106860,178002.54
106862,178002.54
106871,178002.54
106881,178002.54
106896,178002.54
106900,178002.54
106902,178002.54
106907,178002.54
106918,178002.54
106925,178002.54
106927,178002.54
106929,178002.54
106934,178002.54
106948,178002.54
106949,168043.73
106951,161610.99
106954,178002.54
106965,178002.54
106975,178002.54
106990,174877.55
106992,178002.54
107003,178002.54
107004,162497.67
107015,178002.54
107016,178002.54
107035,178002.54
107058,168043.73
107062,178002.54
107071,178002.54
107086,168043.73
107093,178002.54
107100,178002.54
107122,178002.54
107268,178002.54
107275,178002.54
107357,178002.54
107361,178002.54
107393,178002.54
107395,178002.54
107412,178002.54
107416,178002.54
107428,178002.54
107452,178002.54
107454,178002.54
107464,178002.54
107467,178002.54
107469,178002.54
107470,178002.54
107472,178002.54
107473,178002.54
107487,178002.54
107489,178002.54
107495,178002.54
107497,158650.19
107501,178002.54
107506,174877.55
107510,174877.55
107520,178002.54
107551,178002.54
107556,178002.54
107572,178002.54
107584,178002.54
107594,178002.54
107595,178002.54
107601,178002.54
107614,178002.54
107616,178002.54
107617,178002.54
107619,178002.54
107621,178002.54
107650,178002.54
107656,178002.54
107678,178002.54
107680,159555.23
107684,178002.54
107687,178002.54
107690,174877.55
107692,174877.55
107693,174877.55
107694,174877.55
107695,174877.55
107702,178002.54
107712,178002.54
107718,178002.54
107722,178002.54
107757,161610.99
107762,178002.54
107769,168043.73
107770,168043.73
107771,178002.54
107776,178002.54
107778,178002.54
107788,178002.54
107792,178002.54
107812,178002.54
107831,178002.54
107832,178002.54
107863,162497.67
107871,178002.54
107873,178002.54
107874,178002.54
107875,178002.54
107906,178002.54
107915,178002.54
107916,178002.54
107917,178002.54
107918,178002.54
107919,178002.54
107920,178002.54
107998,178002.54
108021,166355.99
108137,161610.99
108190,178002.54
108231,178002.54
108235,178002.54
108237,178002.54
108246,178002.54
108272,178002.54
108277,163186.22
108281,158650.19
108283,178002.54
108285,178002.54
108340,178002.54
108343,178002.54
108401,178002.54
108406,178002.54
108408,168043.73
108410,178002.54
108429,178002.54
108444,174877.55
108447,174877.55
108465,178002.54
108468,178002.54
108479,178002.54
108496,178002.54
108505,178002.54
108512,178002.54
108518,178002.54
108519,178002.54
108524,178002.54
108527,178002.54
108528,178002.54
108545,178002.54
108548,178002.54
108551,178002.54
108557,178002.54
108558,178002.54
108574,178002.54
108580,178002.54
108581,178002.54
108589,178002.54
108654,178002.54
108658,178002.54
108757,178002.54
108771,178002.54
108778,178002.54
108802,178002.54
108814,178002.54
108816,158650.19
108817,178002.54
108832,178002.54
108855,178002.54
108867,178002.54
108886,178002.54
108900,178002.54
108916,174877.55
108948,178002.54
108960,178002.54
108962,178002.54
108983,178002.54
108984,178002.54
108992,178002.54
108993,178002.54
109002,178002.54
109051,178002.54
109135,178002.54
109157,178002.54
109160,178002.54
109175,178002.54
109189,178002.54
109236,178002.54
109250,178002.54
109251,178002.54
109254,178002.54
109323,178002.54
109368,168043.73
109384,178002.54
109388,178002.54
109389,178002.54
109414,178002.54
109434,168043.73
109448,178002.54
109454,178002.54
109455,178002.54
109456,178002.54
109478,178002.54
109488,178002.54
109499,178002.54
109504,178002.54
109509,178002.54
109523,178002.54
109524,178002.54
109525,178002.54
109526,178002.54
109534,178002.54
109546,178002.54
109566,178002.54
109570,178002.54
109577,178002.54
109586,178002.54
109589,178002.54
109597,178002.54
109608,207931.56
109624,219076.95
109633,200692.4
109634,207931.56
109650,237066.74
109651,237066.74
109653,234168.91
109654,235806.97
109656,195991.17
109658,236400.01
109659,207931.56
109661,207931.56
109667,235181.56
109672,232776.76
109673,235181.56
109674,235181.56
109675,235181.56
109690,235181.56
109698,219865.95
109703,200692.4
109710,228593.54
109711,196922.49
109724,191609.49
109729,236400.01
109736,219890.15
109777,235924.42
109778,191609.49
109779,228593.54
109780,228593.54
109781,196922.49
109794,234957.9
109860,196922.49
109861,207931.56
109867,235017.97
109868,235017.97
109876,236400.01
109891,191650.74
109896,237066.74
109903,232181.18
109905,234168.91
109915,234957.9
109925,191332.66
109959,229657.17
109962,194450.73
109985,228332.05
109986,228332.05
110001,228593.54
110013,196922.49
110024,196922.49
110041,227804.54
110055,227215.27
110056,227215.27
110060,235181.56
110065,191609.49
110079,236062.03
110092,234957.9
110099,229657.17
110108,222751.84
110121,235181.56
110130,197771.55
110132,235181.56
110135,235181.56
110136,235181.56
110137,235181.56
110138,235181.56
110139,235181.56
110148,235806.97
110150,232776.76
110158,234168.91
110160,223414.49
110161,223414.49
110180,197771.55
110223,207931.56
110226,234168.91
110236,227804.54
110248,235181.56
110295,228332.05
110319,223414.49
110327,191609.49
110330,228064.34
110335,236861.77
110345,200692.4
110348,207931.56
110349,207931.56
110351,234482.31
110355,201331.48
110365,228593.54
110380,228593.54
110387,236400.01
110392,234168.91
110393,228593.54
110403,227543.06
110452,201331.48
110462,232181.18
110538,228593.54
110626,228593.54
110628,228593.54
110631,207931.56
110642,235806.97
110672,191332.66
110695,228593.54
110698,219076.95
110716,236400.01
110725,235806.97
110733,191332.66
110742,213878.13
110743,194450.73
110747,237066.74
110758,236062.03
110769,228064.34
110780,210996.66
110790,191332.66
110791,191332.66
110792,228593.54
110795,191332.66
110796,219240.54
110797,219240.54
110798,219076.95
110803,234957.9
110807,228593.54
110817,234168.91
110824,191332.66
110854,235181.56
110872,201331.48
110875,207810.21
110883,197771.55
110902,228593.54
110903,225267.12
110912,196922.49
110914,234168.91
110923,227804.54
110934,235181.56
110938,236062.03
110939,236062.03
110945,236861.77
110948,236851.02
110949,236851.02
110964,228593.54
110980,222751.84
110983,219865.95
110992,236400.01
110993,235181.56
110999,235181.56
111000,235181.56
111001,235181.56
111003,235181.56
111005,235181.56
111008,235181.56
111009,235181.56
111014,223414.49
111018,232776.76
111023,223414.49
111031,236062.03
111035,236400.01
111054,206622.65
111059,234168.91
111079,223414.49
111113,235181.56
111114,235181.56
111117,235181.56
111118,235181.56
111119,235181.56
111120,235181.56
111122,235181.56
111123,235181.56
111124,235181.56
111125,235181.56
111127,235181.56
111129,227804.54
111143,196922.49
111147,235181.56
111148,235181.56
111166,228593.54
111167,236400.01
111168,236400.01
111191,218320.28
111196,191332.66
111197,191332.66
111199,223414.49
111208,236400.01
111216,236062.03
111252,194450.73
111255,223414.49
111319,235806.97
111384,235806.97
111386,194450.73
111388,236400.01
111389,235806.97
111394,228593.54
111395,228593.54
111435,228332.05
111446,178130.42
111457,228593.54
111459,235806.97
111463,236400.01
111477,228593.54
111496,219076.95
111506,234957.9
111507,227968.13
111510,191332.66
111512,219240.54
111523,228593.54
111530,228593.54
111531,232776.76
111534,201331.48
111538,191332.66
111554,201331.48
111573,234957.9
111590,235806.97
111598,236861.77
111608,235181.56
111611,191609.49
111621,201331.48
111628,236400.01
111629,234957.9
111633,227804.54
111636,235181.56
111637,235181.56
111658,236400.01
111665,228593.54
111697,234168.91
111703,234957.9
111774,228593.54
111775,235806.97
111820,228593.54
111839,180787.07
111846,234957.9
111850,234168.91
111856,228593.54
111860,234957.9
111865,179710.72
111883,232776.76
111884,232776.76
111885,232776.76
111894,232776.76
111915,236062.03
111924,230759.38
111939,236851.02
111954,228332.05
111965,223414.49
111970,235806.97
111976,223414.49
111987,235806.97
111988,234168.91
112051,229657.17
112063,236400.01
112068,229395.69
112075,207931.56
112157,236062.03
112162,235806.97
112163,235806.97
112227,232776.76
112230,235806.97
112247,233647.65
112271,228593.54
112297,194450.73
112315,219076.95
112335,205244.24
112353,205244.24
112355,464675.25
112367,222520.25
112375,238819.16
112378,238819.16
112388,224206.56
112412,228480.34
112424,464675.25
112431,221446.78
112465,205244.24
112466,205244.24
112474,205244.24
112486,222520.25
112510,224206.56
112511,224206.56
112512,224206.56
112657,283864.16
112663,283864.16
112673,222520.25
112680,222520.25
112681,205244.24
112694,430589.05
112696,224206.56
112713,224206.56
112716,228480.34
112718,228480.34
112720,224206.56
112726,224206.56
112744,224206.56
112748,224206.56
112755,222520.25
112757,430589.05
112780,222520.25
112793,464675.25
112796,283864.16
112816,462857.16
112822,415462.57
112823,415462.57
112825,415462.57
112828,501775.75
112851,464675.25
112872,355136.83
112874,357997.77
112921,464675.25
112925,415462.57
112926,224206.56
112928,415462.57
112929,415462.57
112930,415462.57
112933,464675.25
112938,227452.74
112960,224206.56
112963,224206.56
112970,224206.56
112974,430589.05
112986,223771.29
112987,223771.29
113022,224206.56
113037,429482.45
113109,224206.56
113113,415462.57
113114,415462.57
113163,222520.25
113169,223771.29
113181,227119.63
113206,222520.25
113207,222520.25
113230,223771.29
113231,481305.19
113246,224206.56
113248,223771.29
113313,205244.24
113314,205244.24
113315,205244.24
113320,224206.56
113322,224206.56
113323,224206.56
113326,224206.56
113329,224206.56
113465,357997.77
113468,238819.16
113478,224206.56
113488,236407.97
113491,206011.61
113503,222520.25
113552,239999.4
113568,205244.24
113608,224206.56
113613,223771.29
113616,222520.25
113617,222520.25
113630,224206.56
113644,222520.25
113645,222520.25
113657,501775.75
113662,481305.19
113668,229602.81
113703,224206.56
113704,224206.56
113706,481305.19
113711,223771.29
113750,422836.87
113752,222520.25
113762,357997.77
113804,415462.57
113809,464675.25
113813,223771.29
113831,223771.29
113871,221446.78
113884,224206.56
113888,222520.25
113890,222520.25
113909,228480.34
113922,357997.77
113950,415462.57
113957,349375.75
113995,227119.63
114001,228480.34
114002,228480.34
114007,223771.29
114030,224206.56
114031,224206.56
114139,223771.29
114172,238819.16
114187,236407.97
114200,222520.25
114204,223771.29
114217,223771.29
114242,221926.3
114253,229602.81
114266,224206.56
114276,224206.56
114334,224206.56
114335,224206.56
114336,224206.56
114337,227119.63
114377,229602.81
114379,481305.19
114396,415462.57
114401,223771.29
114405,223771.29
114407,223771.29
114431,415462.57
114432,415462.57
114440,224206.56
114449,221446.78
114454,224206.56
114458,464675.25
114461,224206.56
114468,464675.25
114560,224206.56
114619,223771.29
114634,222520.25
114649,216722.57
114650,205244.24
114658,222520.25
114661,501775.75
114676,222520.25
114684,464675.25
114688,229602.81
114690,349375.75
114698,481305.19
114702,224206.56
114711,229602.81
114717,224206.56
114721,222520.25
114728,221446.78
114732,222520.25
114736,221446.78
114748,224206.56
114764,481305.19
114780,224206.56
114781,205244.24
114790,222520.25
114804,224206.56
114809,464675.25
114812,227119.63
114816,224206.56
114839,222520.25
114847,222520.25
114884,464675.25
114886,430589.05
114887,430589.05
114893,449130.64
114904,138668.05
114941,138668.05
114950,138668.05
114969,142554.22
114993,138668.05
114997,138668.05
115004,143396.46
115020,138668.05
115025,138668.05
115027,138668.05
115078,138668.05
115080,138668.05
115081,138668.05
115082,138668.05
115085,138668.05
115086,138668.05
115087,138668.05
115088,138668.05
115093,142554.22
115098,138668.05
115099,138668.05
115100,138668.05
115178,138668.05
115179,138668.05
115181,138668.05
115243,142554.22
115261,138668.05
115279,138668.05
115316,138668.05
115318,138668.05
115360,138668.05
115394,138668.05
115403,138668.05
115408,138668.05
115412,138668.05
115417,138668.05
115418,138668.05
115422,138668.05
115479,143396.46
115480,143396.46
115481,143396.46
115482,143396.46
115483,143396.46
115485,143396.46
115488,143396.46
115505,138668.05
115506,138668.05
115507,138668.05
115508,138668.05
115509,138668.05
115510,138668.05
115511,138668.05
115512,138668.05
115514,138668.05
115515,138668.05
115516,138668.05
115517,138668.05
115528,138668.05
115536,138668.05
115537,138668.05
115538,138668.05
115539,138668.05
115541,138668.05
115542,138668.05
115543,138668.05
115544,138668.05
115545,138668.05
115548,138668.05
115551,138668.05
115552,138668.05
115553,138668.05
115554,138668.05
115555,138668.05
115559,138668.05
115597,138668.05
115598,138668.05
115642,138668.05
115652,138668.05
115780,138668.05
115818,138668.05
115896,138668.05
115898,138668.05
115900,138668.05
115902,138668.05
115910,143396.46
115927,138668.05
115980,143396.46
115983,138668.05
116008,138668.05
116056,138668.05
116064,138668.05
116065,138668.05
116066,138668.05
116067,138668.05
116068,138668.05
116069,138668.05
116071,138668.05
116072,138668.05
116094,138668.05
116099,138668.05
116105,138668.05
116152,143396.46
116154,143396.46
116173,138668.05
116174,138668.05
116175,138668.05
116176,138668.05
116178,138668.05
116179,138668.05
116189,138668.05
116190,138668.05
116196,138668.05
116197,138668.05
116198,138668.05
116199,138668.05
116205,138668.05
116269,138668.05
116350,138668.05
116434,138668.05
116435,138668.05
116446,138668.05
116471,138668.05
116501,138668.05
116506,138668.05
116507,138668.05
116508,138668.05
116509,138668.05
116547,138668.05
116562,138668.05
116581,138668.05
116634,138668.05
116635,138668.05
116661,138668.05
116675,138668.05
116690,138668.05
116706,138668.05
116787,138668.05
116890,138668.05
116909,138668.05
116920,144836.02
116926,174877.55
116932,138668.05
116934,169751.91
116937,151296.49
116940,151296.49
116941,151296.49
116942,151296.49
116944,151296.49
116945,163186.22
116947,146489.38
116948,146489.38
116950,166355.99
116957,174877.55
116958,174877.55
116959,174877.55
116960,144836.02
116981,138668.05
116988,144836.02
116992,144836.02
117046,174877.55
117055,138668.05
117076,144836.02
117077,144836.02
117078,144836.02
117093,148689.02
117127,138668.05
117128,138668.05
117137,162497.67
117140,174877.55
117145,166355.99
117174,163186.22
117188,166355.99
117201,174877.55
117212,148689.02
117216,138668.05
117220,138668.05
117222,138668.05
117224,138668.05
117225,138668.05
117226,138668.05
117227,144836.02
117232,138668.05
117236,144836.02
117238,148689.02
117239,144836.02
117245,144836.02
117246,174877.55
117247,174877.55
117253,174877.55
117263,146489.38
117265,169751.91
117272,144836.02
117275,144836.02
117278,138668.05
117288,174877.55
117290,144836.02
117313,160358.37
117317,144836.02
117318,144836.02
117325,144836.02
117326,144836.02
117328,144836.02
117331,138668.05
117333,138668.05
117335,138668.05
117345,138668.05
117346,138668.05
117349,144836.02
117359,138668.05
117365,138668.05
117374,174877.55
117416,144836.02
117511,138668.05
117513,144836.02
117514,144836.02
117589,138668.05
117619,138668.05
117632,160358.37
117680,144836.02
117682,144836.02
117688,144836.02
117714,144836.02
117716,138668.05
117718,144836.02
117719,138668.05
117746,144836.02
117750,144836.02
117752,144836.02
117759,176585.74
117772,144836.02
117777,166355.99
117785,144836.02
117788,144836.02
117796,146626.14
117797,167188.46
117803,138668.05
117808,144836.02
117810,159555.23
117821,174877.55
117846,174877.55
117847,174877.55
117848,174877.55
117849,174877.55
117850,174877.55
117851,174877.55
117853,141973.86
117875,159498.76
117888,157790.57
117900,138668.05
117903,165516.09
117906,144836.02
117917,144836.02
117918,164205.86
117919,164205.86
117925,144836.02
117927,160358.37
117931,144836.02
117935,161610.99
117945,174877.55
117953,163186.22
117956,138668.05
117964,144836.02
117965,144836.02
117966,144836.02
117967,144836.02
117968,144836.02
117969,144836.02
117970,144836.02
117974,144836.02
117984,144836.02
117999,144836.02
118001,174877.55
118006,144836.02
118010,156310.65
118020,174877.55
118023,162333.69
118027,144836.02
118030,161610.99
118048,138668.05
118049,144836.02
118056,144836.02
118060,148689.02
118061,144836.02
118062,174877.55
118067,144836.02
118091,138668.05
118094,138668.05
118095,144836.02
118096,138668.05
118097,138668.05
118098,138668.05
118099,144836.02
118100,138668.05
118101,138668.05
118104,144836.02
118109,138668.05
118116,138668.05
118118,138668.05
118125,174877.55
118126,174877.55
118130,174877.55
118132,174877.55
118133,174877.55
118141,174877.55
118148,146489.38
118149,146489.38
118151,144836.02
118157,168064.17
118163,144836.02
118165,138668.05
118168,174877.55
118169,174877.55
118170,174877.55
118178,174877.55
118180,163319.17
118182,163319.17
118186,146489.38
118192,165516.09
118196,144836.02
118198,143396.46
118209,144836.02
118218,144836.02
118229,138668.05
118230,138668.05
118244,138668.05
118250,144836.02
118255,174877.55
118316,144836.02
118319,138668.05
118320,138668.05
118323,178002.54
118437,178002.54
118449,169751.91
118461,168064.17
118491,144836.02
118511,144836.02
118533,138668.05
118555,146489.38
118562,138668.05
118575,144836.02
118578,160853.77
118589,144836.02
118590,144836.02
118612,144836.02
118617,144836.02
118627,146489.38
118637,144836.02
118646,144836.02
118647,144836.02
118650,148689.02
118659,168064.17
118668,174877.55
118669,138668.05
118701,144836.02
118704,174877.55
118826,144836.02
118866,168043.73
118867,144836.02
118869,144836.02
118870,138668.05
118871,138668.05
118872,138668.05
118881,168043.73
118893,174877.55
118894,144836.02
118897,174877.55
118899,144836.02
118908,144836.02
118923,166355.99
118944,160358.37
118965,174877.55
118987,168064.17
119087,144836.02
119092,157790.57
119098,174877.55
119099,174877.55
119143,144836.02
119180,144836.02
119190,144836.02
119207,138668.05
119217,174877.55
119236,179710.72
119246,179710.72
119247,187393.32
119248,155975.0
119251,178002.54
119252,178002.54
119255,179710.72
119259,179710.72
119262,201880.42
119264,179710.72
119275,179710.72
119284,179710.72
119285,179710.72
119291,178002.54
119294,178002.54
119305,178002.54
119306,178038.13
119311,212809.55
119326,151245.33
119328,179710.72
119334,179710.72
119338,179710.72
119341,179710.72
119343,174981.7
119345,178002.54
119346,178002.54
119348,178002.54
119351,179710.72
119374,179710.72
119389,155094.37
119397,155094.37
119398,155094.37
119401,155094.37
119402,179710.72
119403,155094.37
119406,179710.72
119446,165820.15
119505,155094.37
119514,155094.37
119515,155094.37
119516,155094.37
119529,178002.54
119549,155094.37
119561,178002.54
119562,171366.21
119567,155094.37
119572,222108.22
119573,179710.72
119574,179710.72
119575,179710.72
119590,179710.72
119591,179710.72
119605,202158.81
119606,202158.81
119608,203409.02
119609,201880.42
119611,203409.02
119613,201880.42
119621,179710.72
119637,224203.48
119641,179710.72
119647,179710.72
119648,179710.72
119649,179710.72
119650,219865.95
119656,179710.72
119657,179710.72
119658,179710.72
119673,178002.54
119676,178002.54
119680,178002.54
119683,179710.72
119685,212332.55
119703,218920.51
119709,179710.72
119712,176585.74
119724,179710.72
119731,179710.72
119733,179710.72
119735,179710.72
119748,178038.13
119750,178038.13
119754,179710.72
119759,179710.72
119765,185768.77
119768,179710.72
119770,179710.72
119771,179710.72
119792,179710.72
119794,179710.72
119796,179710.72
119798,150736.59
119804,179710.72
119809,179710.72
119811,150736.59
119813,179710.72
119821,179710.72
119824,179710.72
119825,179710.72
119826,179710.72
119830,179710.72
119831,179710.72
119832,179710.72
119833,179710.72
119834,179710.72
119835,179710.72
119842,179710.72
119847,165820.15
119848,179710.72
119857,179710.72
119871,179710.72
119872,179710.72
119873,179710.72
119876,179710.72
119884,225267.12
119931,179710.72
119932,179710.72
119933,179710.72
119934,179710.72
119937,179710.72
119938,179710.72
119939,179710.72
119944,179710.72
120014,164933.46
120072,176585.74
120077,179710.72
120105,179710.72
120107,179710.72
120111,179710.72
120124,160853.77
120132,211837.67
120133,155094.37
120141,179710.72
120165,201880.42
120166,201880.42
120169,179710.72
120176,187393.32
120177,187393.32
120180,179710.72
120181,179710.72
120193,179710.72
120194,179710.72
120196,179710.72
120205,179710.72
120206,179710.72
120207,210996.66
120208,210996.66
120218,187393.32
120223,220929.58
120231,160853.77
120261,179710.72
120262,179710.72
120263,176585.74
120269,179710.72
120273,179710.72
120279,179710.72
120295,163193.3
120298,208720.55
120302,178038.13
120304,178038.13
120305,178038.13
120306,178038.13
120311,178038.13
120312,178038.13
120314,179710.72
120320,178002.54
120326,179710.72
120327,148689.02
120337,148689.02
120338,148689.02
120339,148689.02
120348,179710.72
120349,179710.72
120350,179710.72
120363,150736.59
120365,179710.72
120371,178002.54
120372,178002.54
120378,212332.55
120381,212332.55
120383,179710.72
120385,178002.54
120414,155094.37
120415,155094.37
120417,179710.72
120419,179710.72
120421,179710.72
120499,168836.23
120500,174981.7
120501,220929.58
120515,176585.74
120516,179710.72
120545,179710.72
120548,179710.72
120561,179710.72
120562,179710.72
120564,179710.72
120569,215762.24
120590,220929.58
120591,224203.48
120592,155094.37
120593,179710.72
120596,179710.72
120597,151245.33
120608,179710.72
120609,179710.72
120614,201880.42
120615,201880.42
120616,201880.42
120629,201880.42
120642,187393.32
120643,179710.72
120646,187393.32
120672,220929.58
120675,155975.0
120676,179710.72
120678,208720.55
120687,179710.72
120688,179710.72
120689,179710.72
120691,179710.72
120692,179710.72
120702,179710.72
120715,178038.13
120720,178038.13
120735,219109.28
120743,178002.54
120744,208720.55
120745,179710.72
120749,179710.72
120756,171366.21
120769,179710.72
120803,178002.54
120810,179710.72
120822,179710.72
120832,187393.32
120833,187393.32
120844,208720.55
120851,179710.72
120886,179710.72
120887,179710.72
120895,222108.22
120903,178002.54
120905,179710.72
120906,179710.72
120910,208720.55
120916,179710.72
120918,179710.72
120920,179710.72
120922,179710.72
120924,179710.72
120925,179710.72
120926,179710.72
120960,179710.72
120970,179710.72
120976,179710.72
121014,208720.55
121019,220929.58
121021,176585.74
121025,225267.12
121030,193492.16
121038,188044.15
121041,195761.55
121042,198257.28
121043,198257.28
121045,198257.28
121046,198257.28
121047,198257.28
121048,198257.28
121049,198257.28
121050,198257.28
121051,198257.28
121061,190428.89
121062,190428.89
121064,190428.89
121068,217420.18
121070,217420.18
121085,190428.89
121097,193492.16
121150,195761.55
121158,195761.55
121159,188683.23
121169,195761.55
121172,191609.49
121187,190428.89
121189,198055.99
121192,209385.15
121193,217420.18
121195,192723.33
121204,195927.84
121208,193492.16
121210,195761.55
121219,198257.28
121224,190428.89
121235,198257.28
121236,198257.28
121238,198257.28
121239,198257.28
121240,198257.28
121241,198257.28
121242,198257.28
121243,198257.28
121244,190428.89
121246,196386.73
121249,193492.16
121251,196369.3
121256,196844.96
121257,196844.96
121258,196844.96
121264,191118.91
121265,190428.89
121270,198257.28
121274,188683.23
121280,198055.99
121282,198257.28
121283,190428.89
121286,190428.89
121295,193448.34
121296,193492.16
121299,193492.16
121300,191118.91
121301,195761.55
121307,193492.16
121308,193492.16
121311,193448.34
121315,195761.55
121320,187520.43
121321,198257.28
121323,217420.18
121324,217420.18
121331,217420.18
121333,217420.18
121335,217420.18
121337,187520.43
121338,187520.43
121339,187520.43
121343,188683.23
121346,195761.55
121347,195761.55
121348,195761.55
121350,195761.55
121351,195761.55
121352,195761.55
121364,217420.18
121365,217420.18
121373,195761.55
121375,188159.51
121376,193492.16
121377,195761.55
121385,195761.55
121397,193492.16
121400,195927.84
121402,190428.89
121408,190428.89
121444,185740.04
121452,190760.42
121455,190952.61
121538,195761.55
121544,193492.16
121597,195761.55
121647,187520.43
121688,190760.42
121697,188683.23
121707,195761.55
121708,195761.55
121710,188683.23
121716,185740.04
121723,189829.1
121739,188044.15
121742,188683.23
121746,188683.23
121751,190952.61
121756,192723.33
121757,196369.3
121765,192723.33
121766,192723.33
121767,192723.33
121771,198257.28
121777,195761.55
121781,187520.43
121787,190952.61
121788,193492.16
121793,198257.28
121802,188044.15
121807,195761.55
121822,198257.28
121824,195761.55
121825,190428.89
121826,190952.61
121829,193492.16
121843,195927.84
121847,196844.96
121848,196844.96
121849,193448.34
121850,198257.28
121854,191560.36
121857,195761.55
121868,195761.55
121878,193448.34
121884,193492.16
121892,190952.61
121899,190760.42
121900,190760.42
121901,190760.42
121909,193448.34
121923,198072.8
121927,195761.55
121930,190428.89
121932,190428.89
121935,190952.61
121941,196369.3
121944,195761.55
121948,195761.55
121954,187520.43
121964,198055.99
121966,195761.55
121970,188044.15
121984,195761.55
121993,195761.55
122033,188044.15
122036,217586.48
122044,186263.76
122165,198257.28
122166,198257.28
122167,190952.61
122168,190935.65
122169,190935.65
122195,190428.89
122197,193247.05
122214,191609.49
122219,195761.55
122225,196844.96
122241,195761.55
122249,195761.55
122262,191609.49
122277,195761.55
122282,193492.16
122294,196369.3
122299,197906.5
122302,193492.16
122311,195761.55
122313,195761.55
122315,190952.61
122318,188683.23
122321,191609.49
122322,191609.49
122323,195761.55
122330,217420.18
122331,217420.18
122332,217420.18
122333,217420.18
122337,191609.49
122340,190952.61
122347,195761.55
122350,190952.61
122351,196369.3
122362,195761.55
122370,196844.96
122371,196844.96
122373,196844.96
122377,198055.99
122382,193247.05
122398,209385.15
122404,198257.28
122405,195761.55
122410,198055.99
122411,188683.23
122412,197906.5
122434,186263.76
122442,187520.43
122454,195761.55
122458,195761.55
122459,195761.55
122467,195761.55
122472,217420.18
122474,195761.55
122475,187520.43
122500,193492.16
122559,193492.16
122560,195761.55
122561,190952.61
122586,190428.89
122599,195927.84
122602,191609.49
122614,195761.55
122616,195761.55
122622,193492.16
122637,192723.33
122644,192723.33
122647,190952.61
122665,196844.96
122667,192723.33
122669,191560.36
122687,195761.55
122695,191560.36
122699,217420.18
122701,190428.89
122703,195761.55
122744,193492.16
122752,195761.55
122762,193492.16
122768,217420.18
122783,195761.55
122784,204873.52
122787,195761.55
122788,190428.89
122792,193492.16
122881,195761.55
122882,190952.61
122900,175717.69
122901,175717.69
122902,175717.69
122903,175717.69
122904,175717.69
122909,178002.54
122927,178002.54
122928,178002.54
122929,178002.54
122932,178002.54
122934,178002.54
122935,178002.54
122947,178002.54
122969,178002.54
122987,178002.54
123070,178002.54
123079,178002.54
123083,178002.54
123092,175717.69
123093,175717.69
123094,175717.69
123095,175717.69
123129,175717.69
123153,178002.54
123165,176422.24
123176,178002.54
123196,177298.0
123248,176422.24
123310,178002.54
123311,178002.54
123312,178002.54
123323,178002.54
123325,178002.54
123326,178002.54
123327,178002.54
123328,178002.54
123331,178002.54
123335,178002.54
123338,178002.54
123400,175717.69
123480,178002.54
123558,176422.24
123572,178002.54
123576,176422.24
123579,178002.54
123580,178002.54
123588,176422.24
123592,176422.24
123595,178002.54
123605,178002.54
123612,178002.54
123620,175717.69
123623,175717.69
123624,175717.69
123657,176422.24
123658,176422.24
123686,175717.69
123734,178002.54
123749,176422.24
123759,175717.69
123760,177298.0
123767,178002.54
123768,178002.54
123808,176422.24
123815,177298.0
123825,176422.24
123835,178002.54
123868,178002.54
123869,178002.54
123870,178002.54
123874,178002.54
123877,178002.54
123892,178002.54
123898,175717.69
123900,177298.0
123903,178002.54
123905,178002.54
124032,178002.54
124034,176422.24
124036,178002.54
124038,178002.54
124039,178002.54
124044,178002.54
124059,176422.24
124070,175717.69
124071,175717.69
124072,175717.69
124073,175717.69
124074,175717.69
124094,176422.24
124096,178002.54
124109,178002.54
124118,178002.54
124125,178002.54
124138,178002.54
124178,178002.54
124187,177298.0
124197,178002.54
124213,177298.0
124214,178002.54
124228,177298.0
124263,176422.24
124339,178002.54
124357,178002.54
124364,177298.0
124380,178002.54
124392,176422.24
124494,175717.69
124500,178002.54
124536,178002.54
124537,178002.54
124540,178002.54
124548,178002.54
124597,178002.54
124642,178002.54
124646,177298.0
124648,177298.0
124662,178002.54
124688,293926.04
124693,283493.44
124707,293514.48
124714,235017.97
124716,293926.04
124731,238816.07
124737,313873.66
124747,290610.67
124759,235181.56
124777,293514.48
124787,293926.04
124796,235017.97
124799,290447.08
124813,235017.97
124819,293514.48
124894,290447.08
124915,293926.04
124962,296829.85
124978,290610.67
124993,290610.67
125005,293514.48
125014,235181.56
125016,294203.91
125020,293926.04
125023,235017.97
125027,290447.08
125044,290447.08
125045,290447.08
125046,235017.97
125050,282738.59
125072,290610.67
125073,293762.45
125086,235017.97
125100,313873.66
125117,266277.44
125118,266277.44
125120,290447.08
125125,235181.56
125130,294367.5
125134,290610.67
125136,290447.08
125141,293926.04
125188,309907.62
125200,290447.08
125203,290610.67
125204,290447.08
125275,235017.97
125291,293762.45
125317,293762.45
125332,290447.08
125345,290447.08
125351,296829.85
125357,293926.04
125359,235181.56
125375,293926.04
125380,293926.04
125404,235181.56
125406,312368.46
125422,293926.04
125431,290447.08
125433,288205.86
125434,235017.97
125435,235017.97
125444,313873.66
125466,290447.08
125506,318580.82
125546,238816.07
125554,316334.51
125568,235181.56
125569,235181.56
125573,293514.48
125579,293762.45
125581,235181.56
125583,282738.59
125587,228064.34
125596,229403.48
125618,293514.48
125621,293762.45
125632,235181.56
125639,313873.66
125642,270170.96
125645,235017.97
125694,290447.08
125695,318580.82
125696,312368.46
125714,235181.56
125716,312368.46
125727,235017.97
125734,288205.86
125736,238816.07
125739,293514.48
125744,316334.51
125756,290447.08
125764,309907.62
125766,293926.04
125776,294203.91
125777,294203.91
125783,293926.04
125784,293926.04
125791,293926.04
125822,313873.66
125824,293762.45
125828,229403.48
125829,232776.76
125841,293514.48
309591,305363.52
309611,216722.57
309613,316334.51
309658,327747.97
309661,353775.59
309667,316007.36
309669,324680.57
309678,237312.17
309692,316007.36
309700,205244.24
309707,327747.97
309714,316007.36
309731,283662.87
309734,205244.24
309735,283864.16
309770,455444.26
309817,235806.97
309819,195761.55
320845,236400.01
320872,238015.35
320929,235806.97
320931,235806.97
320932,235806.97
320937,235806.97
320938,235806.97
320940,238015.35
320948,238015.35
320950,238015.35
320954,235806.97
320969,247333.21
320974,237465.07
320998,235806.97
321002,235806.97
321004,238015.35
321023,229657.17
321055,236400.01
321067,238015.35
321080,235806.97
321083,238015.35
321122,236861.77
321127,236400.01
321128,236400.01
321229,238015.35
321231,238015.35
321249,238015.35
321250,238015.35
321258,235806.97
321259,238015.35
321260,235806.97
321262,235806.97
321270,235806.97
321272,236400.01
321278,247333.21
321286,235806.97
321288,235806.97
321289,235806.97
321307,236400.01
321311,236400.01
321316,236400.01
321317,235806.97
321318,235806.97
321319,235806.97
321321,235806.97
321322,235806.97
321323,235806.97
321324,235806.97
321340,237465.07
321346,237465.07
321352,238015.35
321392,236400.01
321393,238015.35
321399,238015.35
321407,235806.97
321428,237465.07
321429,238015.35
321431,238015.35
321455,236400.01
321463,238015.35
321480,239605.07
321540,238015.35
321551,236861.77
321559,236400.01
321561,235806.97
321567,240737.76
321568,235806.97
321570,236400.01
321573,236400.01
321574,235806.97
321575,238015.35
321577,235806.97
321581,235806.97
321582,235806.97
321583,235806.97
321595,235806.97
321616,238015.35
321656,239605.07
321674,237465.07
321677,236400.01
321730,235806.97
321734,235806.97
321736,235806.97
321737,235806.97
321739,231919.69
321747,247333.21
321749,235806.97
321757,237465.07
321758,237465.07
321762,236861.77
321817,236400.01
321831,238015.35
321834,238015.35
321874,238015.35
321877,236400.01
321883,238015.35
321903,235806.97
321918,238015.35
321940,236400.01
321942,236400.01
321949,205571.87
321950,264769.46
321960,278442.64
321961,278442.64
321965,226073.64
321975,306605.16
321980,283580.46
321989,229748.52
321990,306605.16
322003,151245.33
322025,240913.18
322027,311368.93
322029,283580.46
322038,306605.16
322041,301328.63
322042,276213.0
322045,294867.97
322046,294867.97
322092,234801.23
322107,247041.64
322110,280892.32
322111,234801.23
322112,234801.23
322114,234801.23
322115,234801.23
322116,281199.2
322119,234801.23
322121,306605.16
322132,299837.63
322133,299837.63
322144,301635.51
322156,306605.16
322181,148689.02
322197,270623.07
322220,301328.63
322244,226073.64
322256,230411.17
322271,292369.93
322281,205571.87
322300,278442.64
322304,282647.06
322310,151245.33
322330,283580.46
322332,283580.46
322335,240913.18
322339,230411.17
322360,306605.16
322362,225316.97
322436,301635.51
322445,285228.49
322476,301328.63
322494,146702.27
322500,234801.23
322501,234801.23
322505,234801.23
322517,285535.37
322518,285228.49
322526,301328.63
322527,285535.37
322531,283580.46
322533,301635.51
322534,305737.87
322536,305737.87
322548,215834.01
322553,226886.84
322579,285228.49
322583,306605.16
322591,301328.63
322610,255793.88
322620,234539.74
322630,218200.19
322645,238015.35
322651,283273.58
322653,306605.16
322671,304419.27
322695,273635.88
322712,283580.46
322715,145952.77
322732,226073.64
322741,254960.27
322744,306605.16
322757,299837.63
322769,243964.39
322786,230411.17
322789,311249.53
322800,162208.36
322807,151245.33
322808,234801.23
322810,301635.51
322816,285535.37
322833,294867.97
322871,234801.23
322980,234801.23
322981,285535.37
322983,234801.23
322984,234801.23
322985,234801.23
322986,234801.23
322987,234801.23
322990,234801.23
323000,229748.52
323002,238015.35
323011,297339.58
323013,301328.63
323017,305737.87
323032,226073.64
323066,234801.23
323069,306605.16
323077,306605.16
323085,270623.07
323088,308917.79
323101,306605.16
323102,270623.07
323122,281199.2
323169,148689.02
323189,234801.23
323192,148689.02
323194,230411.17
323197,306605.16
323198,226073.64
323233,306605.16
323254,240913.18
323308,283580.46
323310,296300.67
323318,203763.28
323325,215696.91
323330,301635.51
323339,268666.23
323342,285535.37
323349,230411.17
323382,148689.02
323396,301635.51
323403,215154.09
323412,301635.51
323413,230411.17
323421,285228.49
323425,151245.33
323433,306605.16
323434,156049.47
323446,201848.09
323459,234539.74
323487,226073.64
323518,301635.51
323536,201848.09
323549,281199.2
323552,229748.52
323608,201848.09
323617,238544.47
323622,306298.29
323629,304419.27
323656,240913.18
323664,151245.33
323668,301635.51
323678,234801.23
323703,230411.17
323710,283580.46
323722,270316.2
323723,301328.63
323780,230411.17
323792,234801.23
323831,240913.18
323894,472714.36
323911,234539.74
323917,234539.74
323926,227791.13
323944,234539.74
324001,234539.74
324006,234801.23
324023,233386.16
324032,234801.23
324058,238015.35
324078,238015.35
324079,234539.74
324118,234539.74
324146,234539.74
324152,234801.23
324158,512450.15
324160,469775.1
324236,495886.46
324287,711752.35
324306,629821.84
324371,629574.63
324381,315351.89
324395,459958.48
324415,605719.05
324417,497982.95
324418,497982.95
324454,324736.87
324455,319559.02
324497,310707.52
324557,674301.57
324596,512450.15
324605,641619.44
324608,711752.35
324616,310707.52
324628,629574.63
324634,606956.34
324666,310707.52
324716,459958.48
324721,597139.71
324723,502633.53
324784,469775.1
324797,606956.34
324814,320327.64
324819,310707.52
324846,641619.44
324904,548028.2
324941,512450.15
325010,641619.44
325044,626289.47
325045,320327.64
695288,178002.54
695340,144836.02
695354,143396.46
695495,139916.89
695510,138668.05
695519,458827.82
695520,458827.82
695565,178002.54
695596,178002.54
695610,178002.54
695611,178002.54
695614,178002.54
695615,178002.54
695631,174046.96
695794,223414.49
695813,198257.28
695828,236062.03
695877,235181.56
696061,205244.24
696119,205244.24
696129,464675.25
696183,186935.71
696223,427588.19
696268,179710.72
696269,179710.72
696272,179710.72
696273,179710.72
696329,179710.72
696334,179710.72
696336,179710.72
696337,179710.72
696338,179710.72
696339,179710.72
696340,179710.72
696352,179710.72
696357,179710.72
696508,194881.15
696512,194900.47
696609,192077.2
696610,195991.17
696645,176422.24
712644,668839.17
712653,668839.17
712676,668839.17
712685,668839.17
712690,668839.17
712692,668839.17
712748,668839.17
712750,668839.17
712751,668839.17
712768,668839.17
712776,668839.17
712780,668839.17
712788,668839.17
712794,668839.17
712816,668839.17
712817,668839.17
712818,668839.17
712823,668839.17
712835,668839.17
712852,668839.17
712858,668839.17
712871,668839.17
712880,668839.17
712881,668839.17
712890,668839.17
712901,668839.17
712917,668839.17
712999,668839.17
713027,668839.17
713050,668839.17
713084,668839.17
713098,668839.17
713109,668839.17
713127,668839.17
713151,668839.17
713157,668839.17
713159,668839.17
713160,668839.17
713169,668839.17
713182,668839.17
713190,668839.17
713192,668839.17
713197,668839.17
713213,668839.17
713216,668839.17
713247,668839.17
713251,668839.17
713264,668839.17
713309,668839.17
713319,668839.17
713341,668839.17
713350,668839.17
713375,668839.17
713391,668839.17
713394,668839.17
713420,668839.17
713421,668839.17
713429,668839.17
713432,668839.17
713434,668839.17
713437,668839.17
713469,668839.17
713476,668839.17
713477,668839.17
713501,668839.17
713507,668839.17
713536,668839.17
713544,668839.17
713560,668839.17
713580,668839.17
713651,668839.17
713656,668839.17
713740,668839.17
713800,668839.17
713801,668839.17
713806,668839.17
713820,668839.17
713823,668839.17
713847,668839.17
713864,668839.17
713866,668839.17
713868,668839.17
713878,668839.17
713881,668839.17
713897,668839.17
713934,668839.17
713939,668839.17
713950,668839.17
713991,668839.17
713993,668839.17
714003,668839.17
714017,668839.17
714021,668839.17
714026,668839.17
714064,668839.17
714174,668839.17
714196,668839.17
714262,668839.17
714353,668839.17
714369,668839.17
714374,668839.17
714385,668839.17
714393,668839.17
714398,668839.17
714412,668839.17
714415,668839.17
714417,668839.17
714430,668839.17
714507,668839.17
714555,668839.17
714586,668839.17
714587,668839.17
714609,668839.17
714636,668839.17
714676,668839.17
714689,668839.17
714713,668839.17
714721,668839.17
714725,668839.17
714774,668839.17
714784,668839.17
714821,668839.17
714833,668839.17
714858,668839.17
714864,668839.17
714871,668839.17
714874,668839.17
714890,668839.17
714911,668839.17
714930,668839.17
714957,668839.17
714970,668839.17
715017,668839.17
715034,668839.17
715036,668839.17
715051,668839.17
715078,668839.17
715080,668839.17
715127,668839.17
715142,668839.17
715176,668839.17
715189,668839.17
715195,668839.17
715196,668839.17
715264,668839.17
715291,668839.17
715295,668839.17
715297,668839.17
715305,668839.17
715309,668839.17
715319,668839.17
715321,668839.17
715381,668839.17
715383,668839.17
715402,668839.17
715413,668839.17
715440,668839.17
715490,668839.17
715496,668839.17
715529,668839.17
715546,668839.17
715580,668839.17
715584,668839.17
715594,668839.17
715611,668839.17
715628,668839.17
715643,668839.17
715645,668839.17
715666,668839.17
715669,668839.17
715756,668839.17
715761,668839.17
715771,668839.17
715775,668839.17
715779,668839.17
715783,668839.17
715789,668839.17
715799,668839.17
715801,668839.17
715802,668839.17
715816,668839.17
715819,668839.17
715854,668839.17
715885,668839.17
715904,668839.17
715909,668839.17
715926,668839.17
715960,668839.17
715975,668839.17
715987,668839.17
715991,668839.17
716004,668839.17
716016,668839.17
716034,668839.17
716036,668839.17
716062,668839.17
716088,668839.17
716090,668839.17
716098,668839.17
716112,668839.17
716122,668839.17
716135,668839.17
716165,668839.17
716198,668839.17
716225,668839.17
716229,668839.17
716230,668839.17
716233,668839.17
716243,668839.17
716251,668839.17
716252,668839.17
716270,668839.17
716289,668839.17
716355,668839.17
716367,668839.17
716371,668839.17
716379,668839.17
716381,668839.17
716388,668839.17
716430,668839.17
716437,668839.17
716439,668839.17
716453,668839.17
716459,668839.17
716475,668839.17
716495,668839.17
716516,668839.17
716564,668839.17
716566,668839.17
716646,668839.17
716652,668839.17
716677,668839.17
716680,668839.17
716696,668839.17
716716,668839.17
716750,668839.17
716759,668839.17
716761,668839.17
716822,668839.17
716839,668839.17
716905,668839.17
716942,668839.17
716964,668839.17
717008,668839.17
717022,668839.17
717046,668839.17
717110,668839.17
717123,668839.17
717146,668839.17
717179,668839.17
717184,668839.17
717187,668839.17
717188,668839.17
717189,668839.17
717195,668839.17
717197,668839.17
717227,668839.17
717270,668839.17
717303,668839.17
717333,668839.17
717335,668839.17
717342,668839.17
717358,668839.17
717374,668839.17
717386,668839.17
717417,668839.17
717491,668839.17
717502,668839.17
717549,668839.17
717570,668839.17
717574,668839.17
717602,668839.17
717626,668839.17
717630,668839.17
717635,668839.17
717641,668839.17
717648,668839.17
717652,668839.17
717689,668839.17
717727,668839.17
717783,668839.17
717808,668839.17
717824,668839.17
717869,668839.17
717986,668839.17
717995,668839.17
717997,668839.17
717999,668839.17
718069,668839.17
718109,668839.17
718113,668839.17
718134,668839.17
718135,668839.17
718144,668839.17
718171,668839.17
718212,668839.17
718229,668839.17
718242,668839.17
718310,668839.17
718329,668839.17
718331,668839.17
718349,668839.17
718436,668839.17
718506,668839.17
718581,668839.17
718620,668839.17
718648,668839.17
718653,668839.17
718675,668839.17
718683,668839.17
718696,668839.17
718697,668839.17
718773,668839.17
718786,668839.17
718806,668839.17
718811,668839.17
718812,668839.17
718841,668839.17
718869,668839.17
718891,668839.17
718902,668839.17
718919,668839.17
718930,668839.17
718970,668839.17
719018,668839.17
719060,668839.17
719062,668839.17
719065,668839.17
719076,668839.17
719091,668839.17
719120,668839.17
719146,668839.17
719186,668839.17
719188,668839.17
719197,668839.17
719201,668839.17
719203,668839.17
719208,668839.17
719210,668839.17
719216,668839.17
719224,668839.17
719246,668839.17
719258,668839.17
719300,668839.17
719334,668839.17
719360,668839.17
719377,668839.17
719415,668839.17
719424,668839.17
719429,668839.17
719445,668839.17
719446,668839.17
719469,668839.17
719503,668839.17
719537,668839.17
719593,668839.17
719616,668839.17
719642,668839.17
719655,668839.17
719693,668839.17
719720,668839.17
719747,668839.17
719748,668839.17
719754,668839.17
719784,668839.17
719794,668839.17
719802,668839.17
719806,668839.17
719810,668839.17
719812,668839.17
719828,668839.17
719833,668839.17
719882,668839.17
719895,668839.17
719909,668839.17
719971,668839.17
720043,668839.17
720108,668839.17
720119,668839.17
720163,668839.17
720166,668839.17
720188,668839.17
720194,668839.17
720274,668839.17
720292,668839.17
720296,668839.17
720304,668839.17
720323,668839.17
720342,668839.17
720348,668839.17
720379,668839.17
720386,668839.17
720388,668839.17
720393,668839.17
720398,668839.17
720403,668839.17
720409,668839.17
720440,668839.17
720450,668839.17
720481,668839.17
720530,668839.17
720534,668839.17
720549,668839.17
720550,668839.17
720609,668839.17
720629,668839.17
720646,668839.17
720649,668839.17
720659,668839.17
720745,668839.17
720753,668839.17
720789,668839.17
720879,668839.17
720899,668839.17
720909,668839.17
720925,668839.17
720932,668839.17
720950,668839.17
720956,668839.17
720964,668839.17
720970,668839.17
720997,668839.17
721019,668839.17
721074,668839.17
721104,668839.17
721128,668839.17
721132,668839.17
721135,668839.17
721138,668839.17
721169,668839.17
721241,668839.17
721303,668839.17
721327,668839.17
721355,668839.17
721380,668839.17
721384,668839.17
721403,668839.17
721426,668839.17
721462,668839.17
721473,668839.17
721548,668839.17
721568,668839.17
721574,668839.17
721579,668839.17
721598,668839.17
721634,668839.17
721647,668839.17
721701,668839.17
721727,668839.17
721746,668839.17
721751,668839.17
721773,668839.17
721806,668839.17
721859,668839.17
721869,668839.17
721922,668839.17
722035,668839.17
722036,668839.17
722125,668839.17
722131,668839.17
722173,668839.17
722181,668839.17
722212,668839.17
722250,668839.17
722257,668839.17
722262,668839.17
722278,668839.17
722288,668839.17
722289,668839.17
722312,668839.17
722332,668839.17
722333,668839.17
722344,668839.17
722356,668839.17
722360,668839.17
722388,668839.17
722430,668839.17
722458,668839.17
722486,668839.17
722515,668839.17
722557,668839.17
722582,668839.17
722592,668839.17
722603,668839.17
722611,668839.17
722612,668839.17
722613,668839.17
722617,668839.17
722639,668839.17
722669,668839.17
722794,668839.17
722805,668839.17
722979,668839.17
722991,668839.17
722996,668839.17
723017,668839.17
723054,668839.17
723133,668839.17
723238,668839.17
723261,668839.17
723269,668839.17
723341,668839.17
723364,668839.17
723370,668839.17
723418,668839.17
723439,668839.17
723497,668839.17
723503,668839.17
723527,668839.17
723559,668839.17
723569,668839.17
723575,668839.17
723590,668839.17
723636,668839.17
723646,668839.17
723662,668839.17
723694,668839.17
723703,668839.17
723705,668839.17
723726,668839.17
723746,668839.17
723756,668839.17
723769,668839.17
723775,668839.17
723789,668839.17
723793,668839.17
723826,668839.17
723846,668839.17
723856,668839.17
723936,668839.17
723944,668839.17
723996,668839.17
724017,668839.17
724019,668839.17
724048,668839.17
724049,668839.17
724059,668839.17
724070,668839.17
724209,668839.17
724225,668839.17
724230,668839.17
724234,668839.17
724247,668839.17
724249,668839.17
724273,668839.17
724294,668839.17
724309,668839.17
724315,668839.17
724343,668839.17
724348,668839.17
724352,668839.17
724357,668839.17
724385,668839.17
724424,668839.17
724532,668839.17
724560,668839.17
724606,668839.17
724640,668839.17
724671,668839.17
724797,668839.17
724820,668839.17
724847,668839.17
724947,668839.17
724960,668839.17
724977,668839.17
724987,668839.17
725073,668839.17
725121,668839.17
725177,668839.17
725180,668839.17
725186,668839.17
725367,668839.17
725435,668839.17
725481,668839.17
725560,668839.17
725581,668839.17
725620,668839.17
725646,668839.17
725648,668839.17
725681,668839.17
725683,668839.17
725741,668839.17
725753,668839.17
725778,668839.17
725811,668839.17
725875,668839.17
725997,668839.17
726011,668839.17
726050,668839.17
726064,668839.17
726121,668839.17
726144,668839.17
726145,668839.17
726174,668839.17
726332,668839.17
726351,668839.17
726359,668839.17
726443,668839.17
726459,668839.17
726460,668839.17
726461,668839.17
726470,668839.17
726488,668839.17
726491,668839.17
726518,668839.17
726642,668839.17
726643,668839.17
726678,668839.17
726698,668839.17
726797,668839.17
726850,668839.17
726887,668839.17
726898,668839.17
726904,668839.17
726915,668839.17
726976,668839.17
727014,668839.17
727021,668839.17
727064,668839.17
727101,668839.17
727114,668839.17
727129,668839.17
727142,668839.17
727160,668839.17
727168,668839.17
727178,668839.17
727188,668839.17
727198,668839.17
727202,668839.17
727275,668839.17
727322,668839.17
727334,668839.17
727345,668839.17
727359,668839.17
727364,668839.17
727433,668839.17
727438,668839.17
727490,668839.17
727503,668839.17
727540,668839.17
727542,668839.17
727585,668839.17
727593,668839.17
727615,668839.17
727627,668839.17
727655,668839.17
727691,668839.17
727694,668839.17
727811,668839.17
727895,668839.17
728058,668839.17
728078,668839.17
728243,668839.17
728309,668839.17
728352,668839.17
728363,668839.17
728364,668839.17
728431,668839.17
728500,668839.17
728503,668839.17
728529,668839.17
728582,668839.17
728586,668839.17
728694,668839.17
728709,668839.17
728713,668839.17
728796,668839.17
728798,668839.17
728926,668839.17
728950,668839.17
728966,668839.17
728985,668839.17
729017,668839.17
729075,668839.17
729111,668839.17
729119,668839.17
729136,668839.17
729148,668839.17
729174,668839.17
729177,668839.17
729181,668839.17
729203,668839.17
729210,668839.17
729226,668839.17
729265,668839.17
729341,668839.17
729380,668839.17
729400,668839.17
729445,668839.17
729455,668839.17
729464,668839.17
729510,668839.17
729514,668839.17
729528,668839.17
729536,668839.17
729540,668839.17
729554,668839.17
729607,668839.17
729608,668839.17
729625,668839.17
729641,668839.17
729644,668839.17
729663,668839.17
729721,668839.17
729768,668839.17
729773,668839.17
729782,668839.17
729789,668839.17
729812,668839.17
729831,668839.17
729845,668839.17
729990,668839.17
730059,668839.17
730106,668839.17
730114,668839.17
730131,668839.17
730151,668839.17
730265,668839.17
730294,668839.17
730332,668839.17
730363,668839.17
730414,668839.17
730524,668839.17
730596,668839.17
730640,668839.17
730686,668839.17
730881,668839.17
730894,668839.17
730939,668839.17
731035,668839.17
731059,668839.17
731100,668839.17
731187,668839.17
731206,668839.17
731217,668839.17
731226,668839.17
731245,668839.17
731327,668839.17
731364,668839.17
731419,668839.17
731420,668839.17
731429,668839.17
731450,668839.17
731474,668839.17
731507,668839.17
731508,668839.17
731588,668839.17
731696,668839.17
731757,668839.17
731801,668839.17
731833,668839.17
731851,668839.17
731874,668839.17
732027,668839.17
732100,668839.17
732211,668839.17
732262,668839.17
732403,668839.17
732408,668839.17
732440,668839.17
732456,668839.17
732495,668839.17
732512,668839.17
732513,668839.17
732518,668839.17
732657,668839.17
732818,668839.17
732911,668839.17
732929,668839.17
732954,668839.17
732965,668839.17
732970,668839.17
732998,668839.17
733071,668839.17
733086,668839.17
733135,668839.17
733209,668839.17
733485,668839.17
733560,668839.17
733655,668839.17
733708,668839.17
733722,668839.17
733753,668839.17
733774,668839.17
733855,668839.17
733856,668839.17
733903,668839.17
733907,668839.17
733919,668839.17
734011,668839.17
734023,668839.17
734094,668839.17
734149,668839.17
734159,668839.17
734160,668839.17
734181,668839.17
734275,668839.17
734658,668839.17
734708,668839.17
734725,668839.17
734836,668839.17
735000,668839.17
735007,668839.17
735055,668839.17
735124,668839.17
735158,668839.17
735189,668839.17
735216,668839.17
735230,668839.17
735232,668839.17
735250,668839.17
735298,668839.17
735355,668839.17
735484,668839.17
735490,668839.17
735491,668839.17
735493,668839.17
735505,668839.17
735533,668839.17
735555,668839.17
735561,668839.17
735562,668839.17
735614,668839.17
735627,668839.17
735634,668839.17
735698,668839.17
735797,668839.17
735802,668839.17
735891,668839.17
735983,668839.17
736002,668839.17
736030,668839.17
736051,668839.17
736089,668839.17
736143,668839.17
736169,668839.17
736175,668839.17
736225,668839.17
736311,668839.17
736320,668839.17
736337,668839.17
736397,668839.17
736443,668839.17
736489,668839.17
736635,668839.17
736651,668839.17
736721,668839.17
736740,668839.17
736799,668839.17
736983,668839.17
737015,668839.17
737075,668839.17
737150,668839.17
737209,668839.17
737263,668839.17
737285,668839.17
737397,668839.17
737458,668839.17
737514,668839.17
737665,668839.17
737976,668839.17
738028,668839.17
738143,668839.17
738160,668839.17
738192,668839.17
738314,668839.17
738320,668839.17
738381,668839.17
738406,668839.17
738433,668839.17
738489,668839.17
738491,668839.17
738574,668839.17
738723,668839.17
738880,668839.17
738920,668839.17
739033,668839.17
739042,668839.17
739182,668839.17
739254,668839.17
739359,668839.17
739360,668839.17
739364,668839.17
739430,668839.17
739497,668839.17
739563,668839.17
739581,668839.17
739670,668839.17
739702,668839.17
739717,668839.17
739824,668839.17
740070,668839.17
740158,668839.17
740377,668839.17
740499,668839.17
740572,668839.17
740609,668839.17
740798,668839.17
740914,668839.17
740915,668839.17
740917,668839.17
740932,668839.17
740974,668839.17
740993,668839.17
740998,668839.17
741000,668839.17
741002,668839.17
741008,668839.17
741036,668839.17
741047,668839.17
741111,668839.17
741171,668839.17
741174,668839.17
741203,668839.17
741205,668839.17
741232,668839.17
741270,668839.17
741294,668839.17
741312,668839.17
741313,668839.17
741329,668839.17
741401,668839.17
741416,668839.17
741433,668839.17
741457,668839.17
741533,668839.17
741591,668839.17
741682,668839.17
741699,668839.17
741808,668839.17
741810,668839.17
741811,668839.17
741813,668839.17
741824,668839.17
741842,668839.17
741844,668839.17
741999,668839.17
742049,668839.17
742278,668839.17
742444,668839.17
742500,668839.17
742512,668839.17
742534,668839.17
742552,668839.17
742592,668839.17
742595,668839.17
742813,668839.17
742839,668839.17
743024,668839.17
743072,668839.17
743084,668839.17
743131,668839.17
743197,668839.17
743226,668839.17
743233,668839.17
743243,668839.17
743310,668839.17
743424,668839.17
743645,668839.17
743678,668839.17
743689,668839.17
743736,668839.17
743938,668839.17
744009,668839.17
744134,668839.17
744142,668839.17
744196,668839.17
744806,668839.17
744824,668839.17
744870,668839.17
744879,668839.17
744924,668839.17
745039,668839.17
745099,668839.17
745109,668839.17
745286,668839.17
745287,668839.17
745364,668839.17
745581,668839.17
745614,668839.17
745630,668839.17
745696,668839.17
745726,668839.17
745763,668839.17
745819,668839.17
745898,668839.17
745924,668839.17
745960,668839.17
746269,668839.17
746297,668839.17
746353,668839.17
746361,668839.17
746390,668839.17
746450,668839.17
746513,668839.17
746565,668839.17
746720,668839.17
746732,668839.17
746769,668839.17
746790,668839.17
746846,668839.17
746847,668839.17
746901,668839.17
747013,668839.17
747015,668839.17
747085,668839.17
747090,668839.17
747139,668839.17
747310,668839.17
747474,668839.17
747521,668839.17
747537,668839.17
747736,668839.17
747743,668839.17
747759,668839.17
747810,668839.17
747995,668839.17
748013,668839.17
748040,668839.17
748058,668839.17
748060,668839.17
748073,668839.17
748106,668839.17
748145,668839.17
748150,668839.17
748172,668839.17
748287,668839.17
748308,668839.17
748311,668839.17
748429,668839.17
748523,668839.17
748544,668839.17
748713,668839.17
748836,668839.17
748845,668839.17
748856,668839.17
748895,668839.17
748962,668839.17
749165,668839.17
749218,668839.17
749232,668839.17
749255,668839.17
749452,668839.17
749483,668839.17
749497,668839.17
749502,668839.17
749504,668839.17
749521,668839.17
749571,668839.17
749671,668839.17
749821,668839.17
749975,668839.17
750049,668839.17
750155,668839.17
750174,668839.17
750408,668839.17
750418,668839.17
750441,668839.17
750475,668839.17
750559,668839.17
750579,668839.17
750669,668839.17
750683,668839.17
750740,668839.17
750956,668839.17
751319,668839.17
751352,668839.17
751396,668839.17
751416,668839.17
751421,668839.17
751442,668839.17
751459,668839.17
751587,668839.17
751714,668839.17
751886,668839.17
751971,668839.17
752242,668839.17
752254,668839.17
752310,668839.17
752576,668839.17
752705,668839.17
752895,668839.17
752914,668839.17
752994,668839.17
753036,668839.17
753099,668839.17
753188,668839.17
753196,668839.17
753234,668839.17
753289,668839.17
753295,668839.17
753297,668839.17
753387,668839.17
753393,668839.17
753395,668839.17
753397,668839.17
753399,668839.17
753402,668839.17
753404,668839.17
753405,668839.17
753406,668839.17
753602,668839.17
753948,668839.17
754108,668839.17
754112,668839.17
754292,668839.17
754384,668839.17
754763,668839.17
754978,668839.17
754995,668839.17
755014,668839.17
755055,668839.17
755065,668839.17
755138,668839.17
755226,668839.17
755447,668839.17
755448,668839.17
755575,668839.17
755674,668839.17
755809,668839.17
755892,668839.17
756308,668839.17
756620,668839.17
756836,668839.17
757366,668839.17
757425,668839.17
757539,668839.17
757668,668839.17
757758,668839.17
757792,668839.17
757925,668839.17
757991,668839.17
758122,668839.17
758135,668839.17
758325,668839.17
758344,668839.17
758410,668839.17
758601,668839.17
758674,668839.17
758911,668839.17
759246,668839.17
759339,668839.17
759621,668839.17
759656,668839.17
759823,668839.17
759982,668839.17
760071,668839.17
760135,668839.17
760172,668839.17
760262,668839.17
760514,668839.17
760522,668839.17
760523,668839.17
760607,668839.17
760760,668839.17
760878,668839.17
761015,668839.17
761078,668839.17
761137,668839.17
761182,668839.17
761221,668839.17
761226,668839.17
761245,668839.17
761273,668839.17
761281,668839.17
761297,668839.17
761298,668839.17
761312,668839.17
761418,668839.17
761437,668839.17
761449,668839.17
761451,668839.17
761462,668839.17
761597,668839.17
761616,668839.17
761631,668839.17
761638,668839.17
761660,668839.17
761662,668839.17
761734,668839.17
761737,668839.17
761773,668839.17
761775,668839.17
761781,668839.17
761783,668839.17
761870,668839.17
761928,668839.17
762020,668839.17
762104,668839.17
762106,668839.17
762135,668839.17
762140,668839.17
762146,668839.17
762260,668839.17
762277,668839.17
762395,668839.17
762467,668839.17
762485,668839.17
762509,668839.17
762528,668839.17
762572,668839.17
762642,668839.17
762673,668839.17
762782,668839.17
762792,668839.17
762828,668839.17
762848,668839.17
762862,668839.17
762894,668839.17
762903,668839.17
762924,668839.17
762929,668839.17
762937,668839.17
762941,668839.17
762951,668839.17
762959,668839.17
762965,668839.17
762986,668839.17
763016,668839.17
763021,668839.17
763034,668839.17
763065,668839.17
763068,668839.17
763073,668839.17
763090,668839.17
763152,668839.17
763153,668839.17
763212,668839.17
763270,668839.17
763279,668839.17
763299,668839.17
763300,668839.17
763314,668839.17
763332,668839.17
763333,668839.17
763334,668839.17
763337,668839.17
763338,668839.17
763348,668839.17
763349,668839.17
763351,668839.17
763389,668839.17
763421,668839.17
763424,668839.17
763429,668839.17
763431,668839.17
763433,668839.17
763435,668839.17
763438,668839.17
763439,668839.17
763446,668839.17
763447,668839.17
763448,668839.17
763449,668839.17
763450,668839.17
763452,668839.17
763453,668839.17
763454,668839.17
763457,668839.17
763458,668839.17
763460,668839.17
763464,668839.17
763466,668839.17
763528,668839.17
763572,668839.17
763575,668839.17
763576,668839.17
763591,668839.17
763627,668839.17
763628,668839.17
763629,668839.17
763631,668839.17
763633,668839.17
763634,668839.17
763653,668839.17
763684,668839.17
763733,668839.17
763744,668839.17
763764,668839.17
763781,668839.17
763788,668839.17
763797,668839.17
763842,668839.17
763856,668839.17
763925,668839.17
763942,668839.17
764037,668839.17
764042,668839.17
764044,668839.17
764047,668839.17
764052,668839.17
764103,668839.17
764132,668839.17
764192,668839.17
764215,668839.17
764263,668839.17
764332,668839.17
764347,668839.17
764361,668839.17
764368,668839.17
764413,668839.17
764414,668839.17
764496,668839.17
764544,668839.17
764737,668839.17
764777,668839.17
764797,668839.17
764822,668839.17
764827,668839.17
764828,668839.17
764836,668839.17
764862,668839.17
764907,668839.17
764910,668839.17
764922,668839.17
764946,668839.17
764999,668839.17
765049,668839.17
765056,668839.17
765097,668839.17
765112,668839.17
765115,668839.17
765282,668839.17
765294,668839.17
765352,668839.17
765358,668839.17
765365,668839.17
765396,668839.17
765440,668839.17
765475,668839.17
765494,668839.17
765496,668839.17
765520,668839.17
765527,668839.17
765571,668839.17
765572,668839.17
765599,668839.17
765625,668839.17
765669,668839.17
765676,668839.17
765686,668839.17
765756,668839.17
765760,668839.17
765768,668839.17
765786,668839.17
765832,668839.17
765840,668839.17
765853,668839.17
765854,668839.17
765869,668839.17
765883,668839.17
765884,668839.17
765913,668839.17
765938,668839.17
766020,668839.17
766039,668839.17
766052,668839.17
766076,668839.17
766102,668839.17
766103,668839.17
766106,668839.17
766110,668839.17
766114,668839.17
766137,668839.17
766140,668839.17
766142,668839.17
766151,668839.17
766163,668839.17
766185,668839.17
766212,668839.17
766222,668839.17
766225,668839.17
766250,668839.17
766251,668839.17
766253,668839.17
766259,668839.17
766272,668839.17
766300,668839.17
766328,668839.17
766392,668839.17
766404,668839.17
766416,668839.17
766459,668839.17
766463,668839.17
766464,668839.17
766479,668839.17
766501,668839.17
766550,668839.17
766648,668839.17
766782,668839.17
766785,668839.17
766808,668839.17
766824,668839.17
766883,668839.17
766891,668839.17
766923,668839.17
766951,668839.17
766977,668839.17
766984,668839.17
766998,668839.17
767008,668839.17
767009,668839.17
767047,668839.17
767056,668839.17
767092,668839.17
767132,668839.17
767229,668839.17
767253,668839.17
767260,668839.17
767290,668839.17
767319,668839.17
767321,668839.17
767366,668839.17
767405,668839.17
767407,668839.17
767409,668839.17
767414,668839.17
767465,668839.17
767487,668839.17
767512,668839.17
767558,668839.17
767705,668839.17
767856,668839.17
768002,668839.17
768343,668839.17
768717,668839.17
768790,668839.17
768981,668839.17
769002,668839.17
769155,668839.17
769216,668839.17
769226,668839.17
769575,668839.17
769599,668839.17
769768,668839.17
769812,668839.17
769898,668839.17
769957,668839.17
770294,668839.17
770295,668839.17
770484,668839.17
770520,668839.17
770523,668839.17
770558,668839.17
770682,668839.17
770744,668839.17
770751,668839.17
770765,668839.17
770777,668839.17
770786,668839.17
770972,668839.17
771112,668839.17
771113,668839.17
771117,668839.17
771118,668839.17
771333,668839.17
771397,668839.17
771816,668839.17
771858,668839.17
772028,668839.17
772107,668839.17
772213,668839.17
772214,668839.17
774481,668839.17
774546,668839.17
774699,668839.17
774950,668839.17
775137,668839.17
775139,668839.17
775393,668839.17
775537,668839.17
775560,668839.17
775652,668839.17
775907,668839.17
776742,668839.17
776780,668839.17
776781,668839.17
776783,668839.17
776981,668839.17
777103,668839.17
777106,668839.17
777107,668839.17
777108,668839.17
777110,668839.17
777117,668839.17
777118,668839.17
777121,668839.17
777123,668839.17
777125,668839.17
777210,668839.17
777453,668839.17
777462,668839.17
777464,668839.17
777489,668839.17
777572,668839.17
778274,668839.17
778564,668839.17
778634,668839.17
778678,668839.17
778689,668839.17
778791,668839.17
778830,668839.17
778851,668839.17
778906,668839.17
778948,668839.17
778949,668839.17
778952,668839.17
778953,668839.17
778956,668839.17
778970,668839.17
778976,668839.17
779003,668839.17
779077,668839.17
779114,668839.17
779141,668839.17
779149,668839.17
779215,668839.17
779288,668839.17
779384,668839.17
779391,668839.17
779392,668839.17
779393,668839.17
779705,668839.17
779738,668839.17
779782,668839.17
779867,668839.17
779904,668839.17
779938,668839.17
779977,668839.17
779984,668839.17
780002,668839.17
780020,668839.17
780073,668839.17
780093,668839.17
780095,668839.17
780214,668839.17
780253,668839.17
780353,668839.17
780376,668839.17
780395,668839.17
780419,668839.17
780420,668839.17
780421,668839.17
780564,668839.17
780596,668839.17
780669,668839.17
780694,668839.17
780702,668839.17
780715,668839.17
780724,668839.17
780846,668839.17
780856,668839.17
780863,668839.17
780900,668839.17
780951,668839.17
781145,668839.17
781275,668839.17
781371,668839.17
781416,668839.17
781559,668839.17
781563,668839.17
781572,668839.17
781698,668839.17
781700,668839.17
781825,668839.17
781843,668839.17
781844,668839.17
781845,668839.17
781846,668839.17
781854,668839.17
781859,668839.17
781860,668839.17
781866,668839.17
781946,668839.17
781982,668839.17
782181,668839.17
782201,668839.17
782394,668839.17
782416,668839.17
782443,668839.17
782452,668839.17
782561,668839.17
782627,668839.17
782642,668839.17
782665,668839.17
782671,668839.17
782675,668839.17
782693,668839.17
782705,668839.17
782706,668839.17
782708,668839.17
782717,668839.17
782722,668839.17
782761,668839.17
782782,668839.17
782785,668839.17
782849,668839.17
782946,668839.17
783038,668839.17
783051,668839.17
783056,668839.17
783125,668839.17
783130,668839.17
783231,668839.17
783260,668839.17
783421,668839.17
783512,668839.17
783559,668839.17
783604,668839.17
783607,668839.17
783636,668839.17
783654,668839.17
783811,668839.17
783914,668839.17
783951,668839.17
783978,668839.17
783979,668839.17
784000,668839.17
784012,668839.17
784167,668839.17
784275,668839.17
784431,668839.17
784568,668839.17
784570,668839.17
784737,668839.17
784762,668839.17
784768,668839.17
784842,668839.17
785009,668839.17
785082,668839.17
785261,668839.17
785408,668839.17
785455,668839.17
785514,668839.17
785588,668839.17
785808,668839.17
785820,668839.17
785970,668839.17
785973,668839.17
786182,668839.17
786183,668839.17
786346,668839.17
786447,668839.17
786450,668839.17
786451,668839.17
786452,668839.17
786456,668839.17
786457,668839.17
786484,668839.17
786521,668839.17
786587,668839.17
786628,668839.17
786831,668839.17
786859,668839.17
787068,668839.17
787151,668839.17
787208,668839.17
787215,668839.17
787216,668839.17
787276,668839.17
787281,668839.17
787289,668839.17
787291,668839.17
787331,668839.17
787343,668839.17
787361,668839.17
787369,668839.17
787382,668839.17
787385,668839.17
787401,668839.17
787405,668839.17
787411,668839.17
787454,668839.17
787485,668839.17
787486,668839.17
787489,668839.17
787490,668839.17
787528,668839.17
787529,668839.17
787533,668839.17
787535,668839.17
787538,668839.17
787555,668839.17
787614,668839.17
787634,668839.17
787684,668839.17
787868,668839.17
788008,668839.17
788356,668839.17
788577,668839.17
788645,668839.17
788730,668839.17
788820,668839.17
788990,668839.17
788994,668839.17
789179,668839.17
789327,668839.17
789333,668839.17
789339,668839.17
789374,668839.17
789389,668839.17
789555,668839.17
789568,668839.17
789619,668839.17
789638,668839.17
789709,668839.17
789843,668839.17
789881,668839.17
789964,668839.17
789966,668839.17
790026,668839.17
790038,668839.17
790115,668839.17
790170,668839.17
790184,668839.17
790414,668839.17
790625,668839.17
790725,668839.17
790798,668839.17
790912,668839.17
790918,668839.17
790939,668839.17
791067,668839.17
791077,668839.17
791182,668839.17
791219,668839.17
791221,668839.17
791296,668839.17
791314,668839.17
791379,668839.17
791445,668839.17
791581,668839.17
791589,668839.17
791600,668839.17
791608,668839.17
791617,668839.17
791813,668839.17
791869,668839.17
791870,668839.17
792315,668839.17
792695,668839.17
793171,668839.17
793172,668839.17
793391,668839.17
793620,668839.17
793722,668839.17
793967,668839.17
794344,668839.17
794498,668839.17
794573,668839.17
794576,668839.17
794897,668839.17
794968,668839.17
796060,668839.17
796252,668839.17
796300,668839.17
796537,668839.17
796582,668839.17
797433,668839.17
797488,668839.17
797489,668839.17
797540,668839.17
797866,668839.17
798010,668839.17
798026,668839.17
799178,668839.17
799179,668839.17
799190,668839.17
799234,668839.17
799315,668839.17
799472,668839.17
799498,668839.17
799561,668839.17
799652,668839.17
799732,668839.17
800022,668839.17
800237,668839.17
800456,668839.17
800963,668839.17
801193,668839.17
801250,668839.17
801281,668839.17
801487,668839.17
801497,668839.17
801503,668839.17
801504,668839.17
801727,668839.17
801954,668839.17
802096,668839.17
802163,668839.17
802196,668839.17
802200,668839.17
802270,668839.17
802271,668839.17
802331,668839.17
802349,668839.17
802375,668839.17
802688,668839.17
803023,668839.17
803138,668839.17
803310,668839.17
803839,668839.17
803941,668839.17
804236,668839.17
804237,668839.17
804318,668839.17
804335,668839.17
804516,668839.17
804572,668839.17
804611,668839.17
804663,668839.17
804859,668839.17
805515,668839.17
805577,668839.17
806450,668839.17
806493,668839.17
806508,668839.17
806655,668839.17
806775,668839.17
806865,668839.17
806936,668839.17
806937,668839.17
807537,668839.17
807824,668839.17
807826,668839.17
808024,668839.17
808123,668839.17
808180,668839.17
808340,668839.17
808644,668839.17
808647,668839.17
809443,668839.17
809444,668839.17
809711,668839.17
810556,668839.17
810560,668839.17
810574,668839.17
810705,668839.17
811018,668839.17
811028,668839.17
811104,668839.17
811659,668839.17
811817,668839.17
811944,668839.17
812472,668839.17
812587,668839.17
812588,668839.17
812762,668839.17
812914,668839.17
813322,668839.17
813323,668839.17
813324,668839.17
813361,668839.17
813430,668839.17
813750,668839.17
813797,668839.17
813800,668839.17
814059,668839.17
814159,668839.17
814247,668839.17
814306,668839.17
814308,668839.17
814310,668839.17
814313,668839.17
814338,668839.17
814378,668839.17
814381,668839.17
814390,668839.17
814448,668839.17
814449,668839.17
815043,668839.17
815287,668839.17
815582,668839.17
815585,668839.17
815640,668839.17
816479,668839.17
816525,668839.17
816552,668839.17
816589,668839.17
816592,668839.17
816594,668839.17
816608,668839.17
816611,668839.17
816676,668839.17
816679,668839.17
816850,668839.17
816967,668839.17
816968,668839.17
816969,668839.17
816972,668839.17
816974,668839.17
817091,668839.17
817550,668839.17
817647,668839.17
817658,668839.17
817662,668839.17
817752,668839.17
817883,668839.17
817978,668839.17
818057,668839.17
818059,668839.17
818170,668839.17
818217,668839.17
818229,668839.17
818316,668839.17
818405,668839.17
818412,668839.17
818488,668839.17
818498,668839.17
818519,668839.17
818520,668839.17
818601,668839.17
818620,668839.17
818629,668839.17
818668,668839.17
818906,668839.17
818951,668839.17
818981,668839.17
819022,668839.17
819052,668839.17
819088,668839.17
819090,668839.17
819154,668839.17
819224,668839.17
819477,668839.17
819505,668839.17
819532,668839.17
819599,668839.17
819624,668839.17
819689,668839.17
819690,668839.17
819694,668839.17
819729,668839.17
819737,668839.17
819839,668839.17
819946,668839.17
820010,668839.17
820047,668839.17
820221,668839.17
820343,668839.17
820369,668839.17
820444,668839.17
820485,668839.17
820520,668839.17
820534,668839.17
820549,668839.17
820550,668839.17
820560,668839.17
820576,668839.17
820608,668839.17
820640,668839.17
820668,668839.17
820672,668839.17
820758,668839.17
820763,668839.17
820797,668839.17
820936,668839.17
821001,668839.17
821049,668839.17
821050,668839.17
821087,668839.17
821251,668839.17
821372,668839.17
821381,668839.17
821423,668839.17
821616,668839.17
821664,668839.17
821715,668839.17
821753,668839.17
821791,668839.17
821800,668839.17
821820,668839.17
821825,668839.17
821826,668839.17
821876,668839.17
821888,668839.17
821895,668839.17
822024,668839.17
822169,668839.17
822190,668839.17
822347,668839.17
822354,668839.17
822421,668839.17
822422,668839.17
822432,668839.17
822445,668839.17
822453,668839.17
822456,668839.17
822457,668839.17
822552,668839.17
822622,668839.17
822624,668839.17
822635,668839.17
822656,668839.17
822684,668839.17
822688,668839.17
822777,668839.17
822785,668839.17
822858,668839.17
822880,668839.17
822882,668839.17
822883,668839.17
822930,668839.17
823118,668839.17
823126,668839.17
823190,668839.17
823243,668839.17
823305,668839.17
823338,668839.17
823411,668839.17
823441,668839.17
823596,668839.17
823639,668839.17
823761,668839.17
823773,668839.17
823798,668839.17
823815,668839.17
823830,668839.17
823846,668839.17
823949,668839.17
823958,668839.17
824041,668839.17
824138,668839.17
824141,668839.17
824236,668839.17
824250,668839.17
824261,668839.17
824528,668839.17
824533,668839.17
824564,668839.17
824568,668839.17
824571,668839.17
824575,668839.17
824602,668839.17
824686,668839.17
824788,668839.17
824810,668839.17
824857,668839.17
824886,668839.17
824906,668839.17
825094,668839.17
825107,668839.17
825186,668839.17
825386,668839.17
825462,668839.17
825470,668839.17
825472,668839.17
825473,668839.17
825700,668839.17
825862,668839.17
825950,668839.17
826171,668839.17
826173,668839.17
826309,668839.17
826322,668839.17
826408,668839.17
826453,668839.17
826522,668839.17
826555,668839.17
826607,668839.17
826650,668839.17
826863,668839.17
826864,668839.17
826881,668839.17
826893,668839.17
826896,668839.17
826968,668839.17
826977,668839.17
827191,668839.17
827214,668839.17
827230,668839.17
827234,668839.17
827325,668839.17
827359,668839.17
827399,668839.17
827481,668839.17
827619,668839.17
827688,668839.17
827711,668839.17
827954,668839.17
828025,668839.17
828031,668839.17
828082,668839.17
828144,668839.17
828174,668839.17
828265,668839.17
828273,668839.17
828285,668839.17
828351,668839.17
828477,668839.17
828604,668839.17
828623,668839.17
828718,668839.17
828750,668839.17
828793,668839.17
828812,668839.17
828827,668839.17
828862,668839.17
828965,668839.17
829067,668839.17
829087,668839.17
829171,668839.17
829240,668839.17
829278,668839.17
829282,668839.17
829293,668839.17
829295,668839.17
829318,668839.17
829322,668839.17
829336,668839.17
829344,668839.17
829351,668839.17
829359,668839.17
829367,668839.17
829372,668839.17
829378,668839.17
829383,668839.17
829389,668839.17
829390,668839.17
829395,668839.17
829413,668839.17
829417,668839.17
829419,668839.17
829599,668839.17
829600,668839.17
829612,668839.17
829673,668839.17
829767,668839.17
829883,668839.17
829947,668839.17
830002,668839.17
830122,668839.17
830143,668839.17
830151,668839.17
830160,668839.17
830199,668839.17
830245,668839.17
830262,668839.17
830265,668839.17
830279,668839.17
830280,668839.17
830333,668839.17
830384,668839.17
830410,668839.17
830446,668839.17
830448,668839.17
830535,668839.17
830581,668839.17
830587,668839.17
830702,668839.17
830731,668839.17
830739,668839.17
830764,668839.17
830772,668839.17
830774,668839.17
830971,668839.17
831037,668839.17
831091,668839.17
831105,668839.17
831106,668839.17
831112,668839.17
831247,668839.17
831261,668839.17
831269,668839.17
831321,668839.17
831459,668839.17
831529,668839.17
831628,668839.17
831792,668839.17
831881,668839.17
831882,668839.17
831883,668839.17
831884,668839.17
831910,668839.17
831944,668839.17
831946,668839.17
831947,668839.17
831949,668839.17
831950,668839.17
831960,668839.17
831961,668839.17
831974,668839.17
832022,668839.17
832156,668839.17
832213,668839.17
832254,668839.17
832261,668839.17
832343,668839.17
832367,668839.17
832436,668839.17
832439,668839.17
832460,668839.17
832470,668839.17
832511,668839.17
832513,668839.17
832624,668839.17
832707,668839.17
832726,668839.17
832780,668839.17
832924,668839.17
832953,668839.17
833013,668839.17
833045,668839.17
833051,668839.17
833052,668839.17
833055,668839.17
833056,668839.17
833057,668839.17
833058,668839.17
833091,668839.17
833216,668839.17
833233,668839.17
833350,668839.17
833459,668839.17
833510,668839.17
833525,668839.17
833527,668839.17
833554,668839.17
833634,668839.17
833668,668839.17
833688,668839.17
833789,668839.17
833827,668839.17
833846,668839.17
833858,668839.17
833886,668839.17
833925,668839.17
833968,668839.17
834026,668839.17
834042,668839.17
834049,668839.17
834113,668839.17
834265,668839.17
834280,668839.17
834315,668839.17
834335,668839.17
834341,668839.17
834343,668839.17
834348,668839.17
834350,668839.17
834391,668839.17
834443,668839.17
834451,668839.17
834514,668839.17
834613,668839.17
834616,668839.17
834623,668839.17
834662,668839.17
834702,668839.17
834746,668839.17
834751,668839.17
834764,668839.17
834785,668839.17
834788,668839.17
834836,668839.17
834858,668839.17
834903,668839.17
834917,668839.17
834959,668839.17
835037,668839.17
835090,668839.17
835122,668839.17
835129,668839.17
835137,668839.17
835262,668839.17
835290,668839.17
835307,668839.17
835336,668839.17
835361,668839.17
835388,668839.17
835459,668839.17
835465,668839.17
835522,668839.17
835523,668839.17
835635,668839.17
835651,668839.17
835661,668839.17
835673,668839.17
835692,668839.17
835759,668839.17
835813,668839.17
835814,668839.17
835816,668839.17
835884,668839.17
835965,668839.17
836013,668839.17
836041,668839.17
836103,668839.17
836173,668839.17
836254,668839.17
836316,668839.17
836341,668839.17
836417,668839.17
836550,668839.17
836555,668839.17
836556,668839.17
836559,668839.17
836561,668839.17
836562,668839.17
836563,668839.17
836564,668839.17
836566,668839.17
836735,668839.17
836782,668839.17
836821,668839.17
837005,668839.17
837092,668839.17
837095,668839.17
837197,668839.17
837467,668839.17
837506,668839.17
837521,668839.17
837550,668839.17
837592,668839.17
837618,668839.17
837632,668839.17
837642,668839.17
837658,668839.17
837769,668839.17
837779,668839.17
837784,668839.17
837831,668839.17
837832,668839.17
837836,668839.17
837961,668839.17
838054,668839.17
838186,668839.17
838254,668839.17
838257,668839.17
838287,668839.17
838374,668839.17
838443,668839.17
838471,668839.17
838609,668839.17
838636,668839.17
838681,668839.17
838696,668839.17
838729,668839.17
838745,668839.17
838778,668839.17
838834,668839.17
838840,668839.17
839042,668839.17
839134,668839.17
839179,668839.17
839299,668839.17
839328,668839.17
839358,668839.17
839379,668839.17
839481,668839.17
839688,668839.17
839804,668839.17
839807,668839.17
839857,668839.17
839875,668839.17
839896,668839.17
839906,668839.17
839907,668839.17
839912,668839.17
839923,668839.17
839964,668839.17
840015,668839.17
840075,668839.17
840137,668839.17
840187,668839.17
840267,668839.17
840277,668839.17
840279,668839.17
840282,668839.17
840284,668839.17
840287,668839.17
840313,668839.17
840333,668839.17
840334,668839.17
840337,668839.17
840425,668839.17
840558,668839.17
840569,668839.17
840632,668839.17
840829,668839.17
840859,668839.17
840895,668839.17
840951,668839.17
841008,668839.17
841041,668839.17
841075,668839.17
841077,668839.17
841273,668839.17
841289,668839.17
841313,668839.17
841337,668839.17
841354,668839.17
841376,668839.17
841400,668839.17
841446,668839.17
841484,668839.17
841515,668839.17
841521,668839.17
841536,668839.17
841557,668839.17
841585,668839.17
841696,668839.17
841763,668839.17
841803,668839.17
841851,668839.17
841869,668839.17
841984,668839.17
842034,668839.17
842041,668839.17
842044,668839.17
842056,668839.17
842219,668839.17
842222,668839.17
842243,668839.17
842245,668839.17
842350,668839.17
842357,668839.17
842459,668839.17
842460,668839.17
842623,668839.17
842624,668839.17
842791,668839.17
842797,668839.17
842808,668839.17
842868,668839.17
842953,668839.17
842960,668839.17
843026,668839.17
843041,668839.17
843066,668839.17
843070,668839.17
843072,668839.17
843183,668839.17
843192,668839.17
843194,668839.17
843197,668839.17
843201,668839.17
843205,668839.17
843339,668839.17
843353,668839.17
843397,668839.17
843417,668839.17
843468,668839.17
843471,668839.17
843505,668839.17
843512,668839.17
843536,668839.17
843564,668839.17
843575,668839.17
843622,668839.17
843737,668839.17
843742,668839.17
843767,668839.17
843770,668839.17
843784,668839.17
843794,668839.17
843797,668839.17
843906,668839.17
843914,668839.17
843942,668839.17
843943,668839.17
843979,668839.17
843980,668839.17
843993,668839.17
844008,668839.17
844035,668839.17
844085,668839.17
844097,668839.17
844104,668839.17
844109,668839.17
844110,668839.17
844126,668839.17
844162,668839.17
844165,668839.17
844198,668839.17
844211,668839.17
844233,668839.17
844310,668839.17
844316,668839.17
844329,668839.17
844338,668839.17
844468,668839.17
844503,668839.17
844536,668839.17
844539,668839.17
844564,668839.17
844590,668839.17
844617,668839.17
844640,668839.17
844716,668839.17
844747,668839.17
844748,668839.17
844755,668839.17
844762,668839.17
844789,668839.17
844804,668839.17
844846,668839.17
844847,668839.17
844849,668839.17
844855,668839.17
844856,668839.17
844857,668839.17
844862,668839.17
844886,668839.17
844915,668839.17
844925,668839.17
844991,668839.17
844993,668839.17
845024,668839.17
845033,668839.17
845082,668839.17
845083,668839.17
845096,668839.17
845106,668839.17
845107,668839.17
845121,668839.17
845124,668839.17
845155,668839.17
845166,668839.17
845183,668839.17
845217,668839.17
845244,668839.17
845251,668839.17
845344,668839.17
845370,668839.17
845397,668839.17
845405,668839.17
845471,668839.17
845486,668839.17
845528,668839.17
845534,668839.17
845545,668839.17
845594,668839.17
845685,668839.17
845705,668839.17
845720,668839.17
845802,668839.17
845879,668839.17
845943,668839.17
845962,668839.17
846140,668839.17
846147,668839.17
846152,668839.17
846284,668839.17
846499,668839.17
846556,668839.17
846559,668839.17
846573,668839.17
846575,668839.17
846768,668839.17
846871,668839.17
846968,668839.17
847095,668839.17
847100,668839.17
847161,668839.17
847191,668839.17
847227,668839.17
847230,668839.17
847306,668839.17
847476,668839.17
847537,668839.17
847657,668839.17
847727,668839.17
847766,668839.17
847773,668839.17
847809,668839.17
847861,668839.17
847892,668839.17
847917,668839.17
847950,668839.17
848039,668839.17
848093,668839.17
848095,668839.17
848112,668839.17
848157,668839.17
848164,668839.17
848302,668839.17
848330,668839.17
848365,668839.17
848375,668839.17
848386,668839.17
848437,668839.17
848493,668839.17
848543,668839.17
848549,668839.17
848623,668839.17
848661,668839.17
848707,668839.17
848775,668839.17
848843,668839.17
848978,668839.17
848989,668839.17
849002,668839.17
849024,668839.17
849047,668839.17
849062,668839.17
849064,668839.17
936612,668839.17
936685,668839.17
936696,668839.17
936725,668839.17
936735,668839.17
936772,668839.17
936806,668839.17
936808,668839.17
936854,668839.17
936871,668839.17
936899,668839.17
936915,668839.17
936923,668839.17
936950,668839.17
936973,668839.17
937001,668839.17
937003,668839.17
937056,668839.17
937090,668839.17
937110,668839.17
937130,668839.17
937183,668839.17
937255,668839.17
937276,668839.17
937318,668839.17
937335,668839.17
937337,668839.17
937358,668839.17
937360,668839.17
937362,668839.17
937390,668839.17
937462,668839.17
937472,668839.17
937477,668839.17
937493,668839.17
937518,668839.17
937519,668839.17
937555,668839.17
937658,668839.17
937662,668839.17
937663,668839.17
937665,668839.17
937676,668839.17
937694,668839.17
937735,668839.17
937740,668839.17
937751,668839.17
937776,668839.17
937780,668839.17
937812,668839.17
937813,668839.17
937943,668839.17
938043,668839.17
938056,668839.17
938064,668839.17
938068,668839.17
938080,668839.17
938114,668839.17
938187,668839.17
938204,668839.17
938206,668839.17
938209,668839.17
938212,668839.17
938232,668839.17
938233,668839.17
938349,668839.17
938350,668839.17
938351,668839.17
938354,668839.17
938361,668839.17
938362,668839.17
938363,668839.17
938433,668839.17
938579,668839.17
938635,668839.17
938636,668839.17
938637,668839.17
938639,668839.17
938651,668839.17
938670,668839.17
938703,668839.17
938705,668839.17
938715,668839.17
938733,668839.17
938812,668839.17
938814,668839.17
938894,668839.17
938913,668839.17
938938,668839.17
938957,668839.17
938990,668839.17
939010,668839.17
939028,668839.17
939075,668839.17
939121,668839.17
939133,668839.17
939146,668839.17
939224,668839.17
939227,668839.17
939256,668839.17
939297,668839.17
939305,668839.17
939310,668839.17
939349,668839.17
939360,668839.17
939392,668839.17
939400,668839.17
939409,668839.17
939411,668839.17
939414,668839.17
939420,668839.17
939421,668839.17
939438,668839.17
939494,668839.17
939496,668839.17
939497,668839.17
939501,668839.17
939587,668839.17
939589,668839.17
939629,668839.17
939636,668839.17
939645,668839.17
939650,668839.17
939666,668839.17
939669,668839.17
939711,668839.17
939877,668839.17
939886,668839.17
939890,668839.17
939892,668839.17
939905,668839.17
939930,668839.17
939935,668839.17
939960,668839.17
939964,668839.17
939970,668839.17
940066,668839.17
940094,668839.17
940095,668839.17
940096,668839.17
940118,668839.17
940138,668839.17
940168,668839.17
940172,668839.17
940240,668839.17
940262,668839.17
940282,668839.17
940283,668839.17
940336,668839.17
940389,668839.17
940487,668839.17
940552,668839.17
940571,668839.17
940579,668839.17
940602,668839.17
940627,668839.17
940735,668839.17
940740,668839.17
940742,668839.17
940767,668839.17
940788,668839.17
940807,668839.17
940855,668839.17
940868,668839.17
940875,668839.17
940876,668839.17
940890,668839.17
940950,668839.17
941026,668839.17
941059,668839.17
941089,668839.17
941112,668839.17
941121,668839.17
941123,668839.17
941146,668839.17
941344,668839.17
941346,668839.17
941369,668839.17
941370,668839.17
941373,668839.17
941384,668839.17
941500,668839.17
941524,668839.17
941554,668839.17
941713,668839.17
941780,668839.17
941782,668839.17
941786,668839.17
941790,668839.17
941791,668839.17
941792,668839.17
941793,668839.17
941797,668839.17
941798,668839.17
941801,668839.17
941810,668839.17
941826,668839.17
941843,668839.17
941862,668839.17
941864,668839.17
941867,668839.17
941875,668839.17
941876,668839.17
941881,668839.17
941883,668839.17
941884,668839.17
941891,668839.17
941919,668839.17
941959,668839.17
942057,668839.17
942070,668839.17
942098,668839.17
942103,668839.17
942105,668839.17
942106,668839.17
942109,668839.17
942111,668839.17
942113,668839.17
942115,668839.17
942116,668839.17
942130,668839.17
942139,668839.17
942145,668839.17
942168,668839.17
942177,668839.17
942181,668839.17
942196,668839.17
942210,668839.17
942217,668839.17
942275,668839.17
942370,668839.17
942375,668839.17
942383,668839.17
942415,668839.17
942422,668839.17
942463,668839.17
942469,668839.17
942480,668839.17
942488,668839.17
942583,668839.17
942628,668839.17
942635,668839.17
942636,668839.17
942651,668839.17
942653,668839.17
942655,668839.17
942657,668839.17
942741,668839.17
942753,668839.17
942779,668839.17
942802,668839.17
942843,668839.17
942844,668839.17
942890,668839.17
942964,668839.17
942968,668839.17
942969,668839.17
942985,668839.17
942989,668839.17
942990,668839.17
943022,668839.17
943032,668839.17
943039,668839.17
943044,668839.17
943112,668839.17
943140,668839.17
943141,668839.17
943143,668839.17
943145,668839.17
943149,668839.17
943167,668839.17
943193,668839.17
943238,668839.17
943352,668839.17
943368,668839.17
943373,668839.17
943397,668839.17
943398,668839.17
943402,668839.17
943412,668839.17
943473,668839.17
943478,668839.17
943482,668839.17
943484,668839.17
943489,668839.17
943497,668839.17
943503,668839.17
943504,668839.17
943505,668839.17
943592,668839.17
943684,668839.17
943693,668839.17
943696,668839.17
943698,668839.17
943699,668839.17
943750,668839.17
943756,668839.17
943782,668839.17
943783,668839.17
943810,668839.17
943821,668839.17
943822,668839.17
943872,668839.17
943889,668839.17
943928,668839.17
943939,668839.17
943944,668839.17
943953,668839.17
943954,668839.17
943955,668839.17
943960,668839.17
943964,668839.17
943968,668839.17
943969,668839.17
943985,668839.17
944000,668839.17
944002,668839.17
944018,668839.17
944025,668839.17
944030,668839.17
944101,668839.17
944105,668839.17
944256,668839.17
944265,668839.17
944289,668839.17
944295,668839.17
944305,668839.17
944306,668839.17
944312,668839.17
944341,668839.17
944342,668839.17
944347,668839.17
944360,668839.17
944384,668839.17
944425,668839.17
944434,668839.17
944435,668839.17
944436,668839.17
944442,668839.17
944552,668839.17
944568,668839.17
944662,668839.17
944671,668839.17
944683,668839.17
944887,668839.17
944902,668839.17
944906,668839.17
944913,668839.17
944921,668839.17
944935,668839.17
944942,668839.17
944943,668839.17
944955,668839.17
944967,668839.17
945015,668839.17
945046,668839.17
945082,668839.17
945116,668839.17
945151,668839.17
945180,668839.17
945181,668839.17
945182,668839.17
945273,668839.17
945283,668839.17
945305,668839.17
945332,668839.17
945388,668839.17
945444,668839.17
945448,668839.17
945453,668839.17
945454,668839.17
945470,668839.17
945495,668839.17
945498,668839.17
945505,668839.17
945513,668839.17
945554,668839.17
945590,668839.17
945627,668839.17
945628,668839.17
945629,668839.17
945630,668839.17
945749,668839.17
945790,668839.17
945801,668839.17
945838,668839.17
945839,668839.17
945840,668839.17
945843,668839.17
945880,668839.17
945900,668839.17
945901,668839.17
945902,668839.17
945903,668839.17
945940,668839.17
945942,668839.17
945945,668839.17
945946,668839.17
945952,668839.17
945965,668839.17
945967,668839.17
945997,668839.17
945998,668839.17
946016,668839.17
946307,668839.17
946318,668839.17
946327,668839.17
946351,668839.17
946358,668839.17
946373,668839.17
946376,668839.17
946385,668839.17
946386,668839.17
946397,668839.17
946398,668839.17
946401,668839.17
946403,668839.17
946433,668839.17
946446,668839.17
946447,668839.17
946448,668839.17
946462,668839.17
946463,668839.17
946492,668839.17
946496,668839.17
946540,668839.17
946541,668839.17
946591,668839.17
946601,668839.17
946638,668839.17
946640,668839.17
946653,668839.17
946678,668839.17
946687,668839.17
946688,668839.17
946689,668839.17
946716,668839.17
946732,668839.17
946738,668839.17
946746,668839.17
946779,668839.17
946784,668839.17
946788,668839.17
946820,668839.17
946836,668839.17
946870,668839.17
946873,668839.17
946896,668839.17
946944,668839.17
946972,668839.17
946973,668839.17
947007,668839.17
947031,668839.17
947057,668839.17
947141,668839.17
947176,668839.17
947187,668839.17
947206,668839.17
947216,668839.17
947274,668839.17
947300,668839.17
947332,668839.17
947383,668839.17
947395,668839.17
947405,668839.17
947436,668839.17
947473,668839.17
947495,668839.17
947530,668839.17
947537,668839.17
947552,668839.17
947564,668839.17
947584,668839.17
947625,668839.17
947677,668839.17
947689,668839.17
947698,668839.17
947699,668839.17
947700,668839.17
947701,668839.17
947702,668839.17
947725,668839.17
947743,668839.17
947833,668839.17
947872,668839.17
947881,668839.17
947930,668839.17
947977,668839.17
948034,668839.17
948036,668839.17
948039,668839.17
948066,668839.17
948107,668839.17
948115,668839.17
948121,668839.17
948137,668839.17
948148,668839.17
948306,668839.17
948339,668839.17
948361,668839.17
948386,668839.17
948387,668839.17
948388,668839.17
948423,668839.17
948470,668839.17
948479,668839.17
948484,668839.17
948486,668839.17
948598,668839.17
948607,668839.17
948629,668839.17
948630,668839.17
948631,668839.17
948632,668839.17
948633,668839.17
948641,668839.17
948643,668839.17
948651,668839.17
948652,668839.17
948675,668839.17
948740,668839.17
948743,668839.17
948744,668839.17
948745,668839.17
948774,668839.17
948789,668839.17
948807,668839.17
948808,668839.17
948809,668839.17
948813,668839.17
948816,668839.17
948819,668839.17
948830,668839.17
948870,668839.17
948912,668839.17
948941,668839.17
949105,668839.17
949143,668839.17
949144,668839.17
949147,668839.17
949248,668839.17
949250,668839.17
949278,668839.17
949283,668839.17
949293,668839.17
949340,668839.17
949379,668839.17
949426,668839.17
949427,668839.17
949428,668839.17
949431,668839.17
949443,668839.17
949474,668839.17
949492,668839.17
949501,668839.17
949517,668839.17
949518,668839.17
949519,668839.17
949529,668839.17
949544,668839.17
949545,668839.17
949584,668839.17
949592,668839.17
949593,668839.17
949627,668839.17
949651,668839.17
949661,668839.17
949762,668839.17
949815,668839.17
949827,668839.17
949858,668839.17
949933,668839.17
949934,668839.17
949943,668839.17
949960,668839.17
950036,668839.17
950037,668839.17
950038,668839.17
950039,668839.17
950044,668839.17
950060,668839.17
950088,668839.17
950194,668839.17
950227,668839.17
950234,668839.17
950303,668839.17
950339,668839.17
950374,668839.17
950378,668839.17
950382,668839.17
950385,668839.17
950489,668839.17
950576,668839.17
950581,668839.17
950583,668839.17
950584,668839.17
950585,668839.17
950607,668839.17
950630,668839.17
950634,668839.17
950664,668839.17
950671,668839.17
950686,668839.17
950746,668839.17
950751,668839.17
950916,668839.17
951001,668839.17
951065,668839.17
951129,668839.17
951162,668839.17
951195,668839.17
951200,668839.17
951201,668839.17
951405,668839.17
951412,668839.17
951454,668839.17
951460,668839.17
951463,668839.17
951471,668839.17
951553,668839.17
951564,668839.17
951646,668839.17
951663,668839.17
951687,668839.17
951692,668839.17
951704,668839.17
951780,668839.17
951782,668839.17
951915,668839.17
951963,668839.17
951975,668839.17
951988,668839.17
952013,668839.17
952025,668839.17
952036,668839.17
952096,668839.17
952268,668839.17
952271,668839.17
952273,668839.17
952448,668839.17
952466,668839.17
952537,668839.17
952541,668839.17
952545,668839.17
952546,668839.17
952566,668839.17
952651,668839.17
952689,668839.17
952699,668839.17
952773,668839.17
952778,668839.17
952818,668839.17
952900,668839.17
952916,668839.17
953005,668839.17
953024,668839.17
953047,668839.17
953057,668839.17
953161,668839.17
953163,668839.17
953176,668839.17
953177,668839.17
953181,668839.17
953182,668839.17
953227,668839.17
953228,668839.17
953237,668839.17
953293,668839.17
953325,668839.17
953326,668839.17
953330,668839.17
953375,668839.17
953481,668839.17
953486,668839.17
953512,668839.17
953552,668839.17
953564,668839.17
953626,668839.17
953702,668839.17
953744,668839.17
953778,668839.17
953795,668839.17
953797,668839.17
953857,668839.17
953894,668839.17
953920,668839.17
953922,668839.17
953931,668839.17
953965,668839.17
954066,668839.17
954138,668839.17
954190,668839.17
954216,668839.17
954292,668839.17
954302,668839.17
954319,668839.17
954351,668839.17
954413,668839.17
954419,668839.17
954452,668839.17
954503,668839.17
954505,668839.17
954535,668839.17
954548,668839.17
954563,668839.17
954578,668839.17
954584,668839.17
954608,668839.17
954615,668839.17
954627,668839.17
954649,668839.17
954700,668839.17
954717,668839.17
954721,668839.17
954735,668839.17
954747,668839.17
954762,668839.17
954787,668839.17
954809,668839.17
954828,668839.17
954831,668839.17
954867,668839.17
954868,668839.17
954880,668839.17
954892,668839.17
954911,668839.17
954926,668839.17
954928,668839.17
954955,668839.17
954963,668839.17
954972,668839.17
954992,668839.17
955082,668839.17
955110,668839.17
955132,668839.17
955142,668839.17
955152,668839.17
955153,668839.17
955160,668839.17
955162,668839.17
955164,668839.17
955189,668839.17
955190,668839.17
955207,668839.17
955287,668839.17
955308,668839.17
955309,668839.17
955361,668839.17
955376,668839.17
955429,668839.17
955444,668839.17
955445,668839.17
955456,668839.17
955502,668839.17
955525,668839.17
955528,668839.17
955541,668839.17
955557,668839.17
955562,668839.17
955575,668839.17
955601,668839.17
955609,668839.17
955639,668839.17
955664,668839.17
955682,668839.17
955700,668839.17
955727,668839.17
955782,668839.17
955786,668839.17
955801,668839.17
955815,668839.17
955864,668839.17
955926,668839.17
955932,668839.17
955939,668839.17
955961,668839.17
955974,668839.17
955994,668839.17
956001,668839.17
956005,668839.17
956031,668839.17
956035,668839.17
956036,668839.17
956038,668839.17
956042,668839.17
956044,668839.17
956046,668839.17
956050,668839.17
956051,668839.17
956130,668839.17
956137,668839.17
956144,668839.17
956156,668839.17
956187,668839.17
956223,668839.17
956246,668839.17
956263,668839.17
956304,668839.17
956308,668839.17
956488,668839.17
956523,668839.17
956535,668839.17
956556,668839.17
956558,668839.17
956600,668839.17
956627,668839.17
956631,668839.17
956661,668839.17
956687,668839.17
956694,668839.17
956767,668839.17
956774,668839.17
956907,668839.17
956962,668839.17
956966,668839.17
957053,668839.17
957065,668839.17
957149,668839.17
957192,668839.17
957242,668839.17
957408,668839.17
957420,668839.17
957421,668839.17
957444,668839.17
957446,668839.17
957539,668839.17
957550,668839.17
957566,668839.17
957573,668839.17
957608,668839.17
957648,668839.17
957674,668839.17
957675,668839.17
957676,668839.17
957679,668839.17
957684,668839.17
957685,668839.17
957687,668839.17
957699,668839.17
957708,668839.17
957709,668839.17
957720,668839.17
957724,668839.17
957725,668839.17
957749,668839.17
957758,668839.17
957793,668839.17
957840,668839.17
957852,668839.17
957875,668839.17
957955,668839.17
957967,668839.17
957971,668839.17
957987,668839.17
958016,668839.17
958019,668839.17
958038,668839.17
958045,668839.17
958063,668839.17
958116,668839.17
958119,668839.17
958190,668839.17
958198,668839.17
958259,668839.17
958270,668839.17
958285,668839.17
958288,668839.17
958345,668839.17
958383,668839.17
958422,668839.17
958425,668839.17
958428,668839.17
958430,668839.17
958447,668839.17
958454,668839.17
958455,668839.17
958456,668839.17
958493,668839.17
958512,668839.17
958516,668839.17
958517,668839.17
958519,668839.17
958526,668839.17
958527,668839.17
958533,668839.17
958535,668839.17
958538,668839.17
958565,668839.17
958569,668839.17
958570,668839.17
958572,668839.17
958601,668839.17
958657,668839.17
958666,668839.17
958667,668839.17
958671,668839.17
958675,668839.17
958676,668839.17
958679,668839.17
958693,668839.17
958694,668839.17
958697,668839.17
958698,668839.17
958705,668839.17
958707,668839.17
958770,668839.17
958783,668839.17
958791,668839.17
958792,668839.17
958793,668839.17
958797,668839.17
958799,668839.17
958831,668839.17
958839,668839.17
958896,668839.17
958898,668839.17
958985,668839.17
959021,668839.17
959030,668839.17
959031,668839.17
959060,668839.17
959112,668839.17
959114,668839.17
959117,668839.17
959118,668839.17
959121,668839.17
959122,668839.17
959123,668839.17
959124,668839.17
959125,668839.17
959126,668839.17
959128,668839.17
959129,668839.17
959130,668839.17
959131,668839.17
959133,668839.17
959134,668839.17
959142,668839.17
959153,668839.17
959154,668839.17
959166,668839.17
959224,668839.17
959227,668839.17
959265,668839.17
959323,668839.17
959324,668839.17
959357,668839.17
959362,668839.17
959394,668839.17
959419,668839.17
959433,668839.17
959451,668839.17
959466,668839.17
959468,668839.17
959469,668839.17
959476,668839.17
959683,668839.17
959723,668839.17
959725,668839.17
959726,668839.17
959728,668839.17
959741,668839.17
959742,668839.17
959743,668839.17
959744,668839.17
959757,668839.17
959759,668839.17
959940,668839.17
959967,668839.17
960018,668839.17
960029,668839.17
960058,668839.17
960091,668839.17
960118,668839.17
960163,668839.17
960165,668839.17
960169,668839.17
960226,668839.17
960235,668839.17
960241,668839.17
960274,668839.17
960275,668839.17
960284,668839.17
960286,668839.17
960287,668839.17
960289,668839.17
960290,668839.17
960310,668839.17
960340,668839.17
960362,668839.17
960393,668839.17
960410,668839.17
960431,668839.17
960451,668839.17
960478,668839.17
960529,668839.17
960530,668839.17
960581,668839.17
960597,668839.17
960598,668839.17
960634,668839.17
960687,668839.17
960863,668839.17
960913,668839.17
960931,668839.17
960946,668839.17
960947,668839.17
960983,668839.17
961006,668839.17
961035,668839.17
961042,668839.17
961048,668839.17
961123,668839.17
961141,668839.17
961143,668839.17
961183,668839.17
961216,668839.17
961226,668839.17
961246,668839.17
961256,668839.17
961289,668839.17
961337,668839.17
961387,668839.17
961389,668839.17
961395,668839.17
961408,668839.17
961419,668839.17
961420,668839.17
961421,668839.17
961452,668839.17
961461,668839.17
961478,668839.17
961488,668839.17
961489,668839.17
961522,668839.17
961530,668839.17
961548,668839.17
961574,668839.17
961601,668839.17
961605,668839.17
961608,668839.17
961609,668839.17
961699,668839.17
961715,668839.17
961768,668839.17
961788,668839.17
961789,668839.17
961790,668839.17
961791,668839.17
961792,668839.17
961817,668839.17
961822,668839.17
961854,668839.17
961872,668839.17
961877,668839.17
961882,668839.17
962051,668839.17
962065,668839.17
962066,668839.17
962080,668839.17
962082,668839.17
962083,668839.17
962090,668839.17
962109,668839.17
962116,668839.17
962141,668839.17
962144,668839.17
962159,668839.17
962160,668839.17
962165,668839.17
962176,668839.17
962178,668839.17
962179,668839.17
962180,668839.17
962181,668839.17
962182,668839.17
962184,668839.17
962186,668839.17
962217,668839.17
962219,668839.17
962225,668839.17
962235,668839.17
962236,668839.17
962263,668839.17
962287,668839.17
962316,668839.17
962319,668839.17
962336,668839.17
962412,668839.17
962416,668839.17
962419,668839.17
962438,668839.17
962448,668839.17
962501,668839.17
962520,668839.17
962546,668839.17
962551,668839.17
962559,668839.17
962567,668839.17
962572,668839.17
962579,668839.17
962585,668839.17
962586,668839.17
962591,668839.17
962592,668839.17
962630,668839.17
962635,668839.17
962677,668839.17
962728,668839.17
962755,668839.17
962778,668839.17
962796,668839.17
962835,668839.17
962839,668839.17
962845,668839.17
962907,668839.17
962922,668839.17
963001,668839.17
963003,668839.17
963019,668839.17
963020,668839.17
963022,668839.17
963023,668839.17
963041,668839.17
963049,668839.17
963118,668839.17
963122,668839.17
963130,668839.17
963165,668839.17
963199,668839.17
963205,668839.17
963229,668839.17
963313,668839.17
963314,668839.17
963319,668839.17
963325,668839.17
963327,668839.17
963340,668839.17
963362,668839.17
963366,668839.17
963375,668839.17
963378,668839.17
963381,668839.17
963447,668839.17
963472,668839.17
963488,668839.17
963490,668839.17
963539,668839.17
963651,668839.17
963676,668839.17
963682,668839.17
963837,668839.17
963857,668839.17
963905,668839.17
963929,668839.17
963960,668839.17
963971,668839.17
963973,668839.17
963986,668839.17
964018,668839.17
964048,668839.17
964049,668839.17
964055,668839.17
964098,668839.17
964135,668839.17
964156,668839.17
964157,668839.17
964171,668839.17
964207,668839.17
964208,668839.17
964209,668839.17
964271,668839.17
964304,668839.17
964312,668839.17
964314,668839.17
964333,668839.17
964369,668839.17
964488,668839.17
964527,668839.17
964570,668839.17
964580,668839.17
964591,668839.17
964592,668839.17
964593,668839.17
964595,668839.17
964622,668839.17
964625,668839.17
964642,668839.17
964705,668839.17
964813,668839.17
964839,668839.17
964849,668839.17
964911,668839.17
964984,668839.17
964997,668839.17
965033,668839.17
965053,668839.17
965089,668839.17
965099,668839.17
965116,668839.17
965131,668839.17
965145,668839.17
965153,668839.17
965176,668839.17
965182,668839.17
965184,668839.17
965201,668839.17
965216,668839.17
965242,668839.17
965260,668839.17
965262,668839.17
965305,668839.17
965315,668839.17
965320,668839.17
965321,668839.17
965322,668839.17
965324,668839.17
965325,668839.17
965326,668839.17
965341,668839.17
965342,668839.17
965346,668839.17
965349,668839.17
965438,668839.17
965466,668839.17
965474,668839.17
965499,668839.17
965515,668839.17
965560,668839.17
965648,668839.17
965688,668839.17
965717,668839.17
965754,668839.17
965792,668839.17
965794,668839.17
965821,668839.17
965856,668839.17
965860,668839.17
965954,668839.17
965967,668839.17
965968,668839.17
965975,668839.17
965981,668839.17
965989,668839.17
965993,668839.17
966015,668839.17
966059,668839.17
966070,668839.17
966074,668839.17
966123,668839.17
966139,668839.17
966205,668839.17
966220,668839.17
966221,668839.17
966238,668839.17
966269,668839.17
966276,668839.17
966385,668839.17
966397,668839.17
966400,668839.17
966406,668839.17
966407,668839.17
966413,668839.17
966548,668839.17
966549,668839.17
966562,668839.17
966579,668839.17
966639,668839.17
966650,668839.17
966654,668839.17
966664,668839.17
966674,668839.17
966692,668839.17
966729,668839.17
966732,668839.17
966736,668839.17
966737,668839.17
966740,668839.17
966773,668839.17
966776,668839.17
966777,668839.17
966785,668839.17
966863,668839.17
966867,668839.17
966884,668839.17
967014,668839.17
967027,668839.17
967032,668839.17
967048,668839.17
967051,668839.17
967073,668839.17
967078,668839.17
967082,668839.17
967103,668839.17
967105,668839.17
967112,668839.17
967117,668839.17
967166,668839.17
967193,668839.17
967213,668839.17
967243,668839.17
967255,668839.17
967256,668839.17
967274,668839.17
967362,668839.17
967411,668839.17
967424,668839.17
967430,668839.17
967440,668839.17
967447,668839.17
967477,668839.17
967478,668839.17
967479,668839.17
967480,668839.17
967481,668839.17
967482,668839.17
967517,668839.17
967546,668839.17
967589,668839.17
967639,668839.17
967656,668839.17
967666,668839.17
967726,668839.17
967727,668839.17
967768,668839.17
967803,668839.17
967816,668839.17
967891,668839.17
967966,668839.17
967985,668839.17
967996,668839.17
968019,668839.17
968035,668839.17
968063,668839.17
968149,668839.17
968159,668839.17
968186,668839.17
968187,668839.17
968188,668839.17
968215,668839.17
968217,668839.17
968228,668839.17
968232,668839.17
968238,668839.17
968240,668839.17
968277,668839.17
968292,668839.17
968333,668839.17
968353,668839.17
968365,668839.17
968442,668839.17
968487,668839.17
968527,668839.17
968535,668839.17
968598,668839.17
968605,668839.17
968628,668839.17
968631,668839.17
968633,668839.17
968723,668839.17
968786,668839.17
968788,668839.17
968812,668839.17
968839,668839.17
968898,668839.17
968899,668839.17
968907,668839.17
968908,668839.17
968942,668839.17
968974,668839.17
968981,668839.17
968986,668839.17
968991,668839.17
969006,668839.17
969040,668839.17
969050,668839.17
969082,668839.17
969083,668839.17
969126,668839.17
969168,668839.17
969211,668839.17
969215,668839.17
969216,668839.17
969312,668839.17
969313,668839.17
969332,668839.17
969338,668839.17
969382,668839.17
969384,668839.17
969386,668839.17
969420,668839.17
969432,668839.17
969434,668839.17
969465,668839.17
969484,668839.17
969486,668839.17
969510,668839.17
969529,668839.17
969551,668839.17
969572,668839.17
969592,668839.17
969597,668839.17
969753,668839.17
969763,668839.17
969791,668839.17
969793,668839.17
969821,668839.17
969838,668839.17
969862,668839.17
969873,668839.17
969882,668839.17
969889,668839.17
969891,668839.17
969926,668839.17
969928,668839.17
969929,668839.17
969933,668839.17
969954,668839.17
970078,668839.17
970079,668839.17
970210,668839.17
970216,668839.17
970312,668839.17
970329,668839.17
970398,668839.17
970400,668839.17
970401,668839.17
970404,668839.17
970405,668839.17
970412,668839.17
970427,668839.17
970442,668839.17
970459,668839.17
970491,668839.17
970585,668839.17
970587,668839.17
970654,668839.17
970657,668839.17
970705,668839.17
970711,668839.17
970714,668839.17
970728,668839.17
970764,668839.17
970771,668839.17
970786,668839.17
970817,668839.17
970868,668839.17
970888,668839.17
970947,668839.17
970961,668839.17
970980,668839.17
970988,668839.17
971011,668839.17
971020,668839.17
971029,668839.17
971033,668839.17
971083,668839.17
971088,668839.17
971102,668839.17
971111,668839.17
971160,668839.17
971222,668839.17
971235,668839.17
971238,668839.17
971248,668839.17
971264,668839.17
971332,668839.17
971401,668839.17
971433,668839.17
971445,668839.17
971483,668839.17
971505,668839.17
971510,668839.17
971557,668839.17
971558,668839.17
971561,668839.17
971563,668839.17
971591,668839.17
971615,668839.17
971627,668839.17
971633,668839.17
971661,668839.17
971666,668839.17
971673,668839.17
971685,668839.17
971688,668839.17
971731,668839.17
971733,668839.17
971748,668839.17
971779,668839.17
971780,668839.17
971794,668839.17
971800,668839.17
971828,668839.17
971852,668839.17
971853,668839.17
971869,668839.17
971893,668839.17
971896,668839.17
971941,668839.17
971953,668839.17
971973,668839.17
971981,668839.17
972061,668839.17
972062,668839.17
972118,668839.17
972189,668839.17
972259,668839.17
972279,668839.17
972291,668839.17
972303,668839.17
972341,668839.17
972396,668839.17
972409,668839.17
972423,668839.17
972428,668839.17
972438,668839.17
972457,668839.17
972463,668839.17
972466,668839.17
972471,668839.17
972475,668839.17
972507,668839.17
972521,668839.17
972525,668839.17
972565,668839.17
972580,668839.17
972715,668839.17
972769,668839.17
972838,668839.17
972842,668839.17
972867,668839.17
972923,668839.17
973030,668839.17
973244,668839.17
973273,668839.17
973296,668839.17
973300,668839.17
973304,668839.17
973322,668839.17
973360,668839.17
973361,668839.17
973392,668839.17
973393,668839.17
973399,668839.17
973409,668839.17
973625,668839.17
973626,668839.17
973674,668839.17
973790,668839.17
973799,668839.17
973800,668839.17
973808,668839.17
973816,668839.17
973848,668839.17
973849,668839.17
973850,668839.17
973852,668839.17
973913,668839.17
973914,668839.17
973919,668839.17
973923,668839.17
973931,668839.17
973933,668839.17
973936,668839.17
973937,668839.17
973938,668839.17
973939,668839.17
973974,668839.17
973997,668839.17
973998,668839.17
974004,668839.17
974009,668839.17
974010,668839.17
974011,668839.17
974029,668839.17
974044,668839.17
974062,668839.17
974122,668839.17
974123,668839.17
974125,668839.17
974128,668839.17
974129,668839.17
974130,668839.17
974132,668839.17
974138,668839.17
974182,668839.17
974209,668839.17
974288,668839.17
974291,668839.17
974321,668839.17
974325,668839.17
974329,668839.17
974335,668839.17
974337,668839.17
974363,668839.17
974365,668839.17
974370,668839.17
974406,668839.17
974407,668839.17
974432,668839.17
974460,668839.17
974472,668839.17
974498,668839.17
974527,668839.17
974566,668839.17
974570,668839.17
974571,668839.17
974605,668839.17
974625,668839.17
974627,668839.17
974737,668839.17
974748,668839.17
974756,668839.17
974802,668839.17
974803,668839.17
974848,668839.17
974863,668839.17
974957,668839.17
974995,668839.17
975004,668839.17
975034,668839.17
975045,668839.17
975064,668839.17
975094,668839.17
975113,668839.17
975121,668839.17
975142,668839.17
975189,668839.17
975204,668839.17
975684,668839.17
975738,668839.17
975893,668839.17
975960,668839.17
975965,668839.17
975971,668839.17
975973,668839.17
976102,668839.17
976136,668839.17
976176,668839.17
976194,668839.17
976223,668839.17
976790,668839.17
976796,668839.17
976831,668839.17
976844,668839.17
976846,668839.17
976869,668839.17
976876,668839.17
976942,668839.17
976948,668839.17
977106,668839.17
977126,668839.17
977160,668839.17
977222,668839.17
977224,668839.17
977232,668839.17
977312,668839.17
977316,668839.17
977321,668839.17
977324,668839.17
977326,668839.17
977344,668839.17
977374,668839.17
977376,668839.17
977377,668839.17
977379,668839.17
977412,668839.17
977458,668839.17
977460,668839.17
977464,668839.17
977488,668839.17
977506,668839.17
977613,668839.17
977650,668839.17
977652,668839.17
977653,668839.17
977658,668839.17
977661,668839.17
977687,668839.17
977726,668839.17
977754,668839.17
977778,668839.17
977783,668839.17
977790,668839.17
977815,668839.17
977816,668839.17
977850,668839.17
977854,668839.17
977860,668839.17
977892,668839.17
977893,668839.17
977908,668839.17
977923,668839.17
977960,668839.17
977971,668839.17
978147,668839.17
978197,668839.17
978202,668839.17
978203,668839.17
978279,668839.17
978321,668839.17
978322,668839.17
978325,668839.17
978329,668839.17
978331,668839.17
978334,668839.17
978348,668839.17
978375,668839.17
978425,668839.17
978427,668839.17
978429,668839.17
978432,668839.17
978444,668839.17
978449,668839.17
978673,668839.17
978695,668839.17
978730,668839.17
978731,668839.17
978753,668839.17
978765,668839.17
978789,668839.17
978795,668839.17
978858,668839.17
978906,668839.17
978909,668839.17
978910,668839.17
978912,668839.17
978935,668839.17
978958,668839.17
978959,668839.17
978999,668839.17
979014,668839.17
979050,668839.17
979051,668839.17
979084,668839.17
979101,668839.17
979108,668839.17
979121,668839.17
979131,668839.17
979175,668839.17
979191,668839.17
979243,668839.17
979248,668839.17
979249,668839.17
979256,668839.17
979279,668839.17
979282,668839.17
979283,668839.17
979319,668839.17
979358,668839.17
979369,668839.17
979393,668839.17
979403,668839.17
979443,668839.17
979445,668839.17
979447,668839.17
979449,668839.17
979453,668839.17
979457,668839.17
979458,668839.17
979468,668839.17
979551,668839.17
979584,668839.17
979587,668839.17
979595,668839.17
979642,668839.17
979659,668839.17
979665,668839.17
979679,668839.17
979743,668839.17
979750,668839.17
979751,668839.17
979812,668839.17
979832,668839.17
979837,668839.17
979853,668839.17
979854,668839.17
979931,668839.17
980083,668839.17
980197,668839.17
980233,668839.17
980239,668839.17
980240,668839.17
980273,668839.17
980329,668839.17
980330,668839.17
980349,668839.17
980411,668839.17
980460,668839.17
980526,668839.17
980552,668839.17
980564,668839.17
980566,668839.17
980601,668839.17
980692,668839.17
980751,668839.17
980849,668839.17
980863,668839.17
980864,668839.17
980867,668839.17
980942,668839.17
980981,668839.17
981136,668839.17
981167,668839.17
981169,668839.17
981268,668839.17
981269,668839.17
981270,668839.17
981332,668839.17
981380,668839.17
981464,668839.17
981671,668839.17
981683,668839.17
981684,668839.17
981685,668839.17
981689,668839.17
981696,668839.17
981697,668839.17
981698,668839.17
981699,668839.17
981714,668839.17
981742,668839.17
981894,668839.17
981947,668839.17
982012,668839.17
982055,668839.17
982274,668839.17
982285,668839.17
983029,668839.17
983030,668839.17
983126,668839.17
983170,668839.17
983293,668839.17
983294,668839.17
983298,668839.17
983374,668839.17
983378,668839.17
983651,668839.17
983752,668839.17
984096,668839.17
984122,668839.17
984320,668839.17
984322,668839.17
984733,668839.17
984734,668839.17
984768,668839.17
984892,668839.17
985039,668839.17
985041,668839.17
985042,668839.17
985043,668839.17
985119,668839.17
985151,668839.17
985154,668839.17
985156,668839.17
985159,668839.17
985161,668839.17
985165,668839.17
985166,668839.17
985167,668839.17
985313,668839.17
985320,668839.17
985337,668839.17
985364,668839.17
985407,668839.17
985520,668839.17
985545,668839.17
985670,668839.17
985683,668839.17
985684,668839.17
985767,668839.17
985811,668839.17
985813,668839.17
985814,668839.17
985815,668839.17
985818,668839.17
985840,668839.17
985841,668839.17
985981,668839.17
986056,668839.17
986103,668839.17
986115,668839.17
986139,668839.17
986207,668839.17
986208,668839.17
986212,668839.17
986213,668839.17
986214,668839.17
986274,668839.17
986275,668839.17
986390,668839.17
986417,668839.17
986512,668839.17
986616,668839.17
986618,668839.17
987237,668839.17
987240,668839.17
987247,668839.17
987346,668839.17
987563,668839.17
987614,668839.17
987631,668839.17
987671,668839.17
987844,668839.17
987916,668839.17
987959,668839.17
988030,668839.17
988085,668839.17
988120,668839.17
988128,668839.17
988131,668839.17
988330,668839.17
988404,668839.17
988522,668839.17
988664,668839.17
988763,668839.17
988798,668839.17
988844,668839.17
988874,668839.17
988876,668839.17
988929,668839.17
988942,668839.17
988993,668839.17
989061,668839.17
989298,668839.17
989301,668839.17
989302,668839.17
989305,668839.17
989372,668839.17
989373,668839.17
989378,668839.17
989379,668839.17
989380,668839.17
989419,668839.17
989524,668839.17
989588,668839.17
989589,668839.17
989592,668839.17
989593,668839.17
989666,668839.17
989733,668839.17
989814,668839.17
989873,668839.17
989876,668839.17
989903,668839.17
989933,668839.17
989942,668839.17
989988,668839.17
989990,668839.17
989996,668839.17
990011,668839.17
990133,668839.17
990149,668839.17
990150,668839.17
990151,668839.17
990152,668839.17
990166,668839.17
990272,668839.17
990286,668839.17
990330,668839.17
991069,668839.17
991073,668839.17
991157,668839.17
991199,668839.17
991266,668839.17
991272,668839.17
991278,668839.17
991349,668839.17
991352,668839.17
991425,668839.17
991464,668839.17
991467,668839.17
991468,668839.17
991469,668839.17
991475,668839.17
991477,668839.17
991480,668839.17
991487,668839.17
991490,668839.17
991616,668839.17
991701,668839.17
991703,668839.17
991720,668839.17
991738,668839.17
991812,668839.17
991825,668839.17
991826,668839.17
991832,668839.17
991836,668839.17
991895,668839.17
991908,668839.17
991913,668839.17
991940,668839.17
992565,668839.17
992574,668839.17
992717,668839.17
992721,668839.17
992722,668839.17
992724,668839.17
992726,668839.17
992727,668839.17
992728,668839.17
992745,668839.17
992746,668839.17
992775,668839.17
992783,668839.17
992832,668839.17
992874,668839.17
992899,668839.17
992904,668839.17
992948,668839.17
992977,668839.17
992988,668839.17
993216,668839.17
993459,668839.17
993468,668839.17
993509,668839.17
993527,668839.17
994032,668839.17
994088,668839.17
994215,668839.17
994299,668839.17
994506,668839.17
994507,668839.17
994530,668839.17
994764,668839.17
994812,668839.17
994814,668839.17
994834,668839.17
994906,668839.17
994936,668839.17
994956,668839.17
994960,668839.17
994983,668839.17
994991,668839.17
994995,668839.17
995000,668839.17
995001,668839.17
995007,668839.17
995008,668839.17
995021,668839.17
995031,668839.17
995035,668839.17
995036,668839.17
995042,668839.17
995044,668839.17
995055,668839.17
995057,668839.17
995076,668839.17
995118,668839.17
995133,668839.17
995142,668839.17
995260,668839.17
995313,668839.17
995352,668839.17
995366,668839.17
995437,668839.17
995479,668839.17
995619,668839.17
995646,668839.17
995669,668839.17
995780,668839.17
995874,668839.17
995916,668839.17
995946,668839.17
995947,668839.17
995948,668839.17
996053,668839.17
996103,668839.17
996178,668839.17
996180,668839.17
996184,668839.17
996364,668839.17
996473,668839.17
996581,668839.17
996796,668839.17
996804,668839.17
997041,668839.17
997166,668839.17
997167,668839.17
997168,668839.17
997186,668839.17
997196,668839.17
997244,668839.17
997245,668839.17
997392,668839.17
997403,668839.17
997443,668839.17
997541,668839.17
997542,668839.17
997691,668839.17
997755,668839.17
997773,668839.17
997774,668839.17
997795,668839.17
997808,668839.17
997935,668839.17
998092,668839.17
998095,668839.17
998098,668839.17
998275,668839.17
998276,668839.17
998376,668839.17
998498,668839.17
998564,668839.17
998567,668839.17
998574,668839.17
998575,668839.17
998577,668839.17
998615,668839.17
998616,668839.17
998620,668839.17
998621,668839.17
998622,668839.17
998624,668839.17
998645,668839.17
998646,668839.17
998649,668839.17
998650,668839.17
998651,668839.17
998862,668839.17
998925,668839.17
999025,668839.17
999050,668839.17
999543,668839.17
999625,668839.17
999712,668839.17
999754,668839.17
999960,668839.17
1000541,668839.17
1000644,668839.17
1000692,668839.17
1000727,668839.17
1001116,668839.17
1001294,668839.17
1001409,668839.17
1001421,668839.17
1001616,668839.17
1001945,668839.17
1001991,668839.17
1002183,668839.17
1002319,668839.17
1002326,668839.17
1002411,668839.17
1002412,668839.17
1002571,668839.17
1002606,668839.17
1002607,668839.17
1002626,668839.17
1002643,668839.17
1002658,668839.17
1002678,668839.17
1002694,668839.17
1002727,668839.17
1002742,668839.17
1002822,668839.17
1002827,668839.17
1002861,668839.17
1002863,668839.17
1002864,668839.17
1002865,668839.17
1003030,668839.17
1003043,668839.17
1003047,668839.17
1003089,668839.17
1003171,668839.17
1003257,668839.17
1003435,668839.17
1003611,668839.17
1003612,668839.17
1003619,668839.17
1003639,668839.17
1003692,668839.17
1003816,668839.17
1003817,668839.17
1003836,668839.17
1003840,668839.17
1003859,668839.17
1003902,668839.17
1003907,668839.17
1003940,668839.17
1003956,668839.17
1003974,668839.17
1003976,668839.17
1003980,668839.17
1003985,668839.17
1003988,668839.17
1004037,668839.17
1004051,668839.17
1004069,668839.17
1004074,668839.17
1004075,668839.17
1004084,668839.17
1004189,668839.17
1004217,668839.17
1004262,668839.17
1004284,668839.17
1004331,668839.17
1004336,668839.17
1004413,668839.17
1004421,668839.17
1004490,668839.17
1004566,668839.17
1004579,668839.17
1004675,668839.17
1004832,668839.17
1004935,668839.17
1005039,668839.17
1005060,668839.17
1005124,668839.17
1005127,668839.17
1005128,668839.17
1005129,668839.17
1005130,668839.17
1005132,668839.17
1005134,668839.17
1005138,668839.17
1005236,668839.17
1005238,668839.17
1005262,668839.17
1005413,668839.17
1005464,668839.17
1005466,668839.17
1005467,668839.17
1005547,668839.17
1005674,668839.17
1005675,668839.17
1005710,668839.17
1005732,668839.17
1005936,668839.17
1005980,668839.17
1005986,668839.17
1005987,668839.17
1006073,668839.17
1006141,668839.17
1006421,668839.17
1006494,668839.17
1006532,668839.17
1006557,668839.17
1006674,668839.17
1006675,668839.17
1006761,668839.17
1006797,668839.17
1006798,668839.17
1006876,668839.17
1006880,668839.17
1006988,668839.17
1007061,668839.17
1007082,668839.17
1007101,668839.17
1007108,668839.17
1007109,668839.17
1007172,668839.17
1007233,668839.17
1007235,668839.17
1007239,668839.17
1007271,668839.17
1007352,668839.17
1007401,668839.17
1007430,668839.17
1007571,668839.17
1007600,668839.17
1007789,668839.17
1007797,668839.17
1007830,668839.17
1007849,668839.17
1007856,668839.17
1007857,668839.17
1007917,668839.17
1007967,668839.17
1007994,668839.17
1008148,668839.17
1008157,668839.17
1008169,668839.17
1008170,668839.17
1008173,668839.17
1008307,668839.17
1008308,668839.17
1008352,668839.17
1008357,668839.17
1008358,668839.17
1008361,668839.17
1008386,668839.17
1008418,668839.17
1008428,668839.17
1008433,668839.17
1008501,668839.17
1008510,668839.17
1008550,668839.17
1008563,668839.17
1008564,668839.17
1008595,668839.17
1008641,668839.17
1008677,668839.17
1008707,668839.17
1008732,668839.17
1008734,668839.17
1008741,668839.17
1008744,668839.17
1008749,668839.17
1008759,668839.17
1008760,668839.17
1008803,668839.17
1008804,668839.17
1008805,668839.17
1008829,668839.17
1008833,668839.17
1008838,668839.17
1008855,668839.17
1008862,668839.17
1008878,668839.17
1008892,668839.17
1008914,668839.17
1008927,668839.17
1008932,668839.17
1009016,668839.17
1009077,668839.17
1009084,668839.17
1009088,668839.17
1009218,668839.17
1009229,668839.17
1009308,668839.17
1009310,668839.17
1009337,668839.17
1009366,668839.17
1009424,668839.17
1009487,668839.17
1009509,668839.17
1009510,668839.17
1009517,668839.17
1009520,668839.17
1009528,668839.17
1009530,668839.17
1009531,668839.17
1009532,668839.17
1009533,668839.17
1009534,668839.17
1009535,668839.17
1009590,668839.17
1009596,668839.17
1009672,668839.17
1009736,668839.17
1009859,668839.17
1009864,668839.17
1009866,668839.17
1009891,668839.17
1009942,668839.17
1009948,668839.17
1009965,668839.17
1009970,668839.17
1010054,668839.17
1010066,668839.17
1010068,668839.17
1010069,668839.17
1010104,668839.17
1010110,668839.17
1010185,668839.17
1010186,668839.17
1010276,668839.17
1010411,668839.17
1010542,668839.17
1010544,668839.17
1010584,668839.17
1010592,668839.17
1010667,668839.17
1010678,668839.17
1010679,668839.17
1010680,668839.17
1010686,668839.17
1010704,668839.17
1010740,668839.17
1010833,668839.17
1010913,668839.17
1010950,668839.17
1010951,668839.17
1010980,668839.17
1010999,668839.17
1011028,668839.17
1011032,668839.17
1011122,668839.17
1011132,668839.17
1011134,668839.17
1011135,668839.17
1011148,668839.17
1011150,668839.17
1011203,668839.17
1011204,668839.17
1011275,668839.17
1011335,668839.17
1011414,668839.17
1011429,668839.17
1011430,668839.17
1011489,668839.17
1011573,668839.17
1011574,668839.17
1011701,668839.17
1011778,668839.17
1011854,668839.17
1011914,668839.17
1012038,668839.17
1012128,668839.17
1012273,668839.17
1012311,668839.17
1012320,668839.17
1012331,668839.17
1012332,668839.17
1012339,668839.17
1012507,668839.17
1012542,668839.17
1012574,668839.17
1012587,668839.17
1012712,668839.17
1012714,668839.17
1012716,668839.17
1012752,668839.17
1012830,668839.17
1012898,668839.17
1012945,668839.17
1013031,668839.17
1013155,668839.17
1013161,668839.17
1013177,668839.17
1013187,668839.17
1013234,668839.17
1013244,668839.17
1013288,668839.17
1013290,668839.17
1013352,668839.17
1013443,668839.17
1013494,668839.17
1013507,668839.17
1013544,668839.17
1013547,668839.17
1013630,668839.17
1013704,668839.17
1013740,668839.17
1013742,668839.17
1013743,668839.17
1013786,668839.17
1013962,668839.17
1014083,668839.17
1014108,668839.17
1014164,668839.17
1014237,668839.17
1014240,668839.17
1014368,668839.17
1014476,668839.17
1014483,668839.17
1014498,668839.17
1014551,668839.17
1014571,668839.17
1014624,668839.17
1014635,668839.17
1014637,668839.17
1014638,668839.17
1014641,668839.17
1014665,668839.17
1014669,668839.17
1014738,668839.17
1014928,668839.17
1014999,668839.17
1015031,668839.17
1015103,668839.17
1015125,668839.17
1015134,668839.17
1015243,668839.17
1015347,668839.17
1015350,668839.17
1015360,668839.17
1015361,668839.17
1015366,668839.17
1015403,668839.17
1015482,668839.17
1015484,668839.17
1015485,668839.17
1015486,668839.17
1015502,668839.17
1015524,668839.17
1015534,668839.17
1015540,668839.17
1015557,668839.17
1015579,668839.17
1015597,668839.17
1015681,668839.17
1015697,668839.17
1015714,668839.17
1015804,668839.17
1015824,668839.17
1015843,668839.17
1015872,668839.17
1015908,668839.17
1015909,668839.17
1015911,668839.17
1015919,668839.17
1015920,668839.17
1016040,668839.17
1016042,668839.17
1016098,668839.17
1016117,668839.17
1016413,668839.17
1016734,668839.17
1016888,668839.17
1016927,668839.17
1017116,668839.17
1017118,668839.17
1017166,668839.17
1017176,668839.17
1017264,668839.17
1017383,668839.17
1017418,668839.17
1017424,668839.17
1017427,668839.17
1017428,668839.17
1017503,668839.17
1017563,668839.17
1017579,668839.17
1017600,668839.17
1017626,668839.17
1017637,668839.17
1017693,668839.17
1017750,668839.17
1017763,668839.17
1017782,668839.17
1017792,668839.17
1017846,668839.17
1017992,668839.17
1017998,668839.17
1018079,668839.17
1018135,668839.17
1018136,668839.17
1018166,668839.17
1018229,668839.17
1018248,668839.17
1018257,668839.17
1018417,668839.17
1018421,668839.17
1018428,668839.17
1018486,668839.17
1018523,668839.17
1018598,668839.17
1018621,668839.17
1018671,668839.17
1018822,668839.17
1018943,668839.17
1019039,668839.17
1019057,668839.17
1019062,668839.17
1019149,668839.17
1019151,668839.17
1019206,668839.17
1019298,668839.17
1019309,668839.17
1019343,668839.17
1019366,668839.17
1019367,668839.17
1019432,668839.17
1019561,668839.17
1019575,668839.17
1019659,668839.17
1019668,668839.17
1019672,668839.17
1019681,668839.17
1019683,668839.17
1019686,668839.17
1019696,668839.17
1019720,668839.17
1019763,668839.17
1019835,668839.17
1019872,668839.17
1019903,668839.17
1019908,668839.17
1019958,668839.17
1020047,668839.17
1020124,668839.17
1020278,668839.17
1020508,668839.17
1020554,668839.17
1020672,668839.17
1020673,668839.17
1020745,668839.17
1020844,668839.17
1021039,668839.17
1021263,668839.17
1021316,668839.17
1021412,668839.17
1021444,668839.17
1021447,668839.17
1021453,668839.17
1021485,668839.17
1021500,668839.17
1021509,668839.17
1021520,668839.17
1021560,668839.17
1021605,668839.17
1021606,668839.17
1021607,668839.17
1021749,668839.17
1021765,668839.17
1021768,668839.17
1021770,668839.17
1021833,668839.17
1021834,668839.17
1021855,668839.17
1021973,668839.17
1022085,668839.17
1022163,668839.17
1022166,668839.17
1022273,668839.17
1022312,668839.17
1022388,668839.17
1022399,668839.17
1022582,668839.17
1022587,668839.17
1022588,668839.17
1022596,668839.17
1022614,668839.17
1022695,668839.17
1022704,668839.17
1022715,668839.17
1022716,668839.17
1022717,668839.17
1022718,668839.17
1022719,668839.17
1022721,668839.17
1022750,668839.17
1022753,668839.17
1022755,668839.17
1022756,668839.17
1022760,668839.17
1022781,668839.17
1022782,668839.17
1022787,668839.17
1022790,668839.17
1022794,668839.17
1022795,668839.17
1022796,668839.17
1022798,668839.17
1022800,668839.17
1022801,668839.17
1022802,668839.17
1022844,668839.17
1022848,668839.17
1022960,668839.17
1023168,668839.17
1023169,668839.17
1023172,668839.17
1023173,668839.17
1023209,668839.17
1023230,668839.17
1023304,668839.17
1023340,668839.17
1023351,668839.17
1023393,668839.17
1023450,668839.17
1023458,668839.17
1023465,668839.17
1023468,668839.17
1023501,668839.17
1023505,668839.17
1023508,668839.17
1023511,668839.17
1023512,668839.17
1023513,668839.17
1023514,668839.17
1023518,668839.17
1023520,668839.17
1023521,668839.17
1023552,668839.17
1023559,668839.17
1023590,668839.17
1023664,668839.17
1023676,668839.17
1023677,668839.17
1023744,668839.17
1023764,668839.17
1023774,668839.17
1024012,668839.17
1024071,668839.17
1024126,668839.17
1024133,668839.17
1024324,668839.17
1024371,668839.17
1024444,668839.17
1024449,668839.17
1024456,668839.17
1024463,668839.17
1024474,668839.17
1024477,668839.17
1024508,668839.17
1024529,668839.17
1024536,668839.17
1024590,668839.17
1024625,668839.17
1024628,668839.17
1024636,668839.17
1062270,668839.17
1062278,668839.17
1062287,668839.17
1062389,668839.17
1062404,668839.17
1062442,668839.17
1062482,668839.17
1062512,668839.17
1062516,668839.17
1062537,668839.17
1062557,668839.17
1062572,668839.17
1062643,668839.17
1062645,668839.17
1062676,668839.17
1062691,668839.17
1062714,668839.17
1062737,668839.17
1062839,668839.17
1062840,668839.17
1062844,668839.17
1062946,668839.17
1062972,668839.17
1062991,668839.17
1063009,668839.17
1063010,668839.17
1063011,668839.17
1063045,668839.17
1063050,668839.17
1063051,668839.17
1063070,668839.17
1063106,668839.17
1063130,668839.17
1063217,668839.17
1063317,668839.17
1063480,668839.17
1063535,668839.17
1063601,668839.17
1063668,668839.17
1063704,668839.17
1063829,668839.17
1063862,668839.17
1063906,668839.17
1063923,668839.17
1064029,668839.17
1064042,668839.17
1064047,668839.17
1064050,668839.17
1064059,668839.17
1064061,668839.17
1064082,668839.17
1064093,668839.17
1064155,668839.17
1064165,668839.17
1064170,668839.17
1064189,668839.17
1064253,668839.17
1064260,668839.17
1064263,668839.17
1064289,668839.17
1064327,668839.17
1064340,668839.17
1064342,668839.17
1064347,668839.17
1064358,668839.17
1064389,668839.17
1064391,668839.17
1064393,668839.17
1064415,668839.17
1064420,668839.17
1064421,668839.17
1064424,668839.17
1064425,668839.17
1064433,668839.17
1064438,668839.17
1064469,668839.17
1064535,668839.17
1064536,668839.17
1064538,668839.17
1064539,668839.17
1064552,668839.17
1064556,668839.17
1064605,668839.17
1064632,668839.17
1064660,668839.17
1064707,668839.17
1064708,668839.17
1064709,668839.17
1064715,668839.17
1064718,668839.17
1064724,668839.17
1064774,668839.17
1064782,668839.17
1064786,668839.17
1064791,668839.17
1064836,668839.17
1064856,668839.17
1064863,668839.17
1064870,668839.17
1064872,668839.17
1064873,668839.17
1064904,668839.17
1064906,668839.17
1064997,668839.17
1064998,668839.17
1065033,668839.17
1065055,668839.17
1065146,668839.17
1065162,668839.17
1065164,668839.17
1065198,668839.17
1065199,668839.17
1065201,668839.17
1065202,668839.17
1065203,668839.17
1065246,668839.17
1065262,668839.17
1065274,668839.17
1065275,668839.17
1065297,668839.17
1065304,668839.17
1065320,668839.17
1065322,668839.17
1065328,668839.17
1065359,668839.17
1065372,668839.17
1065374,668839.17
1065377,668839.17
1065396,668839.17
1065406,668839.17
1065413,668839.17
1065448,668839.17
1065477,668839.17
1065483,668839.17
1065488,668839.17
1065529,668839.17
1065572,668839.17
1065607,668839.17
1065613,668839.17
1065615,668839.17
1065617,668839.17
1065619,668839.17
1065621,668839.17
1065641,668839.17
1065658,668839.17
1065662,668839.17
1065702,668839.17
1065761,668839.17
1065771,668839.17
1065835,668839.17
1065838,668839.17
1065848,668839.17
1065852,668839.17
1065855,668839.17
1065857,668839.17
1065859,668839.17
1065883,668839.17
1065901,668839.17
1065927,668839.17
1065939,668839.17
1065940,668839.17
1065970,668839.17
1065973,668839.17
1066009,668839.17
1066029,668839.17
1066035,668839.17
1066052,668839.17
1066060,668839.17
1066082,668839.17
1066109,668839.17
1066119,668839.17
1066134,668839.17
1066159,668839.17
1066160,668839.17
1066161,668839.17
1066162,668839.17
1066163,668839.17
1066170,668839.17
1066171,668839.17
1066172,668839.17
1066174,668839.17
1066191,668839.17
1066194,668839.17
1066245,668839.17
1066361,668839.17
1066365,668839.17
1066375,668839.17
1066378,668839.17
1066379,668839.17
1066409,668839.17
1066413,668839.17
1066448,668839.17
1066476,668839.17
1066524,668839.17
1066548,668839.17
1066602,668839.17
1066603,668839.17
1066605,668839.17
1066643,668839.17
1066644,668839.17
1066664,668839.17
1066730,668839.17
1066734,668839.17
1066736,668839.17
1066759,668839.17
1066761,668839.17
1066772,668839.17
1066792,668839.17
1066795,668839.17
1066832,668839.17
1066845,668839.17
1066847,668839.17
1066938,668839.17
1066944,668839.17
1066988,668839.17
1066996,668839.17
1067005,668839.17
1067009,668839.17
1067011,668839.17
1067037,668839.17
1067063,668839.17
1067064,668839.17
1067088,668839.17
1067115,668839.17
1067119,668839.17
1067291,668839.17
1067363,668839.17
1067374,668839.17
1067395,668839.17
1067402,668839.17
1067412,668839.17
1067425,668839.17
1067428,668839.17
1067430,668839.17
1067435,668839.17
1067478,668839.17
1067512,668839.17
1067533,668839.17
1067536,668839.17
1067549,668839.17
1067555,668839.17
1067557,668839.17
1067570,668839.17
1067575,668839.17
1067577,668839.17
1067578,668839.17
1067584,668839.17
1067596,668839.17
1067598,668839.17
1067614,668839.17
1067631,668839.17
1067649,668839.17
1067652,668839.17
1067687,668839.17
1067688,668839.17
1067704,668839.17
1067705,668839.17
1067731,668839.17
1067746,668839.17
1067756,668839.17
1067777,668839.17
1067793,668839.17
1067808,668839.17
1067821,668839.17
1067834,668839.17
1067846,668839.17
1067850,668839.17
1067853,668839.17
1067863,668839.17
1067913,668839.17
1067914,668839.17
1067962,668839.17
1067999,668839.17
1068022,668839.17
1068055,668839.17
1068076,668839.17
1068078,668839.17
1068136,668839.17
1068137,668839.17
1068155,668839.17
1068157,668839.17
1068158,668839.17
1068173,668839.17
1068240,668839.17
1068266,668839.17
1068324,668839.17
1068360,668839.17
1068386,668839.17
1068396,668839.17
1068406,668839.17
1068409,668839.17
1068414,668839.17
1068466,668839.17
1068489,668839.17
1068501,668839.17
1068520,668839.17
1068533,668839.17
1068611,668839.17
1068645,668839.17
1068683,668839.17
1068685,668839.17
1068698,668839.17
1068703,668839.17
1068737,668839.17
1068751,668839.17
1068752,668839.17
1068797,668839.17
1068824,668839.17
1068840,668839.17
1068894,668839.17
1068949,668839.17
1068954,668839.17
1068960,668839.17
1069002,668839.17
1069029,668839.17
1069034,668839.17
1069058,668839.17
1069115,668839.17
1069117,668839.17
1069137,668839.17
1069138,668839.17
1069204,668839.17
1069246,668839.17
1069293,668839.17
1069308,668839.17
1069388,668839.17
1069416,668839.17
1069429,668839.17
1069430,668839.17
1069489,668839.17
1069539,668839.17
1069541,668839.17
1069543,668839.17
1069544,668839.17
1069545,668839.17
1069602,668839.17
1069619,668839.17
1069633,668839.17
1069662,668839.17
1069672,668839.17
1069673,668839.17
1069712,668839.17
1069750,668839.17
1069782,668839.17
1069813,668839.17
1069835,668839.17
1069857,668839.17
1069881,668839.17
1069973,668839.17
1069981,668839.17
1069982,668839.17
1070002,668839.17
1070067,668839.17
1070070,668839.17
1070084,668839.17
1070089,668839.17
1070103,668839.17
1070165,668839.17
1070183,668839.17
1070185,668839.17
1070208,668839.17
1070245,668839.17
1070308,668839.17
1070362,668839.17
1070374,668839.17
1070378,668839.17
1070388,668839.17
1070394,668839.17
1070438,668839.17
1070454,668839.17
1070455,668839.17
1070456,668839.17
1070463,668839.17
1070467,668839.17
1070469,668839.17
1070498,668839.17
1070501,668839.17
1070516,668839.17
1070554,668839.17
1070570,668839.17
1070573,668839.17
1070643,668839.17
1070656,668839.17
1070675,668839.17
1070677,668839.17
1070707,668839.17
1070760,668839.17
1070770,668839.17
1070862,668839.17
1070866,668839.17
1070907,668839.17
1070916,668839.17
1071031,668839.17
1071038,668839.17
1071042,668839.17
1071045,668839.17
1071046,668839.17
1071118,668839.17
1071145,668839.17
1071161,668839.17
1071166,668839.17
1071202,668839.17
1071335,668839.17
1071349,668839.17
1071350,668839.17
1071356,668839.17
1071357,668839.17
1071360,668839.17
1071370,668839.17
1071376,668839.17
1071378,668839.17
1071390,668839.17
1071413,668839.17
1071414,668839.17
1071415,668839.17
1071419,668839.17
1071427,668839.17
1071430,668839.17
1071434,668839.17
1071481,668839.17
1071503,668839.17
1071504,668839.17
1071532,668839.17
1071537,668839.17
1071551,668839.17
1071574,668839.17
1071613,668839.17
1071621,668839.17
1071651,668839.17
1071653,668839.17
1071669,668839.17
1071704,668839.17
1071722,668839.17
1071727,668839.17
1071737,668839.17
1071740,668839.17
1071782,668839.17
1071889,668839.17
1071899,668839.17
1071920,668839.17
1071948,668839.17
1071950,668839.17
1071983,668839.17
1071997,668839.17
1072066,668839.17
1072080,668839.17
1072081,668839.17
1072086,668839.17
1072176,668839.17
1072178,668839.17
1072201,668839.17
1072204,668839.17
1072219,668839.17
1072229,668839.17
1072242,668839.17
1072245,668839.17
1072249,668839.17
1072259,668839.17
1072306,668839.17
1072320,668839.17
1072326,668839.17
1072334,668839.17
1072345,668839.17
1072353,668839.17
1072382,668839.17
1072387,668839.17
1072403,668839.17
1072484,668839.17
1072487,668839.17
1072490,668839.17
1072493,668839.17
1072503,668839.17
1072536,668839.17
1072548,668839.17
1072599,668839.17
1072627,668839.17
1072632,668839.17
1072681,668839.17
1072729,668839.17
1072752,668839.17
1072775,668839.17
1072776,668839.17
1072779,668839.17
1072780,668839.17
1072784,668839.17
1072800,668839.17
1072809,668839.17
1072819,668839.17
1072842,668839.17
1072873,668839.17
1072880,668839.17
1072894,668839.17
1072901,668839.17
1072913,668839.17
1072929,668839.17
1072973,668839.17
1073092,668839.17
1073108,668839.17
1073195,668839.17
1073200,668839.17
1073209,668839.17
1073215,668839.17
1073216,668839.17
1073217,668839.17
1073218,668839.17
1073219,668839.17
1073220,668839.17
1073221,668839.17
1073222,668839.17
1073223,668839.17
1073224,668839.17
1073225,668839.17
1073226,668839.17
1073228,668839.17
1073229,668839.17
1073234,668839.17
1073238,668839.17
1073240,668839.17
1073251,668839.17
1073388,668839.17
1073391,668839.17
1073420,668839.17
1073428,668839.17
1073465,668839.17
1073471,668839.17
1073484,668839.17
1073529,668839.17
1073563,668839.17
1073604,668839.17
1073621,668839.17
1073622,668839.17
1073626,668839.17
1073663,668839.17
1073675,668839.17
1073681,668839.17
1073695,668839.17
1073753,668839.17
1073779,668839.17
1073844,668839.17
1073846,668839.17
1074053,668839.17
1074196,668839.17
1074279,668839.17
1074340,668839.17
1074532,668839.17
1074540,668839.17
1074548,668839.17
1074550,668839.17
1074554,668839.17
1074575,668839.17
1074579,668839.17
1074603,668839.17
1074607,668839.17
1074608,668839.17
1074643,668839.17
1074677,668839.17
1074682,668839.17
1074697,668839.17
1074710,668839.17
1074741,668839.17
1074816,668839.17
1074821,668839.17
1074882,668839.17
1074943,668839.17
1074946,668839.17
1074968,668839.17
1074991,668839.17
1075071,668839.17
1075075,668839.17
1075078,668839.17
1075192,668839.17
1075221,668839.17
1075262,668839.17
1075320,668839.17
1075321,668839.17
1075527,668839.17
1075555,668839.17
1075566,668839.17
1075576,668839.17
1075621,668839.17
1075623,668839.17
1075669,668839.17
1075694,668839.17
1075794,668839.17
1075855,668839.17
1075875,668839.17
1075876,668839.17
1075878,668839.17
1075902,668839.17
1075981,668839.17
1076017,668839.17
1076028,668839.17
1076116,668839.17
1076133,668839.17
1076153,668839.17
1076223,668839.17
1076232,668839.17
1076237,668839.17
1076242,668839.17
1076246,668839.17
1076250,668839.17
1076256,668839.17
1076265,668839.17
1076270,668839.17
1076275,668839.17
1076282,668839.17
1076297,668839.17
1076314,668839.17
1076342,668839.17
1076353,668839.17
1076399,668839.17
1076400,668839.17
1076410,668839.17
1076411,668839.17
1076419,668839.17
1076451,668839.17
1076453,668839.17
1076479,668839.17
1076502,668839.17
1076505,668839.17
1076512,668839.17
1076516,668839.17
1076615,668839.17
1076618,668839.17
1076619,668839.17
1076637,668839.17
1076655,668839.17
1076670,668839.17
1076672,668839.17
1076751,668839.17
1076780,668839.17
1076822,668839.17
1076837,668839.17
1076848,668839.17
1076851,668839.17
1076867,668839.17
1076870,668839.17
1076873,668839.17
1076877,668839.17
1076899,668839.17
1076928,668839.17
1076931,668839.17
1077002,668839.17
1077007,668839.17
1077008,668839.17
1077013,668839.17
1077024,668839.17
1077043,668839.17
1077056,668839.17
1077067,668839.17
1077162,668839.17
1077187,668839.17
1077265,668839.17
1077596,668839.17
1077624,668839.17
1077752,668839.17
1077787,668839.17
1077884,668839.17
1078098,668839.17
1078219,668839.17
1078257,668839.17
1078341,668839.17
1078355,668839.17
1078360,668839.17
1078409,668839.17
1078431,668839.17
1078454,668839.17
1078476,668839.17
1078477,668839.17
1078497,668839.17
1078545,668839.17
1078556,668839.17
1078564,668839.17
1078585,668839.17
1078640,668839.17
1078648,668839.17
1078660,668839.17
1078685,668839.17
1078699,668839.17
1078723,668839.17
1078725,668839.17
1078736,668839.17
1078773,668839.17
1078806,668839.17
1078814,668839.17
1078885,668839.17
1078899,668839.17
1078908,668839.17
1078969,668839.17
1079020,668839.17
1079036,668839.17
1079059,668839.17
1079068,668839.17
1079153,668839.17
1079183,668839.17
1079230,668839.17
1079254,668839.17
1079277,668839.17
1079282,668839.17
1079294,668839.17
1079320,668839.17
1079334,668839.17
1079343,668839.17
1079356,668839.17
1079382,668839.17
1079459,668839.17
1079463,668839.17
1079464,668839.17
1079479,668839.17
1079483,668839.17
1079497,668839.17
1079498,668839.17
1079503,668839.17
1079504,668839.17
1079528,668839.17
1079568,668839.17
1079600,668839.17
1079607,668839.17
1079608,668839.17
1079612,668839.17
1079618,668839.17
1079705,668839.17
1079766,668839.17
1079842,668839.17
1079850,668839.17
1079853,668839.17
1079868,668839.17
1079892,668839.17
1079895,668839.17
1079928,668839.17
1079992,668839.17
1079994,668839.17
1079995,668839.17
1080005,668839.17
1080008,668839.17
1080010,668839.17
1080011,668839.17
1080015,668839.17
1080025,668839.17
1080028,668839.17
1080030,668839.17
1080032,668839.17
1080034,668839.17
1080037,668839.17
1080063,668839.17
1080064,668839.17
1080065,668839.17
1080066,668839.17
1080069,668839.17
1080072,668839.17
1080077,668839.17
1080111,668839.17
1080133,668839.17
1080147,668839.17
1080162,668839.17
1080187,668839.17
1080200,668839.17
1080279,668839.17
1080290,668839.17
1080292,668839.17
1080299,668839.17
1080327,668839.17
1080328,668839.17
1080332,668839.17
1080334,668839.17
1080342,668839.17
1080343,668839.17
1080364,668839.17
1080379,668839.17
1080382,668839.17
1080383,668839.17
1080399,668839.17
1080401,668839.17
1080426,668839.17
1080440,668839.17
1080450,668839.17
1080465,668839.17
1080482,668839.17
1080485,668839.17
1080507,668839.17
1080562,668839.17
1080606,668839.17
1080621,668839.17
1080633,668839.17
1080663,668839.17
1080670,668839.17
1080752,668839.17
1080755,668839.17
1080757,668839.17
1080776,668839.17
1080802,668839.17
1080807,668839.17
1080836,668839.17
1080849,668839.17
1080858,668839.17
1080859,668839.17
1080914,668839.17
1080921,668839.17
1080937,668839.17
1080977,668839.17
1080980,668839.17
1080983,668839.17
1081011,668839.17
1081038,668839.17
1081055,668839.17
1081112,668839.17
1081125,668839.17
1081153,668839.17
1081170,668839.17
1081201,668839.17
1081232,668839.17
1081267,668839.17
1081351,668839.17
1081356,668839.17
1081395,668839.17
1081435,668839.17
1081436,668839.17
1081442,668839.17
1081472,668839.17
1081487,668839.17
1081508,668839.17
1081512,668839.17
1081528,668839.17
1081552,668839.17
1081575,668839.17
1081706,668839.17
1081782,668839.17
1081785,668839.17
1081787,668839.17
1081832,668839.17
1081833,668839.17
1081838,668839.17
1081841,668839.17
1081843,668839.17
1081844,668839.17
1081848,668839.17
1081869,668839.17
1081902,668839.17
1081903,668839.17
1081908,668839.17
1081924,668839.17
1081936,668839.17
1081949,668839.17
1081970,668839.17
1082039,668839.17
1082045,668839.17
1082046,668839.17
1082048,668839.17
1082118,668839.17
1082145,668839.17
1082147,668839.17
1082163,668839.17
1082251,668839.17
1082254,668839.17
1082255,668839.17
1082327,668839.17
1082342,668839.17
1082343,668839.17
1082360,668839.17
1082376,668839.17
1082382,668839.17
1082390,668839.17
1082417,668839.17
1082420,668839.17
1082432,668839.17
1082441,668839.17
1082442,668839.17
1082461,668839.17
1082482,668839.17
1082483,668839.17
1082488,668839.17
1082504,668839.17
1082508,668839.17
1082533,668839.17
1082548,668839.17
1082549,668839.17
1082586,668839.17
1082640,668839.17
1082677,668839.17
1082833,668839.17
1082840,668839.17
1082846,668839.17
1082857,668839.17
1082863,668839.17
1082867,668839.17
1082927,668839.17
1082928,668839.17
1082958,668839.17
1083026,668839.17
1083029,668839.17
1083052,668839.17
1083095,668839.17
1083118,668839.17
1083122,668839.17
1083137,668839.17
1083208,668839.17
1083251,668839.17
1083264,668839.17
1083284,668839.17
1083291,668839.17
1083296,668839.17
1083300,668839.17
1083303,668839.17
1083345,668839.17
1083382,668839.17
1083388,668839.17
1083392,668839.17
1083402,668839.17
1083405,668839.17
1083495,668839.17
1083545,668839.17
1086147,668839.17
1086216,668839.17
1086243,668839.17
1086254,668839.17
1086282,668839.17
1086309,668839.17
1086312,668839.17
1086333,668839.17
1086344,668839.17
1086616,668839.17
1086670,668839.17
1086770,668839.17
1086802,668839.17
1086813,668839.17
1086818,668839.17
1086819,668839.17
1086820,668839.17
1086826,668839.17
1086827,668839.17
1086842,668839.17
1086844,668839.17
1086846,668839.17
1086847,668839.17
1086848,668839.17
1086864,668839.17
1086917,668839.17
1086918,668839.17
1086963,668839.17
1086991,668839.17
1086999,668839.17
1087035,668839.17
1087054,668839.17
1087111,668839.17
1087112,668839.17
1087115,668839.17
1087116,668839.17
1087132,668839.17
1087135,668839.17
1087193,668839.17
1087235,668839.17
1087237,668839.17
1087238,668839.17
1087241,668839.17
1087288,668839.17
1087329,668839.17
1087340,668839.17
1087346,668839.17
1087349,668839.17
1087375,668839.17
1087389,668839.17
1087406,668839.17
1087423,668839.17
1087432,668839.17
1093650,668839.17
1093654,668839.17
1093657,668839.17
1093659,668839.17
1093661,668839.17
1093675,668839.17
1093684,668839.17
1093703,668839.17
1093710,668839.17
1093711,668839.17
1093718,668839.17
1093725,668839.17
1093808,668839.17
1093813,668839.17
1093816,668839.17
1093817,668839.17
1093845,668839.17
1093848,668839.17
1093904,668839.17
1093906,668839.17
1093909,668839.17
1093920,668839.17
1093958,668839.17
1093960,668839.17
1094005,668839.17
1094008,668839.17
1094012,668839.17
1094018,668839.17
1094108,668839.17
1094111,668839.17
1094126,668839.17
1094128,668839.17
1094133,668839.17
1094136,668839.17
1094142,668839.17
1094151,668839.17
1094174,668839.17
1094196,668839.17
1094198,668839.17
1094232,668839.17
1094299,668839.17
1094334,668839.17
1094348,668839.17
1094353,668839.17
1094362,668839.17
1094412,668839.17
1094416,668839.17
1094419,668839.17
1094463,668839.17
1094464,668839.17
1094519,668839.17
1094530,668839.17
1094531,668839.17
1094538,668839.17
1094590,668839.17
1094633,668839.17
1094660,668839.17
1094668,668839.17
1094694,668839.17
1094714,668839.17
1094717,668839.17
1094747,668839.17
1094771,668839.17
1094773,668839.17
1094779,668839.17
1094810,668839.17
1094817,668839.17
1094818,668839.17
1094822,668839.17
1094855,668839.17
1094858,668839.17
1094864,668839.17
1094895,668839.17
1094910,668839.17
1094939,668839.17
1094960,668839.17
1095019,668839.17
1095021,668839.17
1095025,668839.17
1095029,668839.17
1095031,668839.17
1095067,668839.17
1095105,668839.17
1095126,668839.17
1095135,668839.17
1095139,668839.17
1095146,668839.17
1095292,668839.17
1095313,668839.17
1095326,668839.17
1095334,668839.17
1095343,668839.17
1095383,668839.17
1095399,668839.17
1095416,668839.17
1095448,668839.17
1095478,668839.17
1095480,668839.17
1095496,668839.17
1095500,668839.17
1095529,668839.17
1095536,668839.17
1095552,668839.17
1095588,668839.17
1095624,668839.17
1095650,668839.17
1095691,668839.17
1095735,668839.17
1095799,668839.17
1095804,668839.17
1095810,668839.17
1095827,668839.17
1095841,668839.17
1095853,668839.17
1095860,668839.17
1095866,668839.17
1095906,668839.17
1095907,668839.17
1095926,668839.17
1095949,668839.17
1096078,668839.17
1096079,668839.17
1096090,668839.17
1096148,668839.17
1096213,668839.17
1096235,668839.17
1096271,668839.17
1096279,668839.17
1096316,668839.17
1096318,668839.17
1096335,668839.17
1096339,668839.17
1096405,668839.17
1096417,668839.17
1096464,668839.17
1096480,668839.17
1096484,668839.17
1096513,668839.17
1096539,668839.17
1096546,668839.17
1096550,668839.17
1096556,668839.17
1096573,668839.17
1096583,668839.17
1096585,668839.17
1096590,668839.17
1096593,668839.17
1096600,668839.17
1096627,668839.17
1096631,668839.17
1096691,668839.17
1096700,668839.17
1096716,668839.17
1096723,668839.17
1096749,668839.17
1096777,668839.17
1096784,668839.17
1096858,668839.17
1096873,668839.17
1096921,668839.17
1096936,668839.17
1096968,668839.17
1096972,668839.17
1097023,668839.17
1097024,668839.17
1097040,668839.17
1097041,668839.17
1097045,668839.17
1097078,668839.17
1097079,668839.17
1097082,668839.17
1097084,668839.17
1097102,668839.17
1097259,668839.17
1097283,668839.17
1097365,668839.17
1097366,668839.17
1097476,668839.17
1097499,668839.17
1097500,668839.17
1097511,668839.17
1097514,668839.17
1097544,668839.17
1097562,668839.17
1097569,668839.17
1097597,668839.17
1097609,668839.17
1097635,668839.17
1097650,668839.17
1097655,668839.17
1097659,668839.17
1097664,668839.17
1097673,668839.17
1097675,668839.17
1097698,668839.17
1097718,668839.17
1097755,668839.17
1097767,668839.17
1097777,668839.17
1097778,668839.17
1097795,668839.17
1097861,668839.17
1097886,668839.17
1097887,668839.17
1097888,668839.17
1097928,668839.17
1097949,668839.17
1097975,668839.17
1097993,668839.17
1097994,668839.17
1098066,668839.17
1098122,668839.17
1098125,668839.17
1098140,668839.17
1098199,668839.17
1098213,668839.17
1098215,668839.17
1098219,668839.17
1098228,668839.17
1098252,668839.17
1098268,668839.17
1098275,668839.17
1098362,668839.17
1098365,668839.17
1098396,668839.17
1098468,668839.17
1098495,668839.17
1098569,668839.17
1098588,668839.17
1098633,668839.17
1098693,668839.17
1098698,668839.17
1098706,668839.17
1098771,668839.17
1098971,668839.17
1098987,668839.17
1098991,668839.17
1098994,668839.17
1099004,668839.17
1099021,668839.17
1099030,668839.17
1099038,668839.17
1099039,668839.17
1099045,668839.17
1099133,668839.17
1099137,668839.17
1099153,668839.17
1099180,668839.17
1099183,668839.17
1099184,668839.17
1099199,668839.17
1099315,668839.17
1099316,668839.17
1099320,668839.17
1099323,668839.17
1099326,668839.17
1099329,668839.17
1099335,668839.17
1099338,668839.17
1099342,668839.17
1099350,668839.17
1099351,668839.17
1099359,668839.17
1099364,668839.17
1099366,668839.17
1099382,668839.17
1099383,668839.17
1099407,668839.17
1099414,668839.17
1099441,668839.17
1099447,668839.17
1099465,668839.17
1099469,668839.17
1099488,668839.17
1099520,668839.17
1099562,668839.17
1099567,668839.17
1099623,668839.17
1099651,668839.17
1099664,668839.17
1099665,668839.17
1099671,668839.17
1099702,668839.17
1099722,668839.17
1099725,668839.17
1099726,668839.17
1099728,668839.17
1099729,668839.17
1099734,668839.17
1099740,668839.17
1099743,668839.17
1099768,668839.17
1099774,668839.17
1099796,668839.17
1099815,668839.17
1099837,668839.17
1099916,668839.17
1099928,668839.17
1099941,668839.17
1099946,668839.17
1099948,668839.17
1099950,668839.17
1099972,668839.17
1099995,668839.17
1099996,668839.17
1100056,668839.17
1100076,668839.17
1100169,668839.17
1100171,668839.17
1100178,668839.17
1100189,668839.17
1100191,668839.17
1100192,668839.17
1100194,668839.17
1100205,668839.17
1100224,668839.17
1100257,668839.17
1100317,668839.17
1100329,668839.17
1100345,668839.17
1100388,668839.17
1100391,668839.17
1100460,668839.17
1100509,668839.17
1100516,668839.17
1100532,668839.17
1100537,668839.17
1100548,668839.17
1100583,668839.17
1100596,668839.17
1100601,668839.17
1100611,668839.17
1100619,668839.17
1100658,668839.17
1100660,668839.17
1100674,668839.17
1100682,668839.17
1100692,668839.17
1100719,668839.17
1100743,668839.17
1100780,668839.17
1100810,668839.17
1100829,668839.17
1100840,668839.17
1100852,668839.17
1100865,668839.17
1100897,668839.17
1100931,668839.17
1100932,668839.17
1100938,668839.17
1100944,668839.17
1100945,668839.17
1100946,668839.17
1100947,668839.17
1100948,668839.17
1100953,668839.17
1100955,668839.17
1100957,668839.17
1100960,668839.17
1100962,668839.17
1100984,668839.17
1100985,668839.17
1101003,668839.17
1101004,668839.17
1101005,668839.17
1101006,668839.17
1101007,668839.17
1101012,668839.17
1101064,668839.17
1101073,668839.17
1101084,668839.17
1101086,668839.17
1101094,668839.17
1101102,668839.17
1101127,668839.17
1101173,668839.17
1101180,668839.17
1101202,668839.17
1101203,668839.17
1101207,668839.17
1101208,668839.17
1101232,668839.17
1101240,668839.17
1101252,668839.17
1101258,668839.17
1101263,668839.17
1101276,668839.17
1101292,668839.17
1101294,668839.17
1101303,668839.17
1101319,668839.17
1101326,668839.17
1101330,668839.17
1101331,668839.17
1101333,668839.17
1101335,668839.17
1101351,668839.17
1101378,668839.17
1101418,668839.17
1101423,668839.17
1101428,668839.17
1101517,668839.17
1101591,668839.17
1101616,668839.17
1101739,668839.17
1101759,668839.17
1101799,668839.17
1101800,668839.17
1101801,668839.17
1101814,668839.17
1101859,668839.17
1101869,668839.17
1101901,668839.17
1101931,668839.17
1101932,668839.17
1101976,668839.17
1102031,668839.17
1102046,668839.17
1102066,668839.17
1102090,668839.17
1102112,668839.17
1102117,668839.17
1102119,668839.17
1102123,668839.17
1102135,668839.17
1102169,668839.17
1102170,668839.17
1102240,668839.17
1102248,668839.17
1102273,668839.17
1102307,668839.17
1102332,668839.17
1102413,668839.17
1102414,668839.17
1102415,668839.17
1102416,668839.17
1102417,668839.17
1102422,668839.17
1102423,668839.17
1102430,668839.17
1102431,668839.17
1102434,668839.17
1102452,668839.17
1102470,668839.17
1102505,668839.17
1102509,668839.17
1102527,668839.17
1102537,668839.17
1102564,668839.17
1102603,668839.17
1102608,668839.17
1102646,668839.17
1102647,668839.17
1102650,668839.17
1102655,668839.17
1102657,668839.17
1102660,668839.17
1102685,668839.17
1102688,668839.17
1102699,668839.17
1102704,668839.17
1102705,668839.17
1102728,668839.17
1102735,668839.17
1102750,668839.17
1102770,668839.17
1102790,668839.17
1102797,668839.17
1102800,668839.17
1102806,668839.17
1102844,668839.17
1102862,668839.17
1102908,668839.17
1102909,668839.17
1102959,668839.17
1102970,668839.17
1102986,668839.17
1103044,668839.17
1103076,668839.17
1103095,668839.17
1103226,668839.17
1103227,668839.17
1103228,668839.17
1103229,668839.17
1103249,668839.17
1103253,668839.17
1103258,668839.17
1103264,668839.17
1103265,668839.17
1103278,668839.17
1103279,668839.17
1103282,668839.17
1103361,668839.17
1103386,668839.17
1103396,668839.17
1103402,668839.17
1103403,668839.17
1103404,668839.17
1103418,668839.17
1103419,668839.17
1103431,668839.17
1103481,668839.17
1103489,668839.17
1103584,668839.17
1103598,668839.17
1103600,668839.17
1103604,668839.17
1103606,668839.17
1103614,668839.17
1103646,668839.17
1103668,668839.17
1103669,668839.17
1103678,668839.17
1103711,668839.17
1103726,668839.17
1103731,668839.17
1103735,668839.17
1103741,668839.17
1103838,668839.17
1103903,668839.17
1103914,668839.17
1103991,668839.17
1103997,668839.17
1104005,668839.17
1104027,668839.17
1104035,668839.17
1104045,668839.17
1104073,668839.17
1104122,668839.17
1104123,668839.17
1104132,668839.17
1104247,668839.17
1104252,668839.17
1104265,668839.17
1104276,668839.17
1104292,668839.17
1104347,668839.17
1104357,668839.17
1104358,668839.17
1104369,668839.17
1104944,668839.17
1104946,668839.17
1104949,668839.17
1104951,668839.17
1104953,668839.17
1104955,668839.17
1104972,668839.17
1105018,668839.17
1105021,668839.17
1105024,668839.17
1105025,668839.17
1105044,668839.17
1105046,668839.17
1105047,668839.17
1105050,668839.17
1105051,668839.17
1105052,668839.17
1105053,668839.17
1105071,668839.17
1105081,668839.17
1105207,668839.17
1105210,668839.17
1105265,668839.17
1105266,668839.17
1105267,668839.17
1105268,668839.17
1105280,668839.17
1105281,668839.17
1105282,668839.17
1105376,668839.17
1105429,668839.17
1105465,668839.17
1105493,668839.17
1105496,668839.17
1105557,668839.17
1105558,668839.17
1105575,668839.17
1105576,668839.17
1105581,668839.17
1105621,668839.17
1105622,668839.17
1105698,668839.17
1105699,668839.17
1105700,668839.17
1105702,668839.17
1105705,668839.17
1105706,668839.17
1105711,668839.17
1105799,668839.17
1105802,668839.17
1105803,668839.17
1105805,668839.17
1105806,668839.17
1105807,668839.17
1105828,668839.17
1105830,668839.17
1105831,668839.17
1105832,668839.17
1105849,668839.17
1105855,668839.17
1105898,668839.17
1105899,668839.17
1105935,668839.17
1105989,668839.17
1106068,668839.17
1106069,668839.17
1106073,668839.17
1106085,668839.17
1106086,668839.17
1106135,668839.17
1106164,668839.17
1106193,668839.17
1106196,668839.17
1106244,668839.17
1106253,668839.17
1106256,668839.17
1106586,668839.17
1106587,668839.17
1106588,668839.17
1106589,668839.17
1106600,668839.17
1106608,668839.17
1106715,668839.17
1106789,668839.17
1106790,668839.17
1106791,668839.17
1106792,668839.17
1106793,668839.17
1106794,668839.17
1106869,668839.17
1106954,668839.17
1107205,668839.17
1107331,668839.17
1107333,668839.17
1107389,668839.17
1107390,668839.17
1107392,668839.17
1107394,668839.17
1107395,668839.17
1107469,668839.17
1107483,668839.17
1107491,668839.17
1107667,668839.17
1107772,668839.17
1107775,668839.17
1107785,668839.17
1107786,668839.17
1107787,668839.17
1202392,668839.17
1202393,668839.17
1202395,668839.17
1202440,668839.17
1202550,668839.17
1202552,668839.17
1202577,668839.17
1202580,668839.17
1202842,668839.17
1202844,668839.17
1202860,668839.17
1202861,668839.17
1202869,668839.17
1202876,668839.17
1202892,668839.17
1202903,668839.17
1214273,668839.17
1214280,668839.17
1214445,668839.17
1214448,668839.17
1214449,668839.17
1214464,668839.17
1214572,668839.17
1214574,668839.17
1214584,668839.17
1214608,668839.17
1214640,668839.17
1214643,668839.17
1214651,668839.17
1214652,668839.17
1214657,668839.17
1214661,668839.17
1214673,668839.17
1214675,668839.17
1214679,668839.17
1214703,668839.17
1215040,668839.17
1215050,668839.17
1215134,668839.17
1215138,668839.17
1215362,668839.17
1215366,668839.17
1215368,668839.17
1215369,668839.17
1215374,668839.17
1215388,668839.17
1215448,668839.17
1215451,668839.17
1215486,668839.17
1215488,668839.17
1215496,668839.17
1215498,668839.17
1215555,668839.17
1215556,668839.17
1215560,668839.17
1215573,668839.17
1215591,668839.17
1215596,668839.17
1215746,668839.17
1215748,668839.17
1215754,668839.17
1215756,668839.17
1215758,668839.17
1215761,668839.17
1215762,668839.17
1215766,668839.17
1215767,668839.17
1215776,668839.17
1215784,668839.17
1215791,668839.17
1215796,668839.17
1215797,668839.17
1215798,668839.17
1215806,668839.17
1215810,668839.17
1216439,668839.17
1217024,668839.17
1217029,668839.17
1217034,668839.17
1217036,668839.17
1217037,668839.17
1217038,668839.17
1217233,668839.17
1217234,668839.17
1217247,668839.17
1217248,668839.17
1217250,668839.17
1217540,668839.17
1217556,668839.17
1217557,668839.17
1217559,668839.17
1217578,668839.17
1217875,668839.17
1217881,668839.17
1219303,668839.17
1219356,668839.17
1219361,668839.17
1219426,668839.17
1219482,668839.17
1219492,668839.17
1219515,668839.17
1219518,668839.17
1219520,668839.17
1219620,668839.17
1219653,668839.17
1219665,668839.17
1219668,668839.17
1219670,668839.17
1219706,668839.17
1219714,668839.17
1219756,668839.17
1220007,668839.17
1220137,668839.17
1220139,668839.17
1220671,668839.17
1220690,668839.17
1220731,668839.17
1220732,668839.17
1220739,668839.17
1222082,668839.17
1222084,668839.17
1222087,668839.17
1222182,668839.17
1222183,668839.17
1222194,668839.17
1222252,668839.17
1223720,668839.17
1223812,668839.17
1223816,668839.17
1223827,668839.17
1223836,668839.17
1223838,668839.17
1223841,668839.17
1223860,668839.17
1223861,668839.17
1223863,668839.17
1223867,668839.17
1223875,668839.17
1223892,668839.17
1223897,668839.17
1224003,668839.17
1224006,668839.17
1224010,668839.17
1224014,668839.17
1224033,668839.17
1224068,668839.17
1224071,668839.17
1224121,668839.17
1224146,668839.17
1224153,668839.17
1224653,668839.17
1224668,668839.17
1224776,668839.17
1224788,668839.17
1225148,668839.17
1225155,668839.17
1225157,668839.17
1225159,668839.17
1225238,668839.17
1225323,668839.17
1225362,668839.17
1225363,668839.17
1225376,668839.17
1225378,668839.17
1225818,668839.17
1226392,668839.17
1226394,668839.17
1226516,668839.17
1226517,668839.17
1226741,668839.17
1226743,668839.17
1226745,668839.17
1226748,668839.17
1226749,668839.17
1226782,668839.17
1226789,668839.17
1226799,668839.17
1226860,668839.17
1226867,668839.17
1226963,668839.17
1227068,668839.17
1227072,668839.17
1227075,668839.17
1227080,668839.17
1227083,668839.17
1227087,668839.17
1227113,668839.17
1227115,668839.17
1227127,668839.17
1227165,668839.17
1227292,668839.17
1227294,668839.17
1227296,668839.17
1227675,668839.17
1227679,668839.17
1227680,668839.17
1227687,668839.17
1227690,668839.17
1227707,668839.17
1227708,668839.17
1227709,668839.17
1227720,668839.17
1227815,668839.17
1227857,668839.17
1227859,668839.17
1227865,668839.17
1227902,668839.17
1227904,668839.17
1227921,668839.17
1227928,668839.17
1227948,668839.17
1227951,668839.17
1228096,668839.17
1228098,668839.17
1228597,668839.17
1228622,668839.17
1228630,668839.17
1228639,668839.17
1228640,668839.17
1228821,668839.17
1228828,668839.17
1228829,668839.17
1228966,668839.17
1228972,668839.17
1228973,668839.17
1228974,668839.17
1228985,668839.17
1229013,668839.17
1229016,668839.17
1229018,668839.17
1229020,668839.17
1229022,668839.17
1229028,668839.17
1229030,668839.17
1229031,668839.17
1229038,668839.17
1229176,668839.17
1229188,668839.17
1229190,668839.17
1229201,668839.17
1229212,668839.17
1229218,668839.17
1229220,668839.17
1229224,668839.17
1229225,668839.17
1229462,668839.17
1229540,668839.17
1229541,668839.17
1229591,668839.17
1229597,668839.17
1229598,668839.17
1230015,668839.17
1230020,668839.17
1230030,668839.17
1230031,668839.17
1230037,668839.17
1230038,668839.17
1230039,668839.17
1230040,668839.17
1230045,668839.17
1230070,668839.17
1231407,668839.17
1231410,668839.17
1231549,668839.17
1231551,668839.17
1231558,668839.17
1231661,668839.17
1231688,668839.17
1231696,668839.17
1231704,668839.17
1231710,668839.17
1231711,668839.17
1231719,668839.17
1231753,668839.17
1231846,668839.17
1231908,668839.17
1231938,668839.17
1231982,668839.17
1232000,668839.17
1232001,668839.17
1232002,668839.17
1232475,668839.17
1232477,668839.17
1232484,668839.17
1232490,668839.17
1232637,668839.17
1232646,668839.17
1232662,668839.17
1233033,668839.17
1233038,668839.17
1233250,668839.17
1233263,668839.17
1233265,668839.17
1233268,668839.17
1233307,668839.17
1233314,668839.17
1233329,668839.17
1233345,668839.17
1233349,668839.17
1233447,668839.17
1233450,668839.17
1233453,668839.17
1233462,668839.17
1233465,668839.17
1233471,668839.17
1233474,668839.17
1233479,668839.17
1233487,668839.17
1233488,668839.17
1233490,668839.17
1233493,668839.17
1233495,668839.17
1233497,668839.17
1233542,668839.17
1233552,668839.17
1233557,668839.17
1233567,668839.17
1233568,668839.17
1233569,668839.17
1233683,668839.17
1233764,668839.17
1233861,668839.17
1233877,668839.17
1233987,668839.17
1233989,668839.17
1234069,668839.17
1234103,668839.17
1234104,668839.17
1234343,668839.17
1234348,668839.17
1234349,668839.17
1234495,668839.17
1234496,668839.17
1234497,668839.17
1234499,668839.17
1234515,668839.17
1234516,668839.17
1234528,668839.17
1234612,668839.17
1234760,668839.17
1234763,668839.17
1234766,668839.17
1234772,668839.17
1234818,668839.17
1235137,668839.17
1235157,668839.17
1235163,668839.17
1235168,668839.17
1235169,668839.17
1235170,668839.17
1235228,668839.17
1235244,668839.17
1235266,668839.17
1235290,668839.17
1235294,668839.17
1235303,668839.17
1235312,668839.17
1235314,668839.17
1235337,668839.17
1235354,668839.17
1235360,668839.17
1235386,668839.17
1235538,668839.17
1235542,668839.17
1235546,668839.17
1235552,668839.17
1235662,668839.17
1235678,668839.17
1235679,668839.17
1235688,668839.17
1235689,668839.17
1235741,668839.17
1235742,668839.17
1235744,668839.17
1235745,668839.17
1235746,668839.17
1235747,668839.17
1235786,668839.17
1235796,668839.17
1235824,668839.17
1235825,668839.17
1235874,668839.17
1235885,668839.17
1235886,668839.17
1235887,668839.17
1235916,668839.17
1235996,668839.17
1235997,668839.17
1236001,668839.17
1236007,668839.17
1236009,668839.17
1236010,668839.17
1236082,668839.17
1236126,668839.17
1236137,668839.17
1236150,668839.17
1236152,668839.17
1236160,668839.17
1236162,668839.17
1236183,668839.17
1236186,668839.17
1236189,668839.17
1236201,668839.17
1236353,668839.17
1236355,668839.17
1236463,668839.17
1236479,668839.17
1236480,668839.17
1236822,668839.17
1236911,668839.17
1236986,668839.17
1236991,668839.17
1236993,668839.17
1237029,668839.17
1237033,668839.17
1237049,668839.17
1237051,668839.17
1237164,668839.17
1237170,668839.17
1237492,668839.17
1237495,668839.17
1237545,668839.17
1237979,668839.17
1237998,668839.17
1238015,668839.17
1238100,668839.17
1238115,668839.17
1238129,668839.17
1238182,668839.17
1238190,668839.17
1238195,668839.17
1238198,668839.17
1238207,668839.17
1238213,668839.17
1238216,668839.17
1238226,668839.17
1238229,668839.17
1238231,668839.17
1238232,668839.17
1238237,668839.17
1238241,668839.17
1238242,668839.17
1238244,668839.17
1238245,668839.17
1238258,668839.17
1238259,668839.17
1238261,668839.17
1238263,668839.17
1238264,668839.17
1238384,668839.17
1238386,668839.17
1238419,668839.17
1238422,668839.17
1238435,668839.17
1238439,668839.17
1238572,668839.17
1238582,668839.17
1238589,668839.17
1238614,668839.17
1238793,668839.17
1238800,668839.17
1238802,668839.17
1238807,668839.17
1238812,668839.17
1238813,668839.17
1238814,668839.17
1238827,668839.17
1238834,668839.17
1238964,668839.17
1238965,668839.17
1239003,668839.17
1239006,668839.17
1239029,668839.17
1239054,668839.17
1239062,668839.17
1239067,668839.17
1239078,668839.17
1239100,668839.17
1239106,668839.17
1239112,668839.17
1239158,668839.17
1239160,668839.17
1239161,668839.17
1239162,668839.17
1239239,668839.17
1239260,668839.17
1239261,668839.17
1239271,668839.17
1239276,668839.17
1239278,668839.17
1239294,668839.17
1239313,668839.17
1239402,668839.17
1239482,668839.17
1239483,668839.17
1239484,668839.17
1239485,668839.17
1239490,668839.17
1239519,668839.17
1239527,668839.17
1239532,668839.17
1239533,668839.17
1239534,668839.17
1239535,668839.17
1239537,668839.17
1239558,668839.17
1239566,668839.17
1239568,668839.17
1239577,668839.17
1239578,668839.17
1239585,668839.17
1239589,668839.17
1239598,668839.17
1239601,668839.17
1239963,668839.17
1239978,668839.17
1239994,668839.17
1240122,668839.17
1240137,668839.17
1240202,668839.17
1240229,668839.17
1240235,668839.17
1240281,668839.17
1240283,668839.17
1240338,668839.17
1240418,668839.17
1240441,668839.17
1240442,668839.17
1240444,668839.17
1240448,668839.17
1240464,668839.17
1240465,668839.17
1240498,668839.17
1240504,668839.17
1240505,668839.17
1240516,668839.17
1240535,668839.17
1240539,668839.17
1240540,668839.17
1240617,668839.17
1240649,668839.17
1240720,668839.17
1240728,668839.17
1240735,668839.17
1240736,668839.17
1240977,668839.17
1240979,668839.17
1241045,668839.17
1241069,668839.17
1241079,668839.17
1241087,668839.17
1241091,668839.17
1241093,668839.17
1241095,668839.17
1241101,668839.17
1241103,668839.17
1241115,668839.17
1241117,668839.17
1241128,668839.17
1241130,668839.17
1241139,668839.17
1241151,668839.17
1241289,668839.17
1241295,668839.17
1241453,668839.17
1241454,668839.17
1241459,668839.17
1241460,668839.17
1241478,668839.17
1241488,668839.17
1241744,668839.17
1241746,668839.17
1241753,668839.17
1241756,668839.17
1241757,668839.17
1241760,668839.17
1241761,668839.17
1241764,668839.17
1241795,668839.17
1241796,668839.17
1241798,668839.17
1241803,668839.17
1241804,668839.17
1241807,668839.17
1241810,668839.17
1241813,668839.17
1241826,668839.17
1241833,668839.17
1241834,668839.17
1241837,668839.17
1241842,668839.17
1241843,668839.17
1241897,668839.17
1241913,668839.17
1241975,668839.17
1241978,668839.17
1241980,668839.17
1241981,668839.17
1241983,668839.17
1242077,668839.17
1242080,668839.17
1242082,668839.17
1242090,668839.17
1242092,668839.17
1242118,668839.17
1242119,668839.17
1242131,668839.17
1242132,668839.17
1242135,668839.17
1242139,668839.17
70723,138668.05
71009,305737.87
71030,175717.69
71670,177298.0
71671,177298.0
71694,236400.01
71697,138668.05
71717,238015.35
71727,178002.54
71785,176422.24
72264,772002.0
72276,278619.8
72325,143396.46
72326,138668.05
72327,305363.52
72548,283864.16
72571,306298.29
72713,174877.55
696861,174046.96
696875,138668.05
696882,178130.42
