id,price
264893,232193.94
264899,140453.94
264910,232193.94
264915,232193.94
264919,232193.94
264928,146891.04
264932,232193.94
264935,232193.94
264939,169658.27
264944,232193.94
264954,169658.27
264955,169658.27
264969,232193.94
264978,232193.94
264983,232193.94
264984,232193.94
264985,232193.94
265031,232193.94
265032,232193.94
265058,232193.94
265066,140453.94
265068,232193.94
265069,232193.94
265070,232193.94
265077,232193.94
265090,232193.94
265094,232193.94
265101,146891.04
265102,169658.27
265105,232193.94
265106,169658.27
265108,146891.04
265115,169658.27
265147,232193.94
265152,232193.94
265153,232193.94
265170,140453.94
265176,232193.94
265187,232193.94
265189,232193.94
265198,232193.94
265225,232193.94
265233,232193.94
265237,232193.94
265253,232193.94
265280,164235.27
265287,232193.94
265293,232193.94
265296,232193.94
265307,232193.94
265308,232193.94
265312,232193.94
265313,232193.94
265314,232193.94
265315,232193.94
265320,232193.94
265333,164235.27
265346,232193.94
265351,232193.94
265356,232193.94
265357,232193.94
265358,232193.94
265363,164235.27
265369,232193.94
265372,232193.94
265402,232193.94
265406,164235.27
265420,164235.27
265436,164235.27
265438,232193.94
265442,232193.94
265449,232193.94
265452,232193.94
265455,232193.94
265461,232193.94
265465,232193.94
265481,232193.94
265488,232193.94
265501,232193.94
265514,232193.94
265515,232193.94
265516,232193.94
265517,232193.94
265526,232193.94
265533,232193.94
265539,232193.94
265543,232193.94
265544,232193.94
265556,161468.56
265559,232193.94
265561,232193.94
265584,161468.56
265586,161468.56
265587,161468.56
265588,161468.56
265593,232193.94
265596,232193.94
265607,232193.94
265608,232193.94
265610,232193.94
265613,232193.94
265653,161468.56
265663,161468.56
265669,232193.94
265675,232193.94
265699,161468.56
265701,161468.56
265703,161468.56
265704,161468.56
265743,161468.56
265748,232193.94
265759,161468.56
265795,232193.94
265797,232193.94
265805,161468.56
265806,232193.94
265810,161468.56
265819,232193.94
265820,232193.94
265833,161468.56
265834,161468.56
265843,232193.94
265851,232193.94
265862,232193.94
265864,232193.94
265869,232193.94
265887,232193.94
265907,455987.52
265913,232193.94
265921,232193.94
265923,232193.94
265925,232193.94
265957,232193.94
265958,232193.94
265960,232193.94
265963,232193.94
265969,232193.94
266004,232193.94
266028,232193.94
266029,232193.94
266032,232193.94
266034,232193.94
266055,232193.94
266075,232193.94
266077,232193.94
266080,232193.94
266093,455987.52
266094,455987.52
266100,232193.94
266116,232193.94
266129,232193.94
266144,232193.94
266160,232193.94
266165,232193.94
266196,232193.94
266199,307802.34
266202,232193.94
266210,232193.94
266211,232193.94
266213,232193.94
266218,232193.94
266219,232193.94
266220,232193.94
266234,232193.94
266241,232193.94
266248,232193.94
266251,232193.94
266256,232193.94
266259,232193.94
266274,316085.26
266275,278459.56
266276,232193.94
266279,232193.94
266280,232193.94
266281,232193.94
266299,232193.94
266300,232193.94
266305,232193.94
266314,232193.94
266315,232193.94
266329,232193.94
266332,232193.94
266350,232193.94
266368,232193.94
266375,232193.94
266381,232193.94
266382,232193.94
266393,232193.94
266394,232193.94
266402,232193.94
266406,105912.44
266423,232193.94
266424,232193.94
266438,232193.94
266454,232193.94
266463,232193.94
266465,232193.94
266479,118820.09
266480,232193.94
266485,232193.94
266486,232193.94
266496,232193.94
266508,232193.94
266510,232193.94
266511,232193.94
266512,232193.94
266514,232193.94
266517,232193.94
266539,232193.94
266542,232193.94
266545,232193.94
266548,232193.94
266550,232193.94
266556,232193.94
266559,232193.94
266565,232193.94
266568,232193.94
266569,232193.94
266575,232193.94
266580,232193.94
266581,232193.94
266582,232193.94
266583,232193.94
266602,261548.43
266606,232193.94
266618,232193.94
266619,261548.43
266620,232193.94
266624,261548.43
266626,232193.94
266662,232193.94
266667,232193.94
266668,232193.94
266677,232193.94
266681,232193.94
266682,232193.94
266690,232193.94
266694,232193.94
266695,232193.94
266698,232193.94
266699,232193.94
266727,261548.43
266729,232193.94
266731,232193.94
266732,232193.94
266740,232193.94
266744,232193.94
266748,232193.94
266768,232193.94
266770,232193.94
266771,232193.94
266778,232193.94
266779,232193.94
266781,232193.94
266785,232193.94
266809,232193.94
266819,232193.94
266821,232193.94
266824,261548.43
266830,261548.43
266831,232193.94
266845,232193.94
266846,232193.94
266847,232193.94
266851,191203.82
266858,191203.82
266859,232193.94
266862,232193.94
266863,232193.94
266864,232193.94
266872,232193.94
266875,232193.94
266877,232193.94
266882,232193.94
266883,232193.94
266886,232193.94
266918,232193.94
266919,232193.94
266920,191203.82
266953,232193.94
266954,232193.94
266955,232193.94
266957,232193.94
266965,232193.94
266966,232193.94
266969,232193.94
266984,191203.82
266989,191203.82
266990,191203.82
267015,174828.2
267016,174828.2
267017,174828.2
267018,232193.94
267019,191203.82
267020,191203.82
267025,232193.94
267028,232193.94
267041,191203.82
267054,174828.2
267082,191203.82
267084,232193.94
267085,232193.94
267103,232193.94
267104,232193.94
267106,118820.09
267113,118820.09
267126,118820.09
267128,232193.94
267131,232193.94
267138,232193.94
267147,232193.94
267153,232193.94
267154,232193.94
267171,118820.09
267173,118820.09
267188,118820.09
267198,118820.09
267199,118820.09
267218,232193.94
267220,232193.94
267221,232193.94
267245,232193.94
267247,232193.94
267248,232193.94
267249,232193.94
267253,232193.94
267269,232193.94
267271,232193.94
267274,232193.94
267281,232193.94
267303,232193.94
267305,158971.7
267306,232193.94
267307,232193.94
267309,158971.7
267311,158971.7
267312,232193.94
267315,232193.94
267331,232193.94
267338,232193.94
267342,232193.94
267344,232193.94
267346,232193.94
267366,232193.94
267369,232193.94
267371,232193.94
267375,232193.94
267376,158971.7
267379,232193.94
267381,232193.94
267382,232193.94
267407,232193.94
267422,232193.94
267424,232193.94
267428,232193.94
267431,232193.94
267434,232193.94
267437,232193.94
267438,232193.94
267439,232193.94
267440,232193.94
267441,232193.94
267443,232193.94
267460,232193.94
267463,232193.94
267494,232193.94
267510,266138.74
267515,232193.94
267520,232193.94
267522,232193.94
267523,232193.94
267524,232193.94
267544,266138.74
267546,232193.94
267551,232193.94
267553,232193.94
267563,266138.74
267584,232193.94
267585,232193.94
267587,232193.94
267598,232193.94
267602,232193.94
267614,232193.94
267617,232193.94
267619,232193.94
267620,232193.94
267623,232193.94
267627,232193.94
267633,232193.94
267644,266138.74
267667,232193.94
267738,155639.95
267740,155639.95
267743,232193.94
267778,232193.94
267779,232193.94
267799,232193.94
267800,232193.94
267814,155639.95
267816,232193.94
267833,232193.94
267834,232193.94
267836,232193.94
267847,232193.94
267858,232193.94
267891,232193.94
267896,232193.94
267899,232193.94
267900,151319.69
267902,232193.94
267908,232193.94
267924,232193.94
267933,232193.94
267936,232193.94
267939,232193.94
267941,232193.94
267942,232193.94
267967,232193.94
267970,151319.69
267980,232193.94
267990,151319.69
267992,232193.94
267994,232193.94
267995,232193.94
267999,232193.94
268003,232193.94
268020,151319.69
268033,232193.94
268041,232193.94
268056,232193.94
268067,174828.2
268070,174828.2
268071,232193.94
268121,232193.94
268144,232193.94
268145,174828.2
268147,232193.94
268149,174828.2
268150,232193.94
268157,232193.94
268159,232193.94
268161,232193.94
268175,232193.94
268189,232193.94
268208,174828.2
308905,232193.94
312310,232193.94
312331,232193.94
695165,204972.05
695166,204972.05
695170,151319.69
695176,135733.29
695178,191203.82
695181,191203.82
695183,191203.82
695185,307802.34
695196,140850.69
695203,132399.57
695205,259028.35
695207,104287.84
695236,134748.02
695238,134748.02
695252,161143.9
695257,139535.33
713635,220619.93
714108,220619.93
714284,220619.93
714645,220619.93
714753,220619.93
714863,220619.93
714924,220619.93
715132,220619.93
715405,220619.93
715433,220619.93
715694,220619.93
715746,220619.93
715898,220619.93
715902,220619.93
715996,220619.93
716065,220619.93
716097,220619.93
716329,220619.93
716360,220619.93
716377,220619.93
716484,220619.93
716541,220619.93
716634,220619.93
716888,220619.93
717017,220619.93
717109,220619.93
717307,220619.93
717459,220619.93
717524,220619.93
717568,220619.93
717688,220619.93
717690,220619.93
717797,220619.93
717829,220619.93
717945,220619.93
717983,220619.93
718276,220619.93
718584,220619.93
718617,220619.93
718717,220619.93
718867,220619.93
718943,220619.93
718997,220619.93
719116,220619.93
719132,220619.93
719287,220619.93
719579,220619.93
719846,220619.93
719893,220619.93
720041,220619.93
720088,220619.93
720180,220619.93
720249,220619.93
720261,220619.93
720293,220619.93
720364,220619.93
720455,220619.93
720564,220619.93
720679,220619.93
720725,220619.93
720817,220619.93
720854,220619.93
720920,220619.93
721130,220619.93
721266,220619.93
721531,220619.93
721844,220619.93
721882,220619.93
722050,220619.93
722151,220619.93
722225,220619.93
722264,220619.93
722516,220619.93
722520,220619.93
722594,220619.93
722649,220619.93
722769,220619.93
724397,220619.93
724457,220619.93
724486,220619.93
724488,220619.93
724574,220619.93
724620,220619.93
724674,220619.93
724767,220619.93
724786,220619.93
724908,220619.93
725124,220619.93
725211,220619.93
725280,220619.93
725364,220619.93
725393,220619.93
725425,220619.93
725455,220619.93
725547,220619.93
725814,220619.93
725829,220619.93
725999,220619.93
726088,220619.93
726214,220619.93
726348,220619.93
726542,220619.93
726620,220619.93
726910,220619.93
727068,220619.93
727229,220619.93
727458,220619.93
727699,220619.93
728077,220619.93
728089,220619.93
728272,220619.93
728553,220619.93
728592,220619.93
728640,220619.93
728663,220619.93
729105,220619.93
729267,220619.93
729622,220619.93
730128,220619.93
730298,220619.93
730619,220619.93
730712,220619.93
731061,220619.93
731131,220619.93
731142,220619.93
731240,220619.93
731527,220619.93
731655,220619.93
731841,220619.93
731925,220619.93
732382,220619.93
732568,220619.93
732810,220619.93
732969,220619.93
733029,220619.93
733077,220619.93
733091,220619.93
733208,220619.93
733226,220619.93
733230,220619.93
733238,220619.93
733347,220619.93
733542,220619.93
734153,220619.93
734154,220619.93
734176,220619.93
734212,220619.93
734217,220619.93
734258,220619.93
734334,220619.93
734397,220619.93
734666,220619.93
734674,220619.93
734675,220619.93
734724,220619.93
734919,220619.93
735058,220619.93
735319,220619.93
735691,220619.93
735730,220619.93
735875,220619.93
736019,220619.93
736274,220619.93
736752,220619.93
736842,220619.93
736845,220619.93
736880,220619.93
737208,220619.93
737501,220619.93
737652,220619.93
737722,220619.93
738039,220619.93
738057,220619.93
738082,220619.93
738665,220619.93
738841,220619.93
739007,220619.93
739075,220619.93
739255,220619.93
739492,220619.93
740378,220619.93
740535,220619.93
741340,220619.93
741408,220619.93
741684,220619.93
742269,220619.93
742430,220619.93
742608,220619.93
742744,220619.93
742791,220619.93
742826,220619.93
742881,220619.93
742899,220619.93
743231,220619.93
743527,220619.93
743534,220619.93
743562,220619.93
743664,220619.93
743926,220619.93
744027,220619.93
744337,220619.93
744508,220619.93
744690,220619.93
745006,220619.93
745047,220619.93
745193,220619.93
745245,220619.93
745515,220619.93
746017,220619.93
746053,220619.93
746265,220619.93
746355,220619.93
746375,220619.93
746382,220619.93
746483,220619.93
746772,220619.93
746949,220619.93
746954,220619.93
746984,220619.93
748310,220619.93
748476,220619.93
748712,220619.93
748736,220619.93
748773,220619.93
748803,220619.93
749336,220619.93
749657,220619.93
749755,220619.93
749845,220619.93
750054,220619.93
750136,220619.93
750580,220619.93
750771,220619.93
751301,220619.93
751365,220619.93
751450,220619.93
751496,220619.93
751560,220619.93
751799,220619.93
751846,220619.93
751847,220619.93
751897,220619.93
751958,220619.93
751960,220619.93
752204,220619.93
752309,220619.93
752365,220619.93
752608,220619.93
752648,220619.93
752691,220619.93
752814,220619.93
752877,220619.93
753069,220619.93
753118,220619.93
753224,220619.93
753227,220619.93
753248,220619.93
753391,220619.93
753482,220619.93
753516,220619.93
753532,220619.93
753563,220619.93
753651,220619.93
753842,220619.93
754089,220619.93
754090,220619.93
754125,220619.93
754506,220619.93
754620,220619.93
754630,220619.93
754802,220619.93
754861,220619.93
754927,220619.93
754936,220619.93
755034,220619.93
755072,220619.93
755075,220619.93
755879,220619.93
756141,220619.93
757137,220619.93
757268,220619.93
757525,220619.93
757552,220619.93
757671,220619.93
757699,220619.93
757723,220619.93
757778,220619.93
757807,220619.93
757810,220619.93
758073,220619.93
758157,220619.93
758385,220619.93
758409,220619.93
758503,220619.93
758531,220619.93
758589,220619.93
758722,220619.93
758785,220619.93
758793,220619.93
758855,220619.93
758943,220619.93
758961,220619.93
759020,220619.93
759066,220619.93
759073,220619.93
759076,220619.93
759330,220619.93
760184,220619.93
760381,220619.93
760382,220619.93
760545,220619.93
760920,220619.93
767749,220619.93
767766,220619.93
767960,220619.93
768051,220619.93
771578,220619.93
771667,220619.93
771785,220619.93
771860,220619.93
772094,220619.93
772238,220619.93
772563,220619.93
772956,220619.93
773061,220619.93
773111,220619.93
773288,220619.93
773498,220619.93
773599,220619.93
773705,220619.93
773905,220619.93
773965,220619.93
773973,220619.93
774075,220619.93
774236,220619.93
774296,220619.93
774423,220619.93
774558,220619.93
774559,220619.93
774858,220619.93
774859,220619.93
774860,220619.93
774861,220619.93
774863,220619.93
774864,220619.93
774865,220619.93
774866,220619.93
774870,220619.93
774874,220619.93
774908,220619.93
774914,220619.93
775168,220619.93
775205,220619.93
775210,220619.93
775320,220619.93
775438,220619.93
775442,220619.93
775443,220619.93
775444,220619.93
775445,220619.93
775447,220619.93
775448,220619.93
775554,220619.93
775555,220619.93
775586,220619.93
775612,220619.93
775729,220619.93
775785,220619.93
775911,220619.93
776126,220619.93
776220,220619.93
776281,220619.93
776537,220619.93
776718,220619.93
776786,220619.93
777092,220619.93
777265,220619.93
777365,220619.93
777442,220619.93
777610,220619.93
777612,220619.93
777763,220619.93
777818,220619.93
778020,220619.93
792324,220619.93
792630,220619.93
792713,220619.93
792725,220619.93
792887,220619.93
792939,220619.93
793005,220619.93
793008,220619.93
793066,220619.93
793127,220619.93
793161,220619.93
793409,220619.93
793475,220619.93
793537,220619.93
793642,220619.93
793661,220619.93
793768,220619.93
793977,220619.93
793978,220619.93
794009,220619.93
794521,220619.93
794522,220619.93
794646,220619.93
794657,220619.93
794681,220619.93
794957,220619.93
795043,220619.93
795214,220619.93
795458,220619.93
795504,220619.93
795614,220619.93
795689,220619.93
795690,220619.93
795749,220619.93
795780,220619.93
796046,220619.93
796093,220619.93
796230,220619.93
796239,220619.93
796407,220619.93
796414,220619.93
796526,220619.93
796611,220619.93
796612,220619.93
796693,220619.93
796941,220619.93
797000,220619.93
797301,220619.93
797320,220619.93
797501,220619.93
797556,220619.93
797602,220619.93
797607,220619.93
797650,220619.93
797759,220619.93
797840,220619.93
797920,220619.93
797955,220619.93
797986,220619.93
798122,220619.93
798154,220619.93
799016,220619.93
799634,220619.93
799788,220619.93
800114,220619.93
800138,220619.93
800424,220619.93
800449,220619.93
800510,220619.93
800532,220619.93
800541,220619.93
800609,220619.93
800668,220619.93
800744,220619.93
800866,220619.93
800903,220619.93
800916,220619.93
801752,220619.93
801804,220619.93
801847,220619.93
801858,220619.93
802128,220619.93
802258,220619.93
802295,220619.93
802341,220619.93
802386,220619.93
802424,220619.93
802445,220619.93
802668,220619.93
802700,220619.93
802704,220619.93
802728,220619.93
802910,220619.93
803292,220619.93
803311,220619.93
803329,220619.93
803374,220619.93
803536,220619.93
803639,220619.93
804024,220619.93
804212,220619.93
804231,220619.93
804291,220619.93
804531,220619.93
804598,220619.93
804627,220619.93
804631,220619.93
804637,220619.93
804655,220619.93
804744,220619.93
804766,220619.93
804807,220619.93
805014,220619.93
805098,220619.93
805194,220619.93
805373,220619.93
805394,220619.93
805486,220619.93
805500,220619.93
805630,220619.93
805757,220619.93
806068,220619.93
806144,220619.93
806361,220619.93
806422,220619.93
806448,220619.93
806622,220619.93
806748,220619.93
806977,220619.93
806994,220619.93
807158,220619.93
807182,220619.93
807185,220619.93
807247,220619.93
807280,220619.93
807366,220619.93
807797,220619.93
808029,220619.93
808116,220619.93
808193,220619.93
808317,220619.93
808398,220619.93
808402,220619.93
808665,220619.93
808694,220619.93
809040,220619.93
809598,220619.93
809658,220619.93
810178,220619.93
810217,220619.93
810247,220619.93
810250,220619.93
810315,220619.93
810593,220619.93
810694,220619.93
810750,220619.93
810752,220619.93
810823,220619.93
811013,220619.93
811014,220619.93
811029,220619.93
811033,220619.93
811079,220619.93
811149,220619.93
811154,220619.93
811318,220619.93
811572,220619.93
811752,220619.93
811825,220619.93
811863,220619.93
811890,220619.93
812013,220619.93
812020,220619.93
812190,220619.93
812277,220619.93
812281,220619.93
812496,220619.93
813366,220619.93
813513,220619.93
813541,220619.93
813723,220619.93
813854,220619.93
813900,220619.93
813905,220619.93
813991,220619.93
814439,220619.93
814562,220619.93
814741,220619.93
814748,220619.93
814792,220619.93
814808,220619.93
814955,220619.93
815240,220619.93
815395,220619.93
815501,220619.93
815512,220619.93
815573,220619.93
815588,220619.93
815670,220619.93
815688,220619.93
815690,220619.93
815696,220619.93
815763,220619.93
815988,220619.93
816064,220619.93
816242,220619.93
816290,220619.93
816334,220619.93
816744,220619.93
816890,220619.93
816995,220619.93
816999,220619.93
817070,220619.93
817184,220619.93
817220,220619.93
817222,220619.93
817335,220619.93
817398,220619.93
817401,220619.93
817469,220619.93
817478,220619.93
817485,220619.93
849254,220619.93
849335,220619.93
849583,220619.93
849628,220619.93
849715,220619.93
849938,220619.93
850070,220619.93
850071,220619.93
850074,220619.93
850143,220619.93
850650,220619.93
850688,220619.93
850706,220619.93
851200,220619.93
851362,220619.93
851404,220619.93
851791,220619.93
851810,220619.93
851844,220619.93
851885,220619.93
851929,220619.93
852009,220619.93
852060,220619.93
852108,220619.93
852166,220619.93
852210,220619.93
852356,220619.93
852727,220619.93
852786,220619.93
852794,220619.93
852798,220619.93
852811,220619.93
852983,220619.93
853152,220619.93
853212,220619.93
853308,220619.93
853360,220619.93
853400,220619.93
853448,220619.93
853547,220619.93
853738,220619.93
853999,220619.93
854058,220619.93
854206,220619.93
854316,220619.93
854372,220619.93
854548,220619.93
854627,220619.93
854717,220619.93
854804,220619.93
854850,220619.93
855254,220619.93
855290,220619.93
855591,220619.93
855835,220619.93
856006,220619.93
856174,220619.93
856192,220619.93
856247,220619.93
856511,220619.93
856637,220619.93
856638,220619.93
856646,220619.93
856699,220619.93
856869,220619.93
856903,220619.93
857014,220619.93
857021,220619.93
857337,220619.93
857466,220619.93
857561,220619.93
857715,220619.93
857930,220619.93
857933,220619.93
857984,220619.93
858020,220619.93
858115,220619.93
858187,220619.93
858284,220619.93
858313,220619.93
858343,220619.93
858367,220619.93
858368,220619.93
858391,220619.93
858467,220619.93
858620,220619.93
858789,220619.93
858910,220619.93
858923,220619.93
858925,220619.93
859089,220619.93
859208,220619.93
859213,220619.93
859448,220619.93
859735,220619.93
859737,220619.93
859952,220619.93
860006,220619.93
860132,220619.93
860301,220619.93
860323,220619.93
860335,220619.93
860364,220619.93
860502,220619.93
860548,220619.93
860582,220619.93
860748,220619.93
860775,220619.93
860948,220619.93
861031,220619.93
861333,220619.93
861384,220619.93
861474,220619.93
861714,220619.93
861731,220619.93
861732,220619.93
861737,220619.93
861820,220619.93
861885,220619.93
862030,220619.93
862188,220619.93
862261,220619.93
862281,220619.93
862618,220619.93
862788,220619.93
862799,220619.93
862968,220619.93
862970,220619.93
862972,220619.93
863013,220619.93
863030,220619.93
863134,220619.93
863308,220619.93
863598,220619.93
863775,220619.93
863870,220619.93
863876,220619.93
863878,220619.93
863962,220619.93
864003,220619.93
864031,220619.93
864076,220619.93
864259,220619.93
864264,220619.93
864392,220619.93
864413,220619.93
864696,220619.93
864957,220619.93
864967,220619.93
865059,220619.93
865088,220619.93
865172,220619.93
865294,220619.93
865295,220619.93
865397,220619.93
865837,220619.93
865915,220619.93
865988,220619.93
866170,220619.93
866219,220619.93
866221,220619.93
866233,220619.93
866670,220619.93
866690,220619.93
866710,220619.93
866832,220619.93
866953,220619.93
867179,220619.93
867437,220619.93
867463,220619.93
867734,220619.93
867910,220619.93
868080,220619.93
868188,220619.93
868288,220619.93
868374,220619.93
868833,220619.93
869107,220619.93
869128,220619.93
869129,220619.93
869138,220619.93
869231,220619.93
869299,220619.93
869366,220619.93
869499,220619.93
869632,220619.93
869658,220619.93
869693,220619.93
870083,220619.93
870420,220619.93
870666,220619.93
870737,220619.93
870738,220619.93
870742,220619.93
870773,220619.93
870921,220619.93
871140,220619.93
871143,220619.93
871239,220619.93
871264,220619.93
871783,220619.93
871887,220619.93
872186,220619.93
872351,220619.93
872453,220619.93
872615,220619.93
873114,220619.93
873126,220619.93
873173,220619.93
873306,220619.93
874035,220619.93
874087,220619.93
874106,220619.93
874111,220619.93
874132,220619.93
874172,220619.93
874299,220619.93
874301,220619.93
874678,220619.93
875005,220619.93
875040,220619.93
875084,220619.93
875343,220619.93
875373,220619.93
875694,220619.93
875715,220619.93
875883,220619.93
875956,220619.93
876188,220619.93
876243,220619.93
876248,220619.93
876298,220619.93
876348,220619.93
876525,220619.93
876573,220619.93
876658,220619.93
876802,220619.93
877045,220619.93
877057,220619.93
877061,220619.93
877082,220619.93
877159,220619.93
877356,220619.93
877405,220619.93
877586,220619.93
877678,220619.93
877695,220619.93
877858,220619.93
877986,220619.93
877992,220619.93
877993,220619.93
877999,220619.93
878136,220619.93
878160,220619.93
878162,220619.93
878163,220619.93
878164,220619.93
878185,220619.93
878259,220619.93
878329,220619.93
878421,220619.93
878447,220619.93
878983,220619.93
879011,220619.93
879025,220619.93
879202,220619.93
879262,220619.93
879410,220619.93
879445,220619.93
879490,220619.93
879704,220619.93
879837,220619.93
879874,220619.93
879899,220619.93
879907,220619.93
880010,220619.93
880022,220619.93
880054,220619.93
880204,220619.93
880277,220619.93
880443,220619.93
880473,220619.93
880481,220619.93
880488,220619.93
880535,220619.93
880552,220619.93
880554,220619.93
880659,220619.93
880698,220619.93
880710,220619.93
880760,220619.93
880910,220619.93
881195,220619.93
881204,220619.93
881269,220619.93
881271,220619.93
881536,220619.93
881648,220619.93
881673,220619.93
881944,220619.93
882063,220619.93
882221,220619.93
882324,220619.93
882337,220619.93
882438,220619.93
882778,220619.93
882904,220619.93
882962,220619.93
883438,220619.93
883576,220619.93
883600,220619.93
883704,220619.93
883831,220619.93
884093,220619.93
884099,220619.93
884231,220619.93
884499,220619.93
884561,220619.93
884563,220619.93
884654,220619.93
917473,220619.93
917675,220619.93
917724,220619.93
918021,220619.93
918033,220619.93
918035,220619.93
918495,220619.93
918508,220619.93
918559,220619.93
918632,220619.93
918906,220619.93
918909,220619.93
918921,220619.93
919282,220619.93
919294,220619.93
919346,220619.93
919348,220619.93
919349,220619.93
919389,220619.93
919475,220619.93
919477,220619.93
919478,220619.93
919577,220619.93
919708,220619.93
919726,220619.93
919736,220619.93
919757,220619.93
919778,220619.93
919891,220619.93
919997,220619.93
920012,220619.93
920013,220619.93
920137,220619.93
920258,220619.93
920314,220619.93
920322,220619.93
922004,220619.93
922014,220619.93
922214,220619.93
922244,220619.93
1024686,220619.93
1024698,220619.93
1024801,220619.93
1025018,220619.93
1025058,220619.93
1025061,220619.93
1025080,220619.93
1025173,220619.93
1025211,220619.93
1025298,220619.93
1025315,220619.93
1025346,220619.93
1025350,220619.93
1026050,220619.93
1026150,220619.93
1026439,220619.93
1026667,220619.93
1026670,220619.93
1026853,220619.93
1026857,220619.93
1027120,220619.93
1027152,220619.93
1027154,220619.93
1027285,220619.93
1027287,220619.93
1027289,220619.93
1027304,220619.93
1027312,220619.93
1027564,220619.93
1027908,220619.93
1028089,220619.93
1028529,220619.93
1028591,220619.93
1028658,220619.93
1028708,220619.93
1028749,220619.93
1028829,220619.93
1028874,220619.93
1029454,220619.93
1029472,220619.93
1029518,220619.93
1029744,220619.93
1029859,220619.93
1030059,220619.93
1030097,220619.93
1030101,220619.93
1030123,220619.93
1030203,220619.93
1030283,220619.93
1030444,220619.93
1030455,220619.93
1030459,220619.93
1030503,220619.93
1030736,220619.93
1030804,220619.93
1030937,220619.93
1031066,220619.93
1031181,220619.93
1031311,220619.93
1031478,220619.93
1031619,220619.93
1031690,220619.93
1031854,220619.93
1031858,220619.93
1031906,220619.93
1031920,220619.93
1031942,220619.93
1032259,220619.93
1032333,220619.93
1032385,220619.93
1032393,220619.93
1032599,220619.93
1032620,220619.93
1032637,220619.93
1032669,220619.93
1032731,220619.93
1032777,220619.93
1032887,220619.93
1032923,220619.93
1032932,220619.93
1033063,220619.93
1033091,220619.93
1033395,220619.93
1033445,220619.93
1033457,220619.93
1033533,220619.93
1033712,220619.93
1033894,220619.93
1033932,220619.93
1033937,220619.93
1033988,220619.93
1033989,220619.93
1034003,220619.93
1034012,220619.93
1034047,220619.93
1034062,220619.93
1034064,220619.93
1034065,220619.93
1034066,220619.93
1034068,220619.93
1034078,220619.93
1034088,220619.93
1034300,220619.93
1034363,220619.93
1034496,220619.93
1034605,220619.93
1034670,220619.93
1034716,220619.93
1034718,220619.93
1034778,220619.93
1034779,220619.93
1034803,220619.93
1034837,220619.93
1034944,220619.93
1035106,220619.93
1035111,220619.93
1035166,220619.93
1035490,220619.93
1035494,220619.93
1035524,220619.93
1035548,220619.93
1035564,220619.93
1035605,220619.93
1035785,220619.93
1035893,220619.93
1036037,220619.93
1036072,220619.93
1036103,220619.93
1036226,220619.93
1037508,220619.93
1037509,220619.93
1037613,220619.93
1037615,220619.93
1037616,220619.93
1037617,220619.93
1037619,220619.93
1037699,220619.93
1037850,220619.93
1037908,220619.93
1038175,220619.93
1038180,220619.93
1038183,220619.93
1038322,220619.93
1038432,220619.93
1038447,220619.93
1038448,220619.93
1038494,220619.93
1038509,220619.93
1038512,220619.93
1038516,220619.93
1038517,220619.93
1038532,220619.93
1038541,220619.93
1038551,220619.93
1038600,220619.93
1038788,220619.93
1038956,220619.93
1038957,220619.93
1039041,220619.93
1039176,220619.93
1039208,220619.93
1039427,220619.93
1039430,220619.93
1039434,220619.93
1039449,220619.93
1039523,220619.93
1039795,220619.93
1039810,220619.93
1039879,220619.93
1040038,220619.93
1040077,220619.93
1040154,220619.93
1040155,220619.93
1040245,220619.93
1040616,220619.93
1040659,220619.93
1040829,220619.93
1040841,220619.93
1041077,220619.93
1041312,220619.93
1041324,220619.93
1041354,220619.93
1041377,220619.93
1041469,220619.93
1041480,220619.93
1041501,220619.93
1041515,220619.93
1041815,220619.93
1041945,220619.93
1041997,220619.93
1042010,220619.93
1042250,220619.93
1042254,220619.93
1042365,220619.93
1042421,220619.93
1042710,220619.93
1043106,220619.93
1043116,220619.93
1043117,220619.93
1043349,220619.93
1043369,220619.93
1043413,220619.93
1043475,220619.93
1043480,220619.93
1043482,220619.93
1043492,220619.93
1043501,220619.93
1043542,220619.93
1043603,220619.93
1043620,220619.93
1043688,220619.93
1043779,220619.93
1043799,220619.93
1043891,220619.93
1043892,220619.93
1043945,220619.93
1044186,220619.93
1044193,220619.93
1044204,220619.93
1044205,220619.93
1044215,220619.93
1044236,220619.93
1044277,220619.93
1044296,220619.93
1044297,220619.93
1044356,220619.93
1044456,220619.93
1044496,220619.93
1044569,220619.93
1044700,220619.93
1044742,220619.93
1044802,220619.93
1044803,220619.93
1044813,220619.93
1044832,220619.93
1044867,220619.93
1045016,220619.93
1045148,220619.93
1045209,220619.93
1045223,220619.93
1045320,220619.93
1045323,220619.93
1045414,220619.93
1045572,220619.93
1045573,220619.93
1045595,220619.93
1045679,220619.93
1045724,220619.93
1045725,220619.93
1045730,220619.93
1045799,220619.93
1045886,220619.93
1045930,220619.93
1045955,220619.93
1045981,220619.93
1046127,220619.93
1046209,220619.93
1046212,220619.93
1046225,220619.93
1046231,220619.93
1046257,220619.93
1046283,220619.93
1046328,220619.93
1046331,220619.93
1046356,220619.93
1046430,220619.93
1046462,220619.93
1046488,220619.93
1046498,220619.93
1046576,220619.93
1046593,220619.93
1046597,220619.93
1046633,220619.93
1046719,220619.93
1046832,220619.93
1046844,220619.93
1046861,220619.93
1046862,220619.93
1046875,220619.93
1046947,220619.93
1046952,220619.93
1046992,220619.93
1047083,220619.93
1047115,220619.93
1047118,220619.93
1047172,220619.93
1047190,220619.93
1047193,220619.93
1047257,220619.93
1047273,220619.93
1047480,220619.93
1047498,220619.93
1047543,220619.93
1047617,220619.93
1047712,220619.93
1047901,220619.93
1047986,220619.93
1048124,220619.93
1048181,220619.93
1048203,220619.93
1048241,220619.93
1048292,220619.93
1048310,220619.93
1048513,220619.93
1048631,220619.93
1049174,220619.93
1049242,220619.93
1049249,220619.93
1049252,220619.93
1049305,220619.93
1049306,220619.93
1049317,220619.93
1049322,220619.93
1049326,220619.93
1049334,220619.93
1049336,220619.93
1049377,220619.93
1049418,220619.93
1049447,220619.93
1049476,220619.93
1049480,220619.93
1049490,220619.93
1049498,220619.93
1049499,220619.93
1049504,220619.93
1049505,220619.93
1049521,220619.93
1049551,220619.93
1049557,220619.93
1049586,220619.93
1049673,220619.93
1049674,220619.93
1049684,220619.93
1049721,220619.93
1049728,220619.93
1049744,220619.93
1049769,220619.93
1049783,220619.93
1049881,220619.93
1049888,220619.93
1049902,220619.93
1049929,220619.93
1050083,220619.93
1050117,220619.93
1050132,220619.93
1050134,220619.93
1050140,220619.93
1050208,220619.93
1050240,220619.93
1050279,220619.93
1050338,220619.93
1050362,220619.93
1050433,220619.93
1050457,220619.93
1050501,220619.93
1050574,220619.93
1050594,220619.93
1050656,220619.93
1050862,220619.93
1050863,220619.93
1050909,220619.93
1050939,220619.93
1050946,220619.93
1050995,220619.93
1051015,220619.93
1051038,220619.93
1051097,220619.93
1051130,220619.93
1051148,220619.93
1051151,220619.93
1051239,220619.93
1051244,220619.93
1051288,220619.93
1051313,220619.93
1051314,220619.93
1051354,220619.93
1051440,220619.93
1051504,220619.93
1051585,220619.93
1051651,220619.93
1051887,220619.93
1051929,220619.93
1052048,220619.93
1052213,220619.93
1052363,220619.93
1052422,220619.93
1052438,220619.93
1052484,220619.93
1052505,220619.93
1052581,220619.93
1052622,220619.93
1052708,220619.93
1052827,220619.93
1052838,220619.93
1052871,220619.93
1052891,220619.93
1053088,220619.93
1053226,220619.93
1053352,220619.93
1053730,220619.93
1053935,220619.93
1054083,220619.93
1054093,220619.93
1054179,220619.93
1054262,220619.93
1054334,220619.93
1054358,220619.93
1054564,220619.93
1054624,220619.93
1054633,220619.93
1054796,220619.93
1054801,220619.93
1054937,220619.93
1054961,220619.93
1055035,220619.93
1055041,220619.93
1055092,220619.93
1055135,220619.93
1055232,220619.93
1055233,220619.93
1055361,220619.93
1055407,220619.93
1055408,220619.93
1055462,220619.93
1055471,220619.93
1055681,220619.93
1055727,220619.93
1055783,220619.93
1055884,220619.93
1055885,220619.93
1055936,220619.93
1055950,220619.93
1055976,220619.93
1056019,220619.93
1056287,220619.93
1056414,220619.93
1056599,220619.93
1056744,220619.93
1056825,220619.93
1056826,220619.93
1056908,220619.93
1056914,220619.93
1056944,220619.93
1057065,220619.93
1057090,220619.93
1057091,220619.93
1057148,220619.93
1057149,220619.93
1057150,220619.93
1057151,220619.93
1057152,220619.93
1057153,220619.93
1057234,220619.93
1057297,220619.93
1057375,220619.93
1057507,220619.93
1057887,220619.93
1057947,220619.93
1057950,220619.93
1057955,220619.93
1057965,220619.93
1058044,220619.93
1058078,220619.93
1058101,220619.93
1058176,220619.93
1058333,220619.93
1058334,220619.93
1058599,220619.93
1058796,220619.93
1058801,220619.93
1058802,220619.93
1058822,220619.93
1058928,220619.93
1058931,220619.93
1059002,220619.93
1059048,220619.93
1059114,220619.93
1059119,220619.93
1059129,220619.93
1059188,220619.93
1059376,220619.93
1059388,220619.93
1059539,220619.93
1059545,220619.93
1059547,220619.93
1059555,220619.93
1059586,220619.93
1059624,220619.93
1059665,220619.93
1059675,220619.93
1059677,220619.93
1059748,220619.93
1059846,220619.93
1059865,220619.93
1059892,220619.93
1059967,220619.93
1059984,220619.93
1059989,220619.93
1060018,220619.93
1060098,220619.93
1060175,220619.93
1060194,220619.93
1060278,220619.93
1060355,220619.93
1060363,220619.93
1060389,220619.93
1060551,220619.93
1060564,220619.93
1060584,220619.93
1060585,220619.93
1060754,220619.93
1060785,220619.93
1060795,220619.93
1060797,220619.93
1060800,220619.93
1060854,220619.93
1060907,220619.93
1060916,220619.93
1060943,220619.93
1060944,220619.93
1061025,220619.93
1061064,220619.93
1061103,220619.93
1061329,220619.93
1061352,220619.93
1061419,220619.93
1061472,220619.93
1061474,220619.93
1061489,220619.93
1061521,220619.93
1061613,220619.93
1061628,220619.93
1061716,220619.93
1061773,220619.93
1061906,220619.93
1061981,220619.93
1062059,220619.93
1062062,220619.93
1062154,220619.93
1062179,220619.93
1062215,220619.93
1062231,220619.93
1062234,220619.93
1062235,220619.93
1062237,220619.93
1150057,220619.93
1150061,220619.93
1150062,220619.93
1150302,220619.93
1150304,220619.93
1150307,220619.93
1150308,220619.93
1150312,220619.93
1150313,220619.93
1150315,220619.93
1150318,220619.93
1150709,220619.93
1150711,220619.93
1150714,220619.93
1150716,220619.93
1150721,220619.93
1150722,220619.93
1150723,220619.93
1150727,220619.93
1150729,220619.93
1150732,220619.93
1150733,220619.93
1150739,220619.93
1150741,220619.93
1150744,220619.93
1150751,220619.93
1158788,220619.93
1158790,220619.93
1158794,220619.93
1158798,220619.93
1158802,220619.93
1158803,220619.93
1158804,220619.93
1158972,220619.93
1158973,220619.93
1158979,220619.93
1158980,220619.93
1158982,220619.93
1159208,220619.93
1159224,220619.93
1159254,220619.93
1159717,220619.93
1159725,220619.93
1159755,220619.93
1159756,220619.93
1159757,220619.93
1159758,220619.93
1159760,220619.93
1159762,220619.93
1159764,220619.93
1160340,220619.93
1160342,220619.93
1160347,220619.93
1160348,220619.93
1160352,220619.93
1160353,220619.93
1160357,220619.93
1160368,220619.93
1160370,220619.93
1160372,220619.93
1160628,220619.93
1160633,220619.93
1160635,220619.93
1160642,220619.93
1160644,220619.93
1160646,220619.93
1160651,220619.93
1160652,220619.93
1160659,220619.93
1160663,220619.93
1160877,220619.93
1160879,220619.93
1160881,220619.93
1160884,220619.93
1160887,220619.93
1160891,220619.93
1160892,220619.93
1160893,220619.93
1160897,220619.93
1160900,220619.93
1160901,220619.93
1160903,220619.93
1160909,220619.93
1160910,220619.93
1160913,220619.93
1160916,220619.93
1162333,220619.93
1162334,220619.93
1162374,220619.93
1162376,220619.93
1162380,220619.93
1162381,220619.93
1162382,220619.93
1162385,220619.93
1162386,220619.93
1162638,220619.93
1162639,220619.93
1162640,220619.93
1162641,220619.93
1162643,220619.93
1162707,220619.93
1162708,220619.93
1162764,220619.93
1162899,220619.93
1162918,220619.93
1162924,220619.93
1162925,220619.93
1162926,220619.93
1162927,220619.93
1163023,220619.93
1163027,220619.93
1163028,220619.93
1163039,220619.93
1163040,220619.93
1163042,220619.93
1163043,220619.93
1163044,220619.93
1163047,220619.93
1163050,220619.93
1163083,220619.93
1163086,220619.93
1163089,220619.93
1163090,220619.93
1163091,220619.93
1163092,220619.93
1163093,220619.93
1163095,220619.93
1163096,220619.93
1163264,220619.93
1163271,220619.93
1164020,220619.93
1164022,220619.93
1164028,220619.93
1164565,220619.93
1164567,220619.93
1164571,220619.93
1164576,220619.93
1164578,220619.93
1164580,220619.93
1164581,220619.93
1164582,220619.93
1164583,220619.93
1164617,220619.93
1164618,220619.93
1164622,220619.93
1164625,220619.93
1164627,220619.93
1164629,220619.93
1164911,220619.93
1164914,220619.93
1164916,220619.93
1164936,220619.93
1164938,220619.93
1164940,220619.93
1167361,220619.93
1167364,220619.93
1167369,220619.93
1167373,220619.93
1167374,220619.93
1167375,220619.93
1167383,220619.93
1167385,220619.93
1167387,220619.93
1167388,220619.93
1167392,220619.93
1167397,220619.93
1167398,220619.93
1167399,220619.93
1167401,220619.93
1167402,220619.93
1167403,220619.93
1167404,220619.93
1167405,220619.93
1167406,220619.93
1167407,220619.93
1167409,220619.93
1167410,220619.93
1167411,220619.93
1167412,220619.93
1167413,220619.93
1167414,220619.93
1167426,220619.93
1167429,220619.93
1167430,220619.93
1167431,220619.93
1167437,220619.93
1167439,220619.93
1171188,220619.93
1171191,220619.93
1171194,220619.93
1171195,220619.93
1171196,220619.93
1171200,220619.93
1171201,220619.93
1171203,220619.93
1171204,220619.93
1171205,220619.93
1171362,220619.93
1171367,220619.93
1172945,220619.93
1172952,220619.93
1173341,220619.93
1173343,220619.93
1173347,220619.93
1173351,220619.93
1173353,220619.93
1173355,220619.93
1173356,220619.93
1173358,220619.93
1173362,220619.93
1173364,220619.93
1174252,220619.93
1174253,220619.93
1174258,220619.93
1174265,220619.93
1174280,220619.93
1174393,220619.93
1174395,220619.93
1174396,220619.93
1174397,220619.93
1174398,220619.93
1174400,220619.93
1174404,220619.93
1174405,220619.93
1174407,220619.93
1174456,220619.93
1174460,220619.93
1174462,220619.93
1174465,220619.93
1174466,220619.93
1174468,220619.93
1174469,220619.93
1174471,220619.93
1174472,220619.93
1174473,220619.93
1174475,220619.93
1174491,220619.93
1174496,220619.93
1174501,220619.93
1174592,220619.93
1174593,220619.93
1174595,220619.93
1174596,220619.93
1174598,220619.93
1174599,220619.93
1174602,220619.93
1174607,220619.93
1174608,220619.93
1174732,220619.93
1174738,220619.93
1174742,220619.93
1174743,220619.93
1174748,220619.93
1175538,220619.93
1175539,220619.93
1175543,220619.93
1175547,220619.93
1175548,220619.93
1175550,220619.93
1176289,220619.93
1176758,220619.93
1176759,220619.93
1176764,220619.93
1176772,220619.93
1177110,220619.93
1177116,220619.93
1177118,220619.93
1177121,220619.93
1177122,220619.93
1177125,220619.93
1177822,220619.93
1178019,220619.93
1178024,220619.93
1179391,220619.93
1179392,220619.93
1179393,220619.93
1179512,220619.93
1179513,220619.93
1179516,220619.93
1179517,220619.93
1179518,220619.93
1179526,220619.93
1179527,220619.93
1179540,220619.93
1179542,220619.93
1179543,220619.93
1179546,220619.93
1179548,220619.93
1179552,220619.93
1179554,220619.93
1179555,220619.93
1179557,220619.93
1179944,220619.93
1179948,220619.93
1179949,220619.93
1179952,220619.93
1179953,220619.93
1179955,220619.93
1180044,220619.93
1180046,220619.93
1180047,220619.93
1180048,220619.93
1180049,220619.93
1180050,220619.93
1180051,220619.93
1180053,220619.93
1180054,220619.93
1180056,220619.93
1180060,220619.93
1180070,220619.93
1180073,220619.93
1180078,220619.93
1180080,220619.93
1180241,220619.93
1180242,220619.93
1180243,220619.93
1180251,220619.93
1180253,220619.93
1180254,220619.93
1180255,220619.93
1180257,220619.93
1180452,220619.93
1180461,220619.93
1180464,220619.93
1180465,220619.93
1180466,220619.93
1180467,220619.93
1180469,220619.93
1180471,220619.93
1180472,220619.93
1180474,220619.93
1180479,220619.93
1180481,220619.93
1180482,220619.93
1180484,220619.93
1180485,220619.93
1180487,220619.93
1180619,220619.93
1180622,220619.93
1180628,220619.93
1180629,220619.93
1180630,220619.93
1180701,220619.93
1180702,220619.93
1180704,220619.93
1180707,220619.93
1180708,220619.93
1180711,220619.93
1180712,220619.93
1180716,220619.93
1180717,220619.93
1180732,220619.93
1180733,220619.93
1180734,220619.93
1180735,220619.93
1180738,220619.93
1180739,220619.93
1180741,220619.93
1180743,220619.93
1180744,220619.93
1180748,220619.93
1180749,220619.93
1180770,220619.93
1180771,220619.93
1180774,220619.93
1180777,220619.93
1180938,220619.93
1180945,220619.93
1180951,220619.93
1180954,220619.93
1180967,220619.93
1180976,220619.93
1180977,220619.93
1181989,220619.93
1182023,220619.93
1182025,220619.93
1182026,220619.93
1182030,220619.93
1182033,220619.93
1182314,220619.93
1182315,220619.93
1182316,220619.93
1182317,220619.93
1182321,220619.93
1182322,220619.93
1182323,220619.93
1182628,220619.93
1182650,220619.93
1182652,220619.93
1182654,220619.93
1182655,220619.93
1182744,220619.93
1182745,220619.93
1182746,220619.93
1182748,220619.93
1182749,220619.93
1182754,220619.93
1182756,220619.93
1182757,220619.93
1183211,220619.93
1183213,220619.93
1183689,220619.93
1183690,220619.93
1183691,220619.93
1183692,220619.93
1184185,220619.93
1184271,220619.93
1184272,220619.93
1184678,220619.93
1184679,220619.93
1184680,220619.93
1184730,220619.93
1184731,220619.93
1184772,220619.93
1184775,220619.93
1184780,220619.93
1184783,220619.93
1184806,220619.93
1184809,220619.93
1184956,220619.93
1185123,220619.93
1185129,220619.93
1185141,220619.93
1185144,220619.93
1185145,220619.93
1185150,220619.93
1185316,220619.93
1185317,220619.93
1185326,220619.93
1185328,220619.93
1185330,220619.93
1185331,220619.93
1185722,220619.93
1185744,220619.93
1185746,220619.93
1185748,220619.93
1185818,220619.93
1185819,220619.93
1186256,220619.93
1186257,220619.93
1186258,220619.93
1186260,220619.93
1186261,220619.93
1186284,220619.93
1186288,220619.93
1186368,220619.93
1186370,220619.93
1186371,220619.93
1186373,220619.93
1186374,220619.93
1186376,220619.93
1186379,220619.93
1186380,220619.93
1186827,220619.93
1186830,220619.93
1186831,220619.93
1186832,220619.93
1186834,220619.93
1186835,220619.93
1186837,220619.93
1186840,220619.93
1187587,220619.93
1187625,220619.93
1187626,220619.93
1187628,220619.93
1187839,220619.93
1187840,220619.93
1187842,220619.93
1187843,220619.93
1187844,220619.93
1187851,220619.93
1187853,220619.93
1187854,220619.93
1188373,220619.93
1188428,220619.93
1188429,220619.93
1188430,220619.93
1188431,220619.93
1188439,220619.93
1188440,220619.93
1188442,220619.93
1188484,220619.93
1188485,220619.93
1188487,220619.93
1188488,220619.93
1188490,220619.93
1188493,220619.93
1188499,220619.93
1188519,220619.93
1188531,220619.93
1188535,220619.93
1188538,220619.93
1188539,220619.93
1188577,220619.93
1188578,220619.93
1188581,220619.93
1189583,220619.93
1189587,220619.93
1189590,220619.93
1189593,220619.93
1189594,220619.93
1189595,220619.93
1189596,220619.93
1189599,220619.93
1189600,220619.93
1189603,220619.93
1189605,220619.93
1189606,220619.93
1189610,220619.93
1189611,220619.93
1191966,220619.93
1191971,220619.93
1191972,220619.93
1192091,220619.93
1192096,220619.93
1192970,220619.93
1192973,220619.93
1193162,220619.93
1193163,220619.93
1193168,220619.93
1193169,220619.93
1193170,220619.93
1193171,220619.93
1193543,220619.93
1193676,220619.93
1193751,220619.93
1193761,220619.93
1193775,220619.93
1193777,220619.93
1193779,220619.93
1193782,220619.93
1193783,220619.93
1193836,220619.93
1193848,220619.93
1193849,220619.93
1193850,220619.93
1193855,220619.93
1193857,220619.93
1193859,220619.93
1193861,220619.93
1193862,220619.93
1193863,220619.93
1193864,220619.93
1193866,220619.93
1193915,220619.93
1193925,220619.93
1193927,220619.93
1193952,220619.93
1193953,220619.93
1193954,220619.93
1193955,220619.93
1193956,220619.93
1193957,220619.93
1194415,220619.93
1194922,220619.93
1194977,220619.93
1195222,220619.93
1195223,220619.93
1195224,220619.93
1195225,220619.93
1195425,220619.93
1195426,220619.93
1195432,220619.93
1195891,220619.93
1195892,220619.93
1195893,220619.93
1195900,220619.93
1195901,220619.93
1195903,220619.93
1196019,220619.93
1196842,220619.93
1196844,220619.93
1196847,220619.93
1196872,220619.93
1196892,220619.93
1196893,220619.93
1196894,220619.93
1196895,220619.93
1196904,220619.93
1196912,220619.93
1196913,220619.93
1196993,220619.93
1196994,220619.93
1196998,220619.93
1196999,220619.93
1197000,220619.93
1197002,220619.93
1197106,220619.93
1197107,220619.93
1197108,220619.93
1197166,220619.93
1197209,220619.93
1197214,220619.93
1197215,220619.93
1197216,220619.93
1197253,220619.93
1197256,220619.93
1197309,220619.93
1197311,220619.93
1197315,220619.93
1197316,220619.93
1197321,220619.93
1197322,220619.93
1197323,220619.93
1197324,220619.93
1197325,220619.93
1197326,220619.93
1197328,220619.93
1197329,220619.93
1197331,220619.93
1197345,220619.93
1197351,220619.93
1197462,220619.93
1197463,220619.93
1197465,220619.93
1197467,220619.93
1197469,220619.93
1197470,220619.93
1197502,220619.93
1197549,220619.93
1197570,220619.93
1197627,220619.93
1197672,220619.93
1197859,220619.93
1197860,220619.93
1197977,220619.93
1197978,220619.93
1198019,220619.93
1198021,220619.93
1198337,220619.93
1198358,220619.93
1198364,220619.93
1198365,220619.93
1198366,220619.93
1198367,220619.93
1198368,220619.93
1198369,220619.93
1198373,220619.93
1198446,220619.93
1198450,220619.93
1198451,220619.93
1198452,220619.93
1198453,220619.93
1198457,220619.93
1198621,220619.93
1198645,220619.93
1198649,220619.93
1198650,220619.93
1198664,220619.93
1198665,220619.93
1198669,220619.93
1198670,220619.93
1198671,220619.93
1198760,220619.93
1198766,220619.93
1198768,220619.93
1198771,220619.93
1198773,220619.93
715273,220619.93
717643,220619.93
720473,220619.93
722274,220619.93
722610,220619.93
722632,220619.93
724293,220619.93
724296,220619.93
724367,220619.93
724383,220619.93
724402,220619.93
724436,220619.93
724693,220619.93
725035,220619.93
726164,220619.93
728018,220619.93
728963,220619.93
730396,220619.93
730570,220619.93
732096,220619.93
732455,220619.93
733749,220619.93
739805,220619.93
762985,220619.93
765024,220619.93
766318,220619.93
767291,220619.93
768075,220619.93
768187,220619.93
768450,220619.93
768818,220619.93
775095,220619.93
777984,220619.93
780334,220619.93
782037,220619.93
783338,220619.93
788907,220619.93
791183,220619.93
791186,220619.93
800871,220619.93
805218,220619.93
808371,220619.93
810903,220619.93
813910,220619.93
814295,220619.93
816599,220619.93
817980,220619.93
818854,220619.93
821034,220619.93
822425,220619.93
823206,220619.93
823722,220619.93
824962,220619.93
827620,220619.93
829106,220619.93
829983,220619.93
835034,220619.93
835905,220619.93
836853,220619.93
836965,220619.93
837221,220619.93
837226,220619.93
837310,220619.93
837312,220619.93
837322,220619.93
837364,220619.93
837447,220619.93
837450,220619.93
837480,220619.93
837481,220619.93
837534,220619.93
837603,220619.93
837604,220619.93
837695,220619.93
837700,220619.93
838738,220619.93
838739,220619.93
838747,220619.93
839708,220619.93
839728,220619.93
839729,220619.93
839750,220619.93
839751,220619.93
839752,220619.93
839753,220619.93
839754,220619.93
839789,220619.93
839793,220619.93
839796,220619.93
840813,220619.93
843860,220619.93
844526,220619.93
844543,220619.93
844754,220619.93
846486,220619.93
847164,220619.93
848484,220619.93
936754,220619.93
937863,220619.93
937904,220619.93
938417,220619.93
938423,220619.93
938603,220619.93
938622,220619.93
939544,220619.93
940696,220619.93
942465,220619.93
942737,220619.93
943019,220619.93
943421,220619.93
945655,220619.93
947947,220619.93
949288,220619.93
952129,220619.93
952131,220619.93
952904,220619.93
953479,220619.93
954602,220619.93
954929,220619.93
955982,220619.93
958924,220619.93
959475,220619.93
960089,220619.93
960166,220619.93
961081,220619.93
961152,220619.93
961156,220619.93
963917,220619.93
963924,220619.93
963928,220619.93
964509,220619.93
965003,220619.93
967216,220619.93
967710,220619.93
967711,220619.93
967715,220619.93
968678,220619.93
969661,220619.93
970940,220619.93
971513,220619.93
972147,220619.93
972176,220619.93
972866,220619.93
974942,220619.93
974954,220619.93
976609,220619.93
978142,220619.93
978273,220619.93
978277,220619.93
978278,220619.93
978281,220619.93
978860,220619.93
979110,220619.93
979112,220619.93
979516,220619.93
980337,220619.93
980476,220619.93
982006,220619.93
983877,220619.93
983878,220619.93
983879,220619.93
985387,220619.93
985462,220619.93
985808,220619.93
986398,220619.93
987620,220619.93
988304,220619.93
988676,220619.93
989018,220619.93
995698,220619.93
995822,220619.93
1002393,220619.93
1003195,220619.93
1003292,220619.93
1003326,220619.93
1003655,220619.93
1003662,220619.93
1003847,220619.93
1006131,220619.93
1008419,220619.93
1008432,220619.93
1008509,220619.93
1008929,220619.93
1009457,220619.93
1010167,220619.93
1010251,220619.93
1010311,220619.93
1011035,220619.93
1011899,220619.93
1013203,220619.93
1013464,220619.93
1013942,220619.93
1014952,220619.93
1015519,220619.93
1018488,220619.93
1018565,220619.93
1018830,220619.93
1019163,220619.93
1019257,220619.93
1019258,220619.93
1022427,220619.93
1023024,220619.93
1024198,220619.93
1024386,220619.93
1024633,220619.93
1065813,220619.93
1066642,220619.93
1066903,220619.93
1068872,220619.93
1071707,220619.93
1072579,220619.93
1072606,220619.93
1073519,220619.93
1073733,220619.93
1074535,220619.93
1075895,220619.93
1076216,220619.93
1076517,220619.93
1076917,220619.93
1077573,220619.93
1078672,220619.93
1080081,220619.93
1080084,220619.93
1080177,220619.93
1080179,220619.93
1080180,220619.93
1080182,220619.93
1080646,220619.93
1081890,220619.93
1082838,220619.93
1082935,220619.93
1083177,220619.93
1083187,220619.93
1093683,220619.93
1094194,220619.93
1097426,220619.93
1098571,220619.93
1102741,220619.93
1102778,220619.93
1224860,220619.93
1224861,220619.93
1224864,220619.93
1224865,220619.93
1224868,220619.93
1224877,220619.93
1229111,220619.93
1229116,220619.93
1229118,220619.93
1235951,220619.93
1235954,220619.93
1236545,220619.93
1236554,220619.93
1236560,220619.93
1239168,220619.93
1239172,220619.93
1239175,220619.93
1239178,220619.93
1239179,220619.93
1239182,220619.93
1239184,220619.93
1241221,220619.93
1241227,220619.93
1241228,220619.93
96029,232193.94
96056,232193.94
96065,232193.94
96072,232193.94
96079,232193.94
96099,232193.94
96100,232193.94
96136,232193.94
96137,232193.94
96138,232193.94
96140,232193.94
96142,232193.94
96143,232193.94
96193,232193.94
96202,232193.94
96206,232193.94
96207,232193.94
96224,232193.94
96225,232193.94
96227,232193.94
96302,232193.94
96318,232193.94
96339,232193.94
96369,232193.94
96417,232193.94
96432,232193.94
96464,232193.94
96467,232193.94
96471,232193.94
96476,232193.94
96477,232193.94
96481,232193.94
96486,232193.94
96487,232193.94
96515,232193.94
96547,232193.94
96571,326931.28
96574,232193.94
96593,326931.28
96606,232193.94
96648,326931.28
96654,326931.28
96656,326931.28
96661,326931.28
96662,326931.28
96664,326931.28
96668,326931.28
96669,326931.28
96672,326931.28
96678,326931.28
96679,326931.28
96683,326931.28
96713,326931.28
96715,326931.28
96735,326931.28
96742,326931.28
96750,326931.28
96751,326931.28
96758,326931.28
96760,326931.28
96762,326931.28
96765,326931.28
96771,326931.28
96772,326931.28
96782,326931.28
96790,232193.94
96791,232193.94
96816,232193.94
96819,232193.94
96821,232193.94
96838,232193.94
96862,232193.94
96863,232193.94
96869,232193.94
96875,232193.94
96876,232193.94
96896,232193.94
96897,232193.94
96937,232193.94
96946,232193.94
96952,232193.94
96957,232193.94
96986,232193.94
96988,232193.94
96990,232193.94
97005,232193.94
97065,232193.94
97071,232193.94
97077,232193.94
97081,232193.94
97083,232193.94
97093,326931.28
97097,232193.94
97122,232193.94
97125,232193.94
97126,232193.94
97127,232193.94
97129,232193.94
97133,232193.94
97137,232193.94
97139,232193.94
97140,232193.94
97144,232193.94
97146,232193.94
97148,232193.94
97149,232193.94
97152,232193.94
97154,232193.94
97155,232193.94
97161,232193.94
97166,232193.94
97194,232193.94
97210,232193.94
97213,232193.94
97215,232193.94
97217,232193.94
97224,232193.94
97226,232193.94
97229,232193.94
97235,232193.94
97250,232193.94
97263,232193.94
97269,232193.94
97312,232193.94
97318,232193.94
97327,232193.94
97336,232193.94
97447,232193.94
97449,232193.94
97467,232193.94
97482,232193.94
97495,232193.94
97527,232193.94
97531,232193.94
97533,232193.94
97545,232193.94
97550,232193.94
97555,232193.94
97562,232193.94
97564,232193.94
97565,232193.94
97566,232193.94
97573,232193.94
97575,232193.94
97578,232193.94
97579,232193.94
97580,232193.94
97582,232193.94
97583,232193.94
97584,232193.94
97585,232193.94
97586,232193.94
97589,232193.94
97590,326931.28
97677,232193.94
97680,232193.94
97681,232193.94
97686,232193.94
97687,232193.94
97690,232193.94
97692,232193.94
97696,232193.94
97698,232193.94
97699,232193.94
97701,232193.94
97704,326931.28
97707,326931.28
97729,232193.94
97807,326931.28
97808,326931.28
97858,232193.94
97859,232193.94
97861,232193.94
97879,326931.28
97881,326931.28
97885,326931.28
97888,326931.28
97897,326931.28
97907,326931.28
97911,326931.28
97914,232193.94
97927,326931.28
97943,232193.94
97949,326931.28
97967,326931.28
97988,326931.28
97989,326931.28
97990,326931.28
97991,326931.28
97993,326931.28
97996,326931.28
97997,326931.28
97998,326931.28
97999,326931.28
98001,326931.28
98014,232193.94
98016,232193.94
98036,232193.94
98054,232193.94
98063,232193.94
98082,232193.94
98083,232193.94
98085,232193.94
98086,232193.94
98087,326931.28
98090,232193.94
98095,232193.94
98103,232193.94
98108,232193.94
98119,232193.94
98149,326931.28
98164,232193.94
98167,232193.94
98168,232193.94
98204,232193.94
98248,232193.94
98249,232193.94
98257,232193.94
98276,232193.94
98293,232193.94
98301,232193.94
98308,232193.94
98357,232193.94
98358,232193.94
98366,232193.94
98394,232193.94
98400,232193.94
98403,232193.94
98412,232193.94
98413,232193.94
98433,232193.94
98450,232193.94
98451,232193.94
98452,232193.94
98455,232193.94
98462,232193.94
98475,232193.94
98499,232193.94
98525,232193.94
98526,232193.94
98528,232193.94
98531,232193.94
98544,232193.94
98553,232193.94
98573,232193.94
98582,232193.94
98584,232193.94
98585,232193.94
98589,232193.94
98593,326931.28
98596,232193.94
98648,232193.94
98652,232193.94
98653,326931.28
98654,232193.94
98656,326931.28
98710,326931.28
98754,326931.28
98770,326931.28
98780,326931.28
98781,326931.28
98782,326931.28
98789,326931.28
98804,326931.28
98822,326931.28
98823,232193.94
98828,232193.94
98842,326931.28
98843,326931.28
98846,326931.28
98862,232193.94
98863,232193.94
98869,232193.94
98870,232193.94
98874,232193.94
98876,232193.94
98878,232193.94
98883,232193.94
98895,232193.94
98899,232193.94
98900,232193.94
98901,232193.94
98902,232193.94
98905,232193.94
98929,232193.94
98948,232193.94
98979,232193.94
99010,232193.94
99022,232193.94
99035,232193.94
99043,232193.94
99044,232193.94
99048,232193.94
99051,232193.94
99087,232193.94
99098,232193.94
99102,232193.94
99104,232193.94
99105,232193.94
99114,232193.94
99148,232193.94
99163,232193.94
99168,232193.94
99198,232193.94
99200,232193.94
99205,326931.28
99273,232193.94
99277,326931.28
99292,232193.94
99293,326931.28
99298,326931.28
99300,326931.28
99304,326931.28
99305,326931.28
99316,326931.28
99319,232193.94
99341,232193.94
99344,232193.94
99356,232193.94
99360,232193.94
99361,232193.94
99389,232193.94
99399,232193.94
99400,232193.94
99401,232193.94
99421,232193.94
99429,232193.94
99433,232193.94
99436,232193.94
99439,232193.94
99442,232193.94
99450,232193.94
99451,232193.94
99460,232193.94
99475,232193.94
99480,232193.94
99483,232193.94
99529,326931.28
99532,232193.94
99542,232193.94
99575,232193.94
99583,232193.94
99597,232193.94
99601,232193.94
99603,232193.94
99624,232193.94
99625,232193.94
99651,232193.94
99655,232193.94
99673,232193.94
99694,232193.94
99697,232193.94
99698,232193.94
99714,232193.94
99716,232193.94
99717,232193.94
99718,232193.94
99719,232193.94
99728,326931.28
99736,232193.94
99739,232193.94
99751,326931.28
99759,326931.28
99760,232193.94
99761,232193.94
99765,326931.28
99769,232193.94
99812,232193.94
99817,232193.94
99855,232193.94
99868,232193.94
99869,232193.94
99874,232193.94
99895,140453.94
99897,232193.94
99980,232193.94
99982,232193.94
99984,232193.94
99985,232193.94
99990,232193.94
99991,232193.94
100086,232193.94
100110,278651.02
100115,330249.96
100118,330249.96
100119,330249.96
100122,330249.96
100125,330249.96
100126,330249.96
100127,330249.96
100129,330249.96
100130,330249.96
100134,330249.96
100136,330249.96
100156,278651.02
100157,278651.02
100169,232193.94
100171,232193.94
100179,232193.94
100187,278651.02
100192,232193.94
100193,232193.94
100219,278651.02
100243,169658.27
100244,169658.27
100289,330249.96
100297,330249.96
100310,232193.94
100312,232193.94
100327,232193.94
100378,232193.94
100422,232193.94
100447,232193.94
100513,232193.94
100520,232193.94
100532,232193.94
100534,232193.94
100537,232193.94
100550,232193.94
100557,232193.94
100564,232193.94
100571,232193.94
100575,232193.94
100595,232193.94
100596,232193.94
100620,232193.94
100621,232193.94
100648,232193.94
100652,232193.94
100661,232193.94
100677,232193.94
100678,232193.94
100681,232193.94
100708,232193.94
100709,232193.94
100723,232193.94
100730,232193.94
100733,232193.94
100735,232193.94
100736,232193.94
100744,232193.94
100755,232193.94
100774,232193.94
100800,232193.94
100805,232193.94
100812,232193.94
100813,232193.94
100819,232193.94
100821,232193.94
100866,232193.94
100906,232193.94
100942,232193.94
100950,232193.94
101142,232193.94
101185,140453.94
101191,278651.02
101193,330249.96
101283,169658.27
101287,169658.27
101300,232193.94
101308,169658.27
101316,169658.27
101318,232193.94
101326,140453.94
101402,232193.94
101456,232193.94
101469,232193.94
101478,232193.94
101486,232193.94
101499,232193.94
101501,232193.94
101506,232193.94
101512,232193.94
101514,232193.94
101515,232193.94
101527,232193.94
101552,232193.94
101571,232193.94
101583,232193.94
101600,232193.94
101601,232193.94
101603,232193.94
101614,232193.94
101619,232193.94
101642,232193.94
101673,232193.94
101680,232193.94
101694,232193.94
101702,232193.94
101707,232193.94
101720,232193.94
101755,232193.94
101770,232193.94
101780,232193.94
101785,232193.94
101817,232193.94
101913,232193.94
101915,146891.04
101919,232193.94
101976,232193.94
101987,232193.94
102114,232193.94
102116,330249.96
102197,330249.96
102198,232193.94
102217,330249.96
102252,278651.02
102299,232193.94
102330,146891.04
102350,232193.94
102352,232193.94
102353,232193.94
102404,232193.94
102405,232193.94
102415,232193.94
102420,232193.94
102442,232193.94
102475,232193.94
102479,232193.94
102511,232193.94
102568,232193.94
102580,232193.94
102593,232193.94
102598,232193.94
102607,232193.94
102637,232193.94
102792,169658.27
102794,169658.27
102837,232193.94
102890,232193.94
102905,232193.94
102910,232193.94
102922,232193.94
102985,232193.94
103028,232193.94
103115,232193.94
103132,232193.94
103138,232193.94
103179,232193.94
103199,232193.94
103244,232193.94
103246,232193.94
103276,232193.94
103283,232193.94
103313,232193.94
103362,232193.94
103392,232193.94
103395,232193.94
103428,232193.94
103436,278651.02
103463,232193.94
103493,232193.94
103495,232193.94
103498,232193.94
103504,232193.94
103524,232193.94
103527,232193.94
103530,232193.94
103532,232193.94
103534,232193.94
103540,232193.94
103547,232193.94
103555,232193.94
103556,232193.94
103557,232193.94
103567,232193.94
103568,232193.94
103571,232193.94
103577,232193.94
103578,232193.94
103579,232193.94
103595,232193.94
103601,232193.94
103603,232193.94
103604,232193.94
103608,232193.94
103614,232193.94
103620,232193.94
103625,232193.94
103627,232193.94
103678,232193.94
103679,232193.94
103685,232193.94
103716,232193.94
103720,232193.94
103778,232193.94
103780,232193.94
103785,232193.94
103787,232193.94
103815,232193.94
103816,232193.94
103821,330249.96
103836,330249.96
103845,232193.94
103851,232193.94
103858,232193.94
103859,232193.94
103862,232193.94
103866,330249.96
103873,330249.96
103876,330249.96
103879,330249.96
103885,330249.96
103889,330249.96
103898,330249.96
103899,330249.96
103909,330249.96
103911,232193.94
103920,232193.94
103927,330249.96
103933,330249.96
103946,232193.94
103949,232193.94
103950,232193.94
103965,232193.94
103997,232193.94
104017,232193.94
104028,232193.94
104068,232193.94
104077,232193.94
104098,232193.94
104099,330249.96
104103,232193.94
104135,232193.94
104141,232193.94
104148,232193.94
104149,232193.94
104151,232193.94
104154,232193.94
104161,232193.94
104163,232193.94
104165,232193.94
104195,232193.94
104205,232193.94
104218,232193.94
104238,232193.94
104245,232193.94
104248,232193.94
104252,232193.94
104265,232193.94
104266,232193.94
104273,232193.94
104274,232193.94
104286,232193.94
104290,232193.94
104293,232193.94
104299,232193.94
104309,232193.94
104326,232193.94
104345,232193.94
104359,232193.94
104368,232193.94
104379,232193.94
104381,232193.94
104403,232193.94
104414,232193.94
104417,232193.94
104419,232193.94
104431,232193.94
104439,232193.94
104445,232193.94
104447,232193.94
104451,232193.94
104454,232193.94
104456,232193.94
104465,232193.94
104473,232193.94
104489,232193.94
104492,232193.94
104513,232193.94
104517,232193.94
104519,232193.94
104523,232193.94
104524,232193.94
104526,232193.94
104533,232193.94
104538,232193.94
104539,232193.94
104545,232193.94
104561,232193.94
104598,232193.94
104599,232193.94
104611,232193.94
104613,232193.94
104623,232193.94
104627,232193.94
104628,232193.94
104629,232193.94
104630,232193.94
104640,232193.94
104641,232193.94
104642,232193.94
104665,232193.94
104804,232193.94
104847,232193.94
104861,232193.94
104862,232193.94
104863,232193.94
104896,330249.96
104899,330249.96
104901,330249.96
104906,330249.96
104922,330249.96
104924,330249.96
104925,330249.96
104930,232193.94
104935,232193.94
104936,232193.94
104964,330249.96
104965,330249.96
104970,330249.96
104973,330249.96
104975,330249.96
104979,330249.96
104995,330249.96
104996,232193.94
104998,330249.96
104999,330249.96
105000,330249.96
105024,232193.94
105029,330249.96
105037,330249.96
105038,330249.96
105039,330249.96
105049,232193.94
105057,232193.94
105061,232193.94
105065,232193.94
105076,232193.94
105091,232193.94
105116,232193.94
105136,232193.94
105143,232193.94
105151,232193.94
105160,232193.94
105162,232193.94
105170,232193.94
105172,232193.94
105179,232193.94
105184,232193.94
105185,232193.94
105197,232193.94
105202,330249.96
105231,232193.94
105232,232193.94
105235,232193.94
105249,232193.94
105258,232193.94
105259,232193.94
105272,232193.94
105287,232193.94
105293,232193.94
105304,232193.94
105314,232193.94
105315,232193.94
105328,232193.94
105341,232193.94
105344,232193.94
105349,232193.94
105350,232193.94
105351,232193.94
105362,232193.94
105376,232193.94
105386,232193.94
105392,232193.94
105401,232193.94
105409,232193.94
105414,232193.94
105418,232193.94
105419,232193.94
105425,232193.94
105440,232193.94
105447,232193.94
105448,232193.94
105452,232193.94
105463,232193.94
105464,232193.94
105465,232193.94
105524,232193.94
105526,232193.94
105531,232193.94
105536,232193.94
105557,330249.96
105633,330249.96
105635,232193.94
105637,330249.96
105674,330249.96
105681,232193.94
105703,330249.96
105704,330249.96
105705,330249.96
105706,232193.94
105711,232193.94
105712,232193.94
105719,330249.96
105728,330249.96
105734,330249.96
105735,330249.96
105745,232193.94
105749,330249.96
105764,330249.96
105765,330249.96
105768,232193.94
105772,330249.96
105778,330249.96
105779,330249.96
105785,330249.96
105790,330249.96
105806,232193.94
105827,232193.94
105831,232193.94
105845,232193.94
105848,232193.94
105852,232193.94
105865,232193.94
105874,232193.94
105906,232193.94
105910,232193.94
105915,232193.94
105929,232193.94
105945,232193.94
105946,232193.94
105947,232193.94
105948,232193.94
105954,232193.94
105990,232193.94
106000,232193.94
106016,232193.94
106030,232193.94
106034,232193.94
106035,232193.94
106040,232193.94
106074,330249.96
106139,232193.94
106142,232193.94
106155,232193.94
106168,232193.94
106177,232193.94
106183,232193.94
106184,232193.94
106185,232193.94
106201,232193.94
106215,232193.94
106233,232193.94
106235,232193.94
106236,232193.94
106239,232193.94
106241,232193.94
106242,232193.94
106243,232193.94
106254,232193.94
106259,232193.94
106263,232193.94
106281,232193.94
106282,232193.94
106292,232193.94
106294,232193.94
106343,330249.96
106356,232193.94
106359,232193.94
106360,232193.94
106362,232193.94
106390,232193.94
106391,232193.94
106398,232193.94
106442,232193.94
106449,232193.94
106456,232193.94
106458,232193.94
106467,232193.94
106512,232193.94
106522,232193.94
106565,232193.94
106572,232193.94
106579,232193.94
106587,232193.94
106591,232193.94
106599,232193.94
106604,232193.94
106618,330249.96
106647,232193.94
106654,232193.94
106665,232193.94
106668,232193.94
106678,232193.94
106685,232193.94
106707,330249.96
106727,330249.96
106760,232193.94
106776,232193.94
106780,232193.94
106781,232193.94
106783,232193.94
106784,232193.94
106790,232193.94
106792,232193.94
106819,232193.94
106835,191203.82
106845,191203.82
106849,191203.82
106857,232193.94
106858,232193.94
106860,232193.94
106862,232193.94
106871,232193.94
106881,232193.94
106896,232193.94
106900,232193.94
106902,232193.94
106907,232193.94
106918,232193.94
106925,232193.94
106927,232193.94
106929,232193.94
106934,232193.94
106948,232193.94
106949,232193.94
106951,232193.94
106954,232193.94
106965,232193.94
106975,232193.94
106990,232193.94
106992,232193.94
107003,232193.94
107004,232193.94
107015,232193.94
107016,232193.94
107035,232193.94
107058,232193.94
107062,232193.94
107071,232193.94
107086,232193.94
107093,232193.94
107100,191203.82
107122,191203.82
107268,232193.94
107275,191203.82
107357,191203.82
107361,232193.94
107393,191203.82
107395,191203.82
107412,191203.82
107416,191203.82
107428,232193.94
107452,191203.82
107454,191203.82
107464,191203.82
107467,191203.82
107469,191203.82
107470,191203.82
107472,191203.82
107473,191203.82
107487,191203.82
107489,191203.82
107495,191203.82
107497,232193.94
107501,191203.82
107506,191203.82
107510,191203.82
107520,232193.94
107551,232193.94
107556,232193.94
107572,232193.94
107584,232193.94
107594,191203.82
107595,232193.94
107601,232193.94
107614,232193.94
107616,232193.94
107617,232193.94
107619,232193.94
107621,232193.94
107650,232193.94
107656,232193.94
107678,232193.94
107680,232193.94
107684,232193.94
107687,232193.94
107690,232193.94
107692,232193.94
107693,232193.94
107694,232193.94
107695,232193.94
107702,232193.94
107712,232193.94
107718,232193.94
107722,232193.94
107757,232193.94
107762,232193.94
107769,232193.94
107770,232193.94
107771,232193.94
107776,232193.94
107778,232193.94
107788,232193.94
107792,232193.94
107812,232193.94
107831,232193.94
107832,232193.94
107863,232193.94
107871,232193.94
107873,232193.94
107874,232193.94
107875,232193.94
107906,232193.94
107915,232193.94
107916,232193.94
107917,232193.94
107918,232193.94
107919,232193.94
107920,232193.94
107998,232193.94
108021,191203.82
108137,232193.94
108190,191203.82
108231,232193.94
108235,191203.82
108237,191203.82
108246,232193.94
108272,191203.82
108277,191203.82
108281,135733.29
108283,191203.82
108285,191203.82
108340,232193.94
108343,232193.94
108401,232193.94
108406,232193.94
108408,232193.94
108410,232193.94
108429,232193.94
108444,232193.94
108447,232193.94
108465,232193.94
108468,232193.94
108479,232193.94
108496,232193.94
108505,232193.94
108512,232193.94
108518,232193.94
108519,232193.94
108524,232193.94
108527,232193.94
108528,232193.94
108545,232193.94
108548,232193.94
108551,232193.94
108557,232193.94
108558,232193.94
108574,232193.94
108580,232193.94
108581,232193.94
108589,191203.82
108654,191203.82
108658,232193.94
108757,232193.94
108771,191203.82
108778,191203.82
108802,191203.82
108814,191203.82
108816,135733.29
108817,191203.82
108832,232193.94
108855,232193.94
108867,232193.94
108886,232193.94
108900,232193.94
108916,232193.94
108948,232193.94
108960,232193.94
108962,232193.94
108983,232193.94
108984,232193.94
108992,232193.94
108993,232193.94
109002,232193.94
109051,232193.94
109135,191203.82
109157,232193.94
109160,232193.94
109175,232193.94
109189,232193.94
109236,232193.94
109250,232193.94
109251,232193.94
109254,232193.94
109323,191203.82
109368,232193.94
109384,232193.94
109388,232193.94
109389,232193.94
109414,232193.94
109434,232193.94
109448,232193.94
109454,232193.94
109455,232193.94
109456,232193.94
109478,191203.82
109488,232193.94
109499,232193.94
109504,232193.94
109509,232193.94
109523,191203.82
109524,191203.82
109525,191203.82
109526,191203.82
109534,232193.94
109546,232193.94
109566,191203.82
109570,191203.82
109577,232193.94
109586,232193.94
109589,232193.94
109597,232193.94
109608,232193.94
109624,232193.94
109633,232193.94
109634,232193.94
109650,232193.94
109651,232193.94
109653,232193.94
109654,232193.94
109656,232193.94
109658,232193.94
109659,232193.94
109661,232193.94
109667,232193.94
109672,232193.94
109673,232193.94
109674,232193.94
109675,232193.94
109690,232193.94
109698,232193.94
109703,232193.94
109710,232193.94
109711,232193.94
109724,232193.94
109729,232193.94
109736,232193.94
109777,232193.94
109778,232193.94
109779,455987.52
109780,232193.94
109781,232193.94
109794,232193.94
109860,232193.94
109861,232193.94
109867,232193.94
109868,232193.94
109876,455987.52
109891,232193.94
109896,232193.94
109903,232193.94
109905,232193.94
109915,232193.94
109925,232193.94
109959,232193.94
109962,232193.94
109985,232193.94
109986,232193.94
110001,232193.94
110013,232193.94
110024,232193.94
110041,232193.94
110055,232193.94
110056,232193.94
110060,232193.94
110065,232193.94
110079,232193.94
110092,232193.94
110099,232193.94
110108,232193.94
110121,232193.94
110130,232193.94
110132,232193.94
110135,232193.94
110136,232193.94
110137,232193.94
110138,232193.94
110139,232193.94
110148,232193.94
110150,232193.94
110158,232193.94
110160,232193.94
110161,232193.94
110180,232193.94
110223,232193.94
110226,232193.94
110236,232193.94
110248,232193.94
110295,232193.94
110319,232193.94
110327,232193.94
110330,232193.94
110335,232193.94
110345,232193.94
110348,232193.94
110349,232193.94
110351,232193.94
110355,232193.94
110365,232193.94
110380,232193.94
110387,232193.94
110392,307802.34
110393,232193.94
110403,232193.94
110452,232193.94
110462,232193.94
110538,455987.52
110626,455987.52
110628,455987.52
110631,232193.94
110642,232193.94
110672,232193.94
110695,455987.52
110698,176395.54
110716,455987.52
110725,455987.52
110733,232193.94
110742,232193.94
110743,232193.94
110747,232193.94
110758,232193.94
110769,232193.94
110780,232193.94
110790,232193.94
110791,232193.94
110792,232193.94
110795,232193.94
110796,232193.94
110797,232193.94
110798,232193.94
110803,232193.94
110807,232193.94
110817,232193.94
110824,232193.94
110854,232193.94
110872,232193.94
110875,232193.94
110883,232193.94
110902,232193.94
110903,232193.94
110912,232193.94
110914,232193.94
110923,232193.94
110934,232193.94
110938,232193.94
110939,232193.94
110945,232193.94
110948,232193.94
110949,232193.94
110964,232193.94
110980,232193.94
110983,232193.94
110992,232193.94
110993,232193.94
110999,232193.94
111000,232193.94
111001,232193.94
111003,232193.94
111005,232193.94
111008,232193.94
111009,232193.94
111014,232193.94
111018,232193.94
111023,232193.94
111031,232193.94
111035,232193.94
111054,232193.94
111059,232193.94
111079,232193.94
111113,232193.94
111114,232193.94
111117,232193.94
111118,232193.94
111119,232193.94
111120,232193.94
111122,232193.94
111123,232193.94
111124,232193.94
111125,232193.94
111127,232193.94
111129,232193.94
111143,232193.94
111147,232193.94
111148,232193.94
111166,232193.94
111167,232193.94
111168,232193.94
111191,232193.94
111196,232193.94
111197,232193.94
111199,232193.94
111208,455987.52
111216,232193.94
111252,266138.74
111255,232193.94
111319,232193.94
111384,455987.52
111386,266138.74
111388,455987.52
111389,455987.52
111394,455987.52
111395,455987.52
111435,455987.52
111446,278459.56
111457,455987.52
111459,455987.52
111463,455987.52
111477,232193.94
111496,232193.94
111506,232193.94
111507,232193.94
111510,232193.94
111512,232193.94
111523,232193.94
111530,232193.94
111531,232193.94
111534,232193.94
111538,232193.94
111554,232193.94
111573,232193.94
111590,232193.94
111598,232193.94
111608,232193.94
111611,232193.94
111621,232193.94
111628,232193.94
111629,232193.94
111633,232193.94
111636,232193.94
111637,232193.94
111658,232193.94
111665,232193.94
111697,232193.94
111703,232193.94
111774,232193.94
111775,455987.52
111820,455987.52
111839,176395.54
111846,455987.52
111850,232193.94
111856,232193.94
111860,232193.94
111865,232193.94
111883,232193.94
111884,232193.94
111885,232193.94
111894,232193.94
111915,232193.94
111924,232193.94
111939,232193.94
111954,455987.52
111965,232193.94
111970,232193.94
111976,232193.94
111987,232193.94
111988,232193.94
112051,232193.94
112063,455987.52
112068,232193.94
112075,232193.94
112157,307802.34
112162,455987.52
112163,455987.52
112227,232193.94
112230,232193.94
112247,232193.94
112271,232193.94
112297,266138.74
112315,232193.94
112335,232193.94
112353,232193.94
112355,232193.94
112367,232193.94
112375,232193.94
112378,232193.94
112388,232193.94
112412,232193.94
112424,232193.94
112431,232193.94
112465,232193.94
112466,232193.94
112474,232193.94
112486,232193.94
112510,232193.94
112511,232193.94
112512,232193.94
112657,232193.94
112663,232193.94
112673,232193.94
112680,232193.94
112681,232193.94
112694,232193.94
112696,232193.94
112713,232193.94
112716,232193.94
112718,232193.94
112720,232193.94
112726,232193.94
112744,232193.94
112748,232193.94
112755,232193.94
112757,232193.94
112780,232193.94
112793,232193.94
112796,232193.94
112816,232193.94
112822,232193.94
112823,232193.94
112825,232193.94
112828,232193.94
112851,232193.94
112872,232193.94
112874,232193.94
112921,232193.94
112925,232193.94
112926,232193.94
112928,232193.94
112929,232193.94
112930,232193.94
112933,232193.94
112938,232193.94
112960,232193.94
112963,232193.94
112970,232193.94
112974,232193.94
112986,232193.94
112987,232193.94
113022,232193.94
113037,232193.94
113109,232193.94
113113,232193.94
113114,232193.94
113163,232193.94
113169,232193.94
113181,232193.94
113206,232193.94
113207,232193.94
113230,232193.94
113231,232193.94
113246,232193.94
113248,232193.94
113313,232193.94
113314,232193.94
113315,232193.94
113320,232193.94
113322,232193.94
113323,232193.94
113326,232193.94
113329,232193.94
113465,232193.94
113468,245019.88
113478,245019.88
113488,245019.88
113491,245019.88
113503,232193.94
113552,245019.88
113568,232193.94
113608,232193.94
113613,232193.94
113616,232193.94
113617,232193.94
113630,232193.94
113644,232193.94
113645,232193.94
113657,232193.94
113662,232193.94
113668,232193.94
113703,232193.94
113704,232193.94
113706,232193.94
113711,232193.94
113750,232193.94
113752,232193.94
113762,232193.94
113804,232193.94
113809,232193.94
113813,232193.94
113831,232193.94
113871,232193.94
113884,232193.94
113888,232193.94
113890,232193.94
113909,232193.94
113922,232193.94
113950,232193.94
113957,232193.94
113995,232193.94
114001,232193.94
114002,232193.94
114007,232193.94
114030,232193.94
114031,232193.94
114139,232193.94
114172,245019.88
114187,245019.88
114200,232193.94
114204,232193.94
114217,245019.88
114242,245019.88
114253,232193.94
114266,232193.94
114276,232193.94
114334,232193.94
114335,232193.94
114336,232193.94
114337,232193.94
114377,232193.94
114379,232193.94
114396,232193.94
114401,232193.94
114405,232193.94
114407,232193.94
114431,232193.94
114432,232193.94
114440,232193.94
114449,232193.94
114454,232193.94
114458,232193.94
114461,232193.94
114468,232193.94
114560,232193.94
114619,245019.88
114634,232193.94
114649,245019.88
114650,232193.94
114658,232193.94
114661,232193.94
114676,232193.94
114684,232193.94
114688,232193.94
114690,232193.94
114698,232193.94
114702,232193.94
114711,232193.94
114717,232193.94
114721,232193.94
114728,232193.94
114732,232193.94
114736,232193.94
114748,232193.94
114764,245019.88
114780,232193.94
114781,232193.94
114790,232193.94
114804,232193.94
114809,232193.94
114812,232193.94
114816,232193.94
114839,232193.94
114847,232193.94
114884,232193.94
114886,232193.94
114887,232193.94
114893,245019.88
114904,232193.94
114941,232193.94
114950,232193.94
114969,232193.94
114993,232193.94
114997,232193.94
115004,232193.94
115020,232193.94
115025,232193.94
115027,146891.04
115078,232193.94
115080,232193.94
115081,232193.94
115082,232193.94
115085,232193.94
115086,232193.94
115087,232193.94
115088,232193.94
115093,232193.94
115098,232193.94
115099,232193.94
115100,232193.94
115178,146891.04
115179,146891.04
115181,232193.94
115243,232193.94
115261,232193.94
115279,232193.94
115316,232193.94
115318,232193.94
115360,232193.94
115394,232193.94
115403,232193.94
115408,232193.94
115412,232193.94
115417,232193.94
115418,232193.94
115422,232193.94
115479,232193.94
115480,232193.94
115481,232193.94
115482,232193.94
115483,232193.94
115485,232193.94
115488,232193.94
115505,232193.94
115506,232193.94
115507,232193.94
115508,232193.94
115509,232193.94
115510,232193.94
115511,232193.94
115512,232193.94
115514,232193.94
115515,232193.94
115516,232193.94
115517,232193.94
115528,232193.94
115536,232193.94
115537,232193.94
115538,232193.94
115539,232193.94
115541,232193.94
115542,232193.94
115543,232193.94
115544,232193.94
115545,232193.94
115548,146891.04
115551,232193.94
115552,232193.94
115553,232193.94
115554,232193.94
115555,232193.94
115559,232193.94
115597,232193.94
115598,232193.94
115642,232193.94
115652,146891.04
115780,232193.94
115818,232193.94
115896,146891.04
115898,146891.04
115900,146891.04
115902,146891.04
115910,330249.96
115927,146891.04
115980,232193.94
115983,232193.94
116008,232193.94
116056,232193.94
116064,232193.94
116065,232193.94
116066,232193.94
116067,232193.94
116068,232193.94
116069,232193.94
116071,232193.94
116072,232193.94
116094,232193.94
116099,232193.94
116105,232193.94
116152,232193.94
116154,232193.94
116173,232193.94
116174,232193.94
116175,232193.94
116176,232193.94
116178,232193.94
116179,232193.94
116189,232193.94
116190,232193.94
116196,232193.94
116197,232193.94
116198,232193.94
116199,232193.94
116205,232193.94
116269,146891.04
116350,232193.94
116434,146891.04
116435,146891.04
116446,146891.04
116471,232193.94
116501,232193.94
116506,232193.94
116507,232193.94
116508,232193.94
116509,232193.94
116547,232193.94
116562,232193.94
116581,232193.94
116634,146891.04
116635,146891.04
116661,232193.94
116675,232193.94
116690,232193.94
116706,232193.94
116787,232193.94
116890,232193.94
116909,232193.94
116920,232193.94
116926,232193.94
116932,232193.94
116934,232193.94
116937,232193.94
116940,232193.94
116941,232193.94
116942,232193.94
116944,232193.94
116945,232193.94
116947,232193.94
116948,232193.94
116950,232193.94
116957,232193.94
116958,232193.94
116959,232193.94
116960,232193.94
116981,232193.94
116988,232193.94
116992,232193.94
117046,232193.94
117055,232193.94
117076,151319.69
117077,151319.69
117078,151319.69
117093,151319.69
117127,232193.94
117128,232193.94
117137,232193.94
117140,232193.94
117145,232193.94
117174,232193.94
117188,232193.94
117201,232193.94
117212,232193.94
117216,232193.94
117220,232193.94
117222,232193.94
117224,232193.94
117225,232193.94
117226,232193.94
117227,232193.94
117232,232193.94
117236,232193.94
117238,232193.94
117239,232193.94
117245,232193.94
117246,232193.94
117247,232193.94
117253,232193.94
117263,232193.94
117265,232193.94
117272,232193.94
117275,232193.94
117278,232193.94
117288,232193.94
117290,232193.94
117313,232193.94
117317,232193.94
117318,232193.94
117325,232193.94
117326,232193.94
117328,232193.94
117331,232193.94
117333,232193.94
117335,232193.94
117345,232193.94
117346,232193.94
117349,232193.94
117359,232193.94
117365,232193.94
117374,232193.94
117416,151319.69
117511,232193.94
117513,232193.94
117514,151319.69
117589,232193.94
117619,232193.94
117632,151319.69
117680,151319.69
117682,151319.69
117688,151319.69
117714,151319.69
117716,151319.69
117718,151319.69
117719,151319.69
117746,151319.69
117750,151319.69
117752,151319.69
117759,151319.69
117772,232193.94
117777,232193.94
117785,232193.94
117788,232193.94
117796,232193.94
117797,232193.94
117803,232193.94
117808,232193.94
117810,232193.94
117821,232193.94
117846,232193.94
117847,232193.94
117848,232193.94
117849,232193.94
117850,232193.94
117851,232193.94
117853,232193.94
117875,232193.94
117888,232193.94
117900,232193.94
117903,232193.94
117906,232193.94
117917,232193.94
117918,232193.94
117919,232193.94
117925,232193.94
117927,232193.94
117931,232193.94
117935,232193.94
117945,232193.94
117953,232193.94
117956,232193.94
117964,232193.94
117965,232193.94
117966,232193.94
117967,232193.94
117968,232193.94
117969,232193.94
117970,232193.94
117974,232193.94
117984,232193.94
117999,232193.94
118001,232193.94
118006,232193.94
118010,232193.94
118020,232193.94
118023,232193.94
118027,232193.94
118030,232193.94
118048,232193.94
118049,232193.94
118056,232193.94
118060,232193.94
118061,232193.94
118062,232193.94
118067,232193.94
118091,232193.94
118094,232193.94
118095,232193.94
118096,232193.94
118097,232193.94
118098,232193.94
118099,232193.94
118100,232193.94
118101,232193.94
118104,232193.94
118109,232193.94
118116,232193.94
118118,232193.94
118125,232193.94
118126,232193.94
118130,232193.94
118132,232193.94
118133,232193.94
118141,232193.94
118148,232193.94
118149,232193.94
118151,232193.94
118157,232193.94
118163,232193.94
118165,232193.94
118168,232193.94
118169,232193.94
118170,232193.94
118178,232193.94
118180,232193.94
118182,232193.94
118186,232193.94
118192,232193.94
118196,232193.94
118198,232193.94
118209,232193.94
118218,232193.94
118229,232193.94
118230,232193.94
118244,232193.94
118250,232193.94
118255,232193.94
118316,232193.94
118319,232193.94
118320,232193.94
118323,232193.94
118437,232193.94
118449,151319.69
118461,151319.69
118491,151319.69
118511,151319.69
118533,232193.94
118555,232193.94
118562,232193.94
118575,232193.94
118578,232193.94
118589,232193.94
118590,232193.94
118612,232193.94
118617,232193.94
118627,232193.94
118637,232193.94
118646,232193.94
118647,232193.94
118650,232193.94
118659,232193.94
118668,232193.94
118669,232193.94
118701,232193.94
118704,232193.94
118826,232193.94
118866,232193.94
118867,232193.94
118869,232193.94
118870,232193.94
118871,232193.94
118872,232193.94
118881,232193.94
118893,151319.69
118894,151319.69
118897,151319.69
118899,151319.69
118908,232193.94
118923,232193.94
118944,232193.94
118965,232193.94
118987,232193.94
119087,232193.94
119092,232193.94
119098,232193.94
119099,232193.94
119143,151319.69
119180,232193.94
119190,151319.69
119207,232193.94
119217,232193.94
119236,232193.94
119246,232193.94
119247,232193.94
119248,232193.94
119251,232193.94
119252,232193.94
119255,232193.94
119259,232193.94
119262,232193.94
119264,232193.94
119275,232193.94
119284,232193.94
119285,232193.94
119291,232193.94
119294,232193.94
119305,232193.94
119306,232193.94
119311,232193.94
119326,232193.94
119328,232193.94
119334,232193.94
119338,232193.94
119341,232193.94
119343,232193.94
119345,232193.94
119346,232193.94
119348,232193.94
119351,232193.94
119374,232193.94
119389,232193.94
119397,232193.94
119398,232193.94
119401,232193.94
119402,232193.94
119403,232193.94
119406,232193.94
119446,232193.94
119505,232193.94
119514,232193.94
119515,232193.94
119516,232193.94
119529,176395.54
119549,232193.94
119561,232193.94
119562,232193.94
119567,232193.94
119572,232193.94
119573,232193.94
119574,232193.94
119575,232193.94
119590,232193.94
119591,232193.94
119605,232193.94
119606,232193.94
119608,232193.94
119609,232193.94
119611,232193.94
119613,232193.94
119621,232193.94
119637,232193.94
119641,232193.94
119647,232193.94
119648,232193.94
119649,232193.94
119650,232193.94
119656,232193.94
119657,232193.94
119658,232193.94
119673,232193.94
119676,232193.94
119680,232193.94
119683,232193.94
119685,232193.94
119703,232193.94
119709,232193.94
119712,232193.94
119724,232193.94
119731,232193.94
119733,232193.94
119735,232193.94
119748,232193.94
119750,232193.94
119754,232193.94
119759,232193.94
119765,232193.94
119768,232193.94
119770,232193.94
119771,232193.94
119792,232193.94
119794,232193.94
119796,232193.94
119798,232193.94
119804,232193.94
119809,232193.94
119811,232193.94
119813,232193.94
119821,232193.94
119824,232193.94
119825,232193.94
119826,232193.94
119830,232193.94
119831,232193.94
119832,232193.94
119833,232193.94
119834,232193.94
119835,232193.94
119842,232193.94
119847,232193.94
119848,232193.94
119857,232193.94
119871,232193.94
119872,232193.94
119873,232193.94
119876,232193.94
119884,176395.54
119931,232193.94
119932,232193.94
119933,176395.54
119934,232193.94
119937,232193.94
119938,232193.94
119939,232193.94
119944,232193.94
120014,232193.94
120072,176395.54
120077,176395.54
120105,176395.54
120107,232193.94
120111,232193.94
120124,232193.94
120132,176395.54
120133,232193.94
120141,232193.94
120165,232193.94
120166,232193.94
120169,232193.94
120176,232193.94
120177,232193.94
120180,232193.94
120181,232193.94
120193,232193.94
120194,232193.94
120196,232193.94
120205,232193.94
120206,232193.94
120207,232193.94
120208,232193.94
120218,232193.94
120223,232193.94
120231,232193.94
120261,232193.94
120262,232193.94
120263,232193.94
120269,232193.94
120273,232193.94
120279,232193.94
120295,232193.94
120298,232193.94
120302,232193.94
120304,232193.94
120305,232193.94
120306,232193.94
120311,232193.94
120312,232193.94
120314,232193.94
120320,232193.94
120326,232193.94
120327,232193.94
120337,232193.94
120338,232193.94
120339,232193.94
120348,232193.94
120349,232193.94
120350,232193.94
120363,232193.94
120365,232193.94
120371,232193.94
120372,232193.94
120378,232193.94
120381,232193.94
120383,232193.94
120385,232193.94
120414,232193.94
120415,232193.94
120417,232193.94
120419,232193.94
120421,232193.94
120499,232193.94
120500,176395.54
120501,176395.54
120515,151319.69
120516,176395.54
120545,176395.54
120548,232193.94
120561,176395.54
120562,232193.94
120564,232193.94
120569,176395.54
120590,232193.94
120591,232193.94
120592,232193.94
120593,232193.94
120596,232193.94
120597,176395.54
120608,232193.94
120609,232193.94
120614,232193.94
120615,232193.94
120616,232193.94
120629,232193.94
120642,232193.94
120643,232193.94
120646,232193.94
120672,232193.94
120675,232193.94
120676,232193.94
120678,232193.94
120687,232193.94
120688,232193.94
120689,232193.94
120691,232193.94
120692,232193.94
120702,232193.94
120715,232193.94
120720,232193.94
120735,232193.94
120743,232193.94
120744,232193.94
120745,232193.94
120749,232193.94
120756,232193.94
120769,232193.94
120803,176395.54
120810,232193.94
120822,232193.94
120832,232193.94
120833,232193.94
120844,232193.94
120851,232193.94
120886,176395.54
120887,176395.54
120895,232193.94
120903,232193.94
120905,232193.94
120906,232193.94
120910,232193.94
120916,232193.94
120918,232193.94
120920,232193.94
120922,232193.94
120924,232193.94
120925,232193.94
120926,232193.94
120960,232193.94
120970,232193.94
120976,232193.94
121014,232193.94
121019,176395.54
121021,151319.69
121025,176395.54
121030,232193.94
121038,232193.94
121041,232193.94
121042,232193.94
121043,232193.94
121045,232193.94
121046,232193.94
121047,232193.94
121048,232193.94
121049,232193.94
121050,232193.94
121051,232193.94
121061,232193.94
121062,232193.94
121064,232193.94
121068,232193.94
121070,232193.94
121085,232193.94
121097,232193.94
121150,266138.74
121158,232193.94
121159,232193.94
121169,232193.94
121172,232193.94
121187,232193.94
121189,232193.94
121192,232193.94
121193,232193.94
121195,232193.94
121204,232193.94
121208,232193.94
121210,232193.94
121219,232193.94
121224,232193.94
121235,232193.94
121236,232193.94
121238,232193.94
121239,232193.94
121240,232193.94
121241,232193.94
121242,232193.94
121243,232193.94
121244,232193.94
121246,232193.94
121249,232193.94
121251,232193.94
121256,232193.94
121257,232193.94
121258,232193.94
121264,232193.94
121265,232193.94
121270,232193.94
121274,232193.94
121280,232193.94
121282,232193.94
121283,232193.94
121286,232193.94
121295,232193.94
121296,232193.94
121299,232193.94
121300,232193.94
121301,232193.94
121307,232193.94
121308,232193.94
121311,232193.94
121315,232193.94
121320,232193.94
121321,232193.94
121323,232193.94
121324,232193.94
121331,232193.94
121333,232193.94
121335,232193.94
121337,232193.94
121338,232193.94
121339,232193.94
121343,232193.94
121346,232193.94
121347,232193.94
121348,232193.94
121350,232193.94
121351,232193.94
121352,232193.94
121364,232193.94
121365,232193.94
121373,232193.94
121375,232193.94
121376,232193.94
121377,232193.94
121385,232193.94
121397,232193.94
121400,266138.74
121402,232193.94
121408,232193.94
121444,232193.94
121452,232193.94
121455,266138.74
121538,232193.94
121544,232193.94
121597,266138.74
121647,232193.94
121688,232193.94
121697,232193.94
121707,232193.94
121708,232193.94
121710,232193.94
121716,232193.94
121723,232193.94
121739,232193.94
121742,232193.94
121746,232193.94
121751,232193.94
121756,232193.94
121757,232193.94
121765,232193.94
121766,232193.94
121767,232193.94
121771,232193.94
121777,232193.94
121781,232193.94
121787,232193.94
121788,232193.94
121793,232193.94
121802,232193.94
121807,232193.94
121822,232193.94
121824,232193.94
121825,232193.94
121826,232193.94
121829,232193.94
121843,232193.94
121847,232193.94
121848,232193.94
121849,232193.94
121850,232193.94
121854,232193.94
121857,232193.94
121868,232193.94
121878,232193.94
121884,232193.94
121892,232193.94
121899,232193.94
121900,232193.94
121901,232193.94
121909,232193.94
121923,232193.94
121927,232193.94
121930,232193.94
121932,232193.94
121935,232193.94
121941,232193.94
121944,232193.94
121948,232193.94
121954,232193.94
121964,232193.94
121966,232193.94
121970,232193.94
121984,232193.94
121993,232193.94
122033,232193.94
122036,232193.94
122044,232193.94
122165,266138.74
122166,266138.74
122167,266138.74
122168,266138.74
122169,266138.74
122195,232193.94
122197,232193.94
122214,266138.74
122219,266138.74
122225,266138.74
122241,232193.94
122249,232193.94
122262,232193.94
122277,232193.94
122282,232193.94
122294,232193.94
122299,232193.94
122302,232193.94
122311,232193.94
122313,232193.94
122315,232193.94
122318,232193.94
122321,232193.94
122322,232193.94
122323,232193.94
122330,232193.94
122331,232193.94
122332,232193.94
122333,232193.94
122337,232193.94
122340,232193.94
122347,232193.94
122350,232193.94
122351,232193.94
122362,232193.94
122370,232193.94
122371,232193.94
122373,232193.94
122377,232193.94
122382,232193.94
122398,232193.94
122404,232193.94
122405,232193.94
122410,232193.94
122411,232193.94
122412,232193.94
122434,232193.94
122442,232193.94
122454,232193.94
122458,232193.94
122459,232193.94
122467,232193.94
122472,232193.94
122474,232193.94
122475,232193.94
122500,232193.94
122559,266138.74
122560,266138.74
122561,266138.74
122586,266138.74
122599,232193.94
122602,232193.94
122614,232193.94
122616,232193.94
122622,232193.94
122637,232193.94
122644,232193.94
122647,232193.94
122665,232193.94
122667,232193.94
122669,266138.74
122687,232193.94
122695,266138.74
122699,232193.94
122701,232193.94
122703,232193.94
122744,266138.74
122752,266138.74
122762,232193.94
122768,232193.94
122783,232193.94
122784,232193.94
122787,232193.94
122788,232193.94
122792,232193.94
122881,232193.94
122882,232193.94
122900,232193.94
122901,232193.94
122902,232193.94
122903,232193.94
122904,232193.94
122909,232193.94
122927,232193.94
122928,232193.94
122929,232193.94
122932,232193.94
122934,232193.94
122935,232193.94
122947,232193.94
122969,232193.94
122987,232193.94
123070,161468.56
123079,161468.56
123083,161468.56
123092,232193.94
123093,232193.94
123094,232193.94
123095,232193.94
123129,232193.94
123153,232193.94
123165,232193.94
123176,232193.94
123196,232193.94
123248,232193.94
123310,232193.94
123311,232193.94
123312,232193.94
123323,232193.94
123325,232193.94
123326,232193.94
123327,232193.94
123328,232193.94
123331,232193.94
123335,232193.94
123338,232193.94
123400,232193.94
123480,232193.94
123558,161468.56
123572,161468.56
123576,161468.56
123579,161468.56
123580,161468.56
123588,161468.56
123592,161468.56
123595,161468.56
123605,161468.56
123612,161468.56
123620,232193.94
123623,232193.94
123624,232193.94
123657,232193.94
123658,232193.94
123686,232193.94
123734,232193.94
123749,232193.94
123759,232193.94
123760,232193.94
123767,232193.94
123768,232193.94
123808,232193.94
123815,232193.94
123825,232193.94
123835,232193.94
123868,232193.94
123869,232193.94
123870,232193.94
123874,232193.94
123877,232193.94
123892,232193.94
123898,232193.94
123900,232193.94
123903,232193.94
123905,232193.94
124032,232193.94
124034,161468.56
124036,161468.56
124038,161468.56
124039,161468.56
124044,161468.56
124059,161468.56
124070,232193.94
124071,232193.94
124072,232193.94
124073,232193.94
124074,232193.94
124094,232193.94
124096,232193.94
124109,232193.94
124118,232193.94
124125,232193.94
124138,232193.94
124178,232193.94
124187,161468.56
124197,232193.94
124213,232193.94
124214,232193.94
124228,232193.94
124263,161468.56
124339,232193.94
124357,232193.94
124364,232193.94
124380,232193.94
124392,232193.94
124494,161468.56
124500,161468.56
124536,232193.94
124537,232193.94
124540,232193.94
124548,232193.94
124597,232193.94
124642,232193.94
124646,161468.56
124648,161468.56
124662,232193.94
124688,232193.94
124693,316085.26
124707,232193.94
124714,232193.94
124716,316085.26
124731,232193.94
124737,232193.94
124747,232193.94
124759,232193.94
124777,232193.94
124787,232193.94
124796,232193.94
124799,232193.94
124813,232193.94
124819,232193.94
124894,232193.94
124915,316085.26
124962,232193.94
124978,316085.26
124993,232193.94
125005,316085.26
125014,232193.94
125016,232193.94
125020,232193.94
125023,232193.94
125027,232193.94
125044,232193.94
125045,232193.94
125046,232193.94
125050,232193.94
125072,232193.94
125073,232193.94
125086,232193.94
125100,232193.94
125117,232193.94
125118,232193.94
125120,232193.94
125125,232193.94
125130,232193.94
125134,232193.94
125136,232193.94
125141,232193.94
125188,232193.94
125200,232193.94
125203,232193.94
125204,232193.94
125275,232193.94
125291,232193.94
125317,316085.26
125332,232193.94
125345,232193.94
125351,232193.94
125357,232193.94
125359,232193.94
125375,232193.94
125380,232193.94
125404,232193.94
125406,232193.94
125422,232193.94
125431,232193.94
125433,232193.94
125434,232193.94
125435,232193.94
125444,232193.94
125466,232193.94
125506,232193.94
125546,316085.26
125554,316085.26
125568,316085.26
125569,316085.26
125573,316085.26
125579,316085.26
125581,316085.26
125583,232193.94
125587,232193.94
125596,232193.94
125618,232193.94
125621,232193.94
125632,232193.94
125639,232193.94
125642,232193.94
125645,232193.94
125694,316085.26
125695,316085.26
125696,316085.26
125714,232193.94
125716,232193.94
125727,232193.94
125734,232193.94
125736,232193.94
125739,232193.94
125744,232193.94
125756,232193.94
125764,316085.26
125766,232193.94
125776,232193.94
125777,232193.94
125783,316085.26
125784,316085.26
125791,232193.94
125822,232193.94
125824,232193.94
125828,232193.94
125829,232193.94
125841,232193.94
309591,232193.94
309611,232193.94
309613,232193.94
309658,232193.94
309661,232193.94
309667,232193.94
309669,232193.94
309678,232193.94
309692,232193.94
309700,232193.94
309707,326931.28
309714,326931.28
309731,232193.94
309734,232193.94
309735,232193.94
309770,232193.94
309817,455987.52
309819,232193.94
320845,232193.94
320872,232193.94
320929,455987.52
320931,455987.52
320932,455987.52
320937,455987.52
320938,455987.52
320940,455987.52
320948,455987.52
320950,455987.52
320954,455987.52
320969,232193.94
320974,232193.94
320998,455987.52
321002,455987.52
321004,232193.94
321023,232193.94
321055,232193.94
321067,232193.94
321080,232193.94
321083,232193.94
321122,232193.94
321127,232193.94
321128,232193.94
321229,455987.52
321231,455987.52
321249,455987.52
321250,455987.52
321258,455987.52
321259,455987.52
321260,455987.52
321262,455987.52
321270,455987.52
321272,455987.52
321278,455987.52
321286,455987.52
321288,455987.52
321289,455987.52
321307,455987.52
321311,455987.52
321316,455987.52
321317,455987.52
321318,455987.52
321319,455987.52
321321,455987.52
321322,455987.52
321323,455987.52
321324,455987.52
321340,232193.94
321346,232193.94
321352,232193.94
321392,232193.94
321393,232193.94
321399,232193.94
321407,232193.94
321428,232193.94
321429,232193.94
321431,232193.94
321455,232193.94
321463,232193.94
321480,232193.94
321540,455987.52
321551,232193.94
321559,232193.94
321561,455987.52
321567,455987.52
321568,455987.52
321570,455987.52
321573,455987.52
321574,455987.52
321575,455987.52
321577,455987.52
321581,455987.52
321582,455987.52
321583,455987.52
321595,232193.94
321616,232193.94
321656,232193.94
321674,232193.94
321677,232193.94
321730,455987.52
321734,455987.52
321736,455987.52
321737,455987.52
321739,232193.94
321747,232193.94
321749,232193.94
321757,232193.94
321758,232193.94
321762,232193.94
321817,232193.94
321831,232193.94
321834,455987.52
321874,232193.94
321877,232193.94
321883,232193.94
321903,232193.94
321918,232193.94
321940,455987.52
321942,232193.94
321949,232193.94
321950,232193.94
321960,232193.94
321961,232193.94
321965,232193.94
321975,232193.94
321980,232193.94
321989,232193.94
321990,232193.94
322003,232193.94
322025,232193.94
322027,232193.94
322029,232193.94
322038,232193.94
322041,232193.94
322042,232193.94
322045,232193.94
322046,232193.94
322092,455987.52
322107,455987.52
322110,455987.52
322111,455987.52
322112,455987.52
322114,455987.52
322115,455987.52
322116,455987.52
322119,455987.52
322121,455987.52
322132,232193.94
322133,232193.94
322144,232193.94
322156,232193.94
322181,232193.94
322197,232193.94
322220,232193.94
322244,232193.94
322256,232193.94
322271,232193.94
322281,232193.94
322300,232193.94
322304,232193.94
322310,232193.94
322330,232193.94
322332,232193.94
322335,232193.94
322339,232193.94
322360,455987.52
322362,232193.94
322436,455987.52
322445,232193.94
322476,455987.52
322494,232193.94
322500,455987.52
322501,455987.52
322505,232193.94
322517,455987.52
322518,455987.52
322526,455987.52
322527,455987.52
322531,455987.52
322533,455987.52
322534,455987.52
322536,455987.52
322548,232193.94
322553,232193.94
322579,232193.94
322583,232193.94
322591,232193.94
322610,232193.94
322620,232193.94
322630,232193.94
322645,232193.94
322651,232193.94
322653,232193.94
322671,232193.94
322695,232193.94
322712,232193.94
322715,232193.94
322732,232193.94
322741,232193.94
322744,232193.94
322757,232193.94
322769,232193.94
322786,232193.94
322789,232193.94
322800,232193.94
322807,232193.94
322808,232193.94
322810,232193.94
322816,232193.94
322833,232193.94
322871,455987.52
322980,455987.52
322981,455987.52
322983,455987.52
322984,455987.52
322985,455987.52
322986,455987.52
322987,455987.52
322990,455987.52
323000,232193.94
323002,232193.94
323011,455987.52
323013,455987.52
323017,455987.52
323032,455987.52
323066,232193.94
323069,232193.94
323077,232193.94
323085,232193.94
323088,232193.94
323101,232193.94
323102,232193.94
323122,232193.94
323169,232193.94
323189,232193.94
323192,232193.94
323194,232193.94
323197,232193.94
323198,232193.94
323233,232193.94
323254,232193.94
323308,455987.52
323310,455987.52
323318,232193.94
323325,232193.94
323330,232193.94
323339,232193.94
323342,232193.94
323349,232193.94
323382,232193.94
323396,232193.94
323403,232193.94
323412,232193.94
323413,232193.94
323421,232193.94
323425,232193.94
323433,232193.94
323434,232193.94
323446,232193.94
323459,232193.94
323487,455987.52
323518,232193.94
323536,232193.94
323549,232193.94
323552,232193.94
323608,232193.94
323617,232193.94
323622,232193.94
323629,232193.94
323656,232193.94
323664,232193.94
323668,232193.94
323678,232193.94
323703,232193.94
323710,232193.94
323722,455987.52
323723,232193.94
323780,455987.52
323792,232193.94
323831,232193.94
323894,455987.52
323911,232193.94
323917,232193.94
323926,232193.94
323944,232193.94
324001,455987.52
324006,232193.94
324023,232193.94
324032,232193.94
324058,232193.94
324078,232193.94
324079,232193.94
324118,232193.94
324146,232193.94
324152,232193.94
324158,232193.94
324160,232193.94
324236,232193.94
324287,232193.94
324306,232193.94
324371,455987.52
324381,232193.94
324395,232193.94
324415,232193.94
324417,232193.94
324418,232193.94
324454,232193.94
324455,232193.94
324497,232193.94
324557,232193.94
324596,455987.52
324605,455987.52
324608,455987.52
324616,232193.94
324628,232193.94
324634,232193.94
324666,232193.94
324716,232193.94
324721,232193.94
324723,232193.94
324784,455987.52
324797,232193.94
324814,232193.94
324819,455987.52
324846,232193.94
324904,455987.52
324941,232193.94
325010,232193.94
325044,232193.94
325045,232193.94
695288,151319.69
695340,151319.69
695354,151319.69
695495,153556.92
695510,235587.78
695519,235587.78
695520,235587.78
695565,191203.82
695596,191203.82
695610,191203.82
695611,191203.82
695614,191203.82
695615,191203.82
695631,191203.82
695794,307802.34
695813,209155.13
695828,316085.26
695877,316085.26
696061,245019.88
696119,245019.88
696129,245019.88
696183,259028.35
696223,278651.02
696268,176395.54
696269,176395.54
696272,176395.54
696273,176395.54
696329,176395.54
696334,176395.54
696336,176395.54
696337,176395.54
696338,176395.54
696339,176395.54
696340,176395.54
696352,176395.54
696357,176395.54
696508,261548.43
696512,261548.43
696609,266138.74
696610,266138.74
696645,139535.33
712644,220619.93
712653,220619.93
712676,220619.93
712685,220619.93
712690,220619.93
712692,220619.93
712748,220619.93
712750,220619.93
712751,220619.93
712768,220619.93
712776,220619.93
712780,220619.93
712788,220619.93
712794,220619.93
712816,220619.93
712817,220619.93
712818,220619.93
712823,220619.93
712835,220619.93
712852,220619.93
712858,220619.93
712871,220619.93
712880,220619.93
712881,220619.93
712890,220619.93
712901,220619.93
712917,220619.93
712999,220619.93
713027,220619.93
713050,220619.93
713084,220619.93
713098,220619.93
713109,220619.93
713127,220619.93
713151,220619.93
713157,220619.93
713159,220619.93
713160,220619.93
713169,220619.93
713182,220619.93
713190,220619.93
713192,220619.93
713197,220619.93
713213,220619.93
713216,220619.93
713247,220619.93
713251,220619.93
713264,220619.93
713309,220619.93
713319,220619.93
713341,220619.93
713350,220619.93
713375,220619.93
713391,220619.93
713394,220619.93
713420,220619.93
713421,220619.93
713429,220619.93
713432,220619.93
713434,220619.93
713437,220619.93
713469,220619.93
713476,220619.93
713477,220619.93
713501,220619.93
713507,220619.93
713536,220619.93
713544,220619.93
713560,220619.93
713580,220619.93
713651,220619.93
713656,220619.93
713740,220619.93
713800,220619.93
713801,220619.93
713806,220619.93
713820,220619.93
713823,220619.93
713847,220619.93
713864,220619.93
713866,220619.93
713868,220619.93
713878,220619.93
713881,220619.93
713897,220619.93
713934,220619.93
713939,220619.93
713950,220619.93
713991,220619.93
713993,220619.93
714003,220619.93
714017,220619.93
714021,220619.93
714026,220619.93
714064,220619.93
714174,220619.93
714196,220619.93
714262,220619.93
714353,220619.93
714369,220619.93
714374,220619.93
714385,220619.93
714393,220619.93
714398,220619.93
714412,220619.93
714415,220619.93
714417,220619.93
714430,220619.93
714507,220619.93
714555,220619.93
714586,220619.93
714587,220619.93
714609,220619.93
714636,220619.93
714676,220619.93
714689,220619.93
714713,220619.93
714721,220619.93
714725,220619.93
714774,220619.93
714784,220619.93
714821,220619.93
714833,220619.93
714858,220619.93
714864,220619.93
714871,220619.93
714874,220619.93
714890,220619.93
714911,220619.93
714930,220619.93
714957,220619.93
714970,220619.93
715017,220619.93
715034,220619.93
715036,220619.93
715051,220619.93
715078,220619.93
715080,220619.93
715127,220619.93
715142,220619.93
715176,220619.93
715189,220619.93
715195,220619.93
715196,220619.93
715264,220619.93
715291,220619.93
715295,220619.93
715297,220619.93
715305,220619.93
715309,220619.93
715319,220619.93
715321,220619.93
715381,220619.93
715383,220619.93
715402,220619.93
715413,220619.93
715440,220619.93
715490,220619.93
715496,220619.93
715529,220619.93
715546,220619.93
715580,220619.93
715584,220619.93
715594,220619.93
715611,220619.93
715628,220619.93
715643,220619.93
715645,220619.93
715666,220619.93
715669,220619.93
715756,220619.93
715761,220619.93
715771,220619.93
715775,220619.93
715779,220619.93
715783,220619.93
715789,220619.93
715799,220619.93
715801,220619.93
715802,220619.93
715816,220619.93
715819,220619.93
715854,220619.93
715885,220619.93
715904,220619.93
715909,220619.93
715926,220619.93
715960,220619.93
715975,220619.93
715987,220619.93
715991,220619.93
716004,220619.93
716016,220619.93
716034,220619.93
716036,220619.93
716062,220619.93
716088,220619.93
716090,220619.93
716098,220619.93
716112,220619.93
716122,220619.93
716135,220619.93
716165,220619.93
716198,220619.93
716225,220619.93
716229,220619.93
716230,220619.93
716233,220619.93
716243,220619.93
716251,220619.93
716252,220619.93
716270,220619.93
716289,220619.93
716355,220619.93
716367,220619.93
716371,220619.93
716379,220619.93
716381,220619.93
716388,220619.93
716430,220619.93
716437,220619.93
716439,220619.93
716453,220619.93
716459,220619.93
716475,220619.93
716495,220619.93
716516,220619.93
716564,220619.93
716566,220619.93
716646,220619.93
716652,220619.93
716677,220619.93
716680,220619.93
716696,220619.93
716716,220619.93
716750,220619.93
716759,220619.93
716761,220619.93
716822,220619.93
716839,220619.93
716905,220619.93
716942,220619.93
716964,220619.93
717008,220619.93
717022,220619.93
717046,220619.93
717110,220619.93
717123,220619.93
717146,220619.93
717179,220619.93
717184,220619.93
717187,220619.93
717188,220619.93
717189,220619.93
717195,220619.93
717197,220619.93
717227,220619.93
717270,220619.93
717303,220619.93
717333,220619.93
717335,220619.93
717342,220619.93
717358,220619.93
717374,220619.93
717386,220619.93
717417,220619.93
717491,220619.93
717502,220619.93
717549,220619.93
717570,220619.93
717574,220619.93
717602,220619.93
717626,220619.93
717630,220619.93
717635,220619.93
717641,220619.93
717648,220619.93
717652,220619.93
717689,220619.93
717727,220619.93
717783,220619.93
717808,220619.93
717824,220619.93
717869,220619.93
717986,220619.93
717995,220619.93
717997,220619.93
717999,220619.93
718069,220619.93
718109,220619.93
718113,220619.93
718134,220619.93
718135,220619.93
718144,220619.93
718171,220619.93
718212,220619.93
718229,220619.93
718242,220619.93
718310,220619.93
718329,220619.93
718331,220619.93
718349,220619.93
718436,220619.93
718506,220619.93
718581,220619.93
718620,220619.93
718648,220619.93
718653,220619.93
718675,220619.93
718683,220619.93
718696,220619.93
718697,220619.93
718773,220619.93
718786,220619.93
718806,220619.93
718811,220619.93
718812,220619.93
718841,220619.93
718869,220619.93
718891,220619.93
718902,220619.93
718919,220619.93
718930,220619.93
718970,220619.93
719018,220619.93
719060,220619.93
719062,220619.93
719065,220619.93
719076,220619.93
719091,220619.93
719120,220619.93
719146,220619.93
719186,220619.93
719188,220619.93
719197,220619.93
719201,220619.93
719203,220619.93
719208,220619.93
719210,220619.93
719216,220619.93
719224,220619.93
719246,220619.93
719258,220619.93
719300,220619.93
719334,220619.93
719360,220619.93
719377,220619.93
719415,220619.93
719424,220619.93
719429,220619.93
719445,220619.93
719446,220619.93
719469,220619.93
719503,220619.93
719537,220619.93
719593,220619.93
719616,220619.93
719642,220619.93
719655,220619.93
719693,220619.93
719720,220619.93
719747,220619.93
719748,220619.93
719754,220619.93
719784,220619.93
719794,220619.93
719802,220619.93
719806,220619.93
719810,220619.93
719812,220619.93
719828,220619.93
719833,220619.93
719882,220619.93
719895,220619.93
719909,220619.93
719971,220619.93
720043,220619.93
720108,220619.93
720119,220619.93
720163,220619.93
720166,220619.93
720188,220619.93
720194,220619.93
720274,220619.93
720292,220619.93
720296,220619.93
720304,220619.93
720323,220619.93
720342,220619.93
720348,220619.93
720379,220619.93
720386,220619.93
720388,220619.93
720393,220619.93
720398,220619.93
720403,220619.93
720409,220619.93
720440,220619.93
720450,220619.93
720481,220619.93
720530,220619.93
720534,220619.93
720549,220619.93
720550,220619.93
720609,220619.93
720629,220619.93
720646,220619.93
720649,220619.93
720659,220619.93
720745,220619.93
720753,220619.93
720789,220619.93
720879,220619.93
720899,220619.93
720909,220619.93
720925,220619.93
720932,220619.93
720950,220619.93
720956,220619.93
720964,220619.93
720970,220619.93
720997,220619.93
721019,220619.93
721074,220619.93
721104,220619.93
721128,220619.93
721132,220619.93
721135,220619.93
721138,220619.93
721169,220619.93
721241,220619.93
721303,220619.93
721327,220619.93
721355,220619.93
721380,220619.93
721384,220619.93
721403,220619.93
721426,220619.93
721462,220619.93
721473,220619.93
721548,220619.93
721568,220619.93
721574,220619.93
721579,220619.93
721598,220619.93
721634,220619.93
721647,220619.93
721701,220619.93
721727,220619.93
721746,220619.93
721751,220619.93
721773,220619.93
721806,220619.93
721859,220619.93
721869,220619.93
721922,220619.93
722035,220619.93
722036,220619.93
722125,220619.93
722131,220619.93
722173,220619.93
722181,220619.93
722212,220619.93
722250,220619.93
722257,220619.93
722262,220619.93
722278,220619.93
722288,220619.93
722289,220619.93
722312,220619.93
722332,220619.93
722333,220619.93
722344,220619.93
722356,220619.93
722360,220619.93
722388,220619.93
722430,220619.93
722458,220619.93
722486,220619.93
722515,220619.93
722557,220619.93
722582,220619.93
722592,220619.93
722603,220619.93
722611,220619.93
722612,220619.93
722613,220619.93
722617,220619.93
722639,220619.93
722669,220619.93
722794,220619.93
722805,220619.93
722979,220619.93
722991,220619.93
722996,220619.93
723017,220619.93
723054,220619.93
723133,220619.93
723238,220619.93
723261,220619.93
723269,220619.93
723341,220619.93
723364,220619.93
723370,220619.93
723418,220619.93
723439,220619.93
723497,220619.93
723503,220619.93
723527,220619.93
723559,220619.93
723569,220619.93
723575,220619.93
723590,220619.93
723636,220619.93
723646,220619.93
723662,220619.93
723694,220619.93
723703,220619.93
723705,220619.93
723726,220619.93
723746,220619.93
723756,220619.93
723769,220619.93
723775,220619.93
723789,220619.93
723793,220619.93
723826,220619.93
723846,220619.93
723856,220619.93
723936,220619.93
723944,220619.93
723996,220619.93
724017,220619.93
724019,220619.93
724048,220619.93
724049,220619.93
724059,220619.93
724070,220619.93
724209,220619.93
724225,220619.93
724230,220619.93
724234,220619.93
724247,220619.93
724249,220619.93
724273,220619.93
724294,220619.93
724309,220619.93
724315,220619.93
724343,220619.93
724348,220619.93
724352,220619.93
724357,220619.93
724385,220619.93
724424,220619.93
724532,220619.93
724560,220619.93
724606,220619.93
724640,220619.93
724671,220619.93
724797,220619.93
724820,220619.93
724847,220619.93
724947,220619.93
724960,220619.93
724977,220619.93
724987,220619.93
725073,220619.93
725121,220619.93
725177,220619.93
725180,220619.93
725186,220619.93
725367,220619.93
725435,220619.93
725481,220619.93
725560,220619.93
725581,220619.93
725620,220619.93
725646,220619.93
725648,220619.93
725681,220619.93
725683,220619.93
725741,220619.93
725753,220619.93
725778,220619.93
725811,220619.93
725875,220619.93
725997,220619.93
726011,220619.93
726050,220619.93
726064,220619.93
726121,220619.93
726144,220619.93
726145,220619.93
726174,220619.93
726332,220619.93
726351,220619.93
726359,220619.93
726443,220619.93
726459,220619.93
726460,220619.93
726461,220619.93
726470,220619.93
726488,220619.93
726491,220619.93
726518,220619.93
726642,220619.93
726643,220619.93
726678,220619.93
726698,220619.93
726797,220619.93
726850,220619.93
726887,220619.93
726898,220619.93
726904,220619.93
726915,220619.93
726976,220619.93
727014,220619.93
727021,220619.93
727064,220619.93
727101,220619.93
727114,220619.93
727129,220619.93
727142,220619.93
727160,220619.93
727168,220619.93
727178,220619.93
727188,220619.93
727198,220619.93
727202,220619.93
727275,220619.93
727322,220619.93
727334,220619.93
727345,220619.93
727359,220619.93
727364,220619.93
727433,220619.93
727438,220619.93
727490,220619.93
727503,220619.93
727540,220619.93
727542,220619.93
727585,220619.93
727593,220619.93
727615,220619.93
727627,220619.93
727655,220619.93
727691,220619.93
727694,220619.93
727811,220619.93
727895,220619.93
728058,220619.93
728078,220619.93
728243,220619.93
728309,220619.93
728352,220619.93
728363,220619.93
728364,220619.93
728431,220619.93
728500,220619.93
728503,220619.93
728529,220619.93
728582,220619.93
728586,220619.93
728694,220619.93
728709,220619.93
728713,220619.93
728796,220619.93
728798,220619.93
728926,220619.93
728950,220619.93
728966,220619.93
728985,220619.93
729017,220619.93
729075,220619.93
729111,220619.93
729119,220619.93
729136,220619.93
729148,220619.93
729174,220619.93
729177,220619.93
729181,220619.93
729203,220619.93
729210,220619.93
729226,220619.93
729265,220619.93
729341,220619.93
729380,220619.93
729400,220619.93
729445,220619.93
729455,220619.93
729464,220619.93
729510,220619.93
729514,220619.93
729528,220619.93
729536,220619.93
729540,220619.93
729554,220619.93
729607,220619.93
729608,220619.93
729625,220619.93
729641,220619.93
729644,220619.93
729663,220619.93
729721,220619.93
729768,220619.93
729773,220619.93
729782,220619.93
729789,220619.93
729812,220619.93
729831,220619.93
729845,220619.93
729990,220619.93
730059,220619.93
730106,220619.93
730114,220619.93
730131,220619.93
730151,220619.93
730265,220619.93
730294,220619.93
730332,220619.93
730363,220619.93
730414,220619.93
730524,220619.93
730596,220619.93
730640,220619.93
730686,220619.93
730881,220619.93
730894,220619.93
730939,220619.93
731035,220619.93
731059,220619.93
731100,220619.93
731187,220619.93
731206,220619.93
731217,220619.93
731226,220619.93
731245,220619.93
731327,220619.93
731364,220619.93
731419,220619.93
731420,220619.93
731429,220619.93
731450,220619.93
731474,220619.93
731507,220619.93
731508,220619.93
731588,220619.93
731696,220619.93
731757,220619.93
731801,220619.93
731833,220619.93
731851,220619.93
731874,220619.93
732027,220619.93
732100,220619.93
732211,220619.93
732262,220619.93
732403,220619.93
732408,220619.93
732440,220619.93
732456,220619.93
732495,220619.93
732512,220619.93
732513,220619.93
732518,220619.93
732657,220619.93
732818,220619.93
732911,220619.93
732929,220619.93
732954,220619.93
732965,220619.93
732970,220619.93
732998,220619.93
733071,220619.93
733086,220619.93
733135,220619.93
733209,220619.93
733485,220619.93
733560,220619.93
733655,220619.93
733708,220619.93
733722,220619.93
733753,220619.93
733774,220619.93
733855,220619.93
733856,220619.93
733903,220619.93
733907,220619.93
733919,220619.93
734011,220619.93
734023,220619.93
734094,220619.93
734149,220619.93
734159,220619.93
734160,220619.93
734181,220619.93
734275,220619.93
734658,220619.93
734708,220619.93
734725,220619.93
734836,220619.93
735000,220619.93
735007,220619.93
735055,220619.93
735124,220619.93
735158,220619.93
735189,220619.93
735216,220619.93
735230,220619.93
735232,220619.93
735250,220619.93
735298,220619.93
735355,220619.93
735484,220619.93
735490,220619.93
735491,220619.93
735493,220619.93
735505,220619.93
735533,220619.93
735555,220619.93
735561,220619.93
735562,220619.93
735614,220619.93
735627,220619.93
735634,220619.93
735698,220619.93
735797,220619.93
735802,220619.93
735891,220619.93
735983,220619.93
736002,220619.93
736030,220619.93
736051,220619.93
736089,220619.93
736143,220619.93
736169,220619.93
736175,220619.93
736225,220619.93
736311,220619.93
736320,220619.93
736337,220619.93
736397,220619.93
736443,220619.93
736489,220619.93
736635,220619.93
736651,220619.93
736721,220619.93
736740,220619.93
736799,220619.93
736983,220619.93
737015,220619.93
737075,220619.93
737150,220619.93
737209,220619.93
737263,220619.93
737285,220619.93
737397,220619.93
737458,220619.93
737514,220619.93
737665,220619.93
737976,220619.93
738028,220619.93
738143,220619.93
738160,220619.93
738192,220619.93
738314,220619.93
738320,220619.93
738381,220619.93
738406,220619.93
738433,220619.93
738489,220619.93
738491,220619.93
738574,220619.93
738723,220619.93
738880,220619.93
738920,220619.93
739033,220619.93
739042,220619.93
739182,220619.93
739254,220619.93
739359,220619.93
739360,220619.93
739364,220619.93
739430,220619.93
739497,220619.93
739563,220619.93
739581,220619.93
739670,220619.93
739702,220619.93
739717,220619.93
739824,220619.93
740070,220619.93
740158,220619.93
740377,220619.93
740499,220619.93
740572,220619.93
740609,220619.93
740798,220619.93
740914,220619.93
740915,220619.93
740917,220619.93
740932,220619.93
740974,220619.93
740993,220619.93
740998,220619.93
741000,220619.93
741002,220619.93
741008,220619.93
741036,220619.93
741047,220619.93
741111,220619.93
741171,220619.93
741174,220619.93
741203,220619.93
741205,220619.93
741232,220619.93
741270,220619.93
741294,220619.93
741312,220619.93
741313,220619.93
741329,220619.93
741401,220619.93
741416,220619.93
741433,220619.93
741457,220619.93
741533,220619.93
741591,220619.93
741682,220619.93
741699,220619.93
741808,220619.93
741810,220619.93
741811,220619.93
741813,220619.93
741824,220619.93
741842,220619.93
741844,220619.93
741999,220619.93
742049,220619.93
742278,220619.93
742444,220619.93
742500,220619.93
742512,220619.93
742534,220619.93
742552,220619.93
742592,220619.93
742595,220619.93
742813,220619.93
742839,220619.93
743024,220619.93
743072,220619.93
743084,220619.93
743131,220619.93
743197,220619.93
743226,220619.93
743233,220619.93
743243,220619.93
743310,220619.93
743424,220619.93
743645,220619.93
743678,220619.93
743689,220619.93
743736,220619.93
743938,220619.93
744009,220619.93
744134,220619.93
744142,220619.93
744196,220619.93
744806,220619.93
744824,220619.93
744870,220619.93
744879,220619.93
744924,220619.93
745039,220619.93
745099,220619.93
745109,220619.93
745286,220619.93
745287,220619.93
745364,220619.93
745581,220619.93
745614,220619.93
745630,220619.93
745696,220619.93
745726,220619.93
745763,220619.93
745819,220619.93
745898,220619.93
745924,220619.93
745960,220619.93
746269,220619.93
746297,220619.93
746353,220619.93
746361,220619.93
746390,220619.93
746450,220619.93
746513,220619.93
746565,220619.93
746720,220619.93
746732,220619.93
746769,220619.93
746790,220619.93
746846,220619.93
746847,220619.93
746901,220619.93
747013,220619.93
747015,220619.93
747085,220619.93
747090,220619.93
747139,220619.93
747310,220619.93
747474,220619.93
747521,220619.93
747537,220619.93
747736,220619.93
747743,220619.93
747759,220619.93
747810,220619.93
747995,220619.93
748013,220619.93
748040,220619.93
748058,220619.93
748060,220619.93
748073,220619.93
748106,220619.93
748145,220619.93
748150,220619.93
748172,220619.93
748287,220619.93
748308,220619.93
748311,220619.93
748429,220619.93
748523,220619.93
748544,220619.93
748713,220619.93
748836,220619.93
748845,220619.93
748856,220619.93
748895,220619.93
748962,220619.93
749165,220619.93
749218,220619.93
749232,220619.93
749255,220619.93
749452,220619.93
749483,220619.93
749497,220619.93
749502,220619.93
749504,220619.93
749521,220619.93
749571,220619.93
749671,220619.93
749821,220619.93
749975,220619.93
750049,220619.93
750155,220619.93
750174,220619.93
750408,220619.93
750418,220619.93
750441,220619.93
750475,220619.93
750559,220619.93
750579,220619.93
750669,220619.93
750683,220619.93
750740,220619.93
750956,220619.93
751319,220619.93
751352,220619.93
751396,220619.93
751416,220619.93
751421,220619.93
751442,220619.93
751459,220619.93
751587,220619.93
751714,220619.93
751886,220619.93
751971,220619.93
752242,220619.93
752254,220619.93
752310,220619.93
752576,220619.93
752705,220619.93
752895,220619.93
752914,220619.93
752994,220619.93
753036,220619.93
753099,220619.93
753188,220619.93
753196,220619.93
753234,220619.93
753289,220619.93
753295,220619.93
753297,220619.93
753387,220619.93
753393,220619.93
753395,220619.93
753397,220619.93
753399,220619.93
753402,220619.93
753404,220619.93
753405,220619.93
753406,220619.93
753602,220619.93
753948,220619.93
754108,220619.93
754112,220619.93
754292,220619.93
754384,220619.93
754763,220619.93
754978,220619.93
754995,220619.93
755014,220619.93
755055,220619.93
755065,220619.93
755138,220619.93
755226,220619.93
755447,220619.93
755448,220619.93
755575,220619.93
755674,220619.93
755809,220619.93
755892,220619.93
756308,220619.93
756620,220619.93
756836,220619.93
757366,220619.93
757425,220619.93
757539,220619.93
757668,220619.93
757758,220619.93
757792,220619.93
757925,220619.93
757991,220619.93
758122,220619.93
758135,220619.93
758325,220619.93
758344,220619.93
758410,220619.93
758601,220619.93
758674,220619.93
758911,220619.93
759246,220619.93
759339,220619.93
759621,220619.93
759656,220619.93
759823,220619.93
759982,220619.93
760071,220619.93
760135,220619.93
760172,220619.93
760262,220619.93
760514,220619.93
760522,220619.93
760523,220619.93
760607,220619.93
760760,220619.93
760878,220619.93
761015,220619.93
761078,220619.93
761137,220619.93
761182,220619.93
761221,220619.93
761226,220619.93
761245,220619.93
761273,220619.93
761281,220619.93
761297,220619.93
761298,220619.93
761312,220619.93
761418,220619.93
761437,220619.93
761449,220619.93
761451,220619.93
761462,220619.93
761597,220619.93
761616,220619.93
761631,220619.93
761638,220619.93
761660,220619.93
761662,220619.93
761734,220619.93
761737,220619.93
761773,220619.93
761775,220619.93
761781,220619.93
761783,220619.93
761870,220619.93
761928,220619.93
762020,220619.93
762104,220619.93
762106,220619.93
762135,220619.93
762140,220619.93
762146,220619.93
762260,220619.93
762277,220619.93
762395,220619.93
762467,220619.93
762485,220619.93
762509,220619.93
762528,220619.93
762572,220619.93
762642,220619.93
762673,220619.93
762782,220619.93
762792,220619.93
762828,220619.93
762848,220619.93
762862,220619.93
762894,220619.93
762903,220619.93
762924,220619.93
762929,220619.93
762937,220619.93
762941,220619.93
762951,220619.93
762959,220619.93
762965,220619.93
762986,220619.93
763016,220619.93
763021,220619.93
763034,220619.93
763065,220619.93
763068,220619.93
763073,220619.93
763090,220619.93
763152,220619.93
763153,220619.93
763212,220619.93
763270,220619.93
763279,220619.93
763299,220619.93
763300,220619.93
763314,220619.93
763332,220619.93
763333,220619.93
763334,220619.93
763337,220619.93
763338,220619.93
763348,220619.93
763349,220619.93
763351,220619.93
763389,220619.93
763421,220619.93
763424,220619.93
763429,220619.93
763431,220619.93
763433,220619.93
763435,220619.93
763438,220619.93
763439,220619.93
763446,220619.93
763447,220619.93
763448,220619.93
763449,220619.93
763450,220619.93
763452,220619.93
763453,220619.93
763454,220619.93
763457,220619.93
763458,220619.93
763460,220619.93
763464,220619.93
763466,220619.93
763528,220619.93
763572,220619.93
763575,220619.93
763576,220619.93
763591,220619.93
763627,220619.93
763628,220619.93
763629,220619.93
763631,220619.93
763633,220619.93
763634,220619.93
763653,220619.93
763684,220619.93
763733,220619.93
763744,220619.93
763764,220619.93
763781,220619.93
763788,220619.93
763797,220619.93
763842,220619.93
763856,220619.93
763925,220619.93
763942,220619.93
764037,220619.93
764042,220619.93
764044,220619.93
764047,220619.93
764052,220619.93
764103,220619.93
764132,220619.93
764192,220619.93
764215,220619.93
764263,220619.93
764332,220619.93
764347,220619.93
764361,220619.93
764368,220619.93
764413,220619.93
764414,220619.93
764496,220619.93
764544,220619.93
764737,220619.93
764777,220619.93
764797,220619.93
764822,220619.93
764827,220619.93
764828,220619.93
764836,220619.93
764862,220619.93
764907,220619.93
764910,220619.93
764922,220619.93
764946,220619.93
764999,220619.93
765049,220619.93
765056,220619.93
765097,220619.93
765112,220619.93
765115,220619.93
765282,220619.93
765294,220619.93
765352,220619.93
765358,220619.93
765365,220619.93
765396,220619.93
765440,220619.93
765475,220619.93
765494,220619.93
765496,220619.93
765520,220619.93
765527,220619.93
765571,220619.93
765572,220619.93
765599,220619.93
765625,220619.93
765669,220619.93
765676,220619.93
765686,220619.93
765756,220619.93
765760,220619.93
765768,220619.93
765786,220619.93
765832,220619.93
765840,220619.93
765853,220619.93
765854,220619.93
765869,220619.93
765883,220619.93
765884,220619.93
765913,220619.93
765938,220619.93
766020,220619.93
766039,220619.93
766052,220619.93
766076,220619.93
766102,220619.93
766103,220619.93
766106,220619.93
766110,220619.93
766114,220619.93
766137,220619.93
766140,220619.93
766142,220619.93
766151,220619.93
766163,220619.93
766185,220619.93
766212,220619.93
766222,220619.93
766225,220619.93
766250,220619.93
766251,220619.93
766253,220619.93
766259,220619.93
766272,220619.93
766300,220619.93
766328,220619.93
766392,220619.93
766404,220619.93
766416,220619.93
766459,220619.93
766463,220619.93
766464,220619.93
766479,220619.93
766501,220619.93
766550,220619.93
766648,220619.93
766782,220619.93
766785,220619.93
766808,220619.93
766824,220619.93
766883,220619.93
766891,220619.93
766923,220619.93
766951,220619.93
766977,220619.93
766984,220619.93
766998,220619.93
767008,220619.93
767009,220619.93
767047,220619.93
767056,220619.93
767092,220619.93
767132,220619.93
767229,220619.93
767253,220619.93
767260,220619.93
767290,220619.93
767319,220619.93
767321,220619.93
767366,220619.93
767405,220619.93
767407,220619.93
767409,220619.93
767414,220619.93
767465,220619.93
767487,220619.93
767512,220619.93
767558,220619.93
767705,220619.93
767856,220619.93
768002,220619.93
768343,220619.93
768717,220619.93
768790,220619.93
768981,220619.93
769002,220619.93
769155,220619.93
769216,220619.93
769226,220619.93
769575,220619.93
769599,220619.93
769768,220619.93
769812,220619.93
769898,220619.93
769957,220619.93
770294,220619.93
770295,220619.93
770484,220619.93
770520,220619.93
770523,220619.93
770558,220619.93
770682,220619.93
770744,220619.93
770751,220619.93
770765,220619.93
770777,220619.93
770786,220619.93
770972,220619.93
771112,220619.93
771113,220619.93
771117,220619.93
771118,220619.93
771333,220619.93
771397,220619.93
771816,220619.93
771858,220619.93
772028,220619.93
772107,220619.93
772213,220619.93
772214,220619.93
774481,220619.93
774546,220619.93
774699,220619.93
774950,220619.93
775137,220619.93
775139,220619.93
775393,220619.93
775537,220619.93
775560,220619.93
775652,220619.93
775907,220619.93
776742,220619.93
776780,220619.93
776781,220619.93
776783,220619.93
776981,220619.93
777103,220619.93
777106,220619.93
777107,220619.93
777108,220619.93
777110,220619.93
777117,220619.93
777118,220619.93
777121,220619.93
777123,220619.93
777125,220619.93
777210,220619.93
777453,220619.93
777462,220619.93
777464,220619.93
777489,220619.93
777572,220619.93
778274,220619.93
778564,220619.93
778634,220619.93
778678,220619.93
778689,220619.93
778791,220619.93
778830,220619.93
778851,220619.93
778906,220619.93
778948,220619.93
778949,220619.93
778952,220619.93
778953,220619.93
778956,220619.93
778970,220619.93
778976,220619.93
779003,220619.93
779077,220619.93
779114,220619.93
779141,220619.93
779149,220619.93
779215,220619.93
779288,220619.93
779384,220619.93
779391,220619.93
779392,220619.93
779393,220619.93
779705,220619.93
779738,220619.93
779782,220619.93
779867,220619.93
779904,220619.93
779938,220619.93
779977,220619.93
779984,220619.93
780002,220619.93
780020,220619.93
780073,220619.93
780093,220619.93
780095,220619.93
780214,220619.93
780253,220619.93
780353,220619.93
780376,220619.93
780395,220619.93
780419,220619.93
780420,220619.93
780421,220619.93
780564,220619.93
780596,220619.93
780669,220619.93
780694,220619.93
780702,220619.93
780715,220619.93
780724,220619.93
780846,220619.93
780856,220619.93
780863,220619.93
780900,220619.93
780951,220619.93
781145,220619.93
781275,220619.93
781371,220619.93
781416,220619.93
781559,220619.93
781563,220619.93
781572,220619.93
781698,220619.93
781700,220619.93
781825,220619.93
781843,220619.93
781844,220619.93
781845,220619.93
781846,220619.93
781854,220619.93
781859,220619.93
781860,220619.93
781866,220619.93
781946,220619.93
781982,220619.93
782181,220619.93
782201,220619.93
782394,220619.93
782416,220619.93
782443,220619.93
782452,220619.93
782561,220619.93
782627,220619.93
782642,220619.93
782665,220619.93
782671,220619.93
782675,220619.93
782693,220619.93
782705,220619.93
782706,220619.93
782708,220619.93
782717,220619.93
782722,220619.93
782761,220619.93
782782,220619.93
782785,220619.93
782849,220619.93
782946,220619.93
783038,220619.93
783051,220619.93
783056,220619.93
783125,220619.93
783130,220619.93
783231,220619.93
783260,220619.93
783421,220619.93
783512,220619.93
783559,220619.93
783604,220619.93
783607,220619.93
783636,220619.93
783654,220619.93
783811,220619.93
783914,220619.93
783951,220619.93
783978,220619.93
783979,220619.93
784000,220619.93
784012,220619.93
784167,220619.93
784275,220619.93
784431,220619.93
784568,220619.93
784570,220619.93
784737,220619.93
784762,220619.93
784768,220619.93
784842,220619.93
785009,220619.93
785082,220619.93
785261,220619.93
785408,220619.93
785455,220619.93
785514,220619.93
785588,220619.93
785808,220619.93
785820,220619.93
785970,220619.93
785973,220619.93
786182,220619.93
786183,220619.93
786346,220619.93
786447,220619.93
786450,220619.93
786451,220619.93
786452,220619.93
786456,220619.93
786457,220619.93
786484,220619.93
786521,220619.93
786587,220619.93
786628,220619.93
786831,220619.93
786859,220619.93
787068,220619.93
787151,220619.93
787208,220619.93
787215,220619.93
787216,220619.93
787276,220619.93
787281,220619.93
787289,220619.93
787291,220619.93
787331,220619.93
787343,220619.93
787361,220619.93
787369,220619.93
787382,220619.93
787385,220619.93
787401,220619.93
787405,220619.93
787411,220619.93
787454,220619.93
787485,220619.93
787486,220619.93
787489,220619.93
787490,220619.93
787528,220619.93
787529,220619.93
787533,220619.93
787535,220619.93
787538,220619.93
787555,220619.93
787614,220619.93
787634,220619.93
787684,220619.93
787868,220619.93
788008,220619.93
788356,220619.93
788577,220619.93
788645,220619.93
788730,220619.93
788820,220619.93
788990,220619.93
788994,220619.93
789179,220619.93
789327,220619.93
789333,220619.93
789339,220619.93
789374,220619.93
789389,220619.93
789555,220619.93
789568,220619.93
789619,220619.93
789638,220619.93
789709,220619.93
789843,220619.93
789881,220619.93
789964,220619.93
789966,220619.93
790026,220619.93
790038,220619.93
790115,220619.93
790170,220619.93
790184,220619.93
790414,220619.93
790625,220619.93
790725,220619.93
790798,220619.93
790912,220619.93
790918,220619.93
790939,220619.93
791067,220619.93
791077,220619.93
791182,220619.93
791219,220619.93
791221,220619.93
791296,220619.93
791314,220619.93
791379,220619.93
791445,220619.93
791581,220619.93
791589,220619.93
791600,220619.93
791608,220619.93
791617,220619.93
791813,220619.93
791869,220619.93
791870,220619.93
792315,220619.93
792695,220619.93
793171,220619.93
793172,220619.93
793391,220619.93
793620,220619.93
793722,220619.93
793967,220619.93
794344,220619.93
794498,220619.93
794573,220619.93
794576,220619.93
794897,220619.93
794968,220619.93
796060,220619.93
796252,220619.93
796300,220619.93
796537,220619.93
796582,220619.93
797433,220619.93
797488,220619.93
797489,220619.93
797540,220619.93
797866,220619.93
798010,220619.93
798026,220619.93
799178,220619.93
799179,220619.93
799190,220619.93
799234,220619.93
799315,220619.93
799472,220619.93
799498,220619.93
799561,220619.93
799652,220619.93
799732,220619.93
800022,220619.93
800237,220619.93
800456,220619.93
800963,220619.93
801193,220619.93
801250,220619.93
801281,220619.93
801487,220619.93
801497,220619.93
801503,220619.93
801504,220619.93
801727,220619.93
801954,220619.93
802096,220619.93
802163,220619.93
802196,220619.93
802200,220619.93
802270,220619.93
802271,220619.93
802331,220619.93
802349,220619.93
802375,220619.93
802688,220619.93
803023,220619.93
803138,220619.93
803310,220619.93
803839,220619.93
803941,220619.93
804236,220619.93
804237,220619.93
804318,220619.93
804335,220619.93
804516,220619.93
804572,220619.93
804611,220619.93
804663,220619.93
804859,220619.93
805515,220619.93
805577,220619.93
806450,220619.93
806493,220619.93
806508,220619.93
806655,220619.93
806775,220619.93
806865,220619.93
806936,220619.93
806937,220619.93
807537,220619.93
807824,220619.93
807826,220619.93
808024,220619.93
808123,220619.93
808180,220619.93
808340,220619.93
808644,220619.93
808647,220619.93
809443,220619.93
809444,220619.93
809711,220619.93
810556,220619.93
810560,220619.93
810574,220619.93
810705,220619.93
811018,220619.93
811028,220619.93
811104,220619.93
811659,220619.93
811817,220619.93
811944,220619.93
812472,220619.93
812587,220619.93
812588,220619.93
812762,220619.93
812914,220619.93
813322,220619.93
813323,220619.93
813324,220619.93
813361,220619.93
813430,220619.93
813750,220619.93
813797,220619.93
813800,220619.93
814059,220619.93
814159,220619.93
814247,220619.93
814306,220619.93
814308,220619.93
814310,220619.93
814313,220619.93
814338,220619.93
814378,220619.93
814381,220619.93
814390,220619.93
814448,220619.93
814449,220619.93
815043,220619.93
815287,220619.93
815582,220619.93
815585,220619.93
815640,220619.93
816479,220619.93
816525,220619.93
816552,220619.93
816589,220619.93
816592,220619.93
816594,220619.93
816608,220619.93
816611,220619.93
816676,220619.93
816679,220619.93
816850,220619.93
816967,220619.93
816968,220619.93
816969,220619.93
816972,220619.93
816974,220619.93
817091,220619.93
817550,220619.93
817647,220619.93
817658,220619.93
817662,220619.93
817752,220619.93
817883,220619.93
817978,220619.93
818057,220619.93
818059,220619.93
818170,220619.93
818217,220619.93
818229,220619.93
818316,220619.93
818405,220619.93
818412,220619.93
818488,220619.93
818498,220619.93
818519,220619.93
818520,220619.93
818601,220619.93
818620,220619.93
818629,220619.93
818668,220619.93
818906,220619.93
818951,220619.93
818981,220619.93
819022,220619.93
819052,220619.93
819088,220619.93
819090,220619.93
819154,220619.93
819224,220619.93
819477,220619.93
819505,220619.93
819532,220619.93
819599,220619.93
819624,220619.93
819689,220619.93
819690,220619.93
819694,220619.93
819729,220619.93
819737,220619.93
819839,220619.93
819946,220619.93
820010,220619.93
820047,220619.93
820221,220619.93
820343,220619.93
820369,220619.93
820444,220619.93
820485,220619.93
820520,220619.93
820534,220619.93
820549,220619.93
820550,220619.93
820560,220619.93
820576,220619.93
820608,220619.93
820640,220619.93
820668,220619.93
820672,220619.93
820758,220619.93
820763,220619.93
820797,220619.93
820936,220619.93
821001,220619.93
821049,220619.93
821050,220619.93
821087,220619.93
821251,220619.93
821372,220619.93
821381,220619.93
821423,220619.93
821616,220619.93
821664,220619.93
821715,220619.93
821753,220619.93
821791,220619.93
821800,220619.93
821820,220619.93
821825,220619.93
821826,220619.93
821876,220619.93
821888,220619.93
821895,220619.93
822024,220619.93
822169,220619.93
822190,220619.93
822347,220619.93
822354,220619.93
822421,220619.93
822422,220619.93
822432,220619.93
822445,220619.93
822453,220619.93
822456,220619.93
822457,220619.93
822552,220619.93
822622,220619.93
822624,220619.93
822635,220619.93
822656,220619.93
822684,220619.93
822688,220619.93
822777,220619.93
822785,220619.93
822858,220619.93
822880,220619.93
822882,220619.93
822883,220619.93
822930,220619.93
823118,220619.93
823126,220619.93
823190,220619.93
823243,220619.93
823305,220619.93
823338,220619.93
823411,220619.93
823441,220619.93
823596,220619.93
823639,220619.93
823761,220619.93
823773,220619.93
823798,220619.93
823815,220619.93
823830,220619.93
823846,220619.93
823949,220619.93
823958,220619.93
824041,220619.93
824138,220619.93
824141,220619.93
824236,220619.93
824250,220619.93
824261,220619.93
824528,220619.93
824533,220619.93
824564,220619.93
824568,220619.93
824571,220619.93
824575,220619.93
824602,220619.93
824686,220619.93
824788,220619.93
824810,220619.93
824857,220619.93
824886,220619.93
824906,220619.93
825094,220619.93
825107,220619.93
825186,220619.93
825386,220619.93
825462,220619.93
825470,220619.93
825472,220619.93
825473,220619.93
825700,220619.93
825862,220619.93
825950,220619.93
826171,220619.93
826173,220619.93
826309,220619.93
826322,220619.93
826408,220619.93
826453,220619.93
826522,220619.93
826555,220619.93
826607,220619.93
826650,220619.93
826863,220619.93
826864,220619.93
826881,220619.93
826893,220619.93
826896,220619.93
826968,220619.93
826977,220619.93
827191,220619.93
827214,220619.93
827230,220619.93
827234,220619.93
827325,220619.93
827359,220619.93
827399,220619.93
827481,220619.93
827619,220619.93
827688,220619.93
827711,220619.93
827954,220619.93
828025,220619.93
828031,220619.93
828082,220619.93
828144,220619.93
828174,220619.93
828265,220619.93
828273,220619.93
828285,220619.93
828351,220619.93
828477,220619.93
828604,220619.93
828623,220619.93
828718,220619.93
828750,220619.93
828793,220619.93
828812,220619.93
828827,220619.93
828862,220619.93
828965,220619.93
829067,220619.93
829087,220619.93
829171,220619.93
829240,220619.93
829278,220619.93
829282,220619.93
829293,220619.93
829295,220619.93
829318,220619.93
829322,220619.93
829336,220619.93
829344,220619.93
829351,220619.93
829359,220619.93
829367,220619.93
829372,220619.93
829378,220619.93
829383,220619.93
829389,220619.93
829390,220619.93
829395,220619.93
829413,220619.93
829417,220619.93
829419,220619.93
829599,220619.93
829600,220619.93
829612,220619.93
829673,220619.93
829767,220619.93
829883,220619.93
829947,220619.93
830002,220619.93
830122,220619.93
830143,220619.93
830151,220619.93
830160,220619.93
830199,220619.93
830245,220619.93
830262,220619.93
830265,220619.93
830279,220619.93
830280,220619.93
830333,220619.93
830384,220619.93
830410,220619.93
830446,220619.93
830448,220619.93
830535,220619.93
830581,220619.93
830587,220619.93
830702,220619.93
830731,220619.93
830739,220619.93
830764,220619.93
830772,220619.93
830774,220619.93
830971,220619.93
831037,220619.93
831091,220619.93
831105,220619.93
831106,220619.93
831112,220619.93
831247,220619.93
831261,220619.93
831269,220619.93
831321,220619.93
831459,220619.93
831529,220619.93
831628,220619.93
831792,220619.93
831881,220619.93
831882,220619.93
831883,220619.93
831884,220619.93
831910,220619.93
831944,220619.93
831946,220619.93
831947,220619.93
831949,220619.93
831950,220619.93
831960,220619.93
831961,220619.93
831974,220619.93
832022,220619.93
832156,220619.93
832213,220619.93
832254,220619.93
832261,220619.93
832343,220619.93
832367,220619.93
832436,220619.93
832439,220619.93
832460,220619.93
832470,220619.93
832511,220619.93
832513,220619.93
832624,220619.93
832707,220619.93
832726,220619.93
832780,220619.93
832924,220619.93
832953,220619.93
833013,220619.93
833045,220619.93
833051,220619.93
833052,220619.93
833055,220619.93
833056,220619.93
833057,220619.93
833058,220619.93
833091,220619.93
833216,220619.93
833233,220619.93
833350,220619.93
833459,220619.93
833510,220619.93
833525,220619.93
833527,220619.93
833554,220619.93
833634,220619.93
833668,220619.93
833688,220619.93
833789,220619.93
833827,220619.93
833846,220619.93
833858,220619.93
833886,220619.93
833925,220619.93
833968,220619.93
834026,220619.93
834042,220619.93
834049,220619.93
834113,220619.93
834265,220619.93
834280,220619.93
834315,220619.93
834335,220619.93
834341,220619.93
834343,220619.93
834348,220619.93
834350,220619.93
834391,220619.93
834443,220619.93
834451,220619.93
834514,220619.93
834613,220619.93
834616,220619.93
834623,220619.93
834662,220619.93
834702,220619.93
834746,220619.93
834751,220619.93
834764,220619.93
834785,220619.93
834788,220619.93
834836,220619.93
834858,220619.93
834903,220619.93
834917,220619.93
834959,220619.93
835037,220619.93
835090,220619.93
835122,220619.93
835129,220619.93
835137,220619.93
835262,220619.93
835290,220619.93
835307,220619.93
835336,220619.93
835361,220619.93
835388,220619.93
835459,220619.93
835465,220619.93
835522,220619.93
835523,220619.93
835635,220619.93
835651,220619.93
835661,220619.93
835673,220619.93
835692,220619.93
835759,220619.93
835813,220619.93
835814,220619.93
835816,220619.93
835884,220619.93
835965,220619.93
836013,220619.93
836041,220619.93
836103,220619.93
836173,220619.93
836254,220619.93
836316,220619.93
836341,220619.93
836417,220619.93
836550,220619.93
836555,220619.93
836556,220619.93
836559,220619.93
836561,220619.93
836562,220619.93
836563,220619.93
836564,220619.93
836566,220619.93
836735,220619.93
836782,220619.93
836821,220619.93
837005,220619.93
837092,220619.93
837095,220619.93
837197,220619.93
837467,220619.93
837506,220619.93
837521,220619.93
837550,220619.93
837592,220619.93
837618,220619.93
837632,220619.93
837642,220619.93
837658,220619.93
837769,220619.93
837779,220619.93
837784,220619.93
837831,220619.93
837832,220619.93
837836,220619.93
837961,220619.93
838054,220619.93
838186,220619.93
838254,220619.93
838257,220619.93
838287,220619.93
838374,220619.93
838443,220619.93
838471,220619.93
838609,220619.93
838636,220619.93
838681,220619.93
838696,220619.93
838729,220619.93
838745,220619.93
838778,220619.93
838834,220619.93
838840,220619.93
839042,220619.93
839134,220619.93
839179,220619.93
839299,220619.93
839328,220619.93
839358,220619.93
839379,220619.93
839481,220619.93
839688,220619.93
839804,220619.93
839807,220619.93
839857,220619.93
839875,220619.93
839896,220619.93
839906,220619.93
839907,220619.93
839912,220619.93
839923,220619.93
839964,220619.93
840015,220619.93
840075,220619.93
840137,220619.93
840187,220619.93
840267,220619.93
840277,220619.93
840279,220619.93
840282,220619.93
840284,220619.93
840287,220619.93
840313,220619.93
840333,220619.93
840334,220619.93
840337,220619.93
840425,220619.93
840558,220619.93
840569,220619.93
840632,220619.93
840829,220619.93
840859,220619.93
840895,220619.93
840951,220619.93
841008,220619.93
841041,220619.93
841075,220619.93
841077,220619.93
841273,220619.93
841289,220619.93
841313,220619.93
841337,220619.93
841354,220619.93
841376,220619.93
841400,220619.93
841446,220619.93
841484,220619.93
841515,220619.93
841521,220619.93
841536,220619.93
841557,220619.93
841585,220619.93
841696,220619.93
841763,220619.93
841803,220619.93
841851,220619.93
841869,220619.93
841984,220619.93
842034,220619.93
842041,220619.93
842044,220619.93
842056,220619.93
842219,220619.93
842222,220619.93
842243,220619.93
842245,220619.93
842350,220619.93
842357,220619.93
842459,220619.93
842460,220619.93
842623,220619.93
842624,220619.93
842791,220619.93
842797,220619.93
842808,220619.93
842868,220619.93
842953,220619.93
842960,220619.93
843026,220619.93
843041,220619.93
843066,220619.93
843070,220619.93
843072,220619.93
843183,220619.93
843192,220619.93
843194,220619.93
843197,220619.93
843201,220619.93
843205,220619.93
843339,220619.93
843353,220619.93
843397,220619.93
843417,220619.93
843468,220619.93
843471,220619.93
843505,220619.93
843512,220619.93
843536,220619.93
843564,220619.93
843575,220619.93
843622,220619.93
843737,220619.93
843742,220619.93
843767,220619.93
843770,220619.93
843784,220619.93
843794,220619.93
843797,220619.93
843906,220619.93
843914,220619.93
843942,220619.93
843943,220619.93
843979,220619.93
843980,220619.93
843993,220619.93
844008,220619.93
844035,220619.93
844085,220619.93
844097,220619.93
844104,220619.93
844109,220619.93
844110,220619.93
844126,220619.93
844162,220619.93
844165,220619.93
844198,220619.93
844211,220619.93
844233,220619.93
844310,220619.93
844316,220619.93
844329,220619.93
844338,220619.93
844468,220619.93
844503,220619.93
844536,220619.93
844539,220619.93
844564,220619.93
844590,220619.93
844617,220619.93
844640,220619.93
844716,220619.93
844747,220619.93
844748,220619.93
844755,220619.93
844762,220619.93
844789,220619.93
844804,220619.93
844846,220619.93
844847,220619.93
844849,220619.93
844855,220619.93
844856,220619.93
844857,220619.93
844862,220619.93
844886,220619.93
844915,220619.93
844925,220619.93
844991,220619.93
844993,220619.93
845024,220619.93
845033,220619.93
845082,220619.93
845083,220619.93
845096,220619.93
845106,220619.93
845107,220619.93
845121,220619.93
845124,220619.93
845155,220619.93
845166,220619.93
845183,220619.93
845217,220619.93
845244,220619.93
845251,220619.93
845344,220619.93
845370,220619.93
845397,220619.93
845405,220619.93
845471,220619.93
845486,220619.93
845528,220619.93
845534,220619.93
845545,220619.93
845594,220619.93
845685,220619.93
845705,220619.93
845720,220619.93
845802,220619.93
845879,220619.93
845943,220619.93
845962,220619.93
846140,220619.93
846147,220619.93
846152,220619.93
846284,220619.93
846499,220619.93
846556,220619.93
846559,220619.93
846573,220619.93
846575,220619.93
846768,220619.93
846871,220619.93
846968,220619.93
847095,220619.93
847100,220619.93
847161,220619.93
847191,220619.93
847227,220619.93
847230,220619.93
847306,220619.93
847476,220619.93
847537,220619.93
847657,220619.93
847727,220619.93
847766,220619.93
847773,220619.93
847809,220619.93
847861,220619.93
847892,220619.93
847917,220619.93
847950,220619.93
848039,220619.93
848093,220619.93
848095,220619.93
848112,220619.93
848157,220619.93
848164,220619.93
848302,220619.93
848330,220619.93
848365,220619.93
848375,220619.93
848386,220619.93
848437,220619.93
848493,220619.93
848543,220619.93
848549,220619.93
848623,220619.93
848661,220619.93
848707,220619.93
848775,220619.93
848843,220619.93
848978,220619.93
848989,220619.93
849002,220619.93
849024,220619.93
849047,220619.93
849062,220619.93
849064,220619.93
936612,220619.93
936685,220619.93
936696,220619.93
936725,220619.93
936735,220619.93
936772,220619.93
936806,220619.93
936808,220619.93
936854,220619.93
936871,220619.93
936899,220619.93
936915,220619.93
936923,220619.93
936950,220619.93
936973,220619.93
937001,220619.93
937003,220619.93
937056,220619.93
937090,220619.93
937110,220619.93
937130,220619.93
937183,220619.93
937255,220619.93
937276,220619.93
937318,220619.93
937335,220619.93
937337,220619.93
937358,220619.93
937360,220619.93
937362,220619.93
937390,220619.93
937462,220619.93
937472,220619.93
937477,220619.93
937493,220619.93
937518,220619.93
937519,220619.93
937555,220619.93
937658,220619.93
937662,220619.93
937663,220619.93
937665,220619.93
937676,220619.93
937694,220619.93
937735,220619.93
937740,220619.93
937751,220619.93
937776,220619.93
937780,220619.93
937812,220619.93
937813,220619.93
937943,220619.93
938043,220619.93
938056,220619.93
938064,220619.93
938068,220619.93
938080,220619.93
938114,220619.93
938187,220619.93
938204,220619.93
938206,220619.93
938209,220619.93
938212,220619.93
938232,220619.93
938233,220619.93
938349,220619.93
938350,220619.93
938351,220619.93
938354,220619.93
938361,220619.93
938362,220619.93
938363,220619.93
938433,220619.93
938579,220619.93
938635,220619.93
938636,220619.93
938637,220619.93
938639,220619.93
938651,220619.93
938670,220619.93
938703,220619.93
938705,220619.93
938715,220619.93
938733,220619.93
938812,220619.93
938814,220619.93
938894,220619.93
938913,220619.93
938938,220619.93
938957,220619.93
938990,220619.93
939010,220619.93
939028,220619.93
939075,220619.93
939121,220619.93
939133,220619.93
939146,220619.93
939224,220619.93
939227,220619.93
939256,220619.93
939297,220619.93
939305,220619.93
939310,220619.93
939349,220619.93
939360,220619.93
939392,220619.93
939400,220619.93
939409,220619.93
939411,220619.93
939414,220619.93
939420,220619.93
939421,220619.93
939438,220619.93
939494,220619.93
939496,220619.93
939497,220619.93
939501,220619.93
939587,220619.93
939589,220619.93
939629,220619.93
939636,220619.93
939645,220619.93
939650,220619.93
939666,220619.93
939669,220619.93
939711,220619.93
939877,220619.93
939886,220619.93
939890,220619.93
939892,220619.93
939905,220619.93
939930,220619.93
939935,220619.93
939960,220619.93
939964,220619.93
939970,220619.93
940066,220619.93
940094,220619.93
940095,220619.93
940096,220619.93
940118,220619.93
940138,220619.93
940168,220619.93
940172,220619.93
940240,220619.93
940262,220619.93
940282,220619.93
940283,220619.93
940336,220619.93
940389,220619.93
940487,220619.93
940552,220619.93
940571,220619.93
940579,220619.93
940602,220619.93
940627,220619.93
940735,220619.93
940740,220619.93
940742,220619.93
940767,220619.93
940788,220619.93
940807,220619.93
940855,220619.93
940868,220619.93
940875,220619.93
940876,220619.93
940890,220619.93
940950,220619.93
941026,220619.93
941059,220619.93
941089,220619.93
941112,220619.93
941121,220619.93
941123,220619.93
941146,220619.93
941344,220619.93
941346,220619.93
941369,220619.93
941370,220619.93
941373,220619.93
941384,220619.93
941500,220619.93
941524,220619.93
941554,220619.93
941713,220619.93
941780,220619.93
941782,220619.93
941786,220619.93
941790,220619.93
941791,220619.93
941792,220619.93
941793,220619.93
941797,220619.93
941798,220619.93
941801,220619.93
941810,220619.93
941826,220619.93
941843,220619.93
941862,220619.93
941864,220619.93
941867,220619.93
941875,220619.93
941876,220619.93
941881,220619.93
941883,220619.93
941884,220619.93
941891,220619.93
941919,220619.93
941959,220619.93
942057,220619.93
942070,220619.93
942098,220619.93
942103,220619.93
942105,220619.93
942106,220619.93
942109,220619.93
942111,220619.93
942113,220619.93
942115,220619.93
942116,220619.93
942130,220619.93
942139,220619.93
942145,220619.93
942168,220619.93
942177,220619.93
942181,220619.93
942196,220619.93
942210,220619.93
942217,220619.93
942275,220619.93
942370,220619.93
942375,220619.93
942383,220619.93
942415,220619.93
942422,220619.93
942463,220619.93
942469,220619.93
942480,220619.93
942488,220619.93
942583,220619.93
942628,220619.93
942635,220619.93
942636,220619.93
942651,220619.93
942653,220619.93
942655,220619.93
942657,220619.93
942741,220619.93
942753,220619.93
942779,220619.93
942802,220619.93
942843,220619.93
942844,220619.93
942890,220619.93
942964,220619.93
942968,220619.93
942969,220619.93
942985,220619.93
942989,220619.93
942990,220619.93
943022,220619.93
943032,220619.93
943039,220619.93
943044,220619.93
943112,220619.93
943140,220619.93
943141,220619.93
943143,220619.93
943145,220619.93
943149,220619.93
943167,220619.93
943193,220619.93
943238,220619.93
943352,220619.93
943368,220619.93
943373,220619.93
943397,220619.93
943398,220619.93
943402,220619.93
943412,220619.93
943473,220619.93
943478,220619.93
943482,220619.93
943484,220619.93
943489,220619.93
943497,220619.93
943503,220619.93
943504,220619.93
943505,220619.93
943592,220619.93
943684,220619.93
943693,220619.93
943696,220619.93
943698,220619.93
943699,220619.93
943750,220619.93
943756,220619.93
943782,220619.93
943783,220619.93
943810,220619.93
943821,220619.93
943822,220619.93
943872,220619.93
943889,220619.93
943928,220619.93
943939,220619.93
943944,220619.93
943953,220619.93
943954,220619.93
943955,220619.93
943960,220619.93
943964,220619.93
943968,220619.93
943969,220619.93
943985,220619.93
944000,220619.93
944002,220619.93
944018,220619.93
944025,220619.93
944030,220619.93
944101,220619.93
944105,220619.93
944256,220619.93
944265,220619.93
944289,220619.93
944295,220619.93
944305,220619.93
944306,220619.93
944312,220619.93
944341,220619.93
944342,220619.93
944347,220619.93
944360,220619.93
944384,220619.93
944425,220619.93
944434,220619.93
944435,220619.93
944436,220619.93
944442,220619.93
944552,220619.93
944568,220619.93
944662,220619.93
944671,220619.93
944683,220619.93
944887,220619.93
944902,220619.93
944906,220619.93
944913,220619.93
944921,220619.93
944935,220619.93
944942,220619.93
944943,220619.93
944955,220619.93
944967,220619.93
945015,220619.93
945046,220619.93
945082,220619.93
945116,220619.93
945151,220619.93
945180,220619.93
945181,220619.93
945182,220619.93
945273,220619.93
945283,220619.93
945305,220619.93
945332,220619.93
945388,220619.93
945444,220619.93
945448,220619.93
945453,220619.93
945454,220619.93
945470,220619.93
945495,220619.93
945498,220619.93
945505,220619.93
945513,220619.93
945554,220619.93
945590,220619.93
945627,220619.93
945628,220619.93
945629,220619.93
945630,220619.93
945749,220619.93
945790,220619.93
945801,220619.93
945838,220619.93
945839,220619.93
945840,220619.93
945843,220619.93
945880,220619.93
945900,220619.93
945901,220619.93
945902,220619.93
945903,220619.93
945940,220619.93
945942,220619.93
945945,220619.93
945946,220619.93
945952,220619.93
945965,220619.93
945967,220619.93
945997,220619.93
945998,220619.93
946016,220619.93
946307,220619.93
946318,220619.93
946327,220619.93
946351,220619.93
946358,220619.93
946373,220619.93
946376,220619.93
946385,220619.93
946386,220619.93
946397,220619.93
946398,220619.93
946401,220619.93
946403,220619.93
946433,220619.93
946446,220619.93
946447,220619.93
946448,220619.93
946462,220619.93
946463,220619.93
946492,220619.93
946496,220619.93
946540,220619.93
946541,220619.93
946591,220619.93
946601,220619.93
946638,220619.93
946640,220619.93
946653,220619.93
946678,220619.93
946687,220619.93
946688,220619.93
946689,220619.93
946716,220619.93
946732,220619.93
946738,220619.93
946746,220619.93
946779,220619.93
946784,220619.93
946788,220619.93
946820,220619.93
946836,220619.93
946870,220619.93
946873,220619.93
946896,220619.93
946944,220619.93
946972,220619.93
946973,220619.93
947007,220619.93
947031,220619.93
947057,220619.93
947141,220619.93
947176,220619.93
947187,220619.93
947206,220619.93
947216,220619.93
947274,220619.93
947300,220619.93
947332,220619.93
947383,220619.93
947395,220619.93
947405,220619.93
947436,220619.93
947473,220619.93
947495,220619.93
947530,220619.93
947537,220619.93
947552,220619.93
947564,220619.93
947584,220619.93
947625,220619.93
947677,220619.93
947689,220619.93
947698,220619.93
947699,220619.93
947700,220619.93
947701,220619.93
947702,220619.93
947725,220619.93
947743,220619.93
947833,220619.93
947872,220619.93
947881,220619.93
947930,220619.93
947977,220619.93
948034,220619.93
948036,220619.93
948039,220619.93
948066,220619.93
948107,220619.93
948115,220619.93
948121,220619.93
948137,220619.93
948148,220619.93
948306,220619.93
948339,220619.93
948361,220619.93
948386,220619.93
948387,220619.93
948388,220619.93
948423,220619.93
948470,220619.93
948479,220619.93
948484,220619.93
948486,220619.93
948598,220619.93
948607,220619.93
948629,220619.93
948630,220619.93
948631,220619.93
948632,220619.93
948633,220619.93
948641,220619.93
948643,220619.93
948651,220619.93
948652,220619.93
948675,220619.93
948740,220619.93
948743,220619.93
948744,220619.93
948745,220619.93
948774,220619.93
948789,220619.93
948807,220619.93
948808,220619.93
948809,220619.93
948813,220619.93
948816,220619.93
948819,220619.93
948830,220619.93
948870,220619.93
948912,220619.93
948941,220619.93
949105,220619.93
949143,220619.93
949144,220619.93
949147,220619.93
949248,220619.93
949250,220619.93
949278,220619.93
949283,220619.93
949293,220619.93
949340,220619.93
949379,220619.93
949426,220619.93
949427,220619.93
949428,220619.93
949431,220619.93
949443,220619.93
949474,220619.93
949492,220619.93
949501,220619.93
949517,220619.93
949518,220619.93
949519,220619.93
949529,220619.93
949544,220619.93
949545,220619.93
949584,220619.93
949592,220619.93
949593,220619.93
949627,220619.93
949651,220619.93
949661,220619.93
949762,220619.93
949815,220619.93
949827,220619.93
949858,220619.93
949933,220619.93
949934,220619.93
949943,220619.93
949960,220619.93
950036,220619.93
950037,220619.93
950038,220619.93
950039,220619.93
950044,220619.93
950060,220619.93
950088,220619.93
950194,220619.93
950227,220619.93
950234,220619.93
950303,220619.93
950339,220619.93
950374,220619.93
950378,220619.93
950382,220619.93
950385,220619.93
950489,220619.93
950576,220619.93
950581,220619.93
950583,220619.93
950584,220619.93
950585,220619.93
950607,220619.93
950630,220619.93
950634,220619.93
950664,220619.93
950671,220619.93
950686,220619.93
950746,220619.93
950751,220619.93
950916,220619.93
951001,220619.93
951065,220619.93
951129,220619.93
951162,220619.93
951195,220619.93
951200,220619.93
951201,220619.93
951405,220619.93
951412,220619.93
951454,220619.93
951460,220619.93
951463,220619.93
951471,220619.93
951553,220619.93
951564,220619.93
951646,220619.93
951663,220619.93
951687,220619.93
951692,220619.93
951704,220619.93
951780,220619.93
951782,220619.93
951915,220619.93
951963,220619.93
951975,220619.93
951988,220619.93
952013,220619.93
952025,220619.93
952036,220619.93
952096,220619.93
952268,220619.93
952271,220619.93
952273,220619.93
952448,220619.93
952466,220619.93
952537,220619.93
952541,220619.93
952545,220619.93
952546,220619.93
952566,220619.93
952651,220619.93
952689,220619.93
952699,220619.93
952773,220619.93
952778,220619.93
952818,220619.93
952900,220619.93
952916,220619.93
953005,220619.93
953024,220619.93
953047,220619.93
953057,220619.93
953161,220619.93
953163,220619.93
953176,220619.93
953177,220619.93
953181,220619.93
953182,220619.93
953227,220619.93
953228,220619.93
953237,220619.93
953293,220619.93
953325,220619.93
953326,220619.93
953330,220619.93
953375,220619.93
953481,220619.93
953486,220619.93
953512,220619.93
953552,220619.93
953564,220619.93
953626,220619.93
953702,220619.93
953744,220619.93
953778,220619.93
953795,220619.93
953797,220619.93
953857,220619.93
953894,220619.93
953920,220619.93
953922,220619.93
953931,220619.93
953965,220619.93
954066,220619.93
954138,220619.93
954190,220619.93
954216,220619.93
954292,220619.93
954302,220619.93
954319,220619.93
954351,220619.93
954413,220619.93
954419,220619.93
954452,220619.93
954503,220619.93
954505,220619.93
954535,220619.93
954548,220619.93
954563,220619.93
954578,220619.93
954584,220619.93
954608,220619.93
954615,220619.93
954627,220619.93
954649,220619.93
954700,220619.93
954717,220619.93
954721,220619.93
954735,220619.93
954747,220619.93
954762,220619.93
954787,220619.93
954809,220619.93
954828,220619.93
954831,220619.93
954867,220619.93
954868,220619.93
954880,220619.93
954892,220619.93
954911,220619.93
954926,220619.93
954928,220619.93
954955,220619.93
954963,220619.93
954972,220619.93
954992,220619.93
955082,220619.93
955110,220619.93
955132,220619.93
955142,220619.93
955152,220619.93
955153,220619.93
955160,220619.93
955162,220619.93
955164,220619.93
955189,220619.93
955190,220619.93
955207,220619.93
955287,220619.93
955308,220619.93
955309,220619.93
955361,220619.93
955376,220619.93
955429,220619.93
955444,220619.93
955445,220619.93
955456,220619.93
955502,220619.93
955525,220619.93
955528,220619.93
955541,220619.93
955557,220619.93
955562,220619.93
955575,220619.93
955601,220619.93
955609,220619.93
955639,220619.93
955664,220619.93
955682,220619.93
955700,220619.93
955727,220619.93
955782,220619.93
955786,220619.93
955801,220619.93
955815,220619.93
955864,220619.93
955926,220619.93
955932,220619.93
955939,220619.93
955961,220619.93
955974,220619.93
955994,220619.93
956001,220619.93
956005,220619.93
956031,220619.93
956035,220619.93
956036,220619.93
956038,220619.93
956042,220619.93
956044,220619.93
956046,220619.93
956050,220619.93
956051,220619.93
956130,220619.93
956137,220619.93
956144,220619.93
956156,220619.93
956187,220619.93
956223,220619.93
956246,220619.93
956263,220619.93
956304,220619.93
956308,220619.93
956488,220619.93
956523,220619.93
956535,220619.93
956556,220619.93
956558,220619.93
956600,220619.93
956627,220619.93
956631,220619.93
956661,220619.93
956687,220619.93
956694,220619.93
956767,220619.93
956774,220619.93
956907,220619.93
956962,220619.93
956966,220619.93
957053,220619.93
957065,220619.93
957149,220619.93
957192,220619.93
957242,220619.93
957408,220619.93
957420,220619.93
957421,220619.93
957444,220619.93
957446,220619.93
957539,220619.93
957550,220619.93
957566,220619.93
957573,220619.93
957608,220619.93
957648,220619.93
957674,220619.93
957675,220619.93
957676,220619.93
957679,220619.93
957684,220619.93
957685,220619.93
957687,220619.93
957699,220619.93
957708,220619.93
957709,220619.93
957720,220619.93
957724,220619.93
957725,220619.93
957749,220619.93
957758,220619.93
957793,220619.93
957840,220619.93
957852,220619.93
957875,220619.93
957955,220619.93
957967,220619.93
957971,220619.93
957987,220619.93
958016,220619.93
958019,220619.93
958038,220619.93
958045,220619.93
958063,220619.93
958116,220619.93
958119,220619.93
958190,220619.93
958198,220619.93
958259,220619.93
958270,220619.93
958285,220619.93
958288,220619.93
958345,220619.93
958383,220619.93
958422,220619.93
958425,220619.93
958428,220619.93
958430,220619.93
958447,220619.93
958454,220619.93
958455,220619.93
958456,220619.93
958493,220619.93
958512,220619.93
958516,220619.93
958517,220619.93
958519,220619.93
958526,220619.93
958527,220619.93
958533,220619.93
958535,220619.93
958538,220619.93
958565,220619.93
958569,220619.93
958570,220619.93
958572,220619.93
958601,220619.93
958657,220619.93
958666,220619.93
958667,220619.93
958671,220619.93
958675,220619.93
958676,220619.93
958679,220619.93
958693,220619.93
958694,220619.93
958697,220619.93
958698,220619.93
958705,220619.93
958707,220619.93
958770,220619.93
958783,220619.93
958791,220619.93
958792,220619.93
958793,220619.93
958797,220619.93
958799,220619.93
958831,220619.93
958839,220619.93
958896,220619.93
958898,220619.93
958985,220619.93
959021,220619.93
959030,220619.93
959031,220619.93
959060,220619.93
959112,220619.93
959114,220619.93
959117,220619.93
959118,220619.93
959121,220619.93
959122,220619.93
959123,220619.93
959124,220619.93
959125,220619.93
959126,220619.93
959128,220619.93
959129,220619.93
959130,220619.93
959131,220619.93
959133,220619.93
959134,220619.93
959142,220619.93
959153,220619.93
959154,220619.93
959166,220619.93
959224,220619.93
959227,220619.93
959265,220619.93
959323,220619.93
959324,220619.93
959357,220619.93
959362,220619.93
959394,220619.93
959419,220619.93
959433,220619.93
959451,220619.93
959466,220619.93
959468,220619.93
959469,220619.93
959476,220619.93
959683,220619.93
959723,220619.93
959725,220619.93
959726,220619.93
959728,220619.93
959741,220619.93
959742,220619.93
959743,220619.93
959744,220619.93
959757,220619.93
959759,220619.93
959940,220619.93
959967,220619.93
960018,220619.93
960029,220619.93
960058,220619.93
960091,220619.93
960118,220619.93
960163,220619.93
960165,220619.93
960169,220619.93
960226,220619.93
960235,220619.93
960241,220619.93
960274,220619.93
960275,220619.93
960284,220619.93
960286,220619.93
960287,220619.93
960289,220619.93
960290,220619.93
960310,220619.93
960340,220619.93
960362,220619.93
960393,220619.93
960410,220619.93
960431,220619.93
960451,220619.93
960478,220619.93
960529,220619.93
960530,220619.93
960581,220619.93
960597,220619.93
960598,220619.93
960634,220619.93
960687,220619.93
960863,220619.93
960913,220619.93
960931,220619.93
960946,220619.93
960947,220619.93
960983,220619.93
961006,220619.93
961035,220619.93
961042,220619.93
961048,220619.93
961123,220619.93
961141,220619.93
961143,220619.93
961183,220619.93
961216,220619.93
961226,220619.93
961246,220619.93
961256,220619.93
961289,220619.93
961337,220619.93
961387,220619.93
961389,220619.93
961395,220619.93
961408,220619.93
961419,220619.93
961420,220619.93
961421,220619.93
961452,220619.93
961461,220619.93
961478,220619.93
961488,220619.93
961489,220619.93
961522,220619.93
961530,220619.93
961548,220619.93
961574,220619.93
961601,220619.93
961605,220619.93
961608,220619.93
961609,220619.93
961699,220619.93
961715,220619.93
961768,220619.93
961788,220619.93
961789,220619.93
961790,220619.93
961791,220619.93
961792,220619.93
961817,220619.93
961822,220619.93
961854,220619.93
961872,220619.93
961877,220619.93
961882,220619.93
962051,220619.93
962065,220619.93
962066,220619.93
962080,220619.93
962082,220619.93
962083,220619.93
962090,220619.93
962109,220619.93
962116,220619.93
962141,220619.93
962144,220619.93
962159,220619.93
962160,220619.93
962165,220619.93
962176,220619.93
962178,220619.93
962179,220619.93
962180,220619.93
962181,220619.93
962182,220619.93
962184,220619.93
962186,220619.93
962217,220619.93
962219,220619.93
962225,220619.93
962235,220619.93
962236,220619.93
962263,220619.93
962287,220619.93
962316,220619.93
962319,220619.93
962336,220619.93
962412,220619.93
962416,220619.93
962419,220619.93
962438,220619.93
962448,220619.93
962501,220619.93
962520,220619.93
962546,220619.93
962551,220619.93
962559,220619.93
962567,220619.93
962572,220619.93
962579,220619.93
962585,220619.93
962586,220619.93
962591,220619.93
962592,220619.93
962630,220619.93
962635,220619.93
962677,220619.93
962728,220619.93
962755,220619.93
962778,220619.93
962796,220619.93
962835,220619.93
962839,220619.93
962845,220619.93
962907,220619.93
962922,220619.93
963001,220619.93
963003,220619.93
963019,220619.93
963020,220619.93
963022,220619.93
963023,220619.93
963041,220619.93
963049,220619.93
963118,220619.93
963122,220619.93
963130,220619.93
963165,220619.93
963199,220619.93
963205,220619.93
963229,220619.93
963313,220619.93
963314,220619.93
963319,220619.93
963325,220619.93
963327,220619.93
963340,220619.93
963362,220619.93
963366,220619.93
963375,220619.93
963378,220619.93
963381,220619.93
963447,220619.93
963472,220619.93
963488,220619.93
963490,220619.93
963539,220619.93
963651,220619.93
963676,220619.93
963682,220619.93
963837,220619.93
963857,220619.93
963905,220619.93
963929,220619.93
963960,220619.93
963971,220619.93
963973,220619.93
963986,220619.93
964018,220619.93
964048,220619.93
964049,220619.93
964055,220619.93
964098,220619.93
964135,220619.93
964156,220619.93
964157,220619.93
964171,220619.93
964207,220619.93
964208,220619.93
964209,220619.93
964271,220619.93
964304,220619.93
964312,220619.93
964314,220619.93
964333,220619.93
964369,220619.93
964488,220619.93
964527,220619.93
964570,220619.93
964580,220619.93
964591,220619.93
964592,220619.93
964593,220619.93
964595,220619.93
964622,220619.93
964625,220619.93
964642,220619.93
964705,220619.93
964813,220619.93
964839,220619.93
964849,220619.93
964911,220619.93
964984,220619.93
964997,220619.93
965033,220619.93
965053,220619.93
965089,220619.93
965099,220619.93
965116,220619.93
965131,220619.93
965145,220619.93
965153,220619.93
965176,220619.93
965182,220619.93
965184,220619.93
965201,220619.93
965216,220619.93
965242,220619.93
965260,220619.93
965262,220619.93
965305,220619.93
965315,220619.93
965320,220619.93
965321,220619.93
965322,220619.93
965324,220619.93
965325,220619.93
965326,220619.93
965341,220619.93
965342,220619.93
965346,220619.93
965349,220619.93
965438,220619.93
965466,220619.93
965474,220619.93
965499,220619.93
965515,220619.93
965560,220619.93
965648,220619.93
965688,220619.93
965717,220619.93
965754,220619.93
965792,220619.93
965794,220619.93
965821,220619.93
965856,220619.93
965860,220619.93
965954,220619.93
965967,220619.93
965968,220619.93
965975,220619.93
965981,220619.93
965989,220619.93
965993,220619.93
966015,220619.93
966059,220619.93
966070,220619.93
966074,220619.93
966123,220619.93
966139,220619.93
966205,220619.93
966220,220619.93
966221,220619.93
966238,220619.93
966269,220619.93
966276,220619.93
966385,220619.93
966397,220619.93
966400,220619.93
966406,220619.93
966407,220619.93
966413,220619.93
966548,220619.93
966549,220619.93
966562,220619.93
966579,220619.93
966639,220619.93
966650,220619.93
966654,220619.93
966664,220619.93
966674,220619.93
966692,220619.93
966729,220619.93
966732,220619.93
966736,220619.93
966737,220619.93
966740,220619.93
966773,220619.93
966776,220619.93
966777,220619.93
966785,220619.93
966863,220619.93
966867,220619.93
966884,220619.93
967014,220619.93
967027,220619.93
967032,220619.93
967048,220619.93
967051,220619.93
967073,220619.93
967078,220619.93
967082,220619.93
967103,220619.93
967105,220619.93
967112,220619.93
967117,220619.93
967166,220619.93
967193,220619.93
967213,220619.93
967243,220619.93
967255,220619.93
967256,220619.93
967274,220619.93
967362,220619.93
967411,220619.93
967424,220619.93
967430,220619.93
967440,220619.93
967447,220619.93
967477,220619.93
967478,220619.93
967479,220619.93
967480,220619.93
967481,220619.93
967482,220619.93
967517,220619.93
967546,220619.93
967589,220619.93
967639,220619.93
967656,220619.93
967666,220619.93
967726,220619.93
967727,220619.93
967768,220619.93
967803,220619.93
967816,220619.93
967891,220619.93
967966,220619.93
967985,220619.93
967996,220619.93
968019,220619.93
968035,220619.93
968063,220619.93
968149,220619.93
968159,220619.93
968186,220619.93
968187,220619.93
968188,220619.93
968215,220619.93
968217,220619.93
968228,220619.93
968232,220619.93
968238,220619.93
968240,220619.93
968277,220619.93
968292,220619.93
968333,220619.93
968353,220619.93
968365,220619.93
968442,220619.93
968487,220619.93
968527,220619.93
968535,220619.93
968598,220619.93
968605,220619.93
968628,220619.93
968631,220619.93
968633,220619.93
968723,220619.93
968786,220619.93
968788,220619.93
968812,220619.93
968839,220619.93
968898,220619.93
968899,220619.93
968907,220619.93
968908,220619.93
968942,220619.93
968974,220619.93
968981,220619.93
968986,220619.93
968991,220619.93
969006,220619.93
969040,220619.93
969050,220619.93
969082,220619.93
969083,220619.93
969126,220619.93
969168,220619.93
969211,220619.93
969215,220619.93
969216,220619.93
969312,220619.93
969313,220619.93
969332,220619.93
969338,220619.93
969382,220619.93
969384,220619.93
969386,220619.93
969420,220619.93
969432,220619.93
969434,220619.93
969465,220619.93
969484,220619.93
969486,220619.93
969510,220619.93
969529,220619.93
969551,220619.93
969572,220619.93
969592,220619.93
969597,220619.93
969753,220619.93
969763,220619.93
969791,220619.93
969793,220619.93
969821,220619.93
969838,220619.93
969862,220619.93
969873,220619.93
969882,220619.93
969889,220619.93
969891,220619.93
969926,220619.93
969928,220619.93
969929,220619.93
969933,220619.93
969954,220619.93
970078,220619.93
970079,220619.93
970210,220619.93
970216,220619.93
970312,220619.93
970329,220619.93
970398,220619.93
970400,220619.93
970401,220619.93
970404,220619.93
970405,220619.93
970412,220619.93
970427,220619.93
970442,220619.93
970459,220619.93
970491,220619.93
970585,220619.93
970587,220619.93
970654,220619.93
970657,220619.93
970705,220619.93
970711,220619.93
970714,220619.93
970728,220619.93
970764,220619.93
970771,220619.93
970786,220619.93
970817,220619.93
970868,220619.93
970888,220619.93
970947,220619.93
970961,220619.93
970980,220619.93
970988,220619.93
971011,220619.93
971020,220619.93
971029,220619.93
971033,220619.93
971083,220619.93
971088,220619.93
971102,220619.93
971111,220619.93
971160,220619.93
971222,220619.93
971235,220619.93
971238,220619.93
971248,220619.93
971264,220619.93
971332,220619.93
971401,220619.93
971433,220619.93
971445,220619.93
971483,220619.93
971505,220619.93
971510,220619.93
971557,220619.93
971558,220619.93
971561,220619.93
971563,220619.93
971591,220619.93
971615,220619.93
971627,220619.93
971633,220619.93
971661,220619.93
971666,220619.93
971673,220619.93
971685,220619.93
971688,220619.93
971731,220619.93
971733,220619.93
971748,220619.93
971779,220619.93
971780,220619.93
971794,220619.93
971800,220619.93
971828,220619.93
971852,220619.93
971853,220619.93
971869,220619.93
971893,220619.93
971896,220619.93
971941,220619.93
971953,220619.93
971973,220619.93
971981,220619.93
972061,220619.93
972062,220619.93
972118,220619.93
972189,220619.93
972259,220619.93
972279,220619.93
972291,220619.93
972303,220619.93
972341,220619.93
972396,220619.93
972409,220619.93
972423,220619.93
972428,220619.93
972438,220619.93
972457,220619.93
972463,220619.93
972466,220619.93
972471,220619.93
972475,220619.93
972507,220619.93
972521,220619.93
972525,220619.93
972565,220619.93
972580,220619.93
972715,220619.93
972769,220619.93
972838,220619.93
972842,220619.93
972867,220619.93
972923,220619.93
973030,220619.93
973244,220619.93
973273,220619.93
973296,220619.93
973300,220619.93
973304,220619.93
973322,220619.93
973360,220619.93
973361,220619.93
973392,220619.93
973393,220619.93
973399,220619.93
973409,220619.93
973625,220619.93
973626,220619.93
973674,220619.93
973790,220619.93
973799,220619.93
973800,220619.93
973808,220619.93
973816,220619.93
973848,220619.93
973849,220619.93
973850,220619.93
973852,220619.93
973913,220619.93
973914,220619.93
973919,220619.93
973923,220619.93
973931,220619.93
973933,220619.93
973936,220619.93
973937,220619.93
973938,220619.93
973939,220619.93
973974,220619.93
973997,220619.93
973998,220619.93
974004,220619.93
974009,220619.93
974010,220619.93
974011,220619.93
974029,220619.93
974044,220619.93
974062,220619.93
974122,220619.93
974123,220619.93
974125,220619.93
974128,220619.93
974129,220619.93
974130,220619.93
974132,220619.93
974138,220619.93
974182,220619.93
974209,220619.93
974288,220619.93
974291,220619.93
974321,220619.93
974325,220619.93
974329,220619.93
974335,220619.93
974337,220619.93
974363,220619.93
974365,220619.93
974370,220619.93
974406,220619.93
974407,220619.93
974432,220619.93
974460,220619.93
974472,220619.93
974498,220619.93
974527,220619.93
974566,220619.93
974570,220619.93
974571,220619.93
974605,220619.93
974625,220619.93
974627,220619.93
974737,220619.93
974748,220619.93
974756,220619.93
974802,220619.93
974803,220619.93
974848,220619.93
974863,220619.93
974957,220619.93
974995,220619.93
975004,220619.93
975034,220619.93
975045,220619.93
975064,220619.93
975094,220619.93
975113,220619.93
975121,220619.93
975142,220619.93
975189,220619.93
975204,220619.93
975684,220619.93
975738,220619.93
975893,220619.93
975960,220619.93
975965,220619.93
975971,220619.93
975973,220619.93
976102,220619.93
976136,220619.93
976176,220619.93
976194,220619.93
976223,220619.93
976790,220619.93
976796,220619.93
976831,220619.93
976844,220619.93
976846,220619.93
976869,220619.93
976876,220619.93
976942,220619.93
976948,220619.93
977106,220619.93
977126,220619.93
977160,220619.93
977222,220619.93
977224,220619.93
977232,220619.93
977312,220619.93
977316,220619.93
977321,220619.93
977324,220619.93
977326,220619.93
977344,220619.93
977374,220619.93
977376,220619.93
977377,220619.93
977379,220619.93
977412,220619.93
977458,220619.93
977460,220619.93
977464,220619.93
977488,220619.93
977506,220619.93
977613,220619.93
977650,220619.93
977652,220619.93
977653,220619.93
977658,220619.93
977661,220619.93
977687,220619.93
977726,220619.93
977754,220619.93
977778,220619.93
977783,220619.93
977790,220619.93
977815,220619.93
977816,220619.93
977850,220619.93
977854,220619.93
977860,220619.93
977892,220619.93
977893,220619.93
977908,220619.93
977923,220619.93
977960,220619.93
977971,220619.93
978147,220619.93
978197,220619.93
978202,220619.93
978203,220619.93
978279,220619.93
978321,220619.93
978322,220619.93
978325,220619.93
978329,220619.93
978331,220619.93
978334,220619.93
978348,220619.93
978375,220619.93
978425,220619.93
978427,220619.93
978429,220619.93
978432,220619.93
978444,220619.93
978449,220619.93
978673,220619.93
978695,220619.93
978730,220619.93
978731,220619.93
978753,220619.93
978765,220619.93
978789,220619.93
978795,220619.93
978858,220619.93
978906,220619.93
978909,220619.93
978910,220619.93
978912,220619.93
978935,220619.93
978958,220619.93
978959,220619.93
978999,220619.93
979014,220619.93
979050,220619.93
979051,220619.93
979084,220619.93
979101,220619.93
979108,220619.93
979121,220619.93
979131,220619.93
979175,220619.93
979191,220619.93
979243,220619.93
979248,220619.93
979249,220619.93
979256,220619.93
979279,220619.93
979282,220619.93
979283,220619.93
979319,220619.93
979358,220619.93
979369,220619.93
979393,220619.93
979403,220619.93
979443,220619.93
979445,220619.93
979447,220619.93
979449,220619.93
979453,220619.93
979457,220619.93
979458,220619.93
979468,220619.93
979551,220619.93
979584,220619.93
979587,220619.93
979595,220619.93
979642,220619.93
979659,220619.93
979665,220619.93
979679,220619.93
979743,220619.93
979750,220619.93
979751,220619.93
979812,220619.93
979832,220619.93
979837,220619.93
979853,220619.93
979854,220619.93
979931,220619.93
980083,220619.93
980197,220619.93
980233,220619.93
980239,220619.93
980240,220619.93
980273,220619.93
980329,220619.93
980330,220619.93
980349,220619.93
980411,220619.93
980460,220619.93
980526,220619.93
980552,220619.93
980564,220619.93
980566,220619.93
980601,220619.93
980692,220619.93
980751,220619.93
980849,220619.93
980863,220619.93
980864,220619.93
980867,220619.93
980942,220619.93
980981,220619.93
981136,220619.93
981167,220619.93
981169,220619.93
981268,220619.93
981269,220619.93
981270,220619.93
981332,220619.93
981380,220619.93
981464,220619.93
981671,220619.93
981683,220619.93
981684,220619.93
981685,220619.93
981689,220619.93
981696,220619.93
981697,220619.93
981698,220619.93
981699,220619.93
981714,220619.93
981742,220619.93
981894,220619.93
981947,220619.93
982012,220619.93
982055,220619.93
982274,220619.93
982285,220619.93
983029,220619.93
983030,220619.93
983126,220619.93
983170,220619.93
983293,220619.93
983294,220619.93
983298,220619.93
983374,220619.93
983378,220619.93
983651,220619.93
983752,220619.93
984096,220619.93
984122,220619.93
984320,220619.93
984322,220619.93
984733,220619.93
984734,220619.93
984768,220619.93
984892,220619.93
985039,220619.93
985041,220619.93
985042,220619.93
985043,220619.93
985119,220619.93
985151,220619.93
985154,220619.93
985156,220619.93
985159,220619.93
985161,220619.93
985165,220619.93
985166,220619.93
985167,220619.93
985313,220619.93
985320,220619.93
985337,220619.93
985364,220619.93
985407,220619.93
985520,220619.93
985545,220619.93
985670,220619.93
985683,220619.93
985684,220619.93
985767,220619.93
985811,220619.93
985813,220619.93
985814,220619.93
985815,220619.93
985818,220619.93
985840,220619.93
985841,220619.93
985981,220619.93
986056,220619.93
986103,220619.93
986115,220619.93
986139,220619.93
986207,220619.93
986208,220619.93
986212,220619.93
986213,220619.93
986214,220619.93
986274,220619.93
986275,220619.93
986390,220619.93
986417,220619.93
986512,220619.93
986616,220619.93
986618,220619.93
987237,220619.93
987240,220619.93
987247,220619.93
987346,220619.93
987563,220619.93
987614,220619.93
987631,220619.93
987671,220619.93
987844,220619.93
987916,220619.93
987959,220619.93
988030,220619.93
988085,220619.93
988120,220619.93
988128,220619.93
988131,220619.93
988330,220619.93
988404,220619.93
988522,220619.93
988664,220619.93
988763,220619.93
988798,220619.93
988844,220619.93
988874,220619.93
988876,220619.93
988929,220619.93
988942,220619.93
988993,220619.93
989061,220619.93
989298,220619.93
989301,220619.93
989302,220619.93
989305,220619.93
989372,220619.93
989373,220619.93
989378,220619.93
989379,220619.93
989380,220619.93
989419,220619.93
989524,220619.93
989588,220619.93
989589,220619.93
989592,220619.93
989593,220619.93
989666,220619.93
989733,220619.93
989814,220619.93
989873,220619.93
989876,220619.93
989903,220619.93
989933,220619.93
989942,220619.93
989988,220619.93
989990,220619.93
989996,220619.93
990011,220619.93
990133,220619.93
990149,220619.93
990150,220619.93
990151,220619.93
990152,220619.93
990166,220619.93
990272,220619.93
990286,220619.93
990330,220619.93
991069,220619.93
991073,220619.93
991157,220619.93
991199,220619.93
991266,220619.93
991272,220619.93
991278,220619.93
991349,220619.93
991352,220619.93
991425,220619.93
991464,220619.93
991467,220619.93
991468,220619.93
991469,220619.93
991475,220619.93
991477,220619.93
991480,220619.93
991487,220619.93
991490,220619.93
991616,220619.93
991701,220619.93
991703,220619.93
991720,220619.93
991738,220619.93
991812,220619.93
991825,220619.93
991826,220619.93
991832,220619.93
991836,220619.93
991895,220619.93
991908,220619.93
991913,220619.93
991940,220619.93
992565,220619.93
992574,220619.93
992717,220619.93
992721,220619.93
992722,220619.93
992724,220619.93
992726,220619.93
992727,220619.93
992728,220619.93
992745,220619.93
992746,220619.93
992775,220619.93
992783,220619.93
992832,220619.93
992874,220619.93
992899,220619.93
992904,220619.93
992948,220619.93
992977,220619.93
992988,220619.93
993216,220619.93
993459,220619.93
993468,220619.93
993509,220619.93
993527,220619.93
994032,220619.93
994088,220619.93
994215,220619.93
994299,220619.93
994506,220619.93
994507,220619.93
994530,220619.93
994764,220619.93
994812,220619.93
994814,220619.93
994834,220619.93
994906,220619.93
994936,220619.93
994956,220619.93
994960,220619.93
994983,220619.93
994991,220619.93
994995,220619.93
995000,220619.93
995001,220619.93
995007,220619.93
995008,220619.93
995021,220619.93
995031,220619.93
995035,220619.93
995036,220619.93
995042,220619.93
995044,220619.93
995055,220619.93
995057,220619.93
995076,220619.93
995118,220619.93
995133,220619.93
995142,220619.93
995260,220619.93
995313,220619.93
995352,220619.93
995366,220619.93
995437,220619.93
995479,220619.93
995619,220619.93
995646,220619.93
995669,220619.93
995780,220619.93
995874,220619.93
995916,220619.93
995946,220619.93
995947,220619.93
995948,220619.93
996053,220619.93
996103,220619.93
996178,220619.93
996180,220619.93
996184,220619.93
996364,220619.93
996473,220619.93
996581,220619.93
996796,220619.93
996804,220619.93
997041,220619.93
997166,220619.93
997167,220619.93
997168,220619.93
997186,220619.93
997196,220619.93
997244,220619.93
997245,220619.93
997392,220619.93
997403,220619.93
997443,220619.93
997541,220619.93
997542,220619.93
997691,220619.93
997755,220619.93
997773,220619.93
997774,220619.93
997795,220619.93
997808,220619.93
997935,220619.93
998092,220619.93
998095,220619.93
998098,220619.93
998275,220619.93
998276,220619.93
998376,220619.93
998498,220619.93
998564,220619.93
998567,220619.93
998574,220619.93
998575,220619.93
998577,220619.93
998615,220619.93
998616,220619.93
998620,220619.93
998621,220619.93
998622,220619.93
998624,220619.93
998645,220619.93
998646,220619.93
998649,220619.93
998650,220619.93
998651,220619.93
998862,220619.93
998925,220619.93
999025,220619.93
999050,220619.93
999543,220619.93
999625,220619.93
999712,220619.93
999754,220619.93
999960,220619.93
1000541,220619.93
1000644,220619.93
1000692,220619.93
1000727,220619.93
1001116,220619.93
1001294,220619.93
1001409,220619.93
1001421,220619.93
1001616,220619.93
1001945,220619.93
1001991,220619.93
1002183,220619.93
1002319,220619.93
1002326,220619.93
1002411,220619.93
1002412,220619.93
1002571,220619.93
1002606,220619.93
1002607,220619.93
1002626,220619.93
1002643,220619.93
1002658,220619.93
1002678,220619.93
1002694,220619.93
1002727,220619.93
1002742,220619.93
1002822,220619.93
1002827,220619.93
1002861,220619.93
1002863,220619.93
1002864,220619.93
1002865,220619.93
1003030,220619.93
1003043,220619.93
1003047,220619.93
1003089,220619.93
1003171,220619.93
1003257,220619.93
1003435,220619.93
1003611,220619.93
1003612,220619.93
1003619,220619.93
1003639,220619.93
1003692,220619.93
1003816,220619.93
1003817,220619.93
1003836,220619.93
1003840,220619.93
1003859,220619.93
1003902,220619.93
1003907,220619.93
1003940,220619.93
1003956,220619.93
1003974,220619.93
1003976,220619.93
1003980,220619.93
1003985,220619.93
1003988,220619.93
1004037,220619.93
1004051,220619.93
1004069,220619.93
1004074,220619.93
1004075,220619.93
1004084,220619.93
1004189,220619.93
1004217,220619.93
1004262,220619.93
1004284,220619.93
1004331,220619.93
1004336,220619.93
1004413,220619.93
1004421,220619.93
1004490,220619.93
1004566,220619.93
1004579,220619.93
1004675,220619.93
1004832,220619.93
1004935,220619.93
1005039,220619.93
1005060,220619.93
1005124,220619.93
1005127,220619.93
1005128,220619.93
1005129,220619.93
1005130,220619.93
1005132,220619.93
1005134,220619.93
1005138,220619.93
1005236,220619.93
1005238,220619.93
1005262,220619.93
1005413,220619.93
1005464,220619.93
1005466,220619.93
1005467,220619.93
1005547,220619.93
1005674,220619.93
1005675,220619.93
1005710,220619.93
1005732,220619.93
1005936,220619.93
1005980,220619.93
1005986,220619.93
1005987,220619.93
1006073,220619.93
1006141,220619.93
1006421,220619.93
1006494,220619.93
1006532,220619.93
1006557,220619.93
1006674,220619.93
1006675,220619.93
1006761,220619.93
1006797,220619.93
1006798,220619.93
1006876,220619.93
1006880,220619.93
1006988,220619.93
1007061,220619.93
1007082,220619.93
1007101,220619.93
1007108,220619.93
1007109,220619.93
1007172,220619.93
1007233,220619.93
1007235,220619.93
1007239,220619.93
1007271,220619.93
1007352,220619.93
1007401,220619.93
1007430,220619.93
1007571,220619.93
1007600,220619.93
1007789,220619.93
1007797,220619.93
1007830,220619.93
1007849,220619.93
1007856,220619.93
1007857,220619.93
1007917,220619.93
1007967,220619.93
1007994,220619.93
1008148,220619.93
1008157,220619.93
1008169,220619.93
1008170,220619.93
1008173,220619.93
1008307,220619.93
1008308,220619.93
1008352,220619.93
1008357,220619.93
1008358,220619.93
1008361,220619.93
1008386,220619.93
1008418,220619.93
1008428,220619.93
1008433,220619.93
1008501,220619.93
1008510,220619.93
1008550,220619.93
1008563,220619.93
1008564,220619.93
1008595,220619.93
1008641,220619.93
1008677,220619.93
1008707,220619.93
1008732,220619.93
1008734,220619.93
1008741,220619.93
1008744,220619.93
1008749,220619.93
1008759,220619.93
1008760,220619.93
1008803,220619.93
1008804,220619.93
1008805,220619.93
1008829,220619.93
1008833,220619.93
1008838,220619.93
1008855,220619.93
1008862,220619.93
1008878,220619.93
1008892,220619.93
1008914,220619.93
1008927,220619.93
1008932,220619.93
1009016,220619.93
1009077,220619.93
1009084,220619.93
1009088,220619.93
1009218,220619.93
1009229,220619.93
1009308,220619.93
1009310,220619.93
1009337,220619.93
1009366,220619.93
1009424,220619.93
1009487,220619.93
1009509,220619.93
1009510,220619.93
1009517,220619.93
1009520,220619.93
1009528,220619.93
1009530,220619.93
1009531,220619.93
1009532,220619.93
1009533,220619.93
1009534,220619.93
1009535,220619.93
1009590,220619.93
1009596,220619.93
1009672,220619.93
1009736,220619.93
1009859,220619.93
1009864,220619.93
1009866,220619.93
1009891,220619.93
1009942,220619.93
1009948,220619.93
1009965,220619.93
1009970,220619.93
1010054,220619.93
1010066,220619.93
1010068,220619.93
1010069,220619.93
1010104,220619.93
1010110,220619.93
1010185,220619.93
1010186,220619.93
1010276,220619.93
1010411,220619.93
1010542,220619.93
1010544,220619.93
1010584,220619.93
1010592,220619.93
1010667,220619.93
1010678,220619.93
1010679,220619.93
1010680,220619.93
1010686,220619.93
1010704,220619.93
1010740,220619.93
1010833,220619.93
1010913,220619.93
1010950,220619.93
1010951,220619.93
1010980,220619.93
1010999,220619.93
1011028,220619.93
1011032,220619.93
1011122,220619.93
1011132,220619.93
1011134,220619.93
1011135,220619.93
1011148,220619.93
1011150,220619.93
1011203,220619.93
1011204,220619.93
1011275,220619.93
1011335,220619.93
1011414,220619.93
1011429,220619.93
1011430,220619.93
1011489,220619.93
1011573,220619.93
1011574,220619.93
1011701,220619.93
1011778,220619.93
1011854,220619.93
1011914,220619.93
1012038,220619.93
1012128,220619.93
1012273,220619.93
1012311,220619.93
1012320,220619.93
1012331,220619.93
1012332,220619.93
1012339,220619.93
1012507,220619.93
1012542,220619.93
1012574,220619.93
1012587,220619.93
1012712,220619.93
1012714,220619.93
1012716,220619.93
1012752,220619.93
1012830,220619.93
1012898,220619.93
1012945,220619.93
1013031,220619.93
1013155,220619.93
1013161,220619.93
1013177,220619.93
1013187,220619.93
1013234,220619.93
1013244,220619.93
1013288,220619.93
1013290,220619.93
1013352,220619.93
1013443,220619.93
1013494,220619.93
1013507,220619.93
1013544,220619.93
1013547,220619.93
1013630,220619.93
1013704,220619.93
1013740,220619.93
1013742,220619.93
1013743,220619.93
1013786,220619.93
1013962,220619.93
1014083,220619.93
1014108,220619.93
1014164,220619.93
1014237,220619.93
1014240,220619.93
1014368,220619.93
1014476,220619.93
1014483,220619.93
1014498,220619.93
1014551,220619.93
1014571,220619.93
1014624,220619.93
1014635,220619.93
1014637,220619.93
1014638,220619.93
1014641,220619.93
1014665,220619.93
1014669,220619.93
1014738,220619.93
1014928,220619.93
1014999,220619.93
1015031,220619.93
1015103,220619.93
1015125,220619.93
1015134,220619.93
1015243,220619.93
1015347,220619.93
1015350,220619.93
1015360,220619.93
1015361,220619.93
1015366,220619.93
1015403,220619.93
1015482,220619.93
1015484,220619.93
1015485,220619.93
1015486,220619.93
1015502,220619.93
1015524,220619.93
1015534,220619.93
1015540,220619.93
1015557,220619.93
1015579,220619.93
1015597,220619.93
1015681,220619.93
1015697,220619.93
1015714,220619.93
1015804,220619.93
1015824,220619.93
1015843,220619.93
1015872,220619.93
1015908,220619.93
1015909,220619.93
1015911,220619.93
1015919,220619.93
1015920,220619.93
1016040,220619.93
1016042,220619.93
1016098,220619.93
1016117,220619.93
1016413,220619.93
1016734,220619.93
1016888,220619.93
1016927,220619.93
1017116,220619.93
1017118,220619.93
1017166,220619.93
1017176,220619.93
1017264,220619.93
1017383,220619.93
1017418,220619.93
1017424,220619.93
1017427,220619.93
1017428,220619.93
1017503,220619.93
1017563,220619.93
1017579,220619.93
1017600,220619.93
1017626,220619.93
1017637,220619.93
1017693,220619.93
1017750,220619.93
1017763,220619.93
1017782,220619.93
1017792,220619.93
1017846,220619.93
1017992,220619.93
1017998,220619.93
1018079,220619.93
1018135,220619.93
1018136,220619.93
1018166,220619.93
1018229,220619.93
1018248,220619.93
1018257,220619.93
1018417,220619.93
1018421,220619.93
1018428,220619.93
1018486,220619.93
1018523,220619.93
1018598,220619.93
1018621,220619.93
1018671,220619.93
1018822,220619.93
1018943,220619.93
1019039,220619.93
1019057,220619.93
1019062,220619.93
1019149,220619.93
1019151,220619.93
1019206,220619.93
1019298,220619.93
1019309,220619.93
1019343,220619.93
1019366,220619.93
1019367,220619.93
1019432,220619.93
1019561,220619.93
1019575,220619.93
1019659,220619.93
1019668,220619.93
1019672,220619.93
1019681,220619.93
1019683,220619.93
1019686,220619.93
1019696,220619.93
1019720,220619.93
1019763,220619.93
1019835,220619.93
1019872,220619.93
1019903,220619.93
1019908,220619.93
1019958,220619.93
1020047,220619.93
1020124,220619.93
1020278,220619.93
1020508,220619.93
1020554,220619.93
1020672,220619.93
1020673,220619.93
1020745,220619.93
1020844,220619.93
1021039,220619.93
1021263,220619.93
1021316,220619.93
1021412,220619.93
1021444,220619.93
1021447,220619.93
1021453,220619.93
1021485,220619.93
1021500,220619.93
1021509,220619.93
1021520,220619.93
1021560,220619.93
1021605,220619.93
1021606,220619.93
1021607,220619.93
1021749,220619.93
1021765,220619.93
1021768,220619.93
1021770,220619.93
1021833,220619.93
1021834,220619.93
1021855,220619.93
1021973,220619.93
1022085,220619.93
1022163,220619.93
1022166,220619.93
1022273,220619.93
1022312,220619.93
1022388,220619.93
1022399,220619.93
1022582,220619.93
1022587,220619.93
1022588,220619.93
1022596,220619.93
1022614,220619.93
1022695,220619.93
1022704,220619.93
1022715,220619.93
1022716,220619.93
1022717,220619.93
1022718,220619.93
1022719,220619.93
1022721,220619.93
1022750,220619.93
1022753,220619.93
1022755,220619.93
1022756,220619.93
1022760,220619.93
1022781,220619.93
1022782,220619.93
1022787,220619.93
1022790,220619.93
1022794,220619.93
1022795,220619.93
1022796,220619.93
1022798,220619.93
1022800,220619.93
1022801,220619.93
1022802,220619.93
1022844,220619.93
1022848,220619.93
1022960,220619.93
1023168,220619.93
1023169,220619.93
1023172,220619.93
1023173,220619.93
1023209,220619.93
1023230,220619.93
1023304,220619.93
1023340,220619.93
1023351,220619.93
1023393,220619.93
1023450,220619.93
1023458,220619.93
1023465,220619.93
1023468,220619.93
1023501,220619.93
1023505,220619.93
1023508,220619.93
1023511,220619.93
1023512,220619.93
1023513,220619.93
1023514,220619.93
1023518,220619.93
1023520,220619.93
1023521,220619.93
1023552,220619.93
1023559,220619.93
1023590,220619.93
1023664,220619.93
1023676,220619.93
1023677,220619.93
1023744,220619.93
1023764,220619.93
1023774,220619.93
1024012,220619.93
1024071,220619.93
1024126,220619.93
1024133,220619.93
1024324,220619.93
1024371,220619.93
1024444,220619.93
1024449,220619.93
1024456,220619.93
1024463,220619.93
1024474,220619.93
1024477,220619.93
1024508,220619.93
1024529,220619.93
1024536,220619.93
1024590,220619.93
1024625,220619.93
1024628,220619.93
1024636,220619.93
1062270,220619.93
1062278,220619.93
1062287,220619.93
1062389,220619.93
1062404,220619.93
1062442,220619.93
1062482,220619.93
1062512,220619.93
1062516,220619.93
1062537,220619.93
1062557,220619.93
1062572,220619.93
1062643,220619.93
1062645,220619.93
1062676,220619.93
1062691,220619.93
1062714,220619.93
1062737,220619.93
1062839,220619.93
1062840,220619.93
1062844,220619.93
1062946,220619.93
1062972,220619.93
1062991,220619.93
1063009,220619.93
1063010,220619.93
1063011,220619.93
1063045,220619.93
1063050,220619.93
1063051,220619.93
1063070,220619.93
1063106,220619.93
1063130,220619.93
1063217,220619.93
1063317,220619.93
1063480,220619.93
1063535,220619.93
1063601,220619.93
1063668,220619.93
1063704,220619.93
1063829,220619.93
1063862,220619.93
1063906,220619.93
1063923,220619.93
1064029,220619.93
1064042,220619.93
1064047,220619.93
1064050,220619.93
1064059,220619.93
1064061,220619.93
1064082,220619.93
1064093,220619.93
1064155,220619.93
1064165,220619.93
1064170,220619.93
1064189,220619.93
1064253,220619.93
1064260,220619.93
1064263,220619.93
1064289,220619.93
1064327,220619.93
1064340,220619.93
1064342,220619.93
1064347,220619.93
1064358,220619.93
1064389,220619.93
1064391,220619.93
1064393,220619.93
1064415,220619.93
1064420,220619.93
1064421,220619.93
1064424,220619.93
1064425,220619.93
1064433,220619.93
1064438,220619.93
1064469,220619.93
1064535,220619.93
1064536,220619.93
1064538,220619.93
1064539,220619.93
1064552,220619.93
1064556,220619.93
1064605,220619.93
1064632,220619.93
1064660,220619.93
1064707,220619.93
1064708,220619.93
1064709,220619.93
1064715,220619.93
1064718,220619.93
1064724,220619.93
1064774,220619.93
1064782,220619.93
1064786,220619.93
1064791,220619.93
1064836,220619.93
1064856,220619.93
1064863,220619.93
1064870,220619.93
1064872,220619.93
1064873,220619.93
1064904,220619.93
1064906,220619.93
1064997,220619.93
1064998,220619.93
1065033,220619.93
1065055,220619.93
1065146,220619.93
1065162,220619.93
1065164,220619.93
1065198,220619.93
1065199,220619.93
1065201,220619.93
1065202,220619.93
1065203,220619.93
1065246,220619.93
1065262,220619.93
1065274,220619.93
1065275,220619.93
1065297,220619.93
1065304,220619.93
1065320,220619.93
1065322,220619.93
1065328,220619.93
1065359,220619.93
1065372,220619.93
1065374,220619.93
1065377,220619.93
1065396,220619.93
1065406,220619.93
1065413,220619.93
1065448,220619.93
1065477,220619.93
1065483,220619.93
1065488,220619.93
1065529,220619.93
1065572,220619.93
1065607,220619.93
1065613,220619.93
1065615,220619.93
1065617,220619.93
1065619,220619.93
1065621,220619.93
1065641,220619.93
1065658,220619.93
1065662,220619.93
1065702,220619.93
1065761,220619.93
1065771,220619.93
1065835,220619.93
1065838,220619.93
1065848,220619.93
1065852,220619.93
1065855,220619.93
1065857,220619.93
1065859,220619.93
1065883,220619.93
1065901,220619.93
1065927,220619.93
1065939,220619.93
1065940,220619.93
1065970,220619.93
1065973,220619.93
1066009,220619.93
1066029,220619.93
1066035,220619.93
1066052,220619.93
1066060,220619.93
1066082,220619.93
1066109,220619.93
1066119,220619.93
1066134,220619.93
1066159,220619.93
1066160,220619.93
1066161,220619.93
1066162,220619.93
1066163,220619.93
1066170,220619.93
1066171,220619.93
1066172,220619.93
1066174,220619.93
1066191,220619.93
1066194,220619.93
1066245,220619.93
1066361,220619.93
1066365,220619.93
1066375,220619.93
1066378,220619.93
1066379,220619.93
1066409,220619.93
1066413,220619.93
1066448,220619.93
1066476,220619.93
1066524,220619.93
1066548,220619.93
1066602,220619.93
1066603,220619.93
1066605,220619.93
1066643,220619.93
1066644,220619.93
1066664,220619.93
1066730,220619.93
1066734,220619.93
1066736,220619.93
1066759,220619.93
1066761,220619.93
1066772,220619.93
1066792,220619.93
1066795,220619.93
1066832,220619.93
1066845,220619.93
1066847,220619.93
1066938,220619.93
1066944,220619.93
1066988,220619.93
1066996,220619.93
1067005,220619.93
1067009,220619.93
1067011,220619.93
1067037,220619.93
1067063,220619.93
1067064,220619.93
1067088,220619.93
1067115,220619.93
1067119,220619.93
1067291,220619.93
1067363,220619.93
1067374,220619.93
1067395,220619.93
1067402,220619.93
1067412,220619.93
1067425,220619.93
1067428,220619.93
1067430,220619.93
1067435,220619.93
1067478,220619.93
1067512,220619.93
1067533,220619.93
1067536,220619.93
1067549,220619.93
1067555,220619.93
1067557,220619.93
1067570,220619.93
1067575,220619.93
1067577,220619.93
1067578,220619.93
1067584,220619.93
1067596,220619.93
1067598,220619.93
1067614,220619.93
1067631,220619.93
1067649,220619.93
1067652,220619.93
1067687,220619.93
1067688,220619.93
1067704,220619.93
1067705,220619.93
1067731,220619.93
1067746,220619.93
1067756,220619.93
1067777,220619.93
1067793,220619.93
1067808,220619.93
1067821,220619.93
1067834,220619.93
1067846,220619.93
1067850,220619.93
1067853,220619.93
1067863,220619.93
1067913,220619.93
1067914,220619.93
1067962,220619.93
1067999,220619.93
1068022,220619.93
1068055,220619.93
1068076,220619.93
1068078,220619.93
1068136,220619.93
1068137,220619.93
1068155,220619.93
1068157,220619.93
1068158,220619.93
1068173,220619.93
1068240,220619.93
1068266,220619.93
1068324,220619.93
1068360,220619.93
1068386,220619.93
1068396,220619.93
1068406,220619.93
1068409,220619.93
1068414,220619.93
1068466,220619.93
1068489,220619.93
1068501,220619.93
1068520,220619.93
1068533,220619.93
1068611,220619.93
1068645,220619.93
1068683,220619.93
1068685,220619.93
1068698,220619.93
1068703,220619.93
1068737,220619.93
1068751,220619.93
1068752,220619.93
1068797,220619.93
1068824,220619.93
1068840,220619.93
1068894,220619.93
1068949,220619.93
1068954,220619.93
1068960,220619.93
1069002,220619.93
1069029,220619.93
1069034,220619.93
1069058,220619.93
1069115,220619.93
1069117,220619.93
1069137,220619.93
1069138,220619.93
1069204,220619.93
1069246,220619.93
1069293,220619.93
1069308,220619.93
1069388,220619.93
1069416,220619.93
1069429,220619.93
1069430,220619.93
1069489,220619.93
1069539,220619.93
1069541,220619.93
1069543,220619.93
1069544,220619.93
1069545,220619.93
1069602,220619.93
1069619,220619.93
1069633,220619.93
1069662,220619.93
1069672,220619.93
1069673,220619.93
1069712,220619.93
1069750,220619.93
1069782,220619.93
1069813,220619.93
1069835,220619.93
1069857,220619.93
1069881,220619.93
1069973,220619.93
1069981,220619.93
1069982,220619.93
1070002,220619.93
1070067,220619.93
1070070,220619.93
1070084,220619.93
1070089,220619.93
1070103,220619.93
1070165,220619.93
1070183,220619.93
1070185,220619.93
1070208,220619.93
1070245,220619.93
1070308,220619.93
1070362,220619.93
1070374,220619.93
1070378,220619.93
1070388,220619.93
1070394,220619.93
1070438,220619.93
1070454,220619.93
1070455,220619.93
1070456,220619.93
1070463,220619.93
1070467,220619.93
1070469,220619.93
1070498,220619.93
1070501,220619.93
1070516,220619.93
1070554,220619.93
1070570,220619.93
1070573,220619.93
1070643,220619.93
1070656,220619.93
1070675,220619.93
1070677,220619.93
1070707,220619.93
1070760,220619.93
1070770,220619.93
1070862,220619.93
1070866,220619.93
1070907,220619.93
1070916,220619.93
1071031,220619.93
1071038,220619.93
1071042,220619.93
1071045,220619.93
1071046,220619.93
1071118,220619.93
1071145,220619.93
1071161,220619.93
1071166,220619.93
1071202,220619.93
1071335,220619.93
1071349,220619.93
1071350,220619.93
1071356,220619.93
1071357,220619.93
1071360,220619.93
1071370,220619.93
1071376,220619.93
1071378,220619.93
1071390,220619.93
1071413,220619.93
1071414,220619.93
1071415,220619.93
1071419,220619.93
1071427,220619.93
1071430,220619.93
1071434,220619.93
1071481,220619.93
1071503,220619.93
1071504,220619.93
1071532,220619.93
1071537,220619.93
1071551,220619.93
1071574,220619.93
1071613,220619.93
1071621,220619.93
1071651,220619.93
1071653,220619.93
1071669,220619.93
1071704,220619.93
1071722,220619.93
1071727,220619.93
1071737,220619.93
1071740,220619.93
1071782,220619.93
1071889,220619.93
1071899,220619.93
1071920,220619.93
1071948,220619.93
1071950,220619.93
1071983,220619.93
1071997,220619.93
1072066,220619.93
1072080,220619.93
1072081,220619.93
1072086,220619.93
1072176,220619.93
1072178,220619.93
1072201,220619.93
1072204,220619.93
1072219,220619.93
1072229,220619.93
1072242,220619.93
1072245,220619.93
1072249,220619.93
1072259,220619.93
1072306,220619.93
1072320,220619.93
1072326,220619.93
1072334,220619.93
1072345,220619.93
1072353,220619.93
1072382,220619.93
1072387,220619.93
1072403,220619.93
1072484,220619.93
1072487,220619.93
1072490,220619.93
1072493,220619.93
1072503,220619.93
1072536,220619.93
1072548,220619.93
1072599,220619.93
1072627,220619.93
1072632,220619.93
1072681,220619.93
1072729,220619.93
1072752,220619.93
1072775,220619.93
1072776,220619.93
1072779,220619.93
1072780,220619.93
1072784,220619.93
1072800,220619.93
1072809,220619.93
1072819,220619.93
1072842,220619.93
1072873,220619.93
1072880,220619.93
1072894,220619.93
1072901,220619.93
1072913,220619.93
1072929,220619.93
1072973,220619.93
1073092,220619.93
1073108,220619.93
1073195,220619.93
1073200,220619.93
1073209,220619.93
1073215,220619.93
1073216,220619.93
1073217,220619.93
1073218,220619.93
1073219,220619.93
1073220,220619.93
1073221,220619.93
1073222,220619.93
1073223,220619.93
1073224,220619.93
1073225,220619.93
1073226,220619.93
1073228,220619.93
1073229,220619.93
1073234,220619.93
1073238,220619.93
1073240,220619.93
1073251,220619.93
1073388,220619.93
1073391,220619.93
1073420,220619.93
1073428,220619.93
1073465,220619.93
1073471,220619.93
1073484,220619.93
1073529,220619.93
1073563,220619.93
1073604,220619.93
1073621,220619.93
1073622,220619.93
1073626,220619.93
1073663,220619.93
1073675,220619.93
1073681,220619.93
1073695,220619.93
1073753,220619.93
1073779,220619.93
1073844,220619.93
1073846,220619.93
1074053,220619.93
1074196,220619.93
1074279,220619.93
1074340,220619.93
1074532,220619.93
1074540,220619.93
1074548,220619.93
1074550,220619.93
1074554,220619.93
1074575,220619.93
1074579,220619.93
1074603,220619.93
1074607,220619.93
1074608,220619.93
1074643,220619.93
1074677,220619.93
1074682,220619.93
1074697,220619.93
1074710,220619.93
1074741,220619.93
1074816,220619.93
1074821,220619.93
1074882,220619.93
1074943,220619.93
1074946,220619.93
1074968,220619.93
1074991,220619.93
1075071,220619.93
1075075,220619.93
1075078,220619.93
1075192,220619.93
1075221,220619.93
1075262,220619.93
1075320,220619.93
1075321,220619.93
1075527,220619.93
1075555,220619.93
1075566,220619.93
1075576,220619.93
1075621,220619.93
1075623,220619.93
1075669,220619.93
1075694,220619.93
1075794,220619.93
1075855,220619.93
1075875,220619.93
1075876,220619.93
1075878,220619.93
1075902,220619.93
1075981,220619.93
1076017,220619.93
1076028,220619.93
1076116,220619.93
1076133,220619.93
1076153,220619.93
1076223,220619.93
1076232,220619.93
1076237,220619.93
1076242,220619.93
1076246,220619.93
1076250,220619.93
1076256,220619.93
1076265,220619.93
1076270,220619.93
1076275,220619.93
1076282,220619.93
1076297,220619.93
1076314,220619.93
1076342,220619.93
1076353,220619.93
1076399,220619.93
1076400,220619.93
1076410,220619.93
1076411,220619.93
1076419,220619.93
1076451,220619.93
1076453,220619.93
1076479,220619.93
1076502,220619.93
1076505,220619.93
1076512,220619.93
1076516,220619.93
1076615,220619.93
1076618,220619.93
1076619,220619.93
1076637,220619.93
1076655,220619.93
1076670,220619.93
1076672,220619.93
1076751,220619.93
1076780,220619.93
1076822,220619.93
1076837,220619.93
1076848,220619.93
1076851,220619.93
1076867,220619.93
1076870,220619.93
1076873,220619.93
1076877,220619.93
1076899,220619.93
1076928,220619.93
1076931,220619.93
1077002,220619.93
1077007,220619.93
1077008,220619.93
1077013,220619.93
1077024,220619.93
1077043,220619.93
1077056,220619.93
1077067,220619.93
1077162,220619.93
1077187,220619.93
1077265,220619.93
1077596,220619.93
1077624,220619.93
1077752,220619.93
1077787,220619.93
1077884,220619.93
1078098,220619.93
1078219,220619.93
1078257,220619.93
1078341,220619.93
1078355,220619.93
1078360,220619.93
1078409,220619.93
1078431,220619.93
1078454,220619.93
1078476,220619.93
1078477,220619.93
1078497,220619.93
1078545,220619.93
1078556,220619.93
1078564,220619.93
1078585,220619.93
1078640,220619.93
1078648,220619.93
1078660,220619.93
1078685,220619.93
1078699,220619.93
1078723,220619.93
1078725,220619.93
1078736,220619.93
1078773,220619.93
1078806,220619.93
1078814,220619.93
1078885,220619.93
1078899,220619.93
1078908,220619.93
1078969,220619.93
1079020,220619.93
1079036,220619.93
1079059,220619.93
1079068,220619.93
1079153,220619.93
1079183,220619.93
1079230,220619.93
1079254,220619.93
1079277,220619.93
1079282,220619.93
1079294,220619.93
1079320,220619.93
1079334,220619.93
1079343,220619.93
1079356,220619.93
1079382,220619.93
1079459,220619.93
1079463,220619.93
1079464,220619.93
1079479,220619.93
1079483,220619.93
1079497,220619.93
1079498,220619.93
1079503,220619.93
1079504,220619.93
1079528,220619.93
1079568,220619.93
1079600,220619.93
1079607,220619.93
1079608,220619.93
1079612,220619.93
1079618,220619.93
1079705,220619.93
1079766,220619.93
1079842,220619.93
1079850,220619.93
1079853,220619.93
1079868,220619.93
1079892,220619.93
1079895,220619.93
1079928,220619.93
1079992,220619.93
1079994,220619.93
1079995,220619.93
1080005,220619.93
1080008,220619.93
1080010,220619.93
1080011,220619.93
1080015,220619.93
1080025,220619.93
1080028,220619.93
1080030,220619.93
1080032,220619.93
1080034,220619.93
1080037,220619.93
1080063,220619.93
1080064,220619.93
1080065,220619.93
1080066,220619.93
1080069,220619.93
1080072,220619.93
1080077,220619.93
1080111,220619.93
1080133,220619.93
1080147,220619.93
1080162,220619.93
1080187,220619.93
1080200,220619.93
1080279,220619.93
1080290,220619.93
1080292,220619.93
1080299,220619.93
1080327,220619.93
1080328,220619.93
1080332,220619.93
1080334,220619.93
1080342,220619.93
1080343,220619.93
1080364,220619.93
1080379,220619.93
1080382,220619.93
1080383,220619.93
1080399,220619.93
1080401,220619.93
1080426,220619.93
1080440,220619.93
1080450,220619.93
1080465,220619.93
1080482,220619.93
1080485,220619.93
1080507,220619.93
1080562,220619.93
1080606,220619.93
1080621,220619.93
1080633,220619.93
1080663,220619.93
1080670,220619.93
1080752,220619.93
1080755,220619.93
1080757,220619.93
1080776,220619.93
1080802,220619.93
1080807,220619.93
1080836,220619.93
1080849,220619.93
1080858,220619.93
1080859,220619.93
1080914,220619.93
1080921,220619.93
1080937,220619.93
1080977,220619.93
1080980,220619.93
1080983,220619.93
1081011,220619.93
1081038,220619.93
1081055,220619.93
1081112,220619.93
1081125,220619.93
1081153,220619.93
1081170,220619.93
1081201,220619.93
1081232,220619.93
1081267,220619.93
1081351,220619.93
1081356,220619.93
1081395,220619.93
1081435,220619.93
1081436,220619.93
1081442,220619.93
1081472,220619.93
1081487,220619.93
1081508,220619.93
1081512,220619.93
1081528,220619.93
1081552,220619.93
1081575,220619.93
1081706,220619.93
1081782,220619.93
1081785,220619.93
1081787,220619.93
1081832,220619.93
1081833,220619.93
1081838,220619.93
1081841,220619.93
1081843,220619.93
1081844,220619.93
1081848,220619.93
1081869,220619.93
1081902,220619.93
1081903,220619.93
1081908,220619.93
1081924,220619.93
1081936,220619.93
1081949,220619.93
1081970,220619.93
1082039,220619.93
1082045,220619.93
1082046,220619.93
1082048,220619.93
1082118,220619.93
1082145,220619.93
1082147,220619.93
1082163,220619.93
1082251,220619.93
1082254,220619.93
1082255,220619.93
1082327,220619.93
1082342,220619.93
1082343,220619.93
1082360,220619.93
1082376,220619.93
1082382,220619.93
1082390,220619.93
1082417,220619.93
1082420,220619.93
1082432,220619.93
1082441,220619.93
1082442,220619.93
1082461,220619.93
1082482,220619.93
1082483,220619.93
1082488,220619.93
1082504,220619.93
1082508,220619.93
1082533,220619.93
1082548,220619.93
1082549,220619.93
1082586,220619.93
1082640,220619.93
1082677,220619.93
1082833,220619.93
1082840,220619.93
1082846,220619.93
1082857,220619.93
1082863,220619.93
1082867,220619.93
1082927,220619.93
1082928,220619.93
1082958,220619.93
1083026,220619.93
1083029,220619.93
1083052,220619.93
1083095,220619.93
1083118,220619.93
1083122,220619.93
1083137,220619.93
1083208,220619.93
1083251,220619.93
1083264,220619.93
1083284,220619.93
1083291,220619.93
1083296,220619.93
1083300,220619.93
1083303,220619.93
1083345,220619.93
1083382,220619.93
1083388,220619.93
1083392,220619.93
1083402,220619.93
1083405,220619.93
1083495,220619.93
1083545,220619.93
1086147,220619.93
1086216,220619.93
1086243,220619.93
1086254,220619.93
1086282,220619.93
1086309,220619.93
1086312,220619.93
1086333,220619.93
1086344,220619.93
1086616,220619.93
1086670,220619.93
1086770,220619.93
1086802,220619.93
1086813,220619.93
1086818,220619.93
1086819,220619.93
1086820,220619.93
1086826,220619.93
1086827,220619.93
1086842,220619.93
1086844,220619.93
1086846,220619.93
1086847,220619.93
1086848,220619.93
1086864,220619.93
1086917,220619.93
1086918,220619.93
1086963,220619.93
1086991,220619.93
1086999,220619.93
1087035,220619.93
1087054,220619.93
1087111,220619.93
1087112,220619.93
1087115,220619.93
1087116,220619.93
1087132,220619.93
1087135,220619.93
1087193,220619.93
1087235,220619.93
1087237,220619.93
1087238,220619.93
1087241,220619.93
1087288,220619.93
1087329,220619.93
1087340,220619.93
1087346,220619.93
1087349,220619.93
1087375,220619.93
1087389,220619.93
1087406,220619.93
1087423,220619.93
1087432,220619.93
1093650,220619.93
1093654,220619.93
1093657,220619.93
1093659,220619.93
1093661,220619.93
1093675,220619.93
1093684,220619.93
1093703,220619.93
1093710,220619.93
1093711,220619.93
1093718,220619.93
1093725,220619.93
1093808,220619.93
1093813,220619.93
1093816,220619.93
1093817,220619.93
1093845,220619.93
1093848,220619.93
1093904,220619.93
1093906,220619.93
1093909,220619.93
1093920,220619.93
1093958,220619.93
1093960,220619.93
1094005,220619.93
1094008,220619.93
1094012,220619.93
1094018,220619.93
1094108,220619.93
1094111,220619.93
1094126,220619.93
1094128,220619.93
1094133,220619.93
1094136,220619.93
1094142,220619.93
1094151,220619.93
1094174,220619.93
1094196,220619.93
1094198,220619.93
1094232,220619.93
1094299,220619.93
1094334,220619.93
1094348,220619.93
1094353,220619.93
1094362,220619.93
1094412,220619.93
1094416,220619.93
1094419,220619.93
1094463,220619.93
1094464,220619.93
1094519,220619.93
1094530,220619.93
1094531,220619.93
1094538,220619.93
1094590,220619.93
1094633,220619.93
1094660,220619.93
1094668,220619.93
1094694,220619.93
1094714,220619.93
1094717,220619.93
1094747,220619.93
1094771,220619.93
1094773,220619.93
1094779,220619.93
1094810,220619.93
1094817,220619.93
1094818,220619.93
1094822,220619.93
1094855,220619.93
1094858,220619.93
1094864,220619.93
1094895,220619.93
1094910,220619.93
1094939,220619.93
1094960,220619.93
1095019,220619.93
1095021,220619.93
1095025,220619.93
1095029,220619.93
1095031,220619.93
1095067,220619.93
1095105,220619.93
1095126,220619.93
1095135,220619.93
1095139,220619.93
1095146,220619.93
1095292,220619.93
1095313,220619.93
1095326,220619.93
1095334,220619.93
1095343,220619.93
1095383,220619.93
1095399,220619.93
1095416,220619.93
1095448,220619.93
1095478,220619.93
1095480,220619.93
1095496,220619.93
1095500,220619.93
1095529,220619.93
1095536,220619.93
1095552,220619.93
1095588,220619.93
1095624,220619.93
1095650,220619.93
1095691,220619.93
1095735,220619.93
1095799,220619.93
1095804,220619.93
1095810,220619.93
1095827,220619.93
1095841,220619.93
1095853,220619.93
1095860,220619.93
1095866,220619.93
1095906,220619.93
1095907,220619.93
1095926,220619.93
1095949,220619.93
1096078,220619.93
1096079,220619.93
1096090,220619.93
1096148,220619.93
1096213,220619.93
1096235,220619.93
1096271,220619.93
1096279,220619.93
1096316,220619.93
1096318,220619.93
1096335,220619.93
1096339,220619.93
1096405,220619.93
1096417,220619.93
1096464,220619.93
1096480,220619.93
1096484,220619.93
1096513,220619.93
1096539,220619.93
1096546,220619.93
1096550,220619.93
1096556,220619.93
1096573,220619.93
1096583,220619.93
1096585,220619.93
1096590,220619.93
1096593,220619.93
1096600,220619.93
1096627,220619.93
1096631,220619.93
1096691,220619.93
1096700,220619.93
1096716,220619.93
1096723,220619.93
1096749,220619.93
1096777,220619.93
1096784,220619.93
1096858,220619.93
1096873,220619.93
1096921,220619.93
1096936,220619.93
1096968,220619.93
1096972,220619.93
1097023,220619.93
1097024,220619.93
1097040,220619.93
1097041,220619.93
1097045,220619.93
1097078,220619.93
1097079,220619.93
1097082,220619.93
1097084,220619.93
1097102,220619.93
1097259,220619.93
1097283,220619.93
1097365,220619.93
1097366,220619.93
1097476,220619.93
1097499,220619.93
1097500,220619.93
1097511,220619.93
1097514,220619.93
1097544,220619.93
1097562,220619.93
1097569,220619.93
1097597,220619.93
1097609,220619.93
1097635,220619.93
1097650,220619.93
1097655,220619.93
1097659,220619.93
1097664,220619.93
1097673,220619.93
1097675,220619.93
1097698,220619.93
1097718,220619.93
1097755,220619.93
1097767,220619.93
1097777,220619.93
1097778,220619.93
1097795,220619.93
1097861,220619.93
1097886,220619.93
1097887,220619.93
1097888,220619.93
1097928,220619.93
1097949,220619.93
1097975,220619.93
1097993,220619.93
1097994,220619.93
1098066,220619.93
1098122,220619.93
1098125,220619.93
1098140,220619.93
1098199,220619.93
1098213,220619.93
1098215,220619.93
1098219,220619.93
1098228,220619.93
1098252,220619.93
1098268,220619.93
1098275,220619.93
1098362,220619.93
1098365,220619.93
1098396,220619.93
1098468,220619.93
1098495,220619.93
1098569,220619.93
1098588,220619.93
1098633,220619.93
1098693,220619.93
1098698,220619.93
1098706,220619.93
1098771,220619.93
1098971,220619.93
1098987,220619.93
1098991,220619.93
1098994,220619.93
1099004,220619.93
1099021,220619.93
1099030,220619.93
1099038,220619.93
1099039,220619.93
1099045,220619.93
1099133,220619.93
1099137,220619.93
1099153,220619.93
1099180,220619.93
1099183,220619.93
1099184,220619.93
1099199,220619.93
1099315,220619.93
1099316,220619.93
1099320,220619.93
1099323,220619.93
1099326,220619.93
1099329,220619.93
1099335,220619.93
1099338,220619.93
1099342,220619.93
1099350,220619.93
1099351,220619.93
1099359,220619.93
1099364,220619.93
1099366,220619.93
1099382,220619.93
1099383,220619.93
1099407,220619.93
1099414,220619.93
1099441,220619.93
1099447,220619.93
1099465,220619.93
1099469,220619.93
1099488,220619.93
1099520,220619.93
1099562,220619.93
1099567,220619.93
1099623,220619.93
1099651,220619.93
1099664,220619.93
1099665,220619.93
1099671,220619.93
1099702,220619.93
1099722,220619.93
1099725,220619.93
1099726,220619.93
1099728,220619.93
1099729,220619.93
1099734,220619.93
1099740,220619.93
1099743,220619.93
1099768,220619.93
1099774,220619.93
1099796,220619.93
1099815,220619.93
1099837,220619.93
1099916,220619.93
1099928,220619.93
1099941,220619.93
1099946,220619.93
1099948,220619.93
1099950,220619.93
1099972,220619.93
1099995,220619.93
1099996,220619.93
1100056,220619.93
1100076,220619.93
1100169,220619.93
1100171,220619.93
1100178,220619.93
1100189,220619.93
1100191,220619.93
1100192,220619.93
1100194,220619.93
1100205,220619.93
1100224,220619.93
1100257,220619.93
1100317,220619.93
1100329,220619.93
1100345,220619.93
1100388,220619.93
1100391,220619.93
1100460,220619.93
1100509,220619.93
1100516,220619.93
1100532,220619.93
1100537,220619.93
1100548,220619.93
1100583,220619.93
1100596,220619.93
1100601,220619.93
1100611,220619.93
1100619,220619.93
1100658,220619.93
1100660,220619.93
1100674,220619.93
1100682,220619.93
1100692,220619.93
1100719,220619.93
1100743,220619.93
1100780,220619.93
1100810,220619.93
1100829,220619.93
1100840,220619.93
1100852,220619.93
1100865,220619.93
1100897,220619.93
1100931,220619.93
1100932,220619.93
1100938,220619.93
1100944,220619.93
1100945,220619.93
1100946,220619.93
1100947,220619.93
1100948,220619.93
1100953,220619.93
1100955,220619.93
1100957,220619.93
1100960,220619.93
1100962,220619.93
1100984,220619.93
1100985,220619.93
1101003,220619.93
1101004,220619.93
1101005,220619.93
1101006,220619.93
1101007,220619.93
1101012,220619.93
1101064,220619.93
1101073,220619.93
1101084,220619.93
1101086,220619.93
1101094,220619.93
1101102,220619.93
1101127,220619.93
1101173,220619.93
1101180,220619.93
1101202,220619.93
1101203,220619.93
1101207,220619.93
1101208,220619.93
1101232,220619.93
1101240,220619.93
1101252,220619.93
1101258,220619.93
1101263,220619.93
1101276,220619.93
1101292,220619.93
1101294,220619.93
1101303,220619.93
1101319,220619.93
1101326,220619.93
1101330,220619.93
1101331,220619.93
1101333,220619.93
1101335,220619.93
1101351,220619.93
1101378,220619.93
1101418,220619.93
1101423,220619.93
1101428,220619.93
1101517,220619.93
1101591,220619.93
1101616,220619.93
1101739,220619.93
1101759,220619.93
1101799,220619.93
1101800,220619.93
1101801,220619.93
1101814,220619.93
1101859,220619.93
1101869,220619.93
1101901,220619.93
1101931,220619.93
1101932,220619.93
1101976,220619.93
1102031,220619.93
1102046,220619.93
1102066,220619.93
1102090,220619.93
1102112,220619.93
1102117,220619.93
1102119,220619.93
1102123,220619.93
1102135,220619.93
1102169,220619.93
1102170,220619.93
1102240,220619.93
1102248,220619.93
1102273,220619.93
1102307,220619.93
1102332,220619.93
1102413,220619.93
1102414,220619.93
1102415,220619.93
1102416,220619.93
1102417,220619.93
1102422,220619.93
1102423,220619.93
1102430,220619.93
1102431,220619.93
1102434,220619.93
1102452,220619.93
1102470,220619.93
1102505,220619.93
1102509,220619.93
1102527,220619.93
1102537,220619.93
1102564,220619.93
1102603,220619.93
1102608,220619.93
1102646,220619.93
1102647,220619.93
1102650,220619.93
1102655,220619.93
1102657,220619.93
1102660,220619.93
1102685,220619.93
1102688,220619.93
1102699,220619.93
1102704,220619.93
1102705,220619.93
1102728,220619.93
1102735,220619.93
1102750,220619.93
1102770,220619.93
1102790,220619.93
1102797,220619.93
1102800,220619.93
1102806,220619.93
1102844,220619.93
1102862,220619.93
1102908,220619.93
1102909,220619.93
1102959,220619.93
1102970,220619.93
1102986,220619.93
1103044,220619.93
1103076,220619.93
1103095,220619.93
1103226,220619.93
1103227,220619.93
1103228,220619.93
1103229,220619.93
1103249,220619.93
1103253,220619.93
1103258,220619.93
1103264,220619.93
1103265,220619.93
1103278,220619.93
1103279,220619.93
1103282,220619.93
1103361,220619.93
1103386,220619.93
1103396,220619.93
1103402,220619.93
1103403,220619.93
1103404,220619.93
1103418,220619.93
1103419,220619.93
1103431,220619.93
1103481,220619.93
1103489,220619.93
1103584,220619.93
1103598,220619.93
1103600,220619.93
1103604,220619.93
1103606,220619.93
1103614,220619.93
1103646,220619.93
1103668,220619.93
1103669,220619.93
1103678,220619.93
1103711,220619.93
1103726,220619.93
1103731,220619.93
1103735,220619.93
1103741,220619.93
1103838,220619.93
1103903,220619.93
1103914,220619.93
1103991,220619.93
1103997,220619.93
1104005,220619.93
1104027,220619.93
1104035,220619.93
1104045,220619.93
1104073,220619.93
1104122,220619.93
1104123,220619.93
1104132,220619.93
1104247,220619.93
1104252,220619.93
1104265,220619.93
1104276,220619.93
1104292,220619.93
1104347,220619.93
1104357,220619.93
1104358,220619.93
1104369,220619.93
1104944,220619.93
1104946,220619.93
1104949,220619.93
1104951,220619.93
1104953,220619.93
1104955,220619.93
1104972,220619.93
1105018,220619.93
1105021,220619.93
1105024,220619.93
1105025,220619.93
1105044,220619.93
1105046,220619.93
1105047,220619.93
1105050,220619.93
1105051,220619.93
1105052,220619.93
1105053,220619.93
1105071,220619.93
1105081,220619.93
1105207,220619.93
1105210,220619.93
1105265,220619.93
1105266,220619.93
1105267,220619.93
1105268,220619.93
1105280,220619.93
1105281,220619.93
1105282,220619.93
1105376,220619.93
1105429,220619.93
1105465,220619.93
1105493,220619.93
1105496,220619.93
1105557,220619.93
1105558,220619.93
1105575,220619.93
1105576,220619.93
1105581,220619.93
1105621,220619.93
1105622,220619.93
1105698,220619.93
1105699,220619.93
1105700,220619.93
1105702,220619.93
1105705,220619.93
1105706,220619.93
1105711,220619.93
1105799,220619.93
1105802,220619.93
1105803,220619.93
1105805,220619.93
1105806,220619.93
1105807,220619.93
1105828,220619.93
1105830,220619.93
1105831,220619.93
1105832,220619.93
1105849,220619.93
1105855,220619.93
1105898,220619.93
1105899,220619.93
1105935,220619.93
1105989,220619.93
1106068,220619.93
1106069,220619.93
1106073,220619.93
1106085,220619.93
1106086,220619.93
1106135,220619.93
1106164,220619.93
1106193,220619.93
1106196,220619.93
1106244,220619.93
1106253,220619.93
1106256,220619.93
1106586,220619.93
1106587,220619.93
1106588,220619.93
1106589,220619.93
1106600,220619.93
1106608,220619.93
1106715,220619.93
1106789,220619.93
1106790,220619.93
1106791,220619.93
1106792,220619.93
1106793,220619.93
1106794,220619.93
1106869,220619.93
1106954,220619.93
1107205,220619.93
1107331,220619.93
1107333,220619.93
1107389,220619.93
1107390,220619.93
1107392,220619.93
1107394,220619.93
1107395,220619.93
1107469,220619.93
1107483,220619.93
1107491,220619.93
1107667,220619.93
1107772,220619.93
1107775,220619.93
1107785,220619.93
1107786,220619.93
1107787,220619.93
1202392,220619.93
1202393,220619.93
1202395,220619.93
1202440,220619.93
1202550,220619.93
1202552,220619.93
1202577,220619.93
1202580,220619.93
1202842,220619.93
1202844,220619.93
1202860,220619.93
1202861,220619.93
1202869,220619.93
1202876,220619.93
1202892,220619.93
1202903,220619.93
1214273,220619.93
1214280,220619.93
1214445,220619.93
1214448,220619.93
1214449,220619.93
1214464,220619.93
1214572,220619.93
1214574,220619.93
1214584,220619.93
1214608,220619.93
1214640,220619.93
1214643,220619.93
1214651,220619.93
1214652,220619.93
1214657,220619.93
1214661,220619.93
1214673,220619.93
1214675,220619.93
1214679,220619.93
1214703,220619.93
1215040,220619.93
1215050,220619.93
1215134,220619.93
1215138,220619.93
1215362,220619.93
1215366,220619.93
1215368,220619.93
1215369,220619.93
1215374,220619.93
1215388,220619.93
1215448,220619.93
1215451,220619.93
1215486,220619.93
1215488,220619.93
1215496,220619.93
1215498,220619.93
1215555,220619.93
1215556,220619.93
1215560,220619.93
1215573,220619.93
1215591,220619.93
1215596,220619.93
1215746,220619.93
1215748,220619.93
1215754,220619.93
1215756,220619.93
1215758,220619.93
1215761,220619.93
1215762,220619.93
1215766,220619.93
1215767,220619.93
1215776,220619.93
1215784,220619.93
1215791,220619.93
1215796,220619.93
1215797,220619.93
1215798,220619.93
1215806,220619.93
1215810,220619.93
1216439,220619.93
1217024,220619.93
1217029,220619.93
1217034,220619.93
1217036,220619.93
1217037,220619.93
1217038,220619.93
1217233,220619.93
1217234,220619.93
1217247,220619.93
1217248,220619.93
1217250,220619.93
1217540,220619.93
1217556,220619.93
1217557,220619.93
1217559,220619.93
1217578,220619.93
1217875,220619.93
1217881,220619.93
1219303,220619.93
1219356,220619.93
1219361,220619.93
1219426,220619.93
1219482,220619.93
1219492,220619.93
1219515,220619.93
1219518,220619.93
1219520,220619.93
1219620,220619.93
1219653,220619.93
1219665,220619.93
1219668,220619.93
1219670,220619.93
1219706,220619.93
1219714,220619.93
1219756,220619.93
1220007,220619.93
1220137,220619.93
1220139,220619.93
1220671,220619.93
1220690,220619.93
1220731,220619.93
1220732,220619.93
1220739,220619.93
1222082,220619.93
1222084,220619.93
1222087,220619.93
1222182,220619.93
1222183,220619.93
1222194,220619.93
1222252,220619.93
1223720,220619.93
1223812,220619.93
1223816,220619.93
1223827,220619.93
1223836,220619.93
1223838,220619.93
1223841,220619.93
1223860,220619.93
1223861,220619.93
1223863,220619.93
1223867,220619.93
1223875,220619.93
1223892,220619.93
1223897,220619.93
1224003,220619.93
1224006,220619.93
1224010,220619.93
1224014,220619.93
1224033,220619.93
1224068,220619.93
1224071,220619.93
1224121,220619.93
1224146,220619.93
1224153,220619.93
1224653,220619.93
1224668,220619.93
1224776,220619.93
1224788,220619.93
1225148,220619.93
1225155,220619.93
1225157,220619.93
1225159,220619.93
1225238,220619.93
1225323,220619.93
1225362,220619.93
1225363,220619.93
1225376,220619.93
1225378,220619.93
1225818,220619.93
1226392,220619.93
1226394,220619.93
1226516,220619.93
1226517,220619.93
1226741,220619.93
1226743,220619.93
1226745,220619.93
1226748,220619.93
1226749,220619.93
1226782,220619.93
1226789,220619.93
1226799,220619.93
1226860,220619.93
1226867,220619.93
1226963,220619.93
1227068,220619.93
1227072,220619.93
1227075,220619.93
1227080,220619.93
1227083,220619.93
1227087,220619.93
1227113,220619.93
1227115,220619.93
1227127,220619.93
1227165,220619.93
1227292,220619.93
1227294,220619.93
1227296,220619.93
1227675,220619.93
1227679,220619.93
1227680,220619.93
1227687,220619.93
1227690,220619.93
1227707,220619.93
1227708,220619.93
1227709,220619.93
1227720,220619.93
1227815,220619.93
1227857,220619.93
1227859,220619.93
1227865,220619.93
1227902,220619.93
1227904,220619.93
1227921,220619.93
1227928,220619.93
1227948,220619.93
1227951,220619.93
1228096,220619.93
1228098,220619.93
1228597,220619.93
1228622,220619.93
1228630,220619.93
1228639,220619.93
1228640,220619.93
1228821,220619.93
1228828,220619.93
1228829,220619.93
1228966,220619.93
1228972,220619.93
1228973,220619.93
1228974,220619.93
1228985,220619.93
1229013,220619.93
1229016,220619.93
1229018,220619.93
1229020,220619.93
1229022,220619.93
1229028,220619.93
1229030,220619.93
1229031,220619.93
1229038,220619.93
1229176,220619.93
1229188,220619.93
1229190,220619.93
1229201,220619.93
1229212,220619.93
1229218,220619.93
1229220,220619.93
1229224,220619.93
1229225,220619.93
1229462,220619.93
1229540,220619.93
1229541,220619.93
1229591,220619.93
1229597,220619.93
1229598,220619.93
1230015,220619.93
1230020,220619.93
1230030,220619.93
1230031,220619.93
1230037,220619.93
1230038,220619.93
1230039,220619.93
1230040,220619.93
1230045,220619.93
1230070,220619.93
1231407,220619.93
1231410,220619.93
1231549,220619.93
1231551,220619.93
1231558,220619.93
1231661,220619.93
1231688,220619.93
1231696,220619.93
1231704,220619.93
1231710,220619.93
1231711,220619.93
1231719,220619.93
1231753,220619.93
1231846,220619.93
1231908,220619.93
1231938,220619.93
1231982,220619.93
1232000,220619.93
1232001,220619.93
1232002,220619.93
1232475,220619.93
1232477,220619.93
1232484,220619.93
1232490,220619.93
1232637,220619.93
1232646,220619.93
1232662,220619.93
1233033,220619.93
1233038,220619.93
1233250,220619.93
1233263,220619.93
1233265,220619.93
1233268,220619.93
1233307,220619.93
1233314,220619.93
1233329,220619.93
1233345,220619.93
1233349,220619.93
1233447,220619.93
1233450,220619.93
1233453,220619.93
1233462,220619.93
1233465,220619.93
1233471,220619.93
1233474,220619.93
1233479,220619.93
1233487,220619.93
1233488,220619.93
1233490,220619.93
1233493,220619.93
1233495,220619.93
1233497,220619.93
1233542,220619.93
1233552,220619.93
1233557,220619.93
1233567,220619.93
1233568,220619.93
1233569,220619.93
1233683,220619.93
1233764,220619.93
1233861,220619.93
1233877,220619.93
1233987,220619.93
1233989,220619.93
1234069,220619.93
1234103,220619.93
1234104,220619.93
1234343,220619.93
1234348,220619.93
1234349,220619.93
1234495,220619.93
1234496,220619.93
1234497,220619.93
1234499,220619.93
1234515,220619.93
1234516,220619.93
1234528,220619.93
1234612,220619.93
1234760,220619.93
1234763,220619.93
1234766,220619.93
1234772,220619.93
1234818,220619.93
1235137,220619.93
1235157,220619.93
1235163,220619.93
1235168,220619.93
1235169,220619.93
1235170,220619.93
1235228,220619.93
1235244,220619.93
1235266,220619.93
1235290,220619.93
1235294,220619.93
1235303,220619.93
1235312,220619.93
1235314,220619.93
1235337,220619.93
1235354,220619.93
1235360,220619.93
1235386,220619.93
1235538,220619.93
1235542,220619.93
1235546,220619.93
1235552,220619.93
1235662,220619.93
1235678,220619.93
1235679,220619.93
1235688,220619.93
1235689,220619.93
1235741,220619.93
1235742,220619.93
1235744,220619.93
1235745,220619.93
1235746,220619.93
1235747,220619.93
1235786,220619.93
1235796,220619.93
1235824,220619.93
1235825,220619.93
1235874,220619.93
1235885,220619.93
1235886,220619.93
1235887,220619.93
1235916,220619.93
1235996,220619.93
1235997,220619.93
1236001,220619.93
1236007,220619.93
1236009,220619.93
1236010,220619.93
1236082,220619.93
1236126,220619.93
1236137,220619.93
1236150,220619.93
1236152,220619.93
1236160,220619.93
1236162,220619.93
1236183,220619.93
1236186,220619.93
1236189,220619.93
1236201,220619.93
1236353,220619.93
1236355,220619.93
1236463,220619.93
1236479,220619.93
1236480,220619.93
1236822,220619.93
1236911,220619.93
1236986,220619.93
1236991,220619.93
1236993,220619.93
1237029,220619.93
1237033,220619.93
1237049,220619.93
1237051,220619.93
1237164,220619.93
1237170,220619.93
1237492,220619.93
1237495,220619.93
1237545,220619.93
1237979,220619.93
1237998,220619.93
1238015,220619.93
1238100,220619.93
1238115,220619.93
1238129,220619.93
1238182,220619.93
1238190,220619.93
1238195,220619.93
1238198,220619.93
1238207,220619.93
1238213,220619.93
1238216,220619.93
1238226,220619.93
1238229,220619.93
1238231,220619.93
1238232,220619.93
1238237,220619.93
1238241,220619.93
1238242,220619.93
1238244,220619.93
1238245,220619.93
1238258,220619.93
1238259,220619.93
1238261,220619.93
1238263,220619.93
1238264,220619.93
1238384,220619.93
1238386,220619.93
1238419,220619.93
1238422,220619.93
1238435,220619.93
1238439,220619.93
1238572,220619.93
1238582,220619.93
1238589,220619.93
1238614,220619.93
1238793,220619.93
1238800,220619.93
1238802,220619.93
1238807,220619.93
1238812,220619.93
1238813,220619.93
1238814,220619.93
1238827,220619.93
1238834,220619.93
1238964,220619.93
1238965,220619.93
1239003,220619.93
1239006,220619.93
1239029,220619.93
1239054,220619.93
1239062,220619.93
1239067,220619.93
1239078,220619.93
1239100,220619.93
1239106,220619.93
1239112,220619.93
1239158,220619.93
1239160,220619.93
1239161,220619.93
1239162,220619.93
1239239,220619.93
1239260,220619.93
1239261,220619.93
1239271,220619.93
1239276,220619.93
1239278,220619.93
1239294,220619.93
1239313,220619.93
1239402,220619.93
1239482,220619.93
1239483,220619.93
1239484,220619.93
1239485,220619.93
1239490,220619.93
1239519,220619.93
1239527,220619.93
1239532,220619.93
1239533,220619.93
1239534,220619.93
1239535,220619.93
1239537,220619.93
1239558,220619.93
1239566,220619.93
1239568,220619.93
1239577,220619.93
1239578,220619.93
1239585,220619.93
1239589,220619.93
1239598,220619.93
1239601,220619.93
1239963,220619.93
1239978,220619.93
1239994,220619.93
1240122,220619.93
1240137,220619.93
1240202,220619.93
1240229,220619.93
1240235,220619.93
1240281,220619.93
1240283,220619.93
1240338,220619.93
1240418,220619.93
1240441,220619.93
1240442,220619.93
1240444,220619.93
1240448,220619.93
1240464,220619.93
1240465,220619.93
1240498,220619.93
1240504,220619.93
1240505,220619.93
1240516,220619.93
1240535,220619.93
1240539,220619.93
1240540,220619.93
1240617,220619.93
1240649,220619.93
1240720,220619.93
1240728,220619.93
1240735,220619.93
1240736,220619.93
1240977,220619.93
1240979,220619.93
1241045,220619.93
1241069,220619.93
1241079,220619.93
1241087,220619.93
1241091,220619.93
1241093,220619.93
1241095,220619.93
1241101,220619.93
1241103,220619.93
1241115,220619.93
1241117,220619.93
1241128,220619.93
1241130,220619.93
1241139,220619.93
1241151,220619.93
1241289,220619.93
1241295,220619.93
1241453,220619.93
1241454,220619.93
1241459,220619.93
1241460,220619.93
1241478,220619.93
1241488,220619.93
1241744,220619.93
1241746,220619.93
1241753,220619.93
1241756,220619.93
1241757,220619.93
1241760,220619.93
1241761,220619.93
1241764,220619.93
1241795,220619.93
1241796,220619.93
1241798,220619.93
1241803,220619.93
1241804,220619.93
1241807,220619.93
1241810,220619.93
1241813,220619.93
1241826,220619.93
1241833,220619.93
1241834,220619.93
1241837,220619.93
1241842,220619.93
1241843,220619.93
1241897,220619.93
1241913,220619.93
1241975,220619.93
1241978,220619.93
1241980,220619.93
1241981,220619.93
1241983,220619.93
1242077,220619.93
1242080,220619.93
1242082,220619.93
1242090,220619.93
1242092,220619.93
1242118,220619.93
1242119,220619.93
1242131,220619.93
1242132,220619.93
1242135,220619.93
1242139,220619.93
70723,232193.94
71009,232193.94
71030,232193.94
71670,232193.94
71671,232193.94
71694,232193.94
71697,232193.94
71717,232193.94
71727,232193.94
71785,232193.94
72264,232193.94
72276,232193.94
72325,232193.94
72326,232193.94
72327,232193.94
72548,232193.94
72571,232193.94
72713,232193.94
696861,191203.82
696875,113990.82
696882,261548.43
